Area,Crop,Soil,NDVI,Rainfall,Carbon
6.13,Cotton,Clay,0.69,834,2.12
14.09,Maize,Sandy,0.77,1246,9.73
12.5,Cotton,Sandy,0.44,448,1.18
10.25,Millets,Clay,0.38,541,1.05
1.71,Cotton,Black,0.8,672,0.61
10.93,Millets,Clay,0.91,990,4.92
13.3,Sugarcane,Loam,0.87,1497,31.18
1.03,Millets,Black,0.73,474,0.2
3.16,Maize,Sandy,0.74,1432,2.41
13.17,Wheat,Black,0.43,887,3.87
2.91,Rice,Clay,0.66,341,0.52
11.43,Rice,Loam,0.51,596,3.34
1.32,Rice,Clay,0.77,936,0.76
9.5,Maize,Black,0.51,1481,7.1
2.33,Rice,Sandy,0.87,650,0.84
6.96,Millets,Sandy,0.73,534,1.09
5.26,Wheat,Loam,0.76,530,1.78
6.54,Rice,Sandy,0.5,820,1.72
12.81,Sugarcane,Loam,0.8,1056,19.48
1.57,Cotton,Clay,0.92,365,0.32
9.19,Rice,Sandy,0.36,503,1.07
13.94,Millets,Clay,0.39,482,1.31
3.5,Maize,Black,0.67,584,1.36
6.48,Millets,Sandy,0.35,1299,1.18
11.02,Rice,Sandy,0.66,1389,6.47
4.33,Millets,Loam,0.72,577,1.08
5.66,Sugarcane,Black,0.65,634,3.85
14.99,Wheat,Black,0.44,419,2.13
6.06,Rice,Black,0.63,670,2.25
3.63,Cotton,Sandy,0.74,1354,1.75
5.93,Rice,Loam,0.53,468,1.41
9.58,Sugarcane,Black,0.94,445,6.61
5.82,Millets,Clay,0.93,604,1.63
3.47,Cotton,Loam,0.81,998,2.02
13.29,Sugarcane,Sandy,0.63,549,5.52
6.79,Rice,Sandy,0.33,1406,2.02
7.31,Cotton,Clay,0.67,838,2.46
11.78,Cotton,Clay,0.76,937,5.03
2.94,Cotton,Clay,0.59,1182,1.23
7.24,Millets,Sandy,0.73,1458,3.08
2.8,Cotton,Sandy,0.6,1123,0.91
14.48,Millets,Sandy,0.39,510,1.15
11.3,Rice,Black,0.57,583,3.3
13.69,Sugarcane,Black,0.93,1084,22.77
1.12,Cotton,Loam,0.35,1205,0.34
3.39,Sugarcane,Sandy,0.72,997,2.92
7.27,Cotton,Black,0.69,1368,4.53
2.19,Maize,Sandy,0.9,1144,1.62
7.13,Cotton,Loam,0.71,1022,3.73
6.45,Millets,Clay,0.68,1186,2.6
12.11,Wheat,Black,0.41,1286,4.92
13.27,Millets,Loam,0.84,1103,7.38
13.32,Cotton,Sandy,0.52,912,3.03
3.84,Millets,Clay,0.54,1474,1.53
4.4,Sugarcane,Sandy,0.73,1047,4.04
5.18,Maize,Sandy,0.42,1494,2.34
2.27,Maize,Black,0.75,968,1.63
11.01,Maize,Loam,0.62,953,7.03
2.56,Millets,Clay,0.38,1467,0.71
6.96,Cotton,Sandy,0.84,507,1.42
13.46,Sugarcane,Clay,0.41,580,4.8
4.07,Cotton,Clay,0.79,1314,2.53
1.86,Cotton,Clay,0.7,344,0.27
11.21,Maize,Loam,0.73,423,3.74
3.34,Wheat,Black,0.6,1455,2.25
2.92,Sugarcane,Clay,0.55,711,1.71
4.4,Cotton,Sandy,0.57,1086,1.31
1.14,Sugarcane,Clay,0.47,1181,0.95
11.28,Cotton,Loam,0.4,664,2.16
4.94,Millets,Clay,0.76,878,1.65
11.39,Rice,Sandy,0.87,1231,7.81
1.26,Maize,Sandy,0.42,549,0.21
5.6,Cotton,Loam,0.36,565,0.82
6.36,Millets,Black,0.61,308,0.66
12.12,Sugarcane,Black,0.34,387,2.63
4.19,Cotton,Sandy,0.33,743,0.49
2.67,Millets,Clay,0.91,375,0.46
5.65,Millets,Loam,0.8,816,2.21
4.21,Wheat,Black,0.71,1067,2.46
2.63,Cotton,Black,0.53,634,0.58
2.99,Sugarcane,Sandy,0.48,388,0.67
6.83,Cotton,Clay,0.84,844,2.91
9.9,Cotton,Sandy,0.73,522,1.81
9.28,Cotton,Clay,0.62,1471,5.08
13.03,Sugarcane,Clay,0.57,839,9.35
10.66,Maize,Sandy,0.87,1367,9.13
12.47,Cotton,Loam,0.73,852,5.58
1.03,Sugarcane,Loam,0.4,1020,0.76
6.26,Wheat,Clay,0.38,973,1.62
8.54,Millets,Loam,0.74,1003,3.8
2.94,Cotton,Loam,0.52,782,0.86
11.94,Millets,Black,0.66,1338,5.8
6.31,Cotton,Loam,0.51,687,1.59
10.22,Sugarcane,Sandy,0.74,1132,10.27
6.3,Millets,Black,0.78,1246,3.37
8.2,Millets,Clay,0.7,420,1.21
6.67,Rice,Loam,0.68,1114,4.85
2.63,Rice,Sandy,0.86,577,0.84
1.39,Millets,Sandy,0.53,448,0.13
13.53,Cotton,Clay,0.81,805,5.29
3.94,Wheat,Clay,0.5,1061,1.46
5.29,Rice,Sandy,0.32,952,1.03
7.35,Sugarcane,Clay,0.47,651,3.37
14.43,Sugarcane,Clay,0.46,1397,13.91
7.73,Rice,Loam,0.67,967,4.81
13.41,Cotton,Loam,0.64,1338,8.27
1.76,Rice,Loam,0.51,698,0.6
1.8,Wheat,Clay,0.93,305,0.36
6.14,Maize,Sandy,0.4,1478,2.61
12.36,Millets,Clay,0.54,538,1.8
6.02,Wheat,Loam,0.79,440,1.76
5.71,Wheat,Black,0.47,1482,3.06
1.47,Wheat,Clay,0.88,1386,1.26
13.88,Maize,Black,0.3,1190,4.91
1.79,Maize,Sandy,0.85,443,0.49
1.98,Sugarcane,Clay,0.34,758,0.77
9.66,Cotton,Clay,0.34,440,0.87
2.07,Millets,Loam,0.41,1426,0.73
9.34,Rice,Clay,0.88,702,4.62
7.18,Wheat,Black,0.75,857,3.55
3.92,Wheat,Clay,0.85,398,0.93
9.74,Millets,Black,0.61,888,2.9
8.87,Cotton,Clay,0.72,1068,4.09
12.72,Rice,Loam,0.47,491,2.82
11.32,Millets,Clay,0.6,1312,4.46
13.52,Rice,Clay,0.82,810,7.18
5.53,Wheat,Loam,0.38,1230,2.17
1.44,Millets,Black,0.52,433,0.18
14.64,Maize,Black,0.41,546,3.24
13.81,Millets,Loam,0.35,678,1.97
7.0,Rice,Clay,0.59,469,1.55
8.88,Wheat,Clay,0.84,882,4.61
4.18,Rice,Loam,0.4,1278,2.05
6.35,Maize,Sandy,0.36,469,0.77
1.33,Wheat,Sandy,0.5,422,0.16
12.51,Wheat,Clay,0.58,1443,7.33
3.44,Wheat,Sandy,0.52,1272,1.27
12.61,Millets,Black,0.42,1386,4.04
6.56,Rice,Black,0.91,730,3.83
2.27,Rice,Clay,0.69,309,0.39
4.05,Rice,Clay,0.58,1178,2.21
11.05,Maize,Clay,0.56,769,4.28
9.96,Millets,Sandy,0.72,413,1.18
10.55,Sugarcane,Sandy,0.93,605,7.12
7.0,Sugarcane,Black,0.61,1407,9.91
9.01,Millets,Loam,0.43,726,1.69
10.3,Maize,Black,0.92,1181,11.08
6.89,Maize,Sandy,0.77,1231,4.7
5.41,Cotton,Loam,0.78,638,1.94
7.61,Maize,Loam,0.95,458,3.58
14.17,Sugarcane,Sandy,0.71,305,3.68
5.7,Rice,Sandy,0.76,1468,4.07
13.55,Sugarcane,Sandy,0.33,912,4.89
12.32,Rice,Sandy,0.42,1185,3.92
12.27,Cotton,Sandy,0.57,340,1.14
7.4,Wheat,Loam,0.47,699,2.04
12.22,Cotton,Clay,0.92,1329,8.96
2.76,Maize,Black,0.57,1234,1.92
2.94,Rice,Clay,0.4,515,0.48
6.66,Maize,Clay,0.45,1159,3.13
6.41,Millets,Sandy,0.45,1443,1.66
12.15,Cotton,Black,0.83,664,4.42
6.85,Cotton,Loam,0.5,349,0.86
10.65,Wheat,Sandy,0.55,1360,4.46
11.19,Maize,Black,0.84,1336,12.43
5.51,Millets,Loam,0.37,867,1.06
13.32,Rice,Loam,0.61,399,3.11
3.93,Millets,Loam,0.45,1051,1.12
9.51,Sugarcane,Sandy,0.31,682,2.41
11.4,Rice,Sandy,0.57,1343,5.59
11.4,Millets,Clay,0.91,489,2.54
9.86,Sugarcane,Loam,0.92,754,12.31
11.6,Wheat,Black,0.52,712,3.31
3.62,Sugarcane,Loam,0.53,1143,3.95
9.55,Maize,Black,0.56,650,3.44
11.85,Millets,Loam,0.68,383,1.85
3.28,Maize,Clay,0.82,1291,3.13
13.79,Maize,Loam,0.57,1268,10.76
11.19,Cotton,Sandy,0.75,564,2.27
5.88,Cotton,Loam,0.64,761,2.06
9.01,Sugarcane,Sandy,0.42,494,2.24
4.8,Wheat,Clay,0.39,691,0.91
11.44,Maize,Loam,0.78,1248,12.03
8.17,Rice,Sandy,0.83,1071,4.65
14.37,Maize,Clay,0.68,1044,9.18
5.12,Cotton,Black,0.36,524,0.64
13.45,Millets,Clay,0.37,435,1.08
5.62,Cotton,Clay,0.47,1486,2.36
2.86,Maize,Black,0.93,522,1.37
11.67,Cotton,Black,0.42,421,1.36
13.41,Wheat,Clay,0.73,584,4.0
11.38,Rice,Clay,0.72,773,5.07
3.64,Rice,Sandy,0.66,543,0.83
13.99,Cotton,Clay,0.89,914,6.83
14.06,Wheat,Clay,0.7,1095,7.54
10.75,Millets,Clay,0.72,501,1.94
5.12,Rice,Loam,0.81,1241,4.94
6.21,Wheat,Black,0.84,1050,4.22
12.63,Wheat,Sandy,0.87,353,2.17
7.79,Maize,Sandy,0.35,1029,2.02
14.87,Wheat,Clay,0.68,1250,8.85
13.52,Rice,Loam,0.61,819,6.48
11.06,Wheat,Black,0.68,1425,8.25
7.79,Wheat,Loam,0.46,344,1.04
4.11,Maize,Loam,0.84,1188,4.43
6.67,Rice,Black,0.42,558,1.38
1.59,Maize,Black,0.55,464,0.4
11.26,Cotton,Sandy,0.92,738,3.67
4.79,Rice,Sandy,0.51,724,1.13
4.12,Sugarcane,Sandy,0.73,667,2.41
6.98,Cotton,Clay,0.79,571,1.89
13.03,Rice,Black,0.85,1361,13.26
11.86,Cotton,Loam,0.9,633,4.86
10.29,Cotton,Clay,0.56,1073,3.71
6.9,Millets,Black,0.45,931,1.59
11.44,Cotton,Black,0.55,670,2.78
9.8,Sugarcane,Loam,0.77,583,7.92
3.21,Rice,Loam,0.82,1092,2.76
4.04,Millets,Black,0.52,443,0.51
7.84,Millets,Clay,0.79,435,1.35
8.06,Sugarcane,Clay,0.54,358,2.34
2.5,Cotton,Sandy,0.52,839,0.52
2.92,Rice,Black,0.94,1026,2.48
8.7,Sugarcane,Clay,0.91,1417,16.83
7.7,Cotton,Black,0.65,354,1.17
9.44,Cotton,Black,0.36,1276,2.86
4.48,Cotton,Loam,0.38,767,0.94
1.42,Rice,Loam,0.39,1273,0.68
8.81,Wheat,Sandy,0.84,1255,5.2
12.98,Wheat,Black,0.58,1250,7.25
2.69,Wheat,Clay,0.31,1262,0.74
11.64,Maize,Sandy,0.42,1110,3.91
6.15,Millets,Black,0.63,820,1.75
7.01,Cotton,Black,0.83,955,3.67
14.7,Wheat,Black,0.91,365,3.76
9.17,Maize,Sandy,0.44,370,1.07
6.29,Rice,Loam,0.92,992,5.51
14.03,Sugarcane,Black,0.59,582,7.95
9.17,Wheat,Clay,0.65,1009,4.21
8.18,Cotton,Loam,0.47,1215,3.36
2.11,Millets,Loam,0.9,936,1.07
2.22,Cotton,Black,0.74,805,0.87
8.56,Rice,Loam,0.95,720,5.62
9.66,Rice,Sandy,0.45,791,2.2
4.71,Maize,Clay,0.64,1129,3.06
14.23,Sugarcane,Black,0.91,672,14.36
1.81,Sugarcane,Black,0.82,1187,2.91
7.84,Rice,Loam,0.41,710,2.19
13.54,Cotton,Black,0.63,756,4.26
8.67,Rice,Black,0.41,1385,4.33
2.73,Maize,Sandy,0.52,618,0.63
5.96,Wheat,Clay,0.58,1184,2.86
12.93,Cotton,Sandy,0.47,1334,3.89
13.96,Sugarcane,Clay,0.68,714,10.17
2.47,Wheat,Clay,0.48,593,0.49
12.27,Cotton,Black,0.8,1274,8.25
1.44,Maize,Sandy,0.52,480,0.26
1.21,Maize,Black,0.3,377,0.14
8.4,Millets,Loam,0.76,1277,4.89
10.38,Cotton,Loam,0.73,713,3.89
5.23,Sugarcane,Loam,0.87,479,3.92
3.02,Rice,Loam,0.59,486,0.83
7.96,Rice,Loam,0.56,1315,5.63
13.89,Sugarcane,Clay,0.34,1007,7.13
4.84,Maize,Sandy,0.48,766,1.28
6.31,Millets,Sandy,0.63,379,0.6
11.23,Cotton,Clay,0.46,1424,4.41
13.28,Wheat,Black,0.41,1435,6.02
9.98,Cotton,Black,0.68,1182,5.29
7.61,Maize,Clay,0.41,765,2.15
11.52,Maize,Sandy,0.82,981,6.67
8.47,Rice,Sandy,0.75,1351,5.49
11.96,Cotton,Clay,0.36,1479,3.82
12.97,Wheat,Sandy,0.38,1227,3.39
10.81,Rice,Loam,0.34,856,3.02
2.23,Sugarcane,Clay,0.68,1086,2.47
6.9,Millets,Clay,0.8,1112,3.07
13.91,Maize,Clay,0.8,741,7.42
14.06,Wheat,Black,0.69,573,4.28
10.1,Sugarcane,Loam,0.52,1239,11.71
9.56,Wheat,Black,0.79,630,3.66
10.18,Sugarcane,Loam,0.79,726,10.51
4.59,Maize,Loam,0.81,405,1.63
9.3,Sugarcane,Loam,0.89,1034,15.41
9.44,Wheat,Clay,0.41,644,1.74
10.34,Sugarcane,Loam,0.89,1180,19.55
5.08,Millets,Black,0.91,1292,3.28
9.21,Sugarcane,Clay,0.48,570,3.78
12.4,Cotton,Clay,0.78,1308,7.59
10.03,Sugarcane,Black,0.57,943,8.9
9.81,Wheat,Sandy,0.59,1292,4.19
2.05,Rice,Black,0.9,698,1.13
3.31,Rice,Loam,0.8,1287,3.27
2.3,Wheat,Loam,0.55,413,0.44
11.77,Maize,Sandy,0.41,1006,3.5
10.68,Maize,Loam,0.73,561,4.72
14.68,Rice,Loam,0.6,1036,8.76
13.47,Rice,Black,0.76,468,4.22
2.47,Millets,Loam,0.72,1318,1.41
8.09,Maize,Sandy,0.94,1092,5.98
2.91,Wheat,Sandy,0.54,961,0.85
4.82,Cotton,Black,0.4,1383,1.76
2.04,Millets,Sandy,0.52,725,0.31
8.19,Cotton,Sandy,0.86,383,1.29
12.69,Maize,Black,0.76,1003,9.58
11.92,Wheat,Clay,0.95,659,5.22
9.49,Wheat,Clay,0.74,525,2.58
9.95,Rice,Clay,0.74,532,3.13
11.19,Sugarcane,Black,0.82,1331,20.15
7.03,Wheat,Loam,0.94,461,2.56
12.39,Wheat,Loam,0.75,1266,9.88
13.36,Wheat,Loam,0.59,450,2.98
7.79,Maize,Sandy,0.8,1056,4.74
2.96,Maize,Black,0.72,1122,2.37
12.15,Wheat,Sandy,0.59,487,1.95
1.81,Maize,Loam,0.61,948,1.13
4.92,Maize,Sandy,0.34,575,0.69
2.87,Wheat,Black,0.81,921,1.65
3.87,Cotton,Sandy,0.89,1482,2.45
13.7,Cotton,Black,0.76,1345,9.24
13.37,Wheat,Clay,0.36,1334,4.49
12.48,Sugarcane,Black,0.79,1234,20.07
10.87,Cotton,Sandy,0.73,1174,4.47
2.44,Rice,Loam,0.43,393,0.4
9.68,Maize,Black,0.52,995,4.96
12.3,Millets,Loam,0.92,760,5.16
12.72,Maize,Clay,0.76,396,3.45
12.51,Sugarcane,Clay,0.95,1396,24.89
5.42,Rice,Clay,0.79,441,1.51
7.46,Millets,Sandy,0.51,867,1.32
3.81,Rice,Clay,0.39,1261,1.5
10.21,Millets,Black,0.76,1333,5.69
8.96,Rice,Clay,0.58,1199,4.98
4.47,Sugarcane,Loam,0.93,1277,9.56
10.24,Sugarcane,Loam,0.31,1132,6.47
12.27,Rice,Sandy,0.88,624,4.31
13.04,Wheat,Sandy,0.87,512,3.25
11.12,Rice,Sandy,0.71,1420,7.18
9.51,Wheat,Black,0.8,783,4.59
3.78,Sugarcane,Clay,0.64,1062,3.85
2.22,Millets,Sandy,0.8,1238,0.88
13.74,Sugarcane,Black,0.87,1390,27.42
3.96,Millets,Loam,0.75,803,1.43
7.41,Wheat,Loam,0.7,516,2.25
4.38,Rice,Sandy,0.3,1240,1.04
9.62,Wheat,Loam,0.61,694,3.42
13.32,Cotton,Clay,0.52,1283,5.33
14.52,Sugarcane,Sandy,0.92,1037,16.62
14.81,Maize,Black,0.48,1211,8.52
8.78,Sugarcane,Black,0.84,912,11.1
4.5,Millets,Black,0.44,1223,1.33
13.93,Millets,Loam,0.4,801,2.68
10.79,Maize,Loam,0.65,1221,9.25
5.34,Cotton,Sandy,0.86,949,2.09
10.64,Wheat,Clay,0.61,1021,4.64
4.71,Cotton,Loam,0.69,530,1.24
4.71,Sugarcane,Loam,0.33,432,1.21
7.91,Sugarcane,Black,0.6,538,4.21
8.13,Maize,Loam,0.62,600,3.27
9.98,Maize,Loam,0.68,448,3.28
6.92,Cotton,Clay,0.53,575,1.27
12.37,Maize,Loam,0.71,905,8.58
11.02,Millets,Clay,0.85,1149,5.38
10.84,Cotton,Clay,0.91,494,2.92
3.71,Millets,Black,0.61,596,0.74
12.42,Wheat,Black,0.75,1409,10.11
13.89,Millets,Black,0.42,369,1.18
11.76,Cotton,Clay,0.48,462,1.56
7.99,Sugarcane,Sandy,0.8,1477,11.33
5.21,Cotton,Loam,0.6,331,0.74
12.14,Cotton,Sandy,0.47,507,1.39
9.92,Wheat,Sandy,0.58,1425,4.59
3.24,Sugarcane,Loam,0.63,802,2.95
9.58,Millets,Black,0.51,978,2.63
5.19,Millets,Black,0.34,447,0.43
5.52,Wheat,Clay,0.57,959,2.11
7.66,Rice,Clay,0.69,358,1.51
13.15,Cotton,Sandy,0.82,878,4.54
5.77,Sugarcane,Sandy,0.33,689,1.57
5.99,Sugarcane,Clay,0.36,1043,3.37
13.48,Rice,Black,0.8,934,8.86
7.74,Wheat,Black,0.48,306,0.88
10.51,Wheat,Black,0.62,1437,7.21
11.06,Millets,Loam,0.95,812,5.12
12.11,Maize,Clay,0.66,329,2.37
1.53,Wheat,Clay,0.5,1456,0.78
3.29,Millets,Clay,0.63,772,0.8
13.34,Wheat,Clay,0.6,1159,6.49
1.18,Cotton,Loam,0.32,1326,0.36
2.7,Millets,Loam,0.34,1448,0.8
1.32,Rice,Loam,0.93,969,1.14
7.74,Maize,Loam,0.86,515,3.7
6.37,Rice,Loam,0.33,578,1.17
5.44,Wheat,Clay,0.4,537,0.82
11.82,Sugarcane,Black,0.57,877,9.75
4.78,Rice,Black,0.67,1158,3.26
10.08,Sugarcane,Loam,0.73,491,6.5
1.99,Rice,Black,0.47,1396,1.15
14.47,Maize,Clay,0.64,978,8.15
10.61,Maize,Loam,0.68,1010,7.87
11.84,Wheat,Black,0.52,882,4.18
3.89,Rice,Black,0.92,1121,3.53
5.11,Maize,Clay,0.39,1403,2.52
13.34,Sugarcane,Loam,0.57,998,13.66
13.22,Rice,Clay,0.81,787,6.74
1.81,Millets,Black,0.93,583,0.54
1.11,Cotton,Clay,0.87,1063,0.62
14.15,Rice,Clay,0.54,1347,8.23
3.52,Sugarcane,Sandy,0.56,619,1.46
12.98,Wheat,Black,0.67,748,5.01
6.27,Sugarcane,Sandy,0.53,1043,4.16
4.96,Wheat,Sandy,0.33,1153,1.06
10.05,Millets,Sandy,0.81,1097,3.57
5.49,Cotton,Sandy,0.39,494,0.51
3.33,Sugarcane,Loam,0.77,708,3.27
4.57,Millets,Sandy,0.62,635,0.72
12.99,Millets,Sandy,0.48,506,1.26
2.68,Maize,Clay,0.83,1257,2.52
1.42,Rice,Clay,0.71,763,0.62
14.57,Millets,Clay,0.43,512,1.6
13.55,Sugarcane,Black,0.68,963,14.64
9.67,Sugarcane,Loam,0.79,775,10.66
10.61,Maize,Black,0.71,560,4.18
3.88,Millets,Black,0.32,1132,0.77
8.99,Cotton,Sandy,0.82,546,1.93
6.18,Rice,Loam,0.68,1147,4.63
7.64,Rice,Black,0.3,301,0.61
13.41,Rice,Loam,0.93,1213,14.52
6.96,Maize,Sandy,0.44,1099,2.42
13.91,Cotton,Loam,0.73,525,3.84
5.14,Rice,Clay,0.49,1466,2.95
8.69,Rice,Sandy,0.54,756,2.27
1.18,Rice,Clay,0.54,801,0.41
14.18,Cotton,Black,0.64,361,2.16
8.99,Sugarcane,Sandy,0.52,685,3.84
2.46,Millets,Black,0.93,1349,1.7
11.55,Cotton,Loam,0.56,1383,6.44
5.88,Wheat,Loam,0.37,1398,2.55
1.26,Maize,Clay,0.77,1120,0.98
1.31,Sugarcane,Clay,0.66,724,0.94
2.8,Rice,Clay,0.49,1083,1.19
5.55,Maize,Loam,0.89,1130,6.03
6.93,Millets,Black,0.81,1494,4.61
3.45,Cotton,Clay,0.92,963,1.83
8.66,Maize,Clay,0.51,866,3.44
6.33,Sugarcane,Loam,0.52,1480,8.77
9.88,Cotton,Black,0.36,1454,3.41
11.58,Cotton,Sandy,0.68,1299,4.91
3.09,Millets,Loam,0.51,1064,1.01
6.47,Sugarcane,Black,0.91,514,4.99
7.77,Rice,Black,0.32,1478,3.23
9.46,Cotton,Clay,0.65,921,3.4
5.26,Millets,Sandy,0.56,1094,1.29
4.58,Rice,Black,0.6,736,1.78
2.51,Millets,Sandy,0.34,873,0.3
12.84,Sugarcane,Loam,0.33,360,2.75
6.64,Cotton,Clay,0.81,359,1.16
4.73,Wheat,Sandy,0.55,774,1.13
8.53,Sugarcane,Loam,0.87,1436,19.18
11.38,Rice,Black,0.46,720,3.32
8.98,Rice,Loam,0.41,1130,3.99
11.93,Rice,Sandy,0.74,373,2.11
8.39,Wheat,Loam,0.94,421,2.79
7.25,Sugarcane,Sandy,0.85,577,4.27
8.4,Millets,Black,0.31,396,0.57
13.71,Maize,Loam,0.81,1282,15.38
14.52,Maize,Loam,0.89,519,7.24
7.18,Maize,Black,0.43,1231,3.76
11.33,Cotton,Sandy,0.83,820,3.7
13.36,Cotton,Black,0.54,1474,7.02
6.74,Millets,Loam,0.56,313,0.71
3.14,Maize,Black,0.5,831,1.29
11.49,Sugarcane,Loam,0.41,351,2.98
12.58,Sugarcane,Sandy,0.44,1105,7.34
5.78,Maize,Black,0.54,1384,4.28
6.82,Millets,Loam,0.6,1336,3.28
5.47,Rice,Sandy,0.55,884,1.7
13.85,Rice,Black,0.59,651,4.68
12.87,Cotton,Black,0.42,578,2.06
8.07,Millets,Sandy,0.65,1016,2.13
11.43,Sugarcane,Loam,0.81,1320,22.0
11.86,Rice,Black,0.58,572,3.46
8.0,Wheat,Loam,0.85,717,4.1
5.57,Maize,Sandy,0.59,630,1.49
1.19,Sugarcane,Black,0.55,919,0.99
9.72,Millets,Black,0.95,1032,5.24
1.91,Cotton,Sandy,0.59,953,0.52
2.6,Cotton,Clay,0.79,1399,1.72
3.34,Sugarcane,Loam,0.67,1189,4.79
9.48,Maize,Loam,0.43,678,2.98
5.32,Millets,Black,0.49,769,1.1
6.59,Cotton,Loam,0.43,1261,2.57
2.51,Millets,Clay,0.79,573,0.57
2.17,Sugarcane,Loam,0.69,853,2.3
5.48,Maize,Black,0.49,1194,3.17
13.3,Cotton,Clay,0.83,1366,9.05
14.06,Rice,Sandy,0.56,913,4.6
3.85,Wheat,Clay,0.74,868,1.73
10.08,Cotton,Loam,0.79,736,4.22
4.0,Millets,Sandy,0.52,997,0.83
7.53,Millets,Clay,0.92,368,1.27
3.66,Millets,Clay,0.35,1337,0.86
2.85,Cotton,Loam,0.59,640,0.77
6.81,Rice,Loam,0.6,1367,5.36
13.0,Millets,Sandy,0.46,505,1.21
10.22,Wheat,Clay,0.55,1335,5.25
2.26,Cotton,Black,0.91,1450,1.97
9.38,Maize,Clay,0.95,972,7.8
10.31,Millets,Loam,0.53,1140,3.74
13.05,Millets,Black,0.91,829,5.41
9.11,Maize,Black,0.83,714,5.34
4.0,Wheat,Black,0.32,1225,1.21
8.32,Cotton,Clay,0.45,1449,3.26
10.07,Sugarcane,Clay,0.61,1004,9.25
14.53,Millets,Clay,0.77,720,4.03
1.15,Millets,Black,0.7,920,0.41
3.58,Sugarcane,Loam,0.41,752,1.99
2.21,Maize,Loam,0.36,485,0.42
1.93,Sugarcane,Sandy,0.54,969,1.21
14.06,Wheat,Black,0.61,926,6.12
2.48,Millets,Loam,0.46,933,0.64
8.82,Wheat,Clay,0.95,1350,7.92
10.29,Wheat,Loam,0.42,1031,3.74
6.73,Millets,Loam,0.79,918,2.93
4.19,Cotton,Loam,0.72,1037,2.25
2.23,Rice,Sandy,0.51,1151,0.84
10.94,Cotton,Black,0.43,660,2.05
12.91,Rice,Sandy,0.83,1446,9.92
8.19,Cotton,Loam,0.92,1313,7.12
10.18,Wheat,Sandy,0.91,1194,6.19
5.35,Wheat,Loam,0.45,1347,2.72
5.42,Millets,Black,0.81,430,1.04
8.17,Millets,Black,0.6,345,0.93
14.99,Cotton,Clay,0.46,1122,4.64
14.72,Sugarcane,Black,0.64,396,6.16
10.27,Cotton,Black,0.52,1109,3.91
10.32,Rice,Clay,0.7,1250,7.22
3.96,Sugarcane,Black,0.62,393,1.59
2.36,Cotton,Black,0.78,1142,1.39
2.66,Millets,Sandy,0.35,914,0.34
10.62,Millets,Sandy,0.3,1354,1.73
7.4,Cotton,Loam,0.44,1220,2.86
5.95,Maize,Black,0.72,825,3.5
1.04,Sugarcane,Black,0.76,1121,1.46
10.35,Millets,Black,0.43,531,1.3
10.58,Maize,Clay,0.58,874,4.83
13.4,Maize,Black,0.52,979,6.75
2.61,Maize,Loam,0.59,1208,2.01
11.66,Millets,Clay,0.48,1010,2.83
7.6,Sugarcane,Black,0.37,390,1.81
14.53,Wheat,Black,0.68,737,5.61
8.26,Millets,Sandy,0.78,1061,2.73
10.71,Maize,Clay,0.58,648,3.62
14.58,Rice,Clay,0.91,1372,14.56
9.37,Millets,Black,0.83,1212,5.18
6.35,Millets,Clay,0.72,1355,3.1
9.7,Maize,Loam,0.34,817,2.91
13.89,Millets,Black,0.76,378,2.19
9.3,Millets,Loam,0.32,760,1.36
6.08,Rice,Black,0.6,514,1.65
14.75,Millets,Black,0.44,1404,5.01
14.85,Rice,Black,0.37,522,2.52
10.78,Rice,Clay,0.85,329,2.41
1.69,Rice,Black,0.52,1157,0.89
12.3,Maize,Black,0.34,746,3.09
14.13,Cotton,Loam,0.34,1055,3.65
6.61,Millets,Clay,0.9,530,1.58
12.02,Maize,Clay,0.42,1227,5.57
6.47,Sugarcane,Loam,0.91,1411,14.95
6.79,Maize,Sandy,0.63,1169,3.6
2.32,Cotton,Sandy,0.76,383,0.32
13.71,Sugarcane,Black,0.8,1290,23.35
13.1,Sugarcane,Clay,0.89,1060,18.54
9.16,Wheat,Clay,0.31,1244,2.47
12.15,Sugarcane,Clay,0.93,1395,23.64
9.74,Maize,Black,0.81,1392,10.87
3.95,Millets,Sandy,0.75,1058,1.25
12.95,Sugarcane,Clay,0.9,1173,20.51
5.43,Cotton,Loam,0.82,877,2.81
13.04,Cotton,Sandy,0.65,1320,5.37
9.25,Millets,Sandy,0.62,822,1.89
12.34,Wheat,Loam,0.67,1443,10.02
9.37,Rice,Clay,0.56,1304,5.47
2.01,Cotton,Sandy,0.86,1212,1.01
8.49,Wheat,Loam,0.67,987,4.72
10.52,Sugarcane,Clay,0.48,1083,8.2
12.5,Millets,Black,0.7,1030,4.96
7.46,Millets,Clay,0.66,632,1.56
9.15,Millets,Black,0.38,1258,2.41
8.68,Sugarcane,Sandy,0.71,1232,9.11
1.06,Wheat,Sandy,0.73,868,0.38
1.12,Rice,Clay,0.88,1444,1.14
3.4,Wheat,Loam,0.44,984,1.24
11.39,Cotton,Clay,0.79,1448,7.82
1.99,Wheat,Sandy,0.36,1143,0.46
14.75,Cotton,Sandy,0.63,664,2.96
1.49,Sugarcane,Sandy,0.86,314,0.48
9.56,Wheat,Sandy,0.69,1261,4.66
8.07,Cotton,Sandy,0.79,411,1.26
1.87,Wheat,Loam,0.79,692,0.86
13.03,Rice,Clay,0.91,1146,10.87
4.68,Wheat,Loam,0.45,507,0.9
14.88,Millets,Loam,0.57,765,3.89
9.45,Rice,Loam,0.78,682,4.83
5.97,Sugarcane,Clay,0.56,422,2.12
8.72,Sugarcane,Black,0.66,382,3.63
2.57,Cotton,Loam,0.39,1117,0.81
9.46,Wheat,Sandy,0.5,692,1.83
13.04,Maize,Loam,0.83,1494,17.46
9.57,Wheat,Sandy,0.73,545,2.13
5.45,Cotton,Black,0.82,1210,3.57
9.03,Cotton,Loam,0.79,340,1.75
5.69,Sugarcane,Black,0.34,817,2.61
3.81,Maize,Loam,0.7,1095,3.15
5.23,Maize,Black,0.88,1059,4.83
10.19,Sugarcane,Clay,0.78,679,8.1
10.39,Wheat,Sandy,0.39,1492,3.39
6.16,Wheat,Loam,0.62,784,2.52
7.37,Cotton,Loam,0.67,1260,4.48
3.69,Sugarcane,Black,0.94,1271,7.27
2.46,Rice,Sandy,0.75,514,0.61
9.95,Maize,Sandy,0.4,805,2.31
5.91,Rice,Loam,0.37,1288,2.7
6.44,Sugarcane,Black,0.46,415,2.03
3.54,Wheat,Loam,0.85,1285,3.25
8.78,Maize,Black,0.48,1492,6.23
6.17,Wheat,Loam,0.45,640,1.49
13.7,Cotton,Clay,0.5,1214,4.99
7.53,Sugarcane,Sandy,0.58,795,4.17
2.42,Cotton,Loam,0.54,1463,1.38
5.16,Wheat,Sandy,0.69,548,1.09
10.58,Maize,Clay,0.79,576,4.33
9.21,Sugarcane,Loam,0.37,511,3.13
9.37,Wheat,Black,0.68,1350,6.62
5.91,Sugarcane,Black,0.65,1137,7.21
4.05,Maize,Sandy,0.72,1085,2.28
8.99,Maize,Clay,0.33,1257,3.36
13.26,Sugarcane,Sandy,0.6,679,6.48
7.93,Maize,Clay,0.76,875,4.75
4.26,Maize,Sandy,0.4,1193,1.46
9.13,Cotton,Clay,0.65,1018,3.62
3.17,Cotton,Loam,0.49,1239,1.39
13.34,Millets,Clay,0.95,659,4.18
3.18,Wheat,Black,0.32,891,0.7
9.23,Cotton,Loam,0.88,848,4.96
4.31,Millets,Loam,0.32,435,0.36
4.98,Rice,Loam,0.61,1440,4.2
2.33,Rice,Clay,0.88,841,1.38
7.54,Rice,Sandy,0.83,1391,5.57
10.7,Millets,Clay,0.55,800,2.35
13.98,Millets,Loam,0.77,1203,7.77
13.34,Wheat,Sandy,0.33,503,1.24
1.19,Maize,Clay,0.47,894,0.45
9.68,Maize,Black,0.72,1085,7.49
2.33,Rice,Loam,0.46,1466,1.51
9.02,Rice,Sandy,0.45,410,1.07
11.32,Cotton,Sandy,0.55,1461,4.37
4.67,Cotton,Sandy,0.46,1415,1.46
2.41,Wheat,Sandy,0.72,625,0.61
5.17,Cotton,Clay,0.86,1491,3.98
1.98,Maize,Loam,0.42,741,0.67
6.37,Sugarcane,Clay,0.44,594,2.5
1.67,Maize,Sandy,0.59,1291,0.92
8.0,Millets,Sandy,0.49,567,0.89
7.0,Sugarcane,Sandy,0.84,829,5.85
5.5,Cotton,Black,0.55,1323,2.64
10.53,Cotton,Sandy,0.36,920,1.67
11.7,Maize,Black,0.57,972,6.42
3.3,Wheat,Loam,0.51,1075,1.52
10.24,Rice,Sandy,0.42,1346,3.7
7.31,Sugarcane,Black,0.58,1228,8.59
10.18,Rice,Clay,0.86,341,2.39
7.56,Wheat,Clay,0.73,454,1.75
11.98,Sugarcane,Loam,0.58,788,9.86
2.5,Maize,Black,0.5,653,0.81
6.62,Millets,Clay,0.82,1431,3.88
12.26,Millets,Black,0.31,1477,3.09
14.26,Sugarcane,Clay,0.42,1079,9.69
6.07,Cotton,Sandy,0.66,460,0.88
3.39,Rice,Loam,0.53,1133,1.95
12.84,Wheat,Sandy,0.47,902,3.05
8.8,Millets,Clay,0.36,1079,1.71
8.61,Cotton,Black,0.51,1075,3.12
10.93,Rice,Black,0.39,1452,5.45
5.55,Rice,Black,0.44,985,2.12
6.07,Cotton,Loam,0.94,853,3.5
3.04,Maize,Black,0.57,1243,2.13
3.01,Rice,Sandy,0.8,864,1.33
13.4,Sugarcane,Clay,0.65,1423,18.59
6.6,Rice,Loam,0.65,873,3.6
8.33,Wheat,Clay,0.75,1328,5.81
12.15,Sugarcane,Sandy,0.42,816,5.0
11.95,Wheat,Loam,0.31,1023,3.18
14.2,Cotton,Loam,0.57,1195,6.96
9.22,Cotton,Black,0.48,326,0.95
7.06,Sugarcane,Loam,0.8,529,5.38
10.36,Maize,Sandy,0.38,764,2.17
4.49,Cotton,Clay,0.57,362,0.56
3.68,Millets,Sandy,0.35,978,0.5
1.76,Rice,Clay,0.38,761,0.41
1.56,Sugarcane,Black,0.41,1208,1.27
3.09,Maize,Sandy,0.31,436,0.3
10.2,Sugarcane,Loam,0.89,933,15.25
1.48,Millets,Black,0.47,857,0.33
6.3,Maize,Black,0.94,962,5.64
3.45,Sugarcane,Clay,0.51,850,2.24
8.74,Millets,Sandy,0.78,989,2.7
14.95,Maize,Black,0.75,1256,13.94
14.8,Sugarcane,Clay,0.52,1311,15.13
7.73,Millets,Clay,0.53,539,1.1
5.6,Cotton,Clay,0.49,1071,1.76
1.76,Sugarcane,Loam,0.82,504,1.31
8.57,Millets,Clay,0.85,907,3.3
13.4,Wheat,Loam,0.49,815,4.5
14.41,Maize,Sandy,0.46,1115,5.32
4.58,Maize,Loam,0.56,741,2.05
14.65,Maize,Loam,0.56,400,3.54
5.53,Wheat,Sandy,0.52,328,0.53
7.66,Wheat,Black,0.41,1123,2.72
13.7,Sugarcane,Sandy,0.57,1113,10.43
11.18,Wheat,Clay,0.37,1486,4.3
12.92,Maize,Sandy,0.57,1129,5.99
13.24,Millets,Black,0.78,1305,7.41
9.14,Wheat,Sandy,0.92,649,3.06
6.36,Cotton,Sandy,0.48,455,0.67
4.68,Wheat,Black,0.66,724,1.72
5.25,Sugarcane,Loam,0.32,1044,3.16
10.35,Maize,Clay,0.81,425,3.21
5.62,Sugarcane,Clay,0.61,1389,7.14
2.01,Sugarcane,Loam,0.95,1342,4.61
8.29,Sugarcane,Black,0.8,1414,15.47
4.78,Rice,Black,0.37,1483,2.31
3.45,Maize,Clay,0.33,413,0.42
9.51,Maize,Sandy,0.42,693,1.99
8.74,Cotton,Loam,0.37,1042,2.43
10.19,Sugarcane,Loam,0.71,315,4.1
6.06,Maize,Clay,0.38,1287,2.67
12.6,Millets,Loam,0.34,1337,3.44
3.64,Cotton,Black,0.69,964,1.6
12.19,Cotton,Black,0.93,898,6.72
5.09,Rice,Clay,0.52,941,1.99
12.44,Rice,Sandy,0.93,945,7.0
14.32,Rice,Clay,0.33,429,1.62
7.54,Cotton,Clay,0.48,629,1.37
3.34,Rice,Loam,0.87,310,0.86
4.54,Rice,Clay,0.36,502,0.66
1.97,Cotton,Clay,0.64,306,0.23
5.06,Rice,Sandy,0.86,668,1.86
11.59,Millets,Loam,0.64,738,3.28
12.77,Sugarcane,Clay,0.4,505,3.87
2.72,Millets,Sandy,0.53,637,0.37
8.19,Wheat,Clay,0.35,467,0.94
8.89,Millets,Loam,0.74,575,2.27
7.99,Cotton,Sandy,0.54,1390,2.88
11.82,Rice,Black,0.92,911,8.72
2.44,Maize,Clay,0.94,1337,2.76
4.94,Wheat,Black,0.4,792,1.21
3.57,Sugarcane,Black,0.42,1342,3.32
3.13,Wheat,Black,0.63,750,1.14
14.55,Rice,Clay,0.58,872,5.89
4.24,Cotton,Sandy,0.69,619,0.87
11.72,Wheat,Clay,0.59,393,1.9
9.61,Maize,Sandy,0.65,1304,5.86
10.76,Maize,Sandy,0.8,1062,6.58
9.72,Millets,Loam,0.35,1134,2.31
5.25,Wheat,Clay,0.54,718,1.42
1.56,Cotton,Black,0.92,1403,1.33
12.93,Maize,Loam,0.44,1047,6.43
5.21,Millets,Sandy,0.49,629,0.64
8.42,Maize,Sandy,0.55,1315,4.38
12.64,Wheat,Clay,0.38,1146,3.85
5.27,Maize,Loam,0.61,1280,4.44
13.18,Cotton,Clay,0.59,1205,5.62
12.04,Millets,Loam,0.33,428,1.02
1.23,Millets,Sandy,0.74,437,0.16
13.21,Cotton,Sandy,0.35,783,1.74
4.05,Wheat,Sandy,0.32,647,0.47
4.62,Millets,Clay,0.51,1019,1.2
2.68,Maize,Black,0.48,1150,1.46
14.51,Cotton,Black,0.82,713,5.6
11.03,Maize,Clay,0.37,1299,4.77
5.44,Maize,Sandy,0.31,382,0.46
7.04,Maize,Sandy,0.57,1106,3.2
5.37,Millets,Clay,0.53,571,0.81
9.31,Cotton,Clay,0.43,490,1.18
4.02,Millets,Sandy,0.58,949,0.89
5.56,Millets,Clay,0.5,530,0.74
6.56,Cotton,Black,0.65,399,1.12
11.11,Cotton,Sandy,0.65,1103,3.82
8.2,Cotton,Sandy,0.44,400,0.69
8.96,Millets,Loam,0.73,303,1.19
7.57,Sugarcane,Black,0.37,905,4.18
3.81,Millets,Loam,0.35,1095,0.88
6.84,Rice,Clay,0.57,460,1.43
5.98,Wheat,Black,0.32,727,1.07
12.03,Millets,Sandy,0.54,538,1.4
12.25,Wheat,Black,0.45,1492,6.33
7.71,Millets,Loam,0.53,388,0.95
12.83,Rice,Clay,0.63,531,3.43
10.29,Cotton,Clay,0.56,764,2.64
2.69,Wheat,Loam,0.32,648,0.47
10.77,Sugarcane,Clay,0.91,1151,16.92
6.82,Millets,Sandy,0.57,1263,1.96
11.16,Maize,Clay,0.94,878,8.29
3.65,Wheat,Clay,0.55,701,0.99
8.09,Sugarcane,Clay,0.65,462,3.64
12.01,Sugarcane,Black,0.42,1313,10.93
8.75,Maize,Sandy,0.53,644,2.15
8.64,Millets,Loam,0.42,690,1.5
7.85,Millets,Sandy,0.47,400,0.59
11.07,Maize,Black,0.87,1266,12.07
4.34,Wheat,Clay,0.43,1249,1.63
10.78,Rice,Clay,0.47,845,3.43
13.02,Rice,Sandy,0.91,1170,8.87
13.92,Cotton,Black,0.54,716,3.55
12.34,Millets,Sandy,0.87,1219,5.23
4.2,Sugarcane,Loam,0.77,1105,6.43
14.02,Sugarcane,Loam,0.76,1115,21.38
11.01,Wheat,Loam,0.72,1360,9.06
14.6,Cotton,Clay,0.48,1498,6.3
7.95,Wheat,Black,0.78,977,4.66
3.36,Maize,Clay,0.56,572,0.97
7.18,Wheat,Sandy,0.88,583,2.06
9.26,Maize,Loam,0.74,1050,7.77
3.14,Millets,Black,0.32,1352,0.75
2.13,Millets,Clay,0.92,1380,1.35
1.41,Cotton,Black,0.6,1402,0.78
6.04,Maize,Loam,0.77,735,3.69
1.98,Maize,Sandy,0.89,388,0.49
13.98,Millets,Clay,0.55,746,2.87
8.74,Wheat,Black,0.77,1102,5.71
11.86,Cotton,Black,0.37,1360,3.94
4.38,Sugarcane,Loam,0.9,641,4.55
3.34,Maize,Loam,0.75,1408,3.81
9.72,Rice,Loam,0.68,1449,9.19
8.73,Cotton,Sandy,0.59,1195,2.95
10.44,Rice,Sandy,0.31,350,0.72
12.74,Wheat,Loam,0.39,1391,5.81
7.92,Sugarcane,Sandy,0.46,762,3.33
13.24,Millets,Loam,0.9,648,4.63
10.82,Millets,Black,0.94,543,3.04
2.11,Wheat,Clay,0.66,551,0.54
13.79,Cotton,Loam,0.87,999,8.63
12.22,Sugarcane,Clay,0.87,1044,16.65
3.21,Sugarcane,Clay,0.45,1442,3.12
7.33,Millets,Black,0.65,1323,3.47
11.87,Maize,Sandy,0.92,1377,10.83
6.63,Sugarcane,Black,0.8,1308,11.45
5.38,Rice,Sandy,0.88,949,2.88
8.83,Rice,Clay,0.57,763,3.07
14.99,Millets,Sandy,0.81,1016,4.93
6.12,Cotton,Loam,0.4,387,0.68
3.57,Rice,Loam,0.85,681,1.98
13.45,Maize,Loam,0.61,722,6.4
2.42,Millets,Sandy,0.5,1499,0.73
14.71,Cotton,Black,0.35,1228,4.17
7.9,Millets,Black,0.65,631,1.78
12.03,Wheat,Clay,0.86,724,5.24
13.86,Rice,Sandy,0.5,1308,5.8
14.2,Cotton,Clay,0.34,1486,4.3
10.98,Millets,Clay,0.49,479,1.29
3.47,Sugarcane,Black,0.79,893,4.04
13.16,Maize,Loam,0.86,594,7.26
8.74,Cotton,Clay,0.89,650,3.03
1.63,Rice,Loam,0.58,618,0.56
1.04,Sugarcane,Black,0.58,1189,1.18
14.71,Sugarcane,Sandy,0.31,595,3.26
8.11,Cotton,Sandy,0.43,999,1.67
9.2,Millets,Clay,0.4,946,1.74
1.98,Rice,Clay,0.52,1462,1.2
2.43,Wheat,Black,0.33,641,0.4
3.38,Cotton,Sandy,0.84,1315,1.79
14.25,Cotton,Black,0.51,650,3.12
1.27,Cotton,Clay,0.65,1260,0.62
8.61,Rice,Black,0.34,385,0.99
4.64,Maize,Loam,0.91,1049,4.78
11.49,Rice,Clay,0.55,547,2.77
7.55,Sugarcane,Black,0.61,616,4.68
9.07,Millets,Loam,0.49,538,1.43
7.33,Cotton,Sandy,0.48,1025,1.73
8.45,Maize,Loam,0.6,1398,7.65
8.73,Wheat,Black,0.44,901,2.66
10.59,Sugarcane,Clay,0.62,1460,14.38
5.68,Wheat,Sandy,0.76,924,2.23
11.49,Sugarcane,Loam,0.71,1428,20.97
7.34,Maize,Loam,0.44,478,1.67
14.09,Cotton,Loam,0.56,1393,7.91
8.48,Maize,Loam,0.85,976,7.6
12.07,Maize,Loam,0.83,443,4.79
4.6,Rice,Clay,0.81,655,1.95
6.15,Maize,Sandy,0.64,1229,3.48
12.66,Millets,Clay,0.64,616,2.5
9.69,Millets,Loam,0.71,355,1.47
6.82,Sugarcane,Black,0.45,1443,7.31
6.07,Sugarcane,Sandy,0.95,1194,8.26
13.35,Millets,Sandy,0.85,1244,5.65
4.02,Sugarcane,Clay,0.85,1415,7.25
4.55,Sugarcane,Black,0.88,364,2.4
3.23,Wheat,Loam,0.54,676,0.99
8.81,Rice,Loam,0.41,508,1.76
1.88,Millets,Clay,0.47,501,0.22
11.9,Maize,Clay,0.88,964,9.09
9.78,Millets,Loam,0.67,343,1.35
9.45,Rice,Black,0.82,569,3.88
13.32,Cotton,Loam,0.57,513,2.8
4.64,Millets,Black,0.66,382,0.64
3.77,Rice,Black,0.39,1397,1.81
6.36,Maize,Black,0.93,1329,7.78
9.38,Maize,Black,0.34,334,1.05
1.09,Wheat,Sandy,0.48,391,0.11
13.1,Millets,Loam,0.57,815,3.65
1.7,Rice,Sandy,0.87,1125,1.06
11.54,Maize,Sandy,0.75,1292,8.05
8.12,Rice,Black,0.93,1462,9.72
9.06,Maize,Black,0.43,833,3.21
3.78,Rice,Black,0.93,1002,3.1
2.78,Rice,Clay,0.73,1408,2.29
2.35,Wheat,Clay,0.54,1302,1.16
13.31,Wheat,Loam,0.7,603,4.72
11.03,Maize,Loam,0.71,782,6.61
6.42,Millets,Black,0.78,522,1.44
8.06,Maize,Clay,0.53,1247,4.79
12.45,Maize,Sandy,0.73,1480,9.68
12.6,Rice,Loam,0.71,1030,8.85
3.76,Sugarcane,Black,0.81,368,1.85
12.4,Cotton,Clay,0.65,1024,4.95
10.42,Cotton,Sandy,0.38,1080,2.05
7.02,Sugarcane,Sandy,0.83,1477,10.33
14.48,Maize,Black,0.93,870,11.6
6.3,Wheat,Clay,0.8,1486,5.24
12.01,Millets,Black,0.31,1348,2.76
13.67,Rice,Sandy,0.8,632,4.42
5.15,Sugarcane,Sandy,0.81,591,2.96
2.1,Rice,Loam,0.85,1447,2.48
8.76,Sugarcane,Clay,0.52,1252,8.55
7.71,Wheat,Clay,0.75,1305,5.28
1.29,Sugarcane,Black,0.65,1229,1.7
10.73,Cotton,Black,0.31,340,0.75
6.08,Rice,Clay,0.49,1359,3.24
7.22,Millets,Clay,0.35,795,1.0
11.89,Wheat,Sandy,0.4,1167,3.11
11.1,Sugarcane,Loam,0.81,395,6.39
4.96,Maize,Loam,0.54,1300,3.76
13.92,Rice,Clay,0.63,622,4.36
4.88,Cotton,Clay,0.94,461,1.27
6.84,Maize,Loam,0.71,365,1.91
4.47,Cotton,Black,0.59,989,1.72
10.41,Rice,Loam,0.84,347,2.91
11.02,Cotton,Clay,0.39,970,2.5
1.59,Cotton,Black,0.58,900,0.55
8.36,Millets,Loam,0.93,600,2.8
4.36,Wheat,Sandy,0.81,502,0.99
1.53,Cotton,Black,0.95,1190,1.14
7.13,Sugarcane,Clay,0.49,670,3.51
12.35,Millets,Sandy,0.32,1357,2.15
9.65,Cotton,Black,0.41,766,2.0
11.38,Sugarcane,Loam,0.92,996,18.77
3.39,Sugarcane,Black,0.32,309,0.55
6.29,Millets,Loam,0.47,843,1.5
13.56,Millets,Sandy,0.41,1029,2.29
12.94,Wheat,Sandy,0.45,419,1.37
10.4,Wheat,Loam,0.63,1094,6.02
11.64,Rice,Sandy,0.67,1496,7.47
11.78,Rice,Sandy,0.72,1308,7.1
13.88,Millets,Clay,0.45,1070,3.34
6.79,Wheat,Loam,0.62,1146,4.05
14.25,Maize,Loam,0.94,420,6.08
7.14,Cotton,Loam,0.66,1421,4.82
1.14,Sugarcane,Black,0.44,785,0.65
6.13,Cotton,Sandy,0.57,565,0.95
4.73,Rice,Black,0.34,674,0.95
4.82,Cotton,Black,0.41,366,0.48
6.04,Sugarcane,Loam,0.66,865,6.21
8.48,Cotton,Sandy,0.4,352,0.57
1.48,Maize,Clay,0.68,998,0.9
5.28,Wheat,Clay,0.5,1284,2.37
12.03,Cotton,Loam,0.79,1222,8.36
10.76,Wheat,Clay,0.82,1330,8.21
14.64,Millets,Black,0.47,947,3.58
9.85,Maize,Black,0.75,1202,8.79
3.75,Wheat,Clay,0.57,1280,1.92
10.73,Millets,Sandy,0.56,996,2.39
3.98,Rice,Sandy,0.82,664,1.39
9.47,Wheat,Sandy,0.92,657,3.21
10.94,Rice,Sandy,0.48,448,1.51
5.75,Millets,Clay,0.34,1453,1.42
8.36,Rice,Loam,0.44,638,2.25
8.42,Rice,Black,0.37,532,1.46
11.61,Wheat,Loam,0.45,380,1.67
6.96,Cotton,Loam,0.6,442,1.33
11.27,Millets,Loam,0.84,686,3.9
10.09,Millets,Clay,0.81,1400,5.72
5.41,Maize,Black,0.5,1085,2.91
8.22,Cotton,Sandy,0.61,1000,2.41
10.8,Rice,Black,0.54,741,3.8
5.95,Sugarcane,Black,0.69,1182,8.01
4.9,Sugarcane,Loam,0.77,1475,10.02
10.68,Rice,Clay,0.41,983,3.44
14.13,Millets,Clay,0.32,1183,2.67
6.72,Rice,Clay,0.88,896,4.24
9.25,Sugarcane,Sandy,0.63,1250,8.74
1.01,Rice,Black,0.63,372,0.21
3.12,Cotton,Sandy,0.49,726,0.53
13.01,Rice,Black,0.52,1298,7.73
4.24,Cotton,Sandy,0.61,356,0.44
8.48,Cotton,Clay,0.77,1022,4.0
5.93,Sugarcane,Clay,0.71,1056,6.67
10.1,Millets,Black,0.76,776,3.28
5.38,Maize,Sandy,0.52,793,1.6
5.42,Sugarcane,Clay,0.33,1140,3.06
6.47,Millets,Clay,0.82,706,1.87
8.07,Rice,Loam,0.34,709,1.87
7.59,Sugarcane,Sandy,0.78,1196,8.5
12.27,Wheat,Sandy,0.41,514,1.45
12.43,Cotton,Sandy,0.77,1166,5.36
7.45,Cotton,Sandy,0.5,1407,2.52
7.75,Cotton,Clay,0.72,1074,3.6
11.46,Wheat,Black,0.61,428,2.3
8.61,Rice,Loam,0.71,510,2.99
1.84,Maize,Sandy,0.43,908,0.52
8.16,Sugarcane,Clay,0.62,1238,9.39
9.3,Maize,Clay,0.41,533,1.83
9.0,Rice,Black,0.71,1433,8.06
2.91,Cotton,Clay,0.56,1027,1.0
12.39,Wheat,Loam,0.56,1416,8.25
4.36,Maize,Sandy,0.74,1209,2.81
9.48,Rice,Sandy,0.71,490,2.11
5.39,Cotton,Clay,0.35,1203,1.36
13.7,Millets,Loam,0.73,925,5.55
7.43,Sugarcane,Loam,0.45,1091,6.57
10.06,Millets,Loam,0.83,324,1.62
14.52,Wheat,Loam,0.86,633,6.64
10.67,Rice,Loam,0.54,1146,6.34
4.14,Rice,Clay,0.7,340,0.79
10.99,Wheat,Black,0.78,543,3.58
2.88,Maize,Loam,0.59,1057,1.94
10.07,Millets,Clay,0.82,446,1.84
10.89,Maize,Clay,0.75,892,6.56
1.04,Cotton,Black,0.51,714,0.25
10.83,Rice,Loam,0.91,1438,13.61
12.33,Sugarcane,Loam,0.53,997,11.73
10.27,Millets,Clay,0.62,1377,4.38
2.28,Wheat,Clay,0.37,1228,0.73
1.67,Cotton,Clay,0.7,1107,0.78
8.01,Cotton,Loam,0.57,556,1.83
7.93,Millets,Loam,0.62,1215,3.58
2.83,Maize,Loam,0.62,350,0.66
12.03,Maize,Sandy,0.75,1490,9.68
5.13,Sugarcane,Black,0.75,1186,7.53
10.72,Millets,Sandy,0.65,969,2.7
5.48,Rice,Loam,0.36,462,0.87
2.62,Wheat,Sandy,0.45,1157,0.76
5.18,Maize,Clay,0.88,916,3.76
11.87,Wheat,Clay,0.53,1197,5.27
4.49,Sugarcane,Loam,0.94,906,6.88
8.56,Rice,Loam,0.66,1416,7.68
14.84,Rice,Black,0.55,1441,10.35
1.81,Millets,Sandy,0.77,869,0.48
12.64,Rice,Loam,0.48,1230,7.16
7.05,Rice,Sandy,0.84,1131,4.29
6.14,Cotton,Black,0.66,976,2.61
10.57,Wheat,Clay,0.92,1369,9.32
11.76,Sugarcane,Black,0.69,1239,16.59
8.44,Millets,Sandy,0.75,906,2.29
4.1,Maize,Black,0.4,1093,1.77
12.91,Wheat,Sandy,0.33,1428,3.41
2.85,Wheat,Sandy,0.9,398,0.57
12.1,Wheat,Clay,0.75,1199,7.62
9.47,Millets,Loam,0.46,1461,3.82
12.53,Cotton,Black,0.79,1053,6.88
2.5,Cotton,Sandy,0.67,449,0.36
2.55,Rice,Sandy,0.94,1385,2.12
7.14,Rice,Black,0.6,1156,4.36
6.36,Millets,Clay,0.65,379,0.78
1.22,Millets,Sandy,0.37,645,0.12
9.35,Wheat,Sandy,0.33,659,1.14
14.31,Millets,Black,0.72,952,5.39
8.25,Cotton,Loam,0.46,1335,3.65
1.62,Wheat,Clay,0.86,1300,1.27
5.17,Cotton,Sandy,0.57,1386,1.96
1.5,Wheat,Black,0.67,825,0.64
12.76,Cotton,Sandy,0.53,526,1.71
4.38,Rice,Sandy,0.68,736,1.4
3.96,Maize,Black,0.4,970,1.52
5.25,Cotton,Sandy,0.84,1259,2.67
11.86,Millets,Sandy,0.46,585,1.28
5.31,Maize,Loam,0.48,1408,3.88
3.4,Wheat,Black,0.83,972,2.11
7.07,Sugarcane,Black,0.33,1308,5.04
2.63,Wheat,Loam,0.49,1260,1.36
1.45,Sugarcane,Sandy,0.42,1297,0.95
5.4,Sugarcane,Sandy,0.79,869,4.45
14.88,Millets,Black,0.32,739,1.94
10.24,Maize,Loam,0.43,705,3.35
3.94,Maize,Loam,0.59,702,1.76
5.77,Maize,Black,0.79,392,1.77
14.6,Rice,Black,0.73,1453,13.63
13.59,Millets,Clay,0.7,916,4.36
13.76,Millets,Loam,0.4,937,3.09
2.92,Cotton,Clay,0.34,652,0.39
14.77,Millets,Black,0.71,1029,5.93
3.37,Rice,Sandy,0.84,847,1.53
6.54,Cotton,Black,0.33,1435,2.04
11.69,Rice,Sandy,0.56,1390,5.82
6.86,Sugarcane,Clay,0.87,512,4.58
2.82,Millets,Loam,0.33,1413,0.79
3.03,Rice,Sandy,0.7,316,0.43
1.03,Maize,Black,0.68,739,0.51
14.79,Maize,Clay,0.42,1123,6.28
1.76,Wheat,Loam,0.38,666,0.37
7.45,Millets,Loam,0.82,579,2.12
7.0,Wheat,Sandy,0.61,1461,3.49
12.97,Rice,Loam,0.91,529,5.99
13.11,Wheat,Loam,0.86,1425,13.5
5.37,Millets,Clay,0.46,520,0.64
3.08,Millets,Loam,0.38,1163,0.82
9.03,Rice,Black,0.79,970,6.09
5.62,Rice,Clay,0.71,1296,4.14
12.53,Wheat,Loam,0.73,1389,10.67
1.91,Cotton,Sandy,0.33,1056,0.32
12.69,Rice,Sandy,0.89,517,3.74
2.94,Maize,Clay,0.85,1392,3.13
3.94,Wheat,Clay,0.59,1442,2.35
12.97,Sugarcane,Black,0.63,1190,16.04
4.64,Sugarcane,Sandy,0.61,406,1.38
6.95,Millets,Clay,0.59,1179,2.42
6.52,Cotton,Sandy,0.93,575,1.67
12.21,Millets,Loam,0.41,1450,4.36
3.05,Wheat,Sandy,0.87,545,0.81
3.81,Millets,Sandy,0.5,1019,0.78
4.0,Sugarcane,Black,0.37,920,2.25
13.76,Rice,Black,0.68,507,4.17
6.61,Wheat,Loam,0.34,491,0.93
2.33,Maize,Clay,0.31,1463,0.95
4.99,Wheat,Loam,0.66,753,2.08
6.4,Wheat,Loam,0.33,342,0.61
11.44,Cotton,Loam,0.71,378,2.21
14.46,Maize,Sandy,0.45,935,4.38
13.23,Maize,Clay,0.74,1397,12.31
2.05,Wheat,Black,0.6,1083,1.03
9.52,Cotton,Sandy,0.48,980,2.15
1.89,Millets,Clay,0.87,1058,0.87
11.78,Millets,Sandy,0.53,418,1.04
14.67,Wheat,Loam,0.89,314,3.44
11.83,Wheat,Black,0.64,1058,6.17
4.96,Cotton,Sandy,0.33,1452,1.14
12.03,Sugarcane,Clay,0.35,1472,9.3
1.91,Cotton,Sandy,0.55,612,0.31
4.87,Cotton,Black,0.94,463,1.4
10.02,Maize,Black,0.52,1396,7.2
7.96,Sugarcane,Clay,0.76,1155,10.48
3.21,Sugarcane,Black,0.31,1166,1.91
14.1,Rice,Sandy,0.84,793,6.01
8.72,Rice,Sandy,0.78,1086,4.73
1.56,Sugarcane,Clay,0.36,978,0.82
13.78,Wheat,Black,0.83,949,8.36
1.44,Rice,Sandy,0.45,676,0.28
2.84,Sugarcane,Sandy,0.45,999,1.53
6.2,Wheat,Clay,0.49,743,1.58
9.02,Sugarcane,Clay,0.61,910,7.51
13.49,Wheat,Clay,0.73,1394,9.61
1.89,Maize,Loam,0.75,1343,2.06
6.23,Maize,Black,0.58,1468,5.25
12.24,Cotton,Clay,0.54,884,3.51
5.26,Maize,Black,0.42,937,2.05
14.75,Millets,Loam,0.93,1385,11.4
10.57,Wheat,Loam,0.37,1164,3.82
11.58,Sugarcane,Black,0.42,310,2.49
10.87,Wheat,Loam,0.86,341,2.68
12.32,Cotton,Loam,0.48,571,2.43
2.38,Millets,Loam,0.92,614,0.81
10.01,Sugarcane,Black,0.88,1084,15.76
12.56,Sugarcane,Loam,0.86,557,10.83
5.98,Wheat,Black,0.39,509,0.91
5.22,Sugarcane,Loam,0.68,478,3.05
6.31,Rice,Loam,0.44,464,1.24
7.24,Wheat,Sandy,0.36,719,1.05
12.18,Cotton,Loam,0.55,587,2.83
12.05,Cotton,Clay,0.56,1471,5.96
3.22,Cotton,Black,0.61,1358,1.76
2.67,Wheat,Clay,0.73,969,1.32
1.38,Millets,Sandy,0.78,1235,0.53
10.71,Wheat,Sandy,0.89,548,2.93
8.71,Rice,Loam,0.84,728,5.11
7.9,Millets,Sandy,0.56,1178,2.08
8.33,Wheat,Sandy,0.39,484,0.88
2.53,Rice,Black,0.79,1240,2.18
9.2,Cotton,Clay,0.66,1147,4.18
1.27,Sugarcane,Clay,0.71,377,0.51
10.7,Rice,Clay,0.66,473,2.67
9.46,Millets,Loam,0.46,1394,3.64
7.38,Millets,Clay,0.8,1359,4.01
9.71,Cotton,Clay,0.88,1205,6.18
14.51,Sugarcane,Black,0.62,546,8.1
14.1,Maize,Clay,0.53,394,2.65
3.38,Maize,Loam,0.88,519,1.67
11.36,Sugarcane,Loam,0.76,745,11.58
9.56,Millets,Sandy,0.79,404,1.22
5.42,Maize,Loam,0.72,745,3.14
14.73,Sugarcane,Black,0.6,1133,16.52
1.36,Sugarcane,Clay,0.56,1253,1.43
3.19,Wheat,Loam,0.36,1237,1.19
1.91,Millets,Clay,0.72,780,0.54
4.43,Wheat,Loam,0.53,343,0.68
12.15,Cotton,Loam,0.93,791,6.44
10.18,Sugarcane,Black,0.36,1196,7.23
11.19,Rice,Clay,0.54,758,3.66
4.46,Millets,Loam,0.69,750,1.38
12.17,Cotton,Clay,0.68,711,3.53
12.5,Rice,Clay,0.94,676,6.35
6.25,Rice,Loam,0.7,1267,5.32
14.92,Wheat,Sandy,0.43,668,2.4
8.78,Wheat,Loam,0.95,1302,9.12
10.51,Wheat,Loam,0.69,335,2.04
7.96,Cotton,Sandy,0.78,658,1.96
13.87,Rice,Loam,0.94,1256,15.72
12.38,Cotton,Black,0.81,840,5.56
5.86,Rice,Clay,0.79,1245,4.61
5.16,Sugarcane,Loam,0.57,1246,6.6
1.59,Maize,Loam,0.33,502,0.28
11.76,Rice,Black,0.74,1273,9.75
3.82,Maize,Sandy,0.54,662,0.98
8.26,Rice,Clay,0.39,722,1.86
6.45,Millets,Loam,0.78,1023,3.09
5.83,Wheat,Sandy,0.71,547,1.27
1.8,Cotton,Clay,0.58,762,0.48
1.46,Cotton,Black,0.61,1421,0.84
2.88,Rice,Loam,0.7,1176,2.28
6.69,Sugarcane,Sandy,0.64,1089,5.6
13.36,Millets,Black,0.86,938,5.93
2.03,Rice,Black,0.71,600,0.76
5.72,Maize,Sandy,0.88,1358,4.92
12.74,Maize,Black,0.88,1347,14.95
10.41,Sugarcane,Sandy,0.36,601,2.7
4.96,Rice,Loam,0.91,383,1.66
6.62,Maize,Loam,0.72,615,3.17
13.72,Maize,Clay,0.46,1248,7.09
11.01,Rice,Clay,0.67,722,4.26
3.82,Maize,Loam,0.61,649,1.63
9.04,Cotton,Sandy,0.67,1075,3.13
8.24,Cotton,Loam,0.87,565,2.92
6.36,Sugarcane,Loam,0.46,1484,7.81
13.55,Wheat,Black,0.89,827,7.68
10.13,Sugarcane,Clay,0.66,366,3.67
8.07,Wheat,Sandy,0.79,1497,5.34
6.31,Wheat,Black,0.57,1080,2.99
7.78,Millets,Loam,0.55,603,1.55
3.59,Rice,Clay,0.6,775,1.34
10.46,Wheat,Clay,0.92,1392,9.38
1.8,Sugarcane,Loam,0.89,1375,3.96
6.08,Maize,Sandy,0.94,629,2.59
1.54,Wheat,Sandy,0.57,501,0.25
12.28,Cotton,Loam,0.95,1361,11.43
6.69,Sugarcane,Sandy,0.47,590,2.23
1.91,Rice,Clay,0.54,965,0.8
10.56,Cotton,Loam,0.44,687,2.3
7.48,Millets,Black,0.58,656,1.57
7.53,Rice,Loam,0.82,589,3.49
14.55,Wheat,Loam,0.56,369,2.53
6.17,Sugarcane,Black,0.87,1085,9.61
2.3,Cotton,Black,0.44,979,0.65
5.98,Cotton,Sandy,0.81,351,0.82
6.47,Maize,Sandy,0.85,1237,4.9
12.57,Millets,Black,0.51,466,1.64
12.98,Rice,Sandy,0.55,1172,5.35
8.76,Maize,Clay,0.8,358,2.26
10.72,Rice,Loam,0.73,749,5.63
3.18,Cotton,Loam,0.94,567,1.22
10.27,Maize,Clay,0.46,490,2.08
7.77,Wheat,Loam,0.65,1457,6.18
6.22,Wheat,Sandy,0.74,1448,3.73
12.09,Rice,Clay,0.6,813,4.72
4.08,Wheat,Loam,0.89,751,2.29
11.35,Sugarcane,Clay,0.81,1431,19.73
14.32,Sugarcane,Black,0.75,338,5.99
2.03,Sugarcane,Loam,0.67,476,1.17
2.04,Sugarcane,Loam,0.89,1228,4.01
2.64,Sugarcane,Sandy,0.54,655,1.12
5.8,Maize,Loam,0.32,1221,2.45
7.84,Maize,Black,0.92,1064,7.6
11.68,Cotton,Sandy,0.69,1149,4.44
7.69,Sugarcane,Sandy,0.94,1398,12.13
7.56,Cotton,Clay,0.78,1135,4.02
2.86,Sugarcane,Clay,0.34,330,0.48
6.36,Rice,Loam,0.37,1051,2.37
2.63,Millets,Loam,0.68,486,0.52
2.84,Wheat,Black,0.87,1291,2.46
4.01,Cotton,Black,0.46,1235,1.5
14.28,Millets,Loam,0.92,1016,8.01
6.85,Sugarcane,Loam,0.92,1120,12.7
14.93,Rice,Sandy,0.85,1437,11.67
12.97,Cotton,Black,0.33,1426,4.03
10.3,Cotton,Loam,0.45,990,3.3
2.78,Rice,Loam,0.83,783,1.73
10.63,Rice,Clay,0.59,1201,6.03
6.52,Millets,Clay,0.55,753,1.35
9.52,Millets,Loam,0.42,1122,2.69
10.27,Maize,Sandy,0.78,1247,7.19
12.9,Maize,Clay,0.74,891,7.65
10.9,Wheat,Loam,0.71,718,4.67
6.1,Millets,Black,0.76,823,2.1
3.03,Maize,Black,0.44,1185,1.56
9.89,Maize,Black,0.52,407,2.07
8.06,Maize,Black,0.36,365,1.05
5.12,Rice,Loam,0.35,832,1.43
14.9,Rice,Loam,0.67,1274,12.21
1.26,Maize,Loam,0.83,1327,1.5
10.47,Rice,Clay,0.88,1472,10.85
4.01,Wheat,Clay,0.76,1299,2.77
3.86,Maize,Sandy,0.87,406,0.98
5.77,Maize,Clay,0.47,463,1.13
4.17,Wheat,Loam,0.55,1170,2.25
2.47,Millets,Sandy,0.55,1204,0.65
5.18,Wheat,Loam,0.46,361,0.72
8.16,Millets,Sandy,0.51,1463,2.44
12.22,Maize,Loam,0.55,1250,9.07
9.57,Wheat,Clay,0.87,1158,6.75
7.56,Wheat,Black,0.75,839,3.66
9.98,Millets,Loam,0.61,1158,4.23
10.39,Millets,Loam,0.34,1477,3.13
4.42,Maize,Black,0.88,390,1.5
3.83,Millets,Black,0.9,1334,2.53
2.31,Wheat,Clay,0.62,1137,1.14
3.12,Wheat,Loam,0.68,1214,2.16
6.96,Millets,Clay,0.55,687,1.31
3.97,Maize,Loam,0.69,1192,3.53
13.11,Maize,Black,0.78,690,6.99
10.98,Cotton,Sandy,0.71,841,3.15
9.17,Maize,Black,0.69,1101,6.9
5.99,Rice,Clay,0.62,662,1.97
5.42,Cotton,Black,0.89,372,1.18
8.42,Maize,Loam,0.46,1334,5.58
6.45,Rice,Clay,0.55,571,1.62
1.85,Wheat,Loam,0.59,377,0.35
1.77,Wheat,Clay,0.45,1203,0.67
14.49,Cotton,Black,0.67,926,5.93
14.88,Rice,Black,0.71,325,3.02
6.91,Cotton,Clay,0.49,1232,2.5
9.9,Rice,Clay,0.63,559,2.79
11.7,Maize,Black,0.92,367,3.91
11.8,Cotton,Loam,0.83,325,2.29
14.32,Maize,Black,0.36,767,3.91
12.47,Cotton,Loam,0.42,1116,4.21
1.54,Sugarcane,Sandy,0.67,488,0.6
5.97,Rice,Black,0.37,1308,2.54
1.47,Rice,Loam,0.49,982,0.68
13.76,Sugarcane,Sandy,0.83,477,6.54
11.6,Rice,Clay,0.53,1194,5.87
6.77,Rice,Black,0.9,347,1.86
1.04,Cotton,Clay,0.79,977,0.48
6.88,Cotton,Sandy,0.57,386,0.73
10.83,Rice,Black,0.69,1304,8.58
8.26,Sugarcane,Clay,0.76,908,8.55
8.4,Sugarcane,Sandy,0.51,1433,7.37
6.52,Maize,Loam,0.93,706,4.62
3.34,Maize,Black,0.52,1366,2.35
7.17,Cotton,Loam,0.44,1349,3.06
1.18,Maize,Loam,0.75,719,0.69
9.13,Cotton,Clay,0.62,406,1.38
1.85,Millets,Sandy,0.58,632,0.27
12.27,Sugarcane,Black,0.45,965,8.79
14.92,Rice,Loam,0.81,1326,15.38
13.94,Rice,Black,0.36,314,1.39
8.67,Sugarcane,Black,0.38,1276,6.94
3.22,Cotton,Sandy,0.93,811,1.17
2.57,Wheat,Clay,0.85,962,1.47
5.31,Millets,Loam,0.33,610,0.64
2.2,Sugarcane,Black,0.37,380,0.51
6.71,Sugarcane,Black,0.7,1045,8.1
2.88,Maize,Clay,0.42,1422,1.55
7.13,Cotton,Sandy,0.68,609,1.42
7.82,Sugarcane,Loam,0.69,586,5.69
6.46,Sugarcane,Sandy,0.89,900,6.21
4.73,Wheat,Clay,0.66,783,1.71
8.92,Cotton,Black,0.41,1153,2.78
12.89,Rice,Sandy,0.54,629,2.8
1.48,Sugarcane,Clay,0.81,1253,2.25
11.18,Cotton,Clay,0.39,525,1.37
9.18,Sugarcane,Clay,0.83,459,5.25
9.86,Cotton,Sandy,0.64,1457,4.41
9.88,Cotton,Sandy,0.7,956,3.17
5.28,Sugarcane,Black,0.42,1257,4.6
6.61,Maize,Sandy,0.53,1155,2.91
2.06,Maize,Black,0.74,927,1.4
5.43,Sugarcane,Black,0.59,1482,7.83
4.69,Rice,Loam,0.6,567,1.53
5.88,Rice,Sandy,0.86,551,1.78
14.81,Cotton,Sandy,0.81,430,2.48
12.4,Millets,Black,0.95,612,3.97
2.52,Maize,Clay,0.5,322,0.37
12.45,Sugarcane,Loam,0.7,529,8.3
7.5,Maize,Clay,0.39,915,2.41
8.27,Millets,Black,0.84,1193,4.56
10.9,Wheat,Clay,0.54,1345,5.54
7.76,Cotton,Loam,0.63,696,2.45
7.86,Cotton,Loam,0.66,382,1.43
4.46,Maize,Loam,0.55,651,1.72
5.45,Sugarcane,Clay,0.31,538,1.36
6.41,Sugarcane,Clay,0.68,563,3.68
10.8,Maize,Clay,0.32,816,2.54
4.76,Sugarcane,Sandy,0.36,1204,2.48
8.17,Cotton,Loam,0.6,1478,5.22
9.13,Sugarcane,Sandy,0.48,467,2.46
1.91,Sugarcane,Sandy,0.78,1294,2.31
14.29,Millets,Loam,0.55,521,2.46
6.35,Wheat,Clay,0.7,1300,4.04
8.34,Millets,Black,0.82,891,3.35
14.46,Maize,Sandy,0.43,1099,4.92
6.39,Maize,Sandy,0.77,1080,3.83
5.77,Maize,Clay,0.42,1480,3.23
1.64,Sugarcane,Sandy,0.94,1419,2.63
10.59,Rice,Clay,0.88,616,4.59
5.27,Rice,Black,0.49,569,1.29
3.37,Maize,Sandy,0.42,1312,1.34
8.17,Cotton,Loam,0.38,552,1.23
1.99,Cotton,Black,0.57,1261,0.94
10.81,Rice,Sandy,0.93,877,5.64
12.26,Maize,Black,0.74,557,5.0
3.15,Sugarcane,Black,0.49,1108,2.82
9.0,Wheat,Sandy,0.75,992,3.75
6.9,Rice,Sandy,0.65,1409,4.04
13.12,Maize,Sandy,0.45,565,2.4
3.91,Wheat,Clay,0.39,738,0.79
5.28,Sugarcane,Clay,0.44,560,1.95
12.25,Maize,Clay,0.56,930,5.74
5.03,Maize,Sandy,0.67,1328,3.22
1.11,Cotton,Sandy,0.5,381,0.1
3.03,Cotton,Clay,0.77,589,0.82
4.2,Rice,Loam,0.63,1018,2.59
9.42,Sugarcane,Loam,0.89,579,8.74
13.66,Wheat,Black,0.55,930,5.38
14.93,Rice,Loam,0.62,448,3.98
7.7,Sugarcane,Clay,0.94,726,7.88
2.95,Wheat,Loam,0.92,1369,3.12
1.11,Sugarcane,Loam,0.86,545,0.94
4.33,Millets,Sandy,0.78,1422,1.92
3.35,Wheat,Clay,0.41,1358,1.31
12.1,Sugarcane,Clay,0.83,1457,21.95
3.14,Maize,Black,0.52,790,1.28
8.22,Rice,Black,0.75,572,3.1
3.09,Maize,Sandy,0.63,443,0.62
13.6,Sugarcane,Clay,0.46,691,6.48
12.18,Cotton,Sandy,0.49,580,1.66
1.55,Rice,Clay,0.36,1393,0.62
14.95,Cotton,Loam,0.47,776,3.93
14.32,Rice,Sandy,0.67,1464,8.99
10.14,Maize,Clay,0.88,864,6.94
10.74,Sugarcane,Black,0.42,1086,8.08
11.45,Wheat,Clay,0.52,1213,5.06
1.26,Maize,Clay,0.89,580,0.59
8.38,Millets,Loam,0.49,705,1.74
2.21,Maize,Sandy,0.74,1376,1.62
14.3,Sugarcane,Clay,0.81,922,16.02
13.23,Millets,Loam,0.39,1140,3.53
2.31,Wheat,Clay,0.53,460,0.39
1.01,Sugarcane,Loam,0.76,791,1.09
14.62,Rice,Black,0.35,766,3.45
1.88,Millets,Loam,0.68,1328,1.02
1.22,Sugarcane,Loam,0.81,1129,2.01
2.54,Sugarcane,Sandy,0.59,754,1.36
1.1,Cotton,Clay,0.91,1280,0.77
7.06,Wheat,Sandy,0.34,1201,1.61
10.55,Millets,Black,0.61,530,1.88
3.01,Cotton,Black,0.77,551,0.84
9.89,Sugarcane,Black,0.75,515,6.3
13.74,Cotton,Loam,0.65,1010,6.49
2.6,Cotton,Sandy,0.61,612,0.47
14.83,Millets,Loam,0.53,617,2.91
12.32,Sugarcane,Sandy,0.84,867,10.77
3.23,Cotton,Black,0.32,338,0.23
3.9,Sugarcane,Sandy,0.82,997,3.83
5.6,Cotton,Clay,0.36,878,1.06
3.98,Rice,Clay,0.52,1148,1.9
5.99,Rice,Black,0.33,1400,2.44
2.44,Maize,Clay,0.63,371,0.51
11.63,Rice,Loam,0.39,432,1.88
7.69,Maize,Loam,0.52,366,1.58
2.75,Cotton,Sandy,0.89,722,0.85
2.97,Wheat,Clay,0.4,761,0.63
1.25,Millets,Sandy,0.48,1312,0.31
10.22,Maize,Clay,0.43,591,2.34
1.56,Wheat,Sandy,0.43,355,0.13
11.3,Wheat,Black,0.44,606,2.32
9.92,Maize,Loam,0.53,1007,5.72
7.46,Cotton,Clay,0.34,1483,2.26
9.48,Cotton,Sandy,0.4,887,1.61
2.9,Rice,Black,0.87,482,1.07
1.2,Sugarcane,Clay,0.55,605,0.6
11.19,Cotton,Sandy,0.93,579,2.89
1.84,Millets,Clay,0.89,477,0.39
7.74,Cotton,Loam,0.72,901,3.62
7.48,Cotton,Clay,0.88,1370,5.41
13.49,Rice,Sandy,0.88,858,6.52
7.17,Cotton,Loam,0.8,971,4.01
2.25,Maize,Clay,0.85,634,1.09
8.54,Cotton,Loam,0.87,643,3.44
10.83,Sugarcane,Loam,0.91,823,14.6
9.13,Sugarcane,Clay,0.63,500,4.31
6.24,Wheat,Black,0.49,1244,2.93
12.58,Maize,Black,0.66,588,4.83
10.17,Wheat,Black,0.6,428,2.01
3.44,Sugarcane,Sandy,0.51,1171,2.47
11.69,Millets,Black,0.84,1391,7.51
11.27,Maize,Sandy,0.92,696,5.2
5.39,Maize,Loam,0.35,1381,2.81
1.9,Maize,Black,0.63,955,1.13
6.26,Wheat,Black,0.59,980,2.79
12.98,Sugarcane,Black,0.85,684,12.45
9.42,Rice,Loam,0.78,1137,8.02
3.8,Millets,Clay,0.6,650,0.74
5.07,Wheat,Clay,0.5,718,1.27
7.94,Maize,Clay,0.48,1047,3.59
12.85,Millets,Loam,0.32,476,1.17
4.68,Wheat,Loam,0.46,614,1.11
4.51,Cotton,Loam,0.62,1338,2.69
13.34,Millets,Clay,0.49,1226,4.01
10.18,Cotton,Sandy,0.48,794,1.86
5.51,Maize,Sandy,0.41,326,0.53
3.68,Rice,Loam,0.33,634,0.74
4.23,Sugarcane,Loam,0.85,1402,9.07
12.95,Cotton,Clay,0.76,630,3.72
14.66,Sugarcane,Black,0.6,918,13.32
7.2,Millets,Clay,0.82,812,2.4
14.07,Millets,Sandy,0.83,1420,6.63
9.39,Cotton,Sandy,0.64,963,2.78
12.6,Rice,Clay,0.46,664,3.08
12.61,Millets,Loam,0.55,1396,5.81
7.19,Maize,Clay,0.65,1041,4.38
4.03,Rice,Clay,0.93,1182,3.54
9.26,Maize,Black,0.82,1476,11.1
3.56,Maize,Clay,0.55,1124,1.98
12.67,Sugarcane,Sandy,0.34,385,1.99
6.7,Sugarcane,Loam,0.77,398,3.7
10.06,Cotton,Loam,0.63,1488,6.79
5.0,Sugarcane,Black,0.66,894,4.87
4.19,Wheat,Sandy,0.81,405,0.77
14.31,Sugarcane,Clay,0.4,1168,10.03
3.34,Maize,Sandy,0.33,376,0.3
8.37,Millets,Black,0.81,413,1.54
6.97,Cotton,Loam,0.4,1258,2.53
2.7,Wheat,Clay,0.65,1410,1.73
1.87,Millets,Clay,0.67,383,0.24
11.33,Rice,Clay,0.62,994,5.59
5.42,Rice,Loam,0.77,997,3.99
8.64,Wheat,Sandy,0.53,1365,3.5
7.58,Maize,Black,0.44,735,2.43
11.19,Maize,Black,0.38,763,3.21
11.23,Millets,Clay,0.33,813,1.51
11.9,Wheat,Sandy,0.84,1364,7.64
6.43,Millets,Sandy,0.39,395,0.4
3.48,Wheat,Loam,0.8,396,0.93
6.02,Wheat,Black,0.52,766,1.85
7.63,Wheat,Black,0.34,942,1.88
13.55,Rice,Sandy,0.55,1067,5.09
2.16,Maize,Black,0.62,986,1.31
4.62,Maize,Clay,0.51,997,2.11
14.7,Cotton,Sandy,0.8,888,5.01
13.99,Wheat,Sandy,0.89,754,5.26
8.78,Millets,Sandy,0.88,1229,3.8
13.24,Wheat,Sandy,0.53,967,3.8
8.13,Sugarcane,Sandy,0.81,739,5.84
11.63,Wheat,Loam,0.69,595,4.01
4.0,Millets,Sandy,0.86,1073,1.48
1.81,Sugarcane,Black,0.48,718,1.03
9.81,Cotton,Sandy,0.78,318,1.17
14.89,Millets,Sandy,0.53,1465,4.62
6.46,Wheat,Loam,0.88,1142,5.45
3.09,Rice,Loam,0.43,620,0.79
5.23,Wheat,Black,0.6,359,0.87
5.03,Sugarcane,Black,0.84,404,2.82
2.39,Sugarcane,Sandy,0.69,420,0.83
3.36,Cotton,Loam,0.91,1078,2.37
1.48,Wheat,Clay,0.84,836,0.73
9.74,Cotton,Sandy,0.55,389,1.0
12.36,Sugarcane,Loam,0.56,568,7.08
2.03,Maize,Sandy,0.45,302,0.2
6.09,Cotton,Black,0.8,849,2.73
1.57,Wheat,Sandy,0.69,373,0.23
6.04,Maize,Loam,0.54,1213,4.27
10.07,Maize,Loam,0.35,830,3.16
1.65,Maize,Loam,0.51,1443,1.31
7.04,Sugarcane,Sandy,0.73,1162,7.17
9.24,Millets,Black,0.74,805,3.03
11.54,Rice,Loam,0.41,1206,5.48
3.8,Maize,Black,0.84,1185,3.74
13.11,Sugarcane,Black,0.53,1365,15.65
4.47,Rice,Loam,0.76,1095,3.57
3.45,Rice,Black,0.89,1404,3.79
12.01,Maize,Sandy,0.72,1043,6.49
4.53,Maize,Black,0.94,690,2.91
14.59,Cotton,Sandy,0.92,1238,7.98
10.49,Rice,Black,0.59,853,4.65
7.56,Wheat,Clay,0.7,708,2.62
10.15,Maize,Black,0.69,1414,9.8
13.26,Sugarcane,Clay,0.53,840,8.86
7.33,Maize,Clay,0.5,509,1.68
13.2,Maize,Clay,0.63,1005,7.52
2.9,Cotton,Sandy,0.75,569,0.59
7.03,Maize,Loam,0.46,668,2.33
5.41,Sugarcane,Black,0.5,788,3.52
8.13,Millets,Loam,0.89,533,2.31
3.52,Maize,Black,0.62,704,1.52
14.79,Wheat,Clay,0.82,688,5.84
2.58,Maize,Sandy,0.39,1066,0.77
2.5,Cotton,Clay,0.87,980,1.28
14.25,Millets,Clay,0.59,1476,6.2
10.15,Cotton,Black,0.9,1463,8.82
4.26,Cotton,Sandy,0.47,611,0.59
8.02,Wheat,Clay,0.53,503,1.5
10.19,Cotton,Black,0.67,889,4.01
10.96,Cotton,Loam,0.87,502,3.45
12.06,Sugarcane,Black,0.56,377,4.2
6.22,Maize,Sandy,0.81,1437,5.21
12.39,Millets,Loam,0.39,1166,3.38
2.04,Cotton,Black,0.76,1495,1.53
5.49,Rice,Sandy,0.81,1104,3.14
6.75,Sugarcane,Sandy,0.9,552,4.02
13.91,Rice,Clay,0.6,1147,7.66
6.81,Wheat,Clay,0.76,758,2.75
11.3,Maize,Sandy,0.3,954,2.33
13.12,Sugarcane,Sandy,0.5,660,5.2
9.95,Wheat,Loam,0.57,826,3.94
8.4,Wheat,Sandy,0.32,1127,1.7
1.86,Millets,Clay,0.37,798,0.27
6.38,Sugarcane,Sandy,0.55,1386,5.84
6.24,Wheat,Clay,0.95,1250,5.19
7.33,Millets,Loam,0.39,620,1.06
1.55,Wheat,Sandy,0.74,527,0.34
10.99,Cotton,Black,0.53,411,1.58
14.9,Millets,Loam,0.83,814,6.04
7.95,Maize,Loam,0.32,807,2.22
6.49,Maize,Sandy,0.5,1142,2.67
4.13,Rice,Black,0.58,684,1.44
14.67,Sugarcane,Sandy,0.94,1332,22.04
6.98,Rice,Black,0.34,1256,2.62
9.64,Maize,Loam,0.87,1360,12.32
13.44,Cotton,Loam,0.63,1249,7.61
1.15,Millets,Loam,0.83,869,0.5
7.6,Rice,Sandy,0.72,1230,4.31
5.69,Wheat,Black,0.59,1021,2.64
8.76,Millets,Clay,0.8,1057,3.7
12.66,Millets,Sandy,0.52,1254,3.3
11.21,Wheat,Black,0.7,1455,8.79
12.38,Cotton,Sandy,0.69,1481,6.07
9.77,Millets,Black,0.38,308,0.63
4.37,Wheat,Loam,0.34,463,0.58
4.22,Cotton,Loam,0.49,850,1.27
4.47,Sugarcane,Sandy,0.59,759,2.4
14.08,Maize,Sandy,0.58,855,5.03
6.25,Maize,Sandy,0.63,1322,3.75
14.91,Wheat,Loam,0.72,1134,10.23
8.13,Wheat,Loam,0.61,1490,6.21
10.49,Rice,Loam,0.44,826,3.66
13.24,Cotton,Clay,0.78,1169,7.24
8.9,Maize,Black,0.83,1114,8.15
4.33,Rice,Loam,0.83,867,2.99
9.26,Rice,Sandy,0.9,1033,5.51
14.57,Cotton,Loam,0.48,796,4.01
13.63,Maize,Loam,0.88,1247,16.15
13.52,Rice,Loam,0.59,1165,8.92
8.35,Maize,Sandy,0.61,375,1.38
7.26,Wheat,Loam,0.3,990,1.81
4.96,Sugarcane,Loam,0.7,976,6.1
13.5,Maize,Loam,0.34,966,4.79
4.05,Wheat,Loam,0.53,1362,2.46
4.59,Wheat,Black,0.33,1221,1.42
2.42,Wheat,Loam,0.62,1433,1.81
5.53,Rice,Sandy,0.55,1149,2.24
4.6,Maize,Sandy,0.51,754,1.27
13.84,Millets,Loam,0.67,860,4.78
2.99,Sugarcane,Black,0.71,463,1.62
8.51,Sugarcane,Sandy,0.83,983,8.33
7.99,Millets,Sandy,0.76,929,2.26
11.17,Cotton,Loam,0.93,928,6.94
10.09,Sugarcane,Black,0.92,971,14.87
2.51,Cotton,Black,0.42,436,0.3
12.09,Maize,Loam,0.78,1026,10.45
9.91,Sugarcane,Clay,0.65,1114,10.76
1.03,Wheat,Clay,0.53,1375,0.53
3.37,Millets,Sandy,0.54,974,0.71
5.06,Millets,Loam,0.79,612,1.47
10.88,Sugarcane,Sandy,0.63,537,4.42
6.25,Sugarcane,Sandy,0.65,1318,6.43
8.27,Wheat,Sandy,0.75,1432,4.97
1.97,Millets,Clay,0.61,1074,0.65
14.96,Sugarcane,Sandy,0.77,1009,13.95
10.43,Millets,Loam,0.94,567,3.34
2.69,Rice,Sandy,0.58,609,0.61
10.84,Rice,Clay,0.57,971,4.8
1.02,Cotton,Sandy,0.77,1096,0.41
3.92,Millets,Black,0.61,1127,1.48
12.48,Millets,Sandy,0.49,322,0.79
7.98,Wheat,Sandy,0.51,873,1.99
4.53,Millets,Black,0.9,1163,2.61
9.12,Cotton,Black,0.5,921,2.77
11.19,Millets,Loam,0.71,1248,5.95
3.85,Millets,Loam,0.93,385,0.83
3.77,Maize,Black,0.35,504,0.66
14.19,Cotton,Black,0.34,1243,3.96
3.29,Wheat,Black,0.51,859,1.11
9.18,Millets,Black,0.7,1124,3.97
9.81,Millets,Loam,0.8,709,3.34
1.52,Rice,Sandy,0.58,737,0.42
12.2,Millets,Sandy,0.81,1036,4.1
9.75,Rice,Clay,0.83,1388,8.99
3.94,Millets,Sandy,0.6,1075,1.02
9.25,Maize,Clay,0.66,462,2.54
12.43,Millets,Sandy,0.33,1235,2.03
12.6,Maize,Loam,0.38,938,4.85
13.34,Millets,Black,0.91,843,5.63
3.99,Wheat,Sandy,0.37,1132,0.94
11.62,Sugarcane,Black,0.36,962,6.64
2.67,Maize,Loam,0.61,1438,2.53
8.28,Millets,Black,0.66,1106,3.32
3.29,Sugarcane,Clay,0.3,564,0.84
9.32,Maize,Black,0.63,809,4.7
2.28,Rice,Sandy,0.88,338,0.43
10.97,Millets,Clay,0.46,1320,3.33
9.85,Cotton,Loam,0.45,1495,4.77
13.34,Millets,Loam,0.3,542,1.3
9.41,Millets,Sandy,0.82,793,2.45
12.28,Millets,Sandy,0.5,1379,3.39
12.62,Sugarcane,Clay,0.48,829,7.53
2.26,Maize,Black,0.6,1150,1.54
3.91,Cotton,Clay,0.7,364,0.6
3.85,Sugarcane,Loam,0.86,848,5.05
3.46,Wheat,Black,0.91,1076,2.61
11.56,Maize,Clay,0.43,1369,6.12
8.82,Rice,Black,0.31,563,1.35
8.06,Sugarcane,Sandy,0.9,1404,12.22
10.8,Sugarcane,Black,0.69,1160,14.26
9.83,Wheat,Sandy,0.92,441,2.23
7.72,Millets,Black,0.47,692,1.38
12.57,Rice,Clay,0.87,511,4.47
7.88,Sugarcane,Loam,0.64,660,5.99
7.5,Wheat,Loam,0.88,845,4.68
4.51,Maize,Loam,0.95,732,3.39
2.94,Sugarcane,Sandy,0.74,1201,3.14
4.19,Cotton,Loam,0.43,1170,1.52
9.91,Rice,Clay,0.83,1254,8.25
9.99,Maize,Loam,0.9,900,8.74
3.03,Maize,Black,0.69,1114,2.31
7.69,Millets,Black,0.46,976,1.9
2.63,Rice,Clay,0.53,639,0.71
13.45,Maize,Clay,0.69,864,7.22
5.88,Rice,Sandy,0.36,366,0.5
14.12,Sugarcane,Black,0.47,395,4.33
2.66,Maize,Loam,0.38,1175,1.28
5.55,Maize,Black,0.92,1370,6.93
10.18,Sugarcane,Clay,0.57,861,7.49
14.05,Wheat,Sandy,0.44,695,2.41
14.76,Maize,Black,0.55,1434,11.52
5.42,Cotton,Clay,0.72,1451,3.4
3.97,Cotton,Clay,0.94,767,1.72
2.16,Sugarcane,Sandy,0.78,947,1.91
7.9,Maize,Black,0.37,484,1.4
5.7,Cotton,Black,0.87,737,2.41
2.65,Sugarcane,Sandy,0.68,1052,2.27
3.92,Cotton,Loam,0.31,410,0.36
14.13,Wheat,Sandy,0.5,1141,4.51
5.37,Millets,Clay,0.3,1156,0.93
6.69,Wheat,Loam,0.45,371,0.94
7.62,Millets,Sandy,0.47,1462,2.09
12.57,Wheat,Clay,0.38,663,2.22
8.34,Sugarcane,Black,0.51,643,4.51
10.01,Maize,Black,0.39,614,2.37
10.5,Maize,Clay,0.45,711,3.02
2.38,Cotton,Loam,0.59,473,0.48
5.63,Rice,Black,0.65,455,1.47
10.98,Rice,Black,0.64,1338,8.27
3.33,Millets,Sandy,0.45,698,0.42
1.2,Maize,Sandy,0.41,1499,0.53
6.58,Cotton,Black,0.54,1186,2.78
3.34,Millets,Sandy,0.62,387,0.32
3.54,Rice,Black,0.33,1317,1.35
10.2,Wheat,Clay,0.95,616,4.18
9.75,Millets,Clay,0.82,770,3.08
1.77,Maize,Sandy,0.47,1202,0.72
2.42,Millets,Black,0.68,1362,1.23
2.99,Rice,Clay,0.31,1020,0.76
10.2,Rice,Sandy,0.35,749,1.71
14.96,Rice,Black,0.94,591,7.31
6.71,Cotton,Sandy,0.88,1130,3.2
7.96,Maize,Loam,0.48,1306,5.39
14.12,Cotton,Black,0.59,1434,7.88
12.39,Rice,Loam,0.57,729,4.94
2.95,Rice,Black,0.83,424,0.91
14.35,Wheat,Sandy,0.62,790,3.94
2.59,Cotton,Loam,0.68,449,0.57
4.86,Wheat,Black,0.7,1203,3.15
14.48,Cotton,Clay,0.43,568,2.12
10.34,Sugarcane,Loam,0.93,900,15.58
6.84,Sugarcane,Loam,0.81,390,3.89
9.29,Cotton,Black,0.7,855,3.67
10.46,Cotton,Loam,0.78,1028,6.04
5.19,Sugarcane,Clay,0.38,1395,4.13
11.22,Cotton,Sandy,0.56,1113,3.36
7.48,Wheat,Loam,0.56,807,2.84
11.53,Sugarcane,Sandy,0.93,474,6.1
4.25,Millets,Clay,0.32,1088,0.74
1.86,Maize,Black,0.94,707,1.22
12.04,Millets,Sandy,0.31,1346,2.01
7.03,Maize,Black,0.81,1311,7.39
12.79,Maize,Clay,0.82,832,7.85
11.61,Rice,Loam,0.94,756,7.92
7.35,Cotton,Loam,0.59,757,2.36
13.42,Cotton,Clay,0.6,669,3.23
9.81,Millets,Loam,0.83,577,2.82
7.31,Millets,Loam,0.36,1498,2.37
4.48,Wheat,Loam,0.69,1419,3.68
2.25,Millets,Black,0.82,1491,1.51
3.06,Cotton,Black,0.36,1229,0.89
8.56,Millets,Loam,0.78,441,1.77
13.78,Sugarcane,Black,0.72,407,6.66
14.95,Sugarcane,Loam,0.39,385,4.04
8.2,Sugarcane,Sandy,0.88,583,5.05
11.14,Sugarcane,Clay,0.5,621,5.19
6.23,Millets,Loam,0.69,417,1.08
13.65,Wheat,Black,0.37,403,1.57
2.02,Millets,Sandy,0.82,394,0.26
13.57,Millets,Clay,0.89,753,4.55
8.38,Wheat,Loam,0.74,325,1.69
8.97,Cotton,Clay,0.72,923,3.58
9.95,Wheat,Loam,0.91,1385,10.53
7.31,Maize,Clay,0.47,555,1.72
11.83,Rice,Loam,0.89,1268,12.82
8.13,Wheat,Loam,0.33,1154,2.6
7.51,Cotton,Sandy,0.47,1339,2.27
5.52,Rice,Clay,0.75,1292,4.28
2.5,Millets,Loam,0.34,1251,0.64
8.43,Millets,Clay,0.49,808,1.67
12.54,Sugarcane,Loam,0.31,979,6.85
1.22,Cotton,Black,0.48,1344,0.52
1.24,Millets,Black,0.92,886,0.56
10.6,Sugarcane,Clay,0.36,1444,8.27
7.15,Cotton,Black,0.6,1350,3.82
5.76,Sugarcane,Black,0.84,334,2.67
4.02,Wheat,Black,0.68,864,1.82
2.01,Rice,Black,0.53,557,0.52
2.02,Millets,Black,0.7,472,0.37
8.59,Wheat,Sandy,0.53,1248,3.18
11.2,Cotton,Loam,0.65,557,2.92
9.42,Cotton,Sandy,0.64,416,1.2
6.5,Maize,Sandy,0.7,944,3.09
6.84,Cotton,Sandy,0.48,491,0.77
6.37,Millets,Sandy,0.38,1281,1.24
4.56,Cotton,Clay,0.65,1219,2.17
7.31,Rice,Clay,0.71,598,2.48
10.91,Rice,Loam,0.83,1068,9.28
8.35,Maize,Black,0.57,1233,5.81
11.53,Wheat,Black,0.55,1384,6.76
7.74,Maize,Loam,0.62,781,4.05
12.47,Wheat,Loam,0.66,1342,9.28
7.88,Rice,Sandy,0.37,482,0.9
2.57,Millets,Loam,0.69,1499,1.59
1.17,Millets,Black,0.35,561,0.13
13.94,Maize,Loam,0.49,930,6.86
3.39,Rice,Sandy,0.38,1430,1.18
1.14,Rice,Clay,0.94,997,0.85
5.64,Rice,Black,0.32,1416,2.25
4.75,Maize,Sandy,0.71,1258,3.05
9.83,Wheat,Clay,0.8,1420,7.82
13.63,Sugarcane,Clay,0.62,1436,18.2
12.18,Maize,Clay,0.56,424,2.6
14.06,Cotton,Clay,0.61,381,1.96
13.95,Cotton,Loam,0.56,1147,6.45
3.01,Millets,Clay,0.53,1250,1.0
7.87,Sugarcane,Loam,0.45,339,2.16
13.96,Cotton,Loam,0.78,517,4.05
3.69,Rice,Clay,0.36,824,0.88
13.29,Maize,Loam,0.74,460,4.89
13.08,Sugarcane,Loam,0.84,545,10.78
9.78,Cotton,Loam,0.59,408,1.7
5.34,Wheat,Loam,0.32,1000,1.44
10.29,Rice,Clay,0.46,874,3.31
1.35,Sugarcane,Clay,0.33,1093,0.73
11.75,Millets,Loam,0.5,1492,5.26
13.02,Sugarcane,Sandy,0.52,383,3.11
10.0,Rice,Clay,0.93,722,5.37
14.87,Wheat,Black,0.41,1116,5.24
2.99,Maize,Sandy,0.46,1150,1.14
14.54,Millets,Sandy,0.92,1480,7.92
5.21,Maize,Loam,0.68,1381,5.28
4.67,Rice,Loam,0.36,690,1.11
6.41,Maize,Clay,0.49,1158,3.27
7.24,Maize,Sandy,0.37,1017,1.96
14.04,Rice,Sandy,0.4,625,2.25
14.88,Cotton,Black,0.81,638,5.08
9.47,Wheat,Black,0.77,468,2.63
3.55,Millets,Clay,0.43,1392,1.06
8.27,Cotton,Black,0.39,579,1.23
14.12,Wheat,Sandy,0.79,674,4.21
14.51,Millets,Clay,0.65,1446,6.82
2.42,Millets,Sandy,0.92,1466,1.31
4.43,Millets,Loam,0.42,1167,1.3
2.74,Sugarcane,Black,0.31,340,0.48
8.91,Wheat,Loam,0.5,1490,5.58
8.86,Wheat,Black,0.56,691,2.64
13.41,Rice,Loam,0.46,869,5.15
14.84,Maize,Loam,0.73,866,10.13
7.01,Sugarcane,Sandy,0.33,980,2.72
12.49,Millets,Loam,0.83,771,4.8
8.39,Millets,Black,0.47,518,1.12
5.92,Sugarcane,Loam,0.9,908,8.71
14.36,Sugarcane,Black,0.41,781,7.59
14.03,Cotton,Clay,0.77,1386,8.98
13.42,Maize,Loam,0.45,505,3.29
8.27,Sugarcane,Sandy,0.59,906,5.3
11.02,Wheat,Black,0.75,658,4.19
2.36,Wheat,Loam,0.41,638,0.52
9.42,Millets,Clay,0.6,881,2.49
8.26,Maize,Loam,0.54,369,1.78
2.2,Millets,Clay,0.93,1024,1.05
3.72,Maize,Loam,0.89,1439,5.15
7.11,Wheat,Sandy,0.5,982,1.95
4.78,Sugarcane,Loam,0.54,568,2.64
14.47,Sugarcane,Sandy,0.9,456,7.13
11.05,Maize,Loam,0.63,987,7.42
8.86,Wheat,Loam,0.86,1264,8.09
1.12,Rice,Loam,0.64,1409,0.97
3.3,Millets,Clay,0.36,1298,0.77
4.57,Rice,Black,0.59,926,2.2
14.95,Wheat,Clay,0.45,1332,6.27
10.42,Sugarcane,Black,0.85,1311,19.16
3.04,Cotton,Black,0.71,1069,1.52
7.58,Maize,Sandy,0.95,1359,7.05
5.93,Rice,Loam,0.74,1355,5.71
9.96,Sugarcane,Clay,0.6,695,6.23
12.25,Wheat,Loam,0.55,1456,8.24
2.49,Cotton,Clay,0.8,1334,1.59
12.87,Sugarcane,Clay,0.68,386,5.07
14.87,Rice,Black,0.41,946,5.08
4.94,Wheat,Loam,0.45,1443,2.69
5.2,Sugarcane,Sandy,0.87,761,4.13
11.45,Rice,Black,0.83,945,7.9
4.57,Millets,Loam,0.47,809,1.04
10.34,Rice,Black,0.35,1220,3.89
1.4,Millets,Clay,0.56,931,0.36
5.14,Maize,Loam,0.63,1286,4.5
12.54,Sugarcane,Loam,0.47,1228,13.03
9.95,Maize,Loam,0.34,350,1.28
3.7,Rice,Sandy,0.48,546,0.62
6.36,Sugarcane,Black,0.94,600,5.92
4.83,Cotton,Clay,0.34,1211,1.19
6.81,Cotton,Black,0.38,317,0.54
4.58,Millets,Loam,0.52,1113,1.59
7.41,Maize,Loam,0.86,1364,9.39
5.74,Millets,Clay,0.34,409,0.4
4.1,Sugarcane,Black,0.53,1166,4.18
1.05,Rice,Black,0.82,351,0.27
4.91,Maize,Loam,0.5,1109,2.94
3.64,Cotton,Loam,0.85,518,1.15
12.24,Wheat,Loam,0.86,495,4.38
11.52,Maize,Black,0.37,557,2.35
11.0,Maize,Black,0.73,740,5.88
13.44,Wheat,Black,0.54,824,4.6
9.38,Cotton,Loam,0.32,547,1.18
9.85,Rice,Sandy,0.36,350,0.79
8.85,Sugarcane,Black,0.52,738,5.6
8.95,Cotton,Sandy,0.56,1377,3.31
3.98,Millets,Black,0.52,613,0.7
4.99,Maize,Black,0.39,1453,2.8
14.77,Rice,Black,0.66,1238,10.62
13.92,Wheat,Black,0.62,1344,8.93
11.64,Maize,Sandy,0.62,1424,7.4
6.74,Rice,Loam,0.7,859,3.89
5.97,Maize,Clay,0.58,884,2.75
4.63,Maize,Loam,0.53,670,1.78
4.98,Rice,Sandy,0.45,1159,1.66
5.64,Maize,Black,0.58,1167,3.78
8.49,Millets,Clay,0.87,483,1.78
4.33,Wheat,Clay,0.63,1429,2.73
12.0,Cotton,Clay,0.33,590,1.4
2.51,Maize,Loam,0.88,1210,2.89
14.26,Rice,Clay,0.51,1137,6.62
9.09,Maize,Clay,0.73,351,2.1
14.76,Cotton,Black,0.64,894,5.57
8.03,Wheat,Clay,0.35,941,1.85
6.94,Rice,Sandy,0.73,854,2.77
14.05,Rice,Loam,0.63,1405,11.94
7.81,Rice,Sandy,0.42,1080,2.27
9.12,Sugarcane,Sandy,0.92,1292,13.01
2.51,Rice,Sandy,0.61,707,0.69
14.74,Cotton,Sandy,0.5,679,2.4
5.73,Wheat,Clay,0.4,842,1.35
11.2,Rice,Clay,0.58,1030,5.35
3.75,Rice,Sandy,0.32,1351,1.04
5.99,Wheat,Black,0.32,1113,1.64
8.75,Millets,Black,0.53,861,2.2
14.53,Cotton,Clay,0.37,1190,3.84
4.32,Sugarcane,Clay,0.56,1372,4.98
7.51,Sugarcane,Loam,0.71,768,7.37
6.16,Maize,Loam,0.93,1108,6.86
8.02,Cotton,Clay,0.86,982,4.06
9.06,Rice,Sandy,0.92,676,3.61
4.11,Millets,Loam,0.83,1088,2.23
3.17,Wheat,Black,0.51,553,0.69
9.87,Rice,Sandy,0.44,1148,3.19
11.41,Rice,Black,0.55,938,5.18
3.67,Rice,Black,0.35,983,1.11
6.58,Millets,Loam,0.31,312,0.38
10.99,Maize,Loam,0.45,1221,6.52
8.09,Millets,Clay,0.85,715,2.46
13.11,Rice,Clay,0.58,913,5.55
5.0,Wheat,Clay,0.52,895,1.63
2.66,Wheat,Loam,0.73,664,1.08
14.25,Rice,Black,0.39,1232,6.03
1.95,Rice,Loam,0.89,385,0.64
9.84,Rice,Loam,0.6,1057,5.99
14.51,Rice,Sandy,0.93,1311,11.32
2.63,Wheat,Black,0.83,650,1.09
5.38,Rice,Clay,0.31,749,1.0
5.52,Wheat,Sandy,0.9,1418,3.94
9.17,Maize,Clay,0.51,520,2.19
12.49,Millets,Sandy,0.46,375,0.86
14.55,Cotton,Loam,0.69,327,2.36
12.29,Rice,Loam,0.35,950,3.92
14.58,Maize,Loam,0.64,350,3.53
14.74,Cotton,Sandy,0.68,608,2.93
11.9,Maize,Black,0.51,625,3.76
13.8,Maize,Sandy,0.56,1482,8.25
12.46,Sugarcane,Black,0.42,1456,12.57
2.93,Sugarcane,Black,0.95,1253,5.75
3.68,Wheat,Loam,0.61,879,1.66
11.49,Maize,Sandy,0.39,1375,4.44
8.99,Maize,Sandy,0.33,563,1.2
3.9,Rice,Black,0.82,1045,2.94
5.21,Cotton,Sandy,0.83,860,1.79
2.0,Rice,Loam,0.94,1390,2.51
8.36,Millets,Loam,0.68,1114,3.8
10.53,Millets,Loam,0.79,385,1.92
11.25,Cotton,Clay,0.5,801,2.7
6.81,Millets,Black,0.44,554,0.91
9.11,Sugarcane,Loam,0.47,936,7.21
2.86,Millets,Black,0.69,954,1.04
1.28,Maize,Black,0.77,465,0.45
3.12,Sugarcane,Black,0.94,598,2.89
8.34,Rice,Black,0.85,948,5.91
1.3,Cotton,Sandy,0.31,884,0.17
5.16,Cotton,Loam,0.32,1202,1.43
4.89,Cotton,Black,0.62,1136,2.27
11.29,Cotton,Black,0.8,716,4.27
11.33,Cotton,Black,0.39,1304,3.8
2.43,Millets,Clay,0.46,469,0.26
5.89,Cotton,Black,0.32,991,1.23
2.14,Maize,Clay,0.55,1214,1.29
12.25,Cotton,Black,0.91,580,4.27
7.7,Sugarcane,Black,0.54,523,3.59
11.88,Rice,Sandy,0.36,1242,3.4
6.22,Rice,Sandy,0.64,435,1.11
11.85,Maize,Sandy,0.58,928,4.59
8.16,Cotton,Sandy,0.38,726,1.08
7.24,Sugarcane,Loam,0.49,1049,6.7
11.93,Rice,Clay,0.43,761,3.12
5.55,Maize,Loam,0.41,1190,2.92
6.37,Sugarcane,Sandy,0.31,1282,3.04
2.26,Millets,Loam,0.91,547,0.67
8.22,Millets,Sandy,0.42,1045,1.44
7.01,Maize,Sandy,0.53,1257,3.36
14.63,Wheat,Black,0.57,1185,7.61
12.52,Wheat,Clay,0.58,522,2.65
2.43,Millets,Clay,0.92,859,0.96
9.68,Sugarcane,Sandy,0.49,1094,6.23
3.64,Sugarcane,Sandy,0.91,652,2.59
14.05,Cotton,Loam,0.32,1165,3.77
4.91,Millets,Black,0.47,393,0.5
12.22,Cotton,Loam,0.39,1478,5.07
1.91,Sugarcane,Sandy,0.72,1064,1.76
13.64,Sugarcane,Black,0.92,990,20.5
8.58,Cotton,Sandy,0.92,1260,4.77
14.98,Millets,Black,0.78,556,3.57
4.04,Cotton,Loam,0.84,1283,3.13
12.98,Millets,Black,0.57,496,2.02
10.29,Millets,Clay,0.31,1434,2.29
13.22,Wheat,Clay,0.67,765,4.74
6.39,Millets,Black,0.94,1295,4.28
1.23,Millets,Clay,0.75,1242,0.57
3.18,Sugarcane,Loam,0.45,449,1.16
9.42,Cotton,Loam,0.46,1174,3.66
11.82,Cotton,Clay,0.55,608,2.37
13.4,Millets,Black,0.58,1497,6.4
3.86,Rice,Black,0.47,1447,2.31
13.15,Wheat,Black,0.65,1490,9.81
13.12,Cotton,Clay,0.39,1453,4.46
12.96,Cotton,Clay,0.73,921,5.23
7.63,Maize,Sandy,0.61,597,2.0
11.76,Wheat,Black,0.56,731,3.71
8.66,Wheat,Black,0.34,803,1.82
12.96,Sugarcane,Clay,0.72,530,7.42
11.67,Wheat,Black,0.43,918,3.55
10.41,Wheat,Sandy,0.56,1493,4.87
13.74,Cotton,Loam,0.8,1035,8.19
9.17,Maize,Clay,0.55,761,3.45
13.66,Millets,Clay,0.38,1389,3.61
13.83,Maize,Black,0.95,1112,14.46
7.61,Rice,Clay,0.68,455,1.88
14.26,Millets,Sandy,0.55,844,2.65
7.24,Cotton,Loam,0.87,530,2.4
11.55,Maize,Black,0.82,1461,13.7
5.17,Sugarcane,Sandy,0.89,776,4.28
14.95,Maize,Loam,0.31,999,5.0
12.85,Rice,Clay,0.48,588,2.9
3.74,Maize,Loam,0.52,1359,2.85
8.81,Cotton,Sandy,0.38,864,1.39
5.45,Cotton,Sandy,0.57,1077,1.61
8.55,Millets,Sandy,0.35,1495,1.79
5.36,Sugarcane,Loam,0.74,971,6.93
8.27,Millets,Clay,0.31,1145,1.47
13.95,Millets,Black,0.35,338,0.91
12.95,Millets,Clay,0.73,787,3.72
1.79,Rice,Loam,0.34,724,0.42
10.86,Sugarcane,Loam,0.69,448,6.04
14.87,Cotton,Loam,0.3,369,1.19
9.36,Sugarcane,Clay,0.82,912,10.5
6.32,Millets,Sandy,0.72,504,0.92
8.06,Cotton,Loam,0.79,1092,5.01
14.28,Rice,Clay,0.49,605,3.39
6.58,Sugarcane,Clay,0.91,619,5.56
9.95,Rice,Black,0.8,932,6.53
11.13,Millets,Clay,0.42,959,2.24
11.44,Cotton,Clay,0.85,459,2.68
9.49,Maize,Clay,0.68,756,4.39
6.3,Millets,Loam,0.31,737,0.86
13.72,Millets,Loam,0.77,476,3.02
3.77,Wheat,Loam,0.69,1029,2.25
2.36,Cotton,Black,0.87,1024,1.39
7.69,Rice,Sandy,0.93,1171,5.36
14.49,Rice,Black,0.34,348,1.51
5.64,Wheat,Loam,0.47,1403,3.12
13.4,Rice,Clay,0.92,1231,12.14
2.79,Maize,Clay,0.8,534,1.07
3.22,Millets,Clay,0.75,1142,1.38
3.98,Cotton,Sandy,0.83,662,1.05
1.68,Wheat,Sandy,0.77,1183,0.86
10.19,Millets,Sandy,0.32,1323,1.73
1.61,Maize,Black,0.89,1182,1.68
4.41,Sugarcane,Sandy,0.67,1403,4.97
5.06,Sugarcane,Black,0.5,877,3.66
10.68,Cotton,Sandy,0.8,408,1.67
9.85,Millets,Clay,0.85,835,3.5
8.24,Maize,Black,0.76,519,3.22
5.5,Maize,Loam,0.44,1100,2.87
4.45,Wheat,Black,0.51,907,1.58
13.19,Maize,Clay,0.44,1233,6.44
8.95,Rice,Loam,0.41,422,1.49
5.78,Cotton,Clay,0.35,365,0.44
8.77,Wheat,Clay,0.4,350,0.86
10.43,Maize,Clay,0.36,806,2.72
12.52,Wheat,Loam,0.4,1240,5.22
2.61,Maize,Clay,0.34,1036,0.83
12.89,Millets,Loam,0.59,587,2.68
12.79,Wheat,Sandy,0.66,447,2.11
5.29,Sugarcane,Clay,0.39,1189,3.68
12.66,Maize,Black,0.55,879,6.06
6.61,Rice,Loam,0.51,343,1.11
8.42,Cotton,Sandy,0.39,1121,1.77
4.49,Cotton,Sandy,0.74,962,1.53
11.11,Sugarcane,Black,0.43,340,2.68
14.05,Cotton,Sandy,0.94,413,2.62
8.87,Cotton,Sandy,0.87,1014,3.76
1.34,Wheat,Loam,0.63,534,0.38
14.47,Wheat,Clay,0.78,1410,11.14
1.07,Maize,Sandy,0.4,832,0.26
4.72,Cotton,Sandy,0.46,377,0.39
4.51,Maize,Sandy,0.61,595,1.18
14.61,Cotton,Black,0.6,1274,7.37
11.46,Maize,Clay,0.55,654,3.71
5.16,Maize,Sandy,0.62,855,1.97
14.07,Millets,Loam,0.57,1405,6.76
2.33,Rice,Black,0.75,1200,1.85
14.51,Sugarcane,Black,0.63,722,10.89
8.44,Wheat,Sandy,0.7,687,2.27
7.7,Wheat,Sandy,0.53,1404,3.21
14.02,Cotton,Black,0.86,1475,11.74
13.97,Rice,Clay,0.51,544,3.1
9.63,Wheat,Clay,0.37,1249,3.12
6.15,Cotton,Black,0.81,1241,4.08
9.41,Rice,Clay,0.76,1413,8.08
2.2,Cotton,Loam,0.86,428,0.58
14.81,Cotton,Loam,0.52,673,3.73
6.77,Maize,Loam,0.59,1056,4.56
2.24,Millets,Sandy,0.88,1423,1.12
3.34,Sugarcane,Sandy,0.87,389,1.36
4.54,Rice,Clay,0.9,610,1.99
1.49,Maize,Clay,0.92,706,0.87
14.88,Millets,Loam,0.73,482,3.14
5.72,Rice,Black,0.88,357,1.58
3.71,Millets,Black,0.44,1419,1.27
3.27,Cotton,Sandy,0.7,443,0.49
10.6,Rice,Loam,0.55,1265,7.08
13.82,Millets,Clay,0.34,1015,2.38
8.02,Sugarcane,Sandy,0.36,823,2.85
5.03,Maize,Clay,0.44,475,0.95
13.93,Millets,Clay,0.77,1359,7.29
6.79,Cotton,Loam,0.47,919,2.11
13.69,Rice,Black,0.86,612,6.34
11.23,Millets,Clay,0.87,1087,5.31
1.69,Millets,Clay,0.87,917,0.67
5.96,Millets,Sandy,0.56,1408,1.88
5.09,Rice,Black,0.6,1171,3.15
1.58,Rice,Sandy,0.69,1274,0.89
4.88,Cotton,Loam,0.6,345,0.73
3.28,Sugarcane,Black,0.37,620,1.24
11.51,Rice,Loam,0.93,1044,10.73
11.52,Millets,Clay,0.89,1212,6.21
12.46,Sugarcane,Black,0.79,1288,20.92
1.87,Wheat,Loam,0.62,817,0.8
13.81,Sugarcane,Sandy,0.64,883,9.37
4.82,Wheat,Black,0.51,872,1.65
9.37,Rice,Sandy,0.9,1132,6.11
5.99,Sugarcane,Clay,0.75,637,4.29
8.45,Rice,Sandy,0.43,1071,2.49
12.88,Cotton,Black,0.74,699,4.4
1.16,Wheat,Black,0.93,1076,0.89
1.95,Maize,Clay,0.8,917,1.29
6.27,Wheat,Clay,0.49,1351,2.91
4.57,Sugarcane,Sandy,0.48,708,1.86
12.66,Maize,Black,0.9,1100,12.41
9.79,Cotton,Sandy,0.59,637,1.77
8.85,Rice,Black,0.47,373,1.37
6.85,Cotton,Black,0.85,306,1.18
8.77,Maize,Sandy,0.68,1049,4.5
14.47,Sugarcane,Sandy,0.47,1307,10.67
14.03,Millets,Black,0.74,381,2.18
4.42,Cotton,Sandy,0.31,850,0.56
8.29,Maize,Sandy,0.92,699,3.84
9.05,Millets,Black,0.46,1030,2.36
2.01,Cotton,Sandy,0.36,915,0.32
8.85,Cotton,Sandy,0.34,435,0.63
2.22,Millets,Sandy,0.94,1356,1.13
8.18,Millets,Sandy,0.59,1040,2.01
10.27,Rice,Loam,0.31,366,1.12
5.46,Rice,Sandy,0.92,680,2.19
2.33,Sugarcane,Black,0.47,1299,2.35
1.2,Cotton,Black,0.9,1376,0.98
1.15,Millets,Clay,0.55,1332,0.42
14.46,Cotton,Black,0.37,803,2.84
10.75,Cotton,Black,0.53,845,3.18
7.93,Cotton,Loam,0.81,306,1.42
8.21,Cotton,Sandy,0.66,712,1.85
10.54,Millets,Clay,0.35,415,0.77
10.38,Rice,Loam,0.93,523,4.85
6.55,Millets,Loam,0.37,1083,1.57
1.82,Cotton,Black,0.61,936,0.69
12.46,Sugarcane,Black,0.6,834,10.29
10.4,Cotton,Clay,0.62,455,1.76
11.79,Wheat,Black,0.66,1308,7.84
7.7,Maize,Clay,0.66,1328,6.07
3.74,Sugarcane,Loam,0.72,661,3.2
12.7,Wheat,Loam,0.51,1404,7.64
2.92,Maize,Loam,0.61,1297,2.5
2.13,Cotton,Loam,0.9,1477,2.04
2.33,Wheat,Black,0.44,358,0.28
14.96,Rice,Sandy,0.63,834,5.03
11.41,Rice,Loam,0.83,752,6.84
1.42,Cotton,Black,0.36,404,0.14
1.76,Wheat,Clay,0.58,378,0.27
10.29,Rice,Loam,0.48,765,3.63
1.66,Cotton,Sandy,0.5,966,0.38
8.27,Millets,Black,0.48,388,0.85
14.98,Cotton,Black,0.53,333,1.74
11.14,Cotton,Clay,0.89,1230,7.32
10.97,Cotton,Black,0.86,919,5.72
4.54,Maize,Sandy,0.61,777,1.55
5.77,Maize,Sandy,0.9,899,3.36
6.99,Maize,Sandy,0.32,1058,1.7
2.91,Cotton,Loam,0.89,1194,2.23
5.91,Millets,Loam,0.48,1306,2.22
4.96,Wheat,Clay,0.94,904,2.95
10.89,Maize,Black,0.78,953,8.01
4.0,Wheat,Clay,0.51,738,1.05
13.66,Sugarcane,Clay,0.75,493,7.58
10.35,Cotton,Clay,0.39,1356,3.28
5.45,Wheat,Sandy,0.61,576,1.07
7.97,Millets,Loam,0.84,460,1.85
8.35,Rice,Black,0.57,608,2.55
5.9,Rice,Clay,0.69,1251,4.07
10.04,Cotton,Clay,0.54,758,2.47
8.71,Millets,Sandy,0.88,720,2.21
8.09,Cotton,Black,0.76,1426,5.79
8.32,Maize,Black,0.92,885,6.71
1.17,Wheat,Black,0.53,1303,0.62
12.87,Wheat,Loam,0.6,788,5.11
14.27,Cotton,Sandy,0.5,1358,4.65
14.64,Maize,Clay,0.45,1141,6.77
13.25,Cotton,Sandy,0.52,429,1.42
10.01,Wheat,Clay,0.68,1313,6.26
14.46,Wheat,Black,0.37,570,2.35
2.63,Sugarcane,Sandy,0.66,327,0.68
11.55,Sugarcane,Black,0.33,1499,9.43
6.49,Sugarcane,Sandy,0.38,476,1.41
13.42,Maize,Black,0.83,758,8.36
10.6,Cotton,Clay,0.8,338,1.72
4.83,Sugarcane,Sandy,0.73,368,1.56
1.21,Millets,Sandy,0.54,1324,0.35
2.59,Wheat,Sandy,0.35,1155,0.59
4.05,Rice,Loam,0.74,446,1.28
6.63,Rice,Sandy,0.56,827,1.97
9.06,Cotton,Black,0.69,373,1.54
10.98,Maize,Clay,0.49,1042,5.05
13.56,Rice,Clay,0.7,1065,8.09
3.42,Sugarcane,Sandy,0.87,1006,3.59
8.08,Maize,Sandy,0.36,438,0.92
10.69,Sugarcane,Loam,0.94,530,9.59
14.12,Rice,Clay,0.73,620,5.11
4.37,Sugarcane,Sandy,0.37,471,0.91
11.8,Cotton,Sandy,0.72,387,1.58
3.4,Cotton,Clay,0.42,425,0.36
12.51,Sugarcane,Black,0.84,405,7.02
4.61,Rice,Sandy,0.93,514,1.41
1.28,Sugarcane,Loam,0.9,712,1.48
7.84,Cotton,Black,0.67,1326,4.6
5.73,Sugarcane,Clay,0.94,1270,10.26
1.95,Cotton,Clay,0.41,1227,0.59
11.04,Sugarcane,Black,0.64,581,6.77
9.85,Wheat,Sandy,0.32,1402,2.47
3.14,Millets,Clay,0.74,664,0.77
14.43,Cotton,Black,0.34,1067,3.46
6.46,Cotton,Sandy,0.5,935,1.45
4.55,Wheat,Clay,0.48,646,0.99
9.37,Sugarcane,Loam,0.7,302,3.57
9.68,Rice,Clay,0.5,902,3.49
2.78,Rice,Black,0.9,1473,3.24
11.07,Rice,Sandy,0.72,1212,6.18
3.95,Wheat,Loam,0.5,385,0.64
10.82,Maize,Black,0.43,653,3.01
9.31,Rice,Black,0.5,415,1.7
7.1,Wheat,Black,0.85,1269,5.9
6.1,Cotton,Black,0.79,1202,3.82
10.46,Maize,Loam,0.68,981,7.54
12.0,Maize,Black,0.43,451,2.3
4.41,Wheat,Loam,0.7,898,2.33
14.36,Maize,Black,0.31,613,2.7
5.16,Maize,Loam,0.4,1337,2.98
14.54,Maize,Black,0.63,700,6.35
4.55,Maize,Loam,0.74,1208,4.39
5.62,Sugarcane,Loam,0.74,1205,9.02
8.08,Millets,Loam,0.45,531,1.16
9.11,Maize,Clay,0.74,538,3.26
8.66,Millets,Black,0.35,556,0.93
8.0,Millets,Sandy,0.62,593,1.18
7.73,Rice,Sandy,0.53,685,1.8
3.66,Rice,Black,0.52,1110,1.86
13.91,Sugarcane,Loam,0.93,992,23.1
2.18,Cotton,Sandy,0.4,840,0.35
4.11,Wheat,Clay,0.35,794,0.8
10.07,Sugarcane,Black,0.72,613,7.33
7.71,Maize,Sandy,0.34,1262,2.38
8.64,Millets,Sandy,0.43,1295,1.92
8.58,Wheat,Loam,0.72,989,5.13
12.71,Millets,Clay,0.76,1447,6.99
5.07,Sugarcane,Sandy,0.66,1283,5.15
7.09,Cotton,Sandy,0.94,682,2.18
5.05,Maize,Loam,0.84,1452,6.65
4.09,Rice,Black,0.55,783,1.55
4.12,Wheat,Loam,0.84,344,1.0
14.53,Cotton,Sandy,0.61,1175,5.0
3.14,Cotton,Black,0.42,1226,1.07
1.63,Cotton,Black,0.74,719,0.57
7.44,Sugarcane,Black,0.36,685,3.03
14.09,Wheat,Sandy,0.53,1224,5.12
10.58,Millets,Loam,0.75,1496,7.12
1.25,Sugarcane,Black,0.67,313,0.43
10.44,Sugarcane,Loam,0.72,604,8.17
3.0,Wheat,Clay,0.85,1055,1.88
13.02,Cotton,Sandy,0.71,658,2.92
14.01,Rice,Clay,0.63,1083,7.65
1.23,Millets,Clay,0.54,569,0.19
7.93,Rice,Black,0.68,857,4.07
4.14,Maize,Clay,0.57,1210,2.57
11.27,Sugarcane,Loam,0.55,880,9.82
8.82,Rice,Clay,0.73,359,1.85
12.54,Wheat,Sandy,0.36,1334,3.37
8.05,Sugarcane,Loam,0.82,1252,14.88
6.69,Rice,Black,0.67,984,3.88
10.15,Rice,Loam,0.63,1387,8.51
6.44,Rice,Loam,0.36,1091,2.43
9.14,Millets,Sandy,0.79,970,2.8
11.79,Wheat,Black,0.94,1169,9.98
5.39,Rice,Loam,0.39,1143,2.31
2.42,Rice,Black,0.87,1109,2.05
11.15,Maize,Loam,0.89,1326,14.21
13.21,Rice,Sandy,0.86,957,6.96
2.33,Wheat,Sandy,0.61,1381,1.1
2.16,Maize,Black,0.8,408,0.7
11.29,Millets,Clay,0.87,778,3.82
5.13,Sugarcane,Sandy,0.74,503,2.29
1.3,Cotton,Loam,0.83,1460,1.13
9.64,Cotton,Black,0.95,716,4.33
14.91,Cotton,Loam,0.5,908,4.87
3.34,Rice,Loam,0.48,1376,2.12
11.22,Cotton,Loam,0.74,1384,8.27
13.55,Sugarcane,Loam,0.38,358,3.32
4.0,Millets,Black,0.47,1100,1.14
9.4,Wheat,Clay,0.77,864,4.38
7.64,Maize,Sandy,0.61,502,1.68
12.04,Rice,Clay,0.68,709,4.64
1.91,Millets,Clay,0.53,933,0.47
8.72,Maize,Clay,0.64,635,3.19
10.8,Rice,Black,0.8,1016,7.72
8.96,Rice,Clay,0.79,896,5.07
5.58,Millets,Clay,0.38,652,0.69
9.87,Sugarcane,Black,0.43,703,4.92
3.31,Sugarcane,Black,0.95,951,4.93
12.92,Cotton,Black,0.39,520,1.73
13.4,Maize,Clay,0.39,1406,6.61
2.87,Cotton,Black,0.5,1200,1.14
13.57,Sugarcane,Loam,0.57,553,7.7
13.09,Rice,Black,0.55,708,4.49
3.77,Rice,Clay,0.88,1248,3.31
2.69,Cotton,Loam,0.76,550,0.81
13.28,Cotton,Loam,0.36,832,2.86
2.03,Cotton,Sandy,0.57,722,0.4
4.11,Rice,Black,0.77,1104,3.07
3.08,Cotton,Black,0.64,1071,1.39
11.12,Maize,Loam,0.57,642,4.39
3.0,Maize,Black,0.38,1053,1.19
12.6,Millets,Sandy,0.81,1494,6.1
14.51,Wheat,Clay,0.5,609,3.09
11.0,Rice,Black,0.85,628,5.17
14.43,Wheat,Sandy,0.7,872,4.93
5.2,Wheat,Loam,0.73,538,1.72
1.87,Wheat,Clay,0.63,1425,1.18
3.0,Rice,Loam,0.62,874,1.56
8.81,Maize,Black,0.38,1228,4.07
6.31,Sugarcane,Sandy,0.86,449,2.92
7.79,Millets,Sandy,0.71,1018,2.25
9.73,Wheat,Loam,0.39,934,2.98
1.23,Wheat,Black,0.86,1045,0.85
4.37,Maize,Clay,0.93,887,3.24
8.75,Sugarcane,Sandy,0.53,417,2.32
9.19,Maize,Sandy,0.31,723,1.48
3.24,Millets,Sandy,0.58,987,0.74
7.89,Millets,Loam,0.78,1334,4.93
1.17,Cotton,Sandy,0.53,1379,0.41
4.66,Maize,Black,0.92,930,3.95
7.18,Millets,Clay,0.48,1264,2.18
11.55,Maize,Clay,0.58,518,3.12
7.1,Cotton,Sandy,0.76,1389,3.6
9.97,Maize,Black,0.42,1277,5.29
3.05,Cotton,Sandy,0.36,989,0.52
12.58,Millets,Black,0.56,1333,5.16
2.7,Millets,Loam,0.83,1302,1.75
9.68,Sugarcane,Black,0.49,800,6.26
10.91,Cotton,Loam,0.55,1420,6.13
14.38,Wheat,Sandy,0.83,1302,8.7
1.54,Maize,Loam,0.75,1271,1.59
11.63,Wheat,Sandy,0.88,873,5.0
3.8,Maize,Loam,0.86,942,3.32
5.86,Cotton,Loam,0.81,777,2.66
7.59,Cotton,Clay,0.85,517,2.0
4.8,Millets,Black,0.53,320,0.45
9.54,Maize,Loam,0.41,911,3.85
13.55,Wheat,Clay,0.39,832,3.08
13.96,Sugarcane,Loam,0.78,704,13.8
10.96,Rice,Black,0.89,975,8.37
10.71,Wheat,Loam,0.47,404,1.71
7.32,Cotton,Loam,0.65,589,2.02
1.49,Maize,Loam,0.67,358,0.39
12.75,Wheat,Black,0.76,1385,10.33
10.33,Rice,Clay,0.93,1430,10.99
11.79,Millets,Loam,0.88,786,4.89
9.68,Rice,Sandy,0.57,477,1.68
2.98,Millets,Black,0.59,498,0.48
2.01,Wheat,Loam,0.45,662,0.5
14.95,Wheat,Black,0.58,1313,8.77
5.94,Sugarcane,Clay,0.87,465,3.6
13.77,Cotton,Black,0.7,1059,6.74
4.8,Cotton,Clay,0.9,838,2.17
4.59,Rice,Sandy,0.63,1046,1.94
3.36,Sugarcane,Black,0.71,1124,4.42
1.36,Maize,Sandy,0.91,318,0.28
8.16,Cotton,Sandy,0.62,1352,3.28
10.53,Wheat,Sandy,0.53,1394,4.36
11.96,Sugarcane,Black,0.33,1456,9.48
6.54,Maize,Black,0.68,1383,6.09
13.86,Wheat,Loam,0.41,400,1.91
3.94,Cotton,Black,0.95,815,2.01
4.54,Maize,Loam,0.85,579,2.41
3.5,Sugarcane,Loam,0.71,506,2.26
14.0,Millets,Black,0.3,1164,2.69
9.77,Maize,Clay,0.86,421,3.18
7.6,Rice,Loam,0.54,579,2.28
5.54,Sugarcane,Sandy,0.58,620,2.39
8.46,Sugarcane,Sandy,0.43,1476,6.44
9.83,Maize,Black,0.83,1420,11.47
13.99,Maize,Sandy,0.75,1097,8.29
7.61,Maize,Loam,0.43,1056,3.73
4.34,Millets,Black,0.73,664,1.16
10.8,Millets,Clay,0.7,982,3.71
12.87,Sugarcane,Black,0.6,1133,14.44
6.41,Wheat,Black,0.3,686,1.02
3.52,Rice,Clay,0.41,1043,1.2
4.34,Cotton,Clay,0.34,652,0.58
6.08,Wheat,Black,0.7,1133,3.71
11.63,Sugarcane,Black,0.5,1182,11.34
2.89,Cotton,Sandy,0.75,729,0.76
12.41,Wheat,Loam,0.67,1473,10.29
3.05,Maize,Loam,0.46,519,0.79
7.87,Rice,Clay,0.77,593,2.87
14.39,Rice,Clay,0.75,1348,11.64
1.76,Rice,Clay,0.65,1426,1.31
10.26,Wheat,Loam,0.32,1356,3.74
4.92,Rice,Sandy,0.93,1081,3.17
13.46,Sugarcane,Clay,0.54,366,3.99
10.29,Millets,Black,0.46,310,0.81
10.71,Cotton,Black,0.67,672,3.18
7.77,Cotton,Sandy,0.5,730,1.36
8.07,Wheat,Loam,0.92,1062,6.62
5.5,Maize,Black,0.64,818,2.85
3.29,Cotton,Clay,0.86,898,1.52
14.02,Sugarcane,Black,0.92,687,14.62
10.84,Maize,Clay,0.54,720,3.79
1.86,Maize,Sandy,0.8,660,0.71
3.63,Maize,Black,0.57,396,0.81
12.92,Millets,Sandy,0.9,1020,4.74
4.55,Rice,Loam,0.54,349,0.82
6.66,Maize,Black,0.94,407,2.52
8.44,Rice,Clay,0.51,1346,4.63
1.87,Rice,Loam,0.84,814,1.23
6.28,Cotton,Black,0.61,338,0.85
8.13,Wheat,Clay,0.47,1394,3.73
6.06,Sugarcane,Loam,0.58,871,5.51
10.22,Millets,Sandy,0.32,1060,1.39
14.79,Maize,Loam,0.54,698,6.02
4.2,Rice,Black,0.72,511,1.36
14.96,Maize,Black,0.86,937,11.93
5.95,Rice,Clay,0.49,510,1.19
10.21,Sugarcane,Clay,0.79,1175,14.22
5.58,Rice,Loam,0.75,1055,4.24
9.63,Wheat,Black,0.83,446,2.74
13.62,Millets,Loam,0.91,443,3.29
14.3,Sugarcane,Loam,0.67,1358,23.42
7.38,Sugarcane,Black,0.58,914,6.46
8.02,Rice,Black,0.48,600,2.03
10.63,Millets,Black,0.7,1382,5.66
14.67,Sugarcane,Clay,0.78,1301,22.33
3.1,Wheat,Sandy,0.59,1123,1.15
7.21,Rice,Clay,0.51,715,2.1
6.41,Cotton,Clay,0.4,1284,1.98
8.87,Cotton,Loam,0.7,971,4.34
3.53,Cotton,Loam,0.51,1218,1.58
9.81,Wheat,Sandy,0.9,1487,7.35
12.45,Wheat,Sandy,0.33,623,1.43
2.14,Sugarcane,Black,0.62,741,1.62
13.63,Wheat,Black,0.68,1338,9.55
9.52,Millets,Black,0.53,986,2.74
8.45,Millets,Clay,0.73,1141,3.52
2.85,Maize,Loam,0.56,843,1.45
3.34,Maize,Clay,0.68,1401,2.86
11.18,Rice,Black,0.66,685,4.45
14.34,Millets,Black,0.65,1220,6.25
3.33,Maize,Sandy,0.51,722,0.88
14.91,Wheat,Sandy,0.47,370,1.45
3.62,Rice,Clay,0.63,1401,2.56
1.09,Maize,Black,0.61,485,0.32
2.05,Sugarcane,Sandy,0.63,814,1.26
5.77,Sugarcane,Black,0.86,1272,10.41
9.37,Rice,Sandy,0.44,471,1.24
3.29,Millets,Black,0.37,1073,0.72
6.48,Cotton,Black,0.82,1223,4.29
5.17,Sugarcane,Clay,0.64,985,4.89
12.34,Cotton,Loam,0.47,1192,4.98
7.25,Millets,Black,0.32,399,0.51
8.19,Maize,Black,0.76,720,4.44
3.29,Wheat,Black,0.54,1221,1.67
9.64,Maize,Black,0.39,337,1.25
4.0,Millets,Black,0.64,1285,1.81
13.12,Millets,Loam,0.63,469,2.33
7.05,Millets,Loam,0.65,1230,3.38
13.05,Rice,Loam,0.36,547,2.47
4.39,Maize,Clay,0.63,790,1.97
11.85,Millets,Loam,0.42,870,2.6
13.31,Sugarcane,Black,0.38,591,4.93
9.43,Cotton,Sandy,0.33,1013,1.51
11.21,Maize,Sandy,0.33,1306,3.48
5.82,Cotton,Black,0.45,1145,1.98
6.98,Millets,Loam,0.9,1405,5.3
14.21,Maize,Loam,0.63,1169,11.3
12.97,Wheat,Clay,0.3,1162,3.16
11.89,Millets,Sandy,0.71,1181,3.99
7.88,Rice,Clay,0.63,572,2.27
9.85,Rice,Clay,0.46,1008,3.65
13.6,Rice,Loam,0.8,559,5.84
1.26,Rice,Sandy,0.93,349,0.26
9.88,Rice,Sandy,0.47,918,2.73
5.4,Millets,Sandy,0.76,752,1.23
14.75,Millets,Sandy,0.48,1381,3.91
6.5,Wheat,Loam,0.51,579,1.61
7.18,Cotton,Clay,0.89,1361,5.22
2.85,Wheat,Loam,0.67,342,0.55
6.27,Sugarcane,Clay,0.78,1149,8.43
8.45,Maize,Black,0.82,872,5.98
8.06,Millets,Clay,0.85,938,3.21
14.53,Millets,Black,0.55,1047,4.6
12.62,Rice,Clay,0.44,1177,5.23
11.35,Wheat,Clay,0.91,674,4.87
6.52,Rice,Clay,0.72,314,1.18
7.82,Millets,Loam,0.85,614,2.45
12.5,Sugarcane,Loam,0.72,782,12.67
5.52,Millets,Clay,0.49,1432,1.94
3.31,Wheat,Clay,0.44,1455,1.48
8.48,Sugarcane,Clay,0.58,1286,9.49
11.91,Maize,Clay,0.92,543,5.35
8.74,Cotton,Black,0.39,767,1.73
5.09,Sugarcane,Sandy,0.83,437,2.22
8.01,Sugarcane,Sandy,0.32,658,2.02
11.65,Cotton,Loam,0.94,1027,8.1
1.28,Sugarcane,Loam,0.44,1108,1.12
6.35,Rice,Loam,0.88,1182,6.34
13.21,Sugarcane,Sandy,0.67,367,3.9
6.35,Sugarcane,Clay,0.38,1228,4.44
7.47,Maize,Black,0.63,914,4.26
8.22,Sugarcane,Loam,0.94,1268,17.64
14.87,Sugarcane,Loam,0.62,435,7.22
5.19,Rice,Loam,0.82,1432,5.85
11.13,Sugarcane,Loam,0.56,704,7.9
11.42,Rice,Black,0.6,651,3.93
8.58,Cotton,Clay,0.51,1267,3.33
4.09,Sugarcane,Clay,0.46,602,1.7
12.68,Wheat,Clay,0.41,1298,4.72
2.09,Wheat,Loam,0.91,535,0.85
10.57,Maize,Black,0.54,408,2.31
14.33,Rice,Black,0.47,935,5.54
8.48,Maize,Clay,0.33,529,1.33
6.13,Sugarcane,Sandy,0.35,360,0.93
14.48,Rice,Loam,0.7,851,8.28
6.34,Cotton,Loam,0.86,1277,5.01
14.77,Millets,Loam,0.83,537,3.95
10.07,Sugarcane,Loam,0.91,313,5.16
12.62,Wheat,Sandy,0.88,1237,7.69
11.37,Wheat,Clay,0.8,1033,6.58
9.03,Maize,Sandy,0.67,1180,5.14
3.71,Millets,Black,0.74,1241,1.87
14.56,Wheat,Black,0.64,527,3.78
7.79,Sugarcane,Sandy,0.89,526,4.38
5.12,Wheat,Sandy,0.51,570,0.83
9.68,Millets,Sandy,0.42,729,1.19
14.95,Rice,Clay,0.75,1258,11.28
6.07,Wheat,Black,0.38,395,0.7
14.41,Cotton,Sandy,0.88,1076,6.55
14.3,Cotton,Clay,0.93,880,7.02
9.61,Millets,Sandy,0.74,1135,3.23
8.78,Wheat,Black,0.57,1185,4.57
13.16,Sugarcane,Black,0.66,1262,18.09
7.75,Wheat,Loam,0.51,1041,3.46
6.15,Sugarcane,Sandy,0.47,855,2.97
10.49,Maize,Loam,0.38,951,4.09
10.28,Cotton,Black,0.36,554,1.35
5.11,Sugarcane,Clay,0.67,958,4.92
13.16,Maize,Loam,0.48,414,2.82
13.9,Rice,Black,0.81,1374,13.61
13.09,Millets,Black,0.56,695,2.8
13.0,Cotton,Black,0.8,797,5.47
1.17,Rice,Sandy,0.75,1488,0.84
5.43,Maize,Clay,0.82,303,1.21
12.53,Maize,Clay,0.77,491,4.26
9.84,Millets,Sandy,0.4,672,1.06
14.67,Rice,Clay,0.52,512,3.12
13.14,Maize,Black,0.88,906,10.37
12.46,Wheat,Clay,0.78,724,4.93
8.08,Millets,Sandy,0.51,746,1.23
11.88,Sugarcane,Clay,0.49,682,5.96
12.62,Cotton,Sandy,0.65,1268,4.99
6.86,Maize,Black,0.88,1026,6.13
3.62,Wheat,Black,0.63,1247,2.19
14.16,Wheat,Sandy,0.63,1147,5.73
11.41,Wheat,Black,0.56,1212,5.96
1.1,Maize,Loam,0.7,856,0.71
9.26,Maize,Sandy,0.36,955,2.29
2.77,Sugarcane,Black,0.62,1344,3.81
11.46,Sugarcane,Clay,0.42,1133,8.18
8.3,Rice,Black,0.38,901,2.5
10.44,Maize,Loam,0.42,863,4.09
7.32,Cotton,Loam,0.37,446,0.87
8.01,Cotton,Black,0.61,486,1.57
9.43,Millets,Clay,0.76,606,2.17
12.66,Millets,Loam,0.62,629,2.96
4.67,Millets,Loam,0.63,946,1.67
14.89,Wheat,Black,0.45,489,2.52
12.12,Rice,Loam,0.82,610,5.82
9.05,Millets,Sandy,0.93,756,2.55
6.82,Wheat,Clay,0.41,1166,2.28
6.43,Maize,Sandy,0.32,1186,1.76
14.27,Cotton,Sandy,0.38,539,1.4
6.58,Millets,Sandy,0.58,1426,2.18
1.8,Millets,Clay,0.41,1189,0.44
11.46,Maize,Black,0.46,1236,6.45
13.33,Wheat,Black,0.54,1445,8.01
7.56,Sugarcane,Sandy,0.31,1216,3.42
14.95,Sugarcane,Loam,0.75,940,18.97
11.29,Millets,Sandy,0.3,1256,1.7
6.53,Millets,Loam,0.45,628,1.11
12.55,Sugarcane,Clay,0.57,771,8.27
4.85,Millets,Clay,0.59,761,1.09
14.67,Sugarcane,Loam,0.47,566,7.02
14.31,Millets,Black,0.84,514,3.4
1.32,Sugarcane,Sandy,0.45,489,0.35
7.12,Wheat,Black,0.88,746,3.6
3.92,Millets,Sandy,0.64,629,0.63
1.55,Rice,Loam,0.34,1241,0.63
13.77,Wheat,Sandy,0.35,1451,3.92
9.94,Millets,Clay,0.41,881,1.8
9.94,Sugarcane,Loam,0.37,717,4.75
8.23,Cotton,Sandy,0.79,781,2.44
9.34,Sugarcane,Black,0.69,878,9.34
5.13,Cotton,Loam,0.81,933,2.79
4.92,Rice,Clay,0.79,1146,3.56
12.64,Cotton,Loam,0.36,400,1.31
13.69,Rice,Clay,0.94,706,7.27
14.88,Cotton,Loam,0.77,598,4.93
14.89,Millets,Black,0.34,588,1.64
13.57,Millets,Black,0.86,600,3.85
5.93,Millets,Loam,0.57,331,0.67
5.5,Wheat,Clay,0.47,611,1.11
10.91,Rice,Black,0.65,398,2.48
5.87,Sugarcane,Loam,0.78,375,3.09
8.3,Rice,Sandy,0.34,1288,2.33
5.18,Sugarcane,Loam,0.59,861,4.74
6.32,Maize,Clay,0.79,1316,5.91
5.97,Sugarcane,Clay,0.48,1099,4.72
1.03,Wheat,Clay,0.41,842,0.25
7.98,Wheat,Loam,0.79,367,1.94
12.95,Wheat,Clay,0.78,686,4.85
6.29,Sugarcane,Black,0.87,1477,13.34
1.89,Rice,Loam,0.33,382,0.23
5.91,Rice,Black,0.35,1078,1.96
4.27,Sugarcane,Sandy,0.46,562,1.32
8.48,Maize,Black,0.93,1087,8.49
11.45,Sugarcane,Loam,0.62,1371,17.52
9.82,Sugarcane,Clay,0.84,1279,15.83
12.96,Wheat,Black,0.45,535,2.4
8.57,Sugarcane,Loam,0.44,1470,9.98
14.55,Cotton,Sandy,0.87,1351,8.21
2.97,Maize,Sandy,0.7,910,1.36
6.61,Millets,Clay,0.88,984,2.86
5.89,Cotton,Clay,0.56,1355,2.68
13.59,Rice,Clay,0.91,305,3.02
4.42,Millets,Clay,0.59,1098,1.43
3.08,Cotton,Loam,0.95,612,1.29
12.31,Millets,Sandy,0.37,800,1.46
6.69,Rice,Sandy,0.62,1416,3.76
8.6,Wheat,Sandy,0.4,1078,2.08
4.77,Millets,Sandy,0.77,492,0.72
6.54,Wheat,Clay,0.5,1424,3.26
8.77,Rice,Black,0.43,1120,3.72
6.0,Millets,Loam,0.56,1172,2.36
11.04,Rice,Sandy,0.92,1206,7.84
13.12,Rice,Black,0.76,1084,9.51
1.83,Millets,Black,0.48,575,0.28
10.54,Cotton,Black,0.72,778,3.9
13.12,Cotton,Loam,0.34,1472,4.73
10.5,Sugarcane,Black,0.46,576,4.59
13.6,Rice,Black,0.36,817,3.52
5.42,Rice,Loam,0.65,597,2.02
1.77,Sugarcane,Sandy,0.9,445,0.85
3.23,Rice,Loam,0.88,830,2.26
2.57,Cotton,Sandy,0.8,1229,1.21
1.53,Maize,Sandy,0.71,545,0.43
6.96,Wheat,Loam,0.88,547,2.81
7.8,Cotton,Sandy,0.38,372,0.53
9.16,Millets,Loam,0.46,623,1.58
13.97,Rice,Loam,0.87,874,10.2
4.39,Maize,Black,0.84,339,1.24
7.29,Rice,Sandy,0.94,891,3.91
9.76,Rice,Loam,0.71,592,3.94
6.43,Maize,Loam,0.92,878,5.61
10.03,Rice,Loam,0.86,941,7.79
1.74,Millets,Sandy,0.58,1225,0.49
11.9,Cotton,Black,0.38,1352,4.04
2.4,Maize,Clay,0.8,364,0.63
7.02,Cotton,Sandy,0.95,1463,4.68
12.16,Millets,Loam,0.83,1154,6.99
9.46,Millets,Sandy,0.94,362,1.29
12.7,Millets,Clay,0.94,1464,8.74
12.67,Cotton,Clay,0.78,611,3.62
4.05,Rice,Black,0.47,1054,1.77
12.31,Wheat,Black,0.47,1284,5.72
14.88,Rice,Clay,0.95,496,5.61
8.27,Sugarcane,Sandy,0.73,888,6.43
10.48,Rice,Loam,0.85,893,7.64
10.27,Cotton,Clay,0.89,822,4.51
13.41,Wheat,Loam,0.43,1267,6.14
14.93,Sugarcane,Sandy,0.84,1447,21.78
12.85,Sugarcane,Sandy,0.45,658,4.57
5.16,Wheat,Black,0.87,904,3.12
7.71,Rice,Sandy,0.37,964,1.76
11.22,Sugarcane,Clay,0.65,1229,13.44
3.71,Wheat,Clay,0.69,384,0.69
7.26,Millets,Clay,0.65,1310,3.09
12.77,Millets,Loam,0.32,556,1.36
2.38,Rice,Sandy,0.76,514,0.6
12.64,Millets,Sandy,0.72,600,2.18
5.32,Maize,Sandy,0.42,977,1.57
1.67,Maize,Black,0.42,507,0.35
7.86,Cotton,Sandy,0.85,452,1.45
7.07,Millets,Clay,0.5,558,0.99
13.05,Sugarcane,Clay,0.36,707,4.98
3.2,Cotton,Clay,0.87,430,0.72
14.41,Sugarcane,Sandy,0.86,1271,18.9
2.11,Rice,Sandy,0.74,1373,1.37
2.5,Rice,Loam,0.43,1404,1.45
5.24,Rice,Loam,0.65,550,1.8
14.76,Wheat,Sandy,0.51,1116,4.7
14.94,Cotton,Sandy,0.37,1002,2.66
12.8,Cotton,Loam,0.65,1369,8.2
13.6,Wheat,Clay,0.91,469,4.06
4.7,Sugarcane,Clay,0.72,906,4.6
9.53,Wheat,Sandy,0.91,825,4.01
9.81,Rice,Clay,0.94,1325,9.77
2.18,Rice,Black,0.47,632,0.57
4.65,Millets,Sandy,0.46,1171,1.0
11.24,Rice,Black,0.36,1286,4.58
10.9,Wheat,Black,0.85,1387,9.89
4.21,Maize,Sandy,0.77,456,1.06
8.78,Sugarcane,Clay,0.44,1168,6.77
14.07,Millets,Loam,0.54,1498,6.83
3.01,Millets,Loam,0.77,410,0.57
13.39,Cotton,Black,0.95,332,2.79
14.3,Sugarcane,Clay,0.74,611,9.7
7.66,Rice,Clay,0.75,465,2.14
2.65,Cotton,Sandy,0.4,805,0.41
1.99,Millets,Loam,0.35,1216,0.51
3.87,Wheat,Sandy,0.75,1422,2.31
11.78,Millets,Sandy,0.81,931,3.55
2.67,Wheat,Sandy,0.38,536,0.3
2.19,Maize,Sandy,0.91,430,0.62
11.1,Millets,Sandy,0.6,1492,3.97
1.65,Maize,Clay,0.32,1426,0.68
10.57,Sugarcane,Black,0.32,351,1.96
11.09,Maize,Black,0.53,887,5.16
3.37,Cotton,Clay,0.41,918,0.76
1.06,Maize,Sandy,0.74,600,0.34
8.17,Wheat,Loam,0.42,1034,2.98
2.17,Sugarcane,Clay,0.35,1270,1.45
1.24,Sugarcane,Clay,0.72,818,1.1
12.03,Rice,Loam,0.93,1143,12.28
9.46,Wheat,Loam,0.7,1296,7.21
2.05,Rice,Black,0.43,1085,0.84
13.47,Wheat,Black,0.48,999,4.97
4.38,Wheat,Clay,0.62,433,0.82
12.97,Rice,Black,0.55,1040,6.53
4.96,Millets,Loam,0.83,1035,2.56
1.33,Sugarcane,Clay,0.83,692,1.15
12.12,Wheat,Black,0.6,1069,5.99
12.05,Wheat,Clay,0.38,713,2.29
13.42,Sugarcane,Black,0.41,590,5.36
3.28,Wheat,Clay,0.86,1293,2.55
7.11,Sugarcane,Clay,0.69,692,5.09
1.31,Rice,Loam,0.79,421,0.42
12.11,Maize,Sandy,0.55,349,1.67
5.59,Cotton,Sandy,0.8,806,1.73
10.28,Cotton,Loam,0.53,1219,4.78
2.96,Sugarcane,Sandy,0.54,1353,2.6
9.51,Wheat,Loam,0.91,1430,10.4
8.75,Wheat,Sandy,0.5,485,1.19
11.46,Cotton,Clay,0.86,800,4.73
4.41,Maize,Black,0.95,961,3.99
11.2,Wheat,Black,0.37,1195,3.81
7.51,Wheat,Loam,0.34,1209,2.59
11.92,Sugarcane,Clay,0.84,1476,22.17
11.97,Sugarcane,Clay,0.53,1333,12.69
9.5,Rice,Clay,0.59,814,3.65
2.03,Sugarcane,Black,0.66,798,1.76
7.18,Maize,Clay,0.86,528,2.93
14.78,Wheat,Black,0.69,1436,11.28
7.54,Maize,Sandy,0.86,440,2.05
14.55,Sugarcane,Loam,0.74,938,18.18
14.23,Millets,Sandy,0.48,834,2.28
3.97,Sugarcane,Loam,0.6,1175,5.04
1.66,Millets,Loam,0.82,677,0.55
7.45,Millets,Loam,0.6,1278,3.43
11.05,Sugarcane,Sandy,0.63,1367,11.42
3.42,Millets,Black,0.75,388,0.55
14.44,Maize,Loam,0.32,616,3.07
4.38,Millets,Black,0.7,1485,2.5
12.42,Millets,Black,0.88,1151,6.92
10.24,Millets,Loam,0.41,651,1.64
4.62,Cotton,Sandy,0.81,1366,2.45
1.32,Sugarcane,Black,0.83,913,1.65
10.69,Millets,Sandy,0.59,834,2.1
8.42,Sugarcane,Black,0.65,383,3.46
9.86,Millets,Sandy,0.35,782,1.08
4.94,Maize,Clay,0.77,513,1.76
7.68,Rice,Black,0.7,1372,6.49
13.89,Maize,Loam,0.47,794,5.6
10.88,Cotton,Clay,0.43,919,2.58
3.13,Wheat,Black,0.52,1367,1.71
5.8,Cotton,Loam,0.33,1084,1.49
9.27,Millets,Black,0.93,1427,6.77
14.65,Maize,Sandy,0.8,1070,9.03
10.96,Millets,Sandy,0.34,509,0.76
1.33,Sugarcane,Sandy,0.31,392,0.19
2.01,Wheat,Sandy,0.76,433,0.37
6.49,Maize,Clay,0.57,1014,3.38
5.43,Wheat,Sandy,0.43,386,0.5
5.79,Cotton,Loam,0.76,446,1.41
7.57,Maize,Black,0.38,409,1.16
10.25,Rice,Black,0.64,757,4.37
7.22,Wheat,Loam,0.92,1395,7.78
12.57,Maize,Loam,0.77,1344,14.05
5.51,Cotton,Loam,0.69,1147,3.14
11.07,Millets,Loam,0.33,1479,3.24
3.15,Millets,Black,0.88,1462,2.23
9.7,Millets,Loam,0.87,1024,5.18
2.56,Sugarcane,Loam,0.35,1377,2.22
13.35,Maize,Sandy,0.54,483,2.51
6.39,Millets,Sandy,0.64,874,1.43
10.86,Wheat,Loam,0.43,726,2.85
14.99,Maize,Black,0.7,958,9.95
4.13,Sugarcane,Clay,0.46,964,2.75
7.05,Maize,Sandy,0.43,794,1.73
3.28,Millets,Clay,0.45,928,0.68
6.54,Millets,Clay,0.32,353,0.37
11.89,Cotton,Loam,0.87,647,4.82
8.21,Sugarcane,Clay,0.4,1166,5.74
9.22,Millets,Sandy,0.35,1200,1.55
13.44,Maize,Sandy,0.92,1018,9.06
8.88,Wheat,Black,0.5,946,3.23
14.89,Maize,Clay,0.9,852,10.28
1.31,Rice,Black,0.79,725,0.66
5.01,Maize,Loam,0.94,751,3.82
12.83,Rice,Loam,0.66,648,5.27
12.81,Sugarcane,Black,0.32,1231,8.33
13.87,Sugarcane,Clay,0.48,1272,12.7
5.04,Sugarcane,Loam,0.61,542,3.0
1.05,Wheat,Clay,0.55,1335,0.54
1.6,Millets,Sandy,0.4,838,0.21
5.17,Rice,Loam,0.82,1416,5.76
10.15,Maize,Clay,0.88,1065,8.56
3.64,Sugarcane,Clay,0.48,519,1.36
14.56,Rice,Black,0.73,884,8.27
6.64,Wheat,Clay,0.91,1398,5.91
1.55,Maize,Sandy,0.78,626,0.54
9.48,Millets,Loam,0.36,904,1.85
9.74,Sugarcane,Black,0.59,339,3.21
7.42,Cotton,Clay,0.52,645,1.49
10.82,Wheat,Clay,0.92,1182,8.24
1.96,Cotton,Sandy,0.78,870,0.64
10.11,Sugarcane,Black,0.63,1240,13.03
11.64,Sugarcane,Sandy,0.84,922,10.82
2.17,Rice,Black,0.47,821,0.74
10.63,Sugarcane,Black,0.85,502,7.48
9.05,Maize,Clay,0.9,770,5.64
2.37,Wheat,Clay,0.75,616,0.77
7.9,Cotton,Black,0.72,1182,4.44
1.59,Rice,Black,0.65,782,0.71
7.78,Maize,Black,0.82,507,3.2
14.94,Sugarcane,Black,0.65,555,8.89
2.96,Millets,Sandy,0.66,412,0.32
7.23,Cotton,Clay,0.77,1300,4.34
9.49,Millets,Clay,0.34,727,1.17
12.49,Cotton,Loam,0.54,1054,5.12
12.43,Cotton,Sandy,0.55,1119,3.67
10.84,Sugarcane,Loam,0.89,535,9.29
6.62,Sugarcane,Black,0.58,363,2.3
4.08,Rice,Loam,0.44,354,0.61
4.31,Millets,Clay,0.64,667,0.92
1.1,Cotton,Clay,0.89,628,0.37
8.66,Millets,Sandy,0.84,324,0.94
10.53,Wheat,Sandy,0.45,550,1.46
9.79,Rice,Clay,0.54,962,4.07
13.96,Millets,Black,0.62,473,2.25
3.86,Maize,Loam,0.74,928,2.86
6.06,Maize,Loam,0.6,1202,4.72
6.01,Sugarcane,Loam,0.66,606,4.33
8.47,Wheat,Black,0.9,1313,7.71
2.21,Millets,Black,0.61,678,0.5
4.87,Cotton,Black,0.85,880,2.4
6.38,Wheat,Clay,0.62,1187,3.29
10.74,Cotton,Sandy,0.82,1082,4.57
10.5,Cotton,Clay,0.52,1128,3.7
5.78,Cotton,Loam,0.5,1474,3.07
6.27,Rice,Clay,0.32,992,1.59
11.02,Rice,Loam,0.66,1061,7.41
7.43,Cotton,Loam,0.41,1358,2.98
14.5,Wheat,Sandy,0.64,362,1.88
12.49,Sugarcane,Sandy,0.78,702,8.21
11.78,Millets,Loam,0.38,1146,3.08
10.09,Wheat,Sandy,0.9,1409,7.17
11.59,Maize,Clay,0.66,558,3.84
2.06,Wheat,Black,0.51,1247,1.01
4.78,Cotton,Black,0.67,615,1.3
2.32,Cotton,Clay,0.38,323,0.17
6.26,Cotton,Clay,0.9,348,1.18
10.52,Rice,Sandy,0.76,413,2.11
1.66,Millets,Clay,0.94,769,0.6
5.48,Wheat,Black,0.89,616,2.31
10.37,Sugarcane,Sandy,0.36,1096,4.91
5.56,Millets,Black,0.58,359,0.64
14.55,Millets,Clay,0.92,708,4.74
6.69,Sugarcane,Black,0.47,475,2.46
3.94,Millets,Sandy,0.41,821,0.53
10.57,Cotton,Clay,0.7,669,2.97
10.67,Sugarcane,Loam,0.87,449,7.5
13.48,Millets,Loam,0.63,585,2.98
13.85,Cotton,Loam,0.71,1384,9.8
5.0,Cotton,Black,0.32,679,0.72
6.93,Rice,Clay,0.55,811,2.47
8.88,Maize,Sandy,0.8,1468,7.51
2.27,Maize,Clay,0.36,1439,1.06
10.88,Rice,Sandy,0.36,1178,2.95
8.15,Rice,Black,0.52,1174,4.38
3.4,Sugarcane,Loam,0.59,1480,5.34
3.38,Millets,Loam,0.44,1309,1.17
14.82,Sugarcane,Black,0.64,727,11.38
4.46,Maize,Clay,0.37,390,0.58
10.65,Sugarcane,Loam,0.64,1313,16.11
8.2,Millets,Black,0.36,720,1.17
1.68,Cotton,Clay,0.94,1471,1.39
7.29,Sugarcane,Sandy,0.75,432,2.83
5.26,Sugarcane,Loam,0.86,1072,8.73
1.02,Cotton,Clay,0.79,534,0.26
11.1,Sugarcane,Clay,0.92,1375,21.06
14.55,Rice,Black,0.32,439,1.8
7.68,Rice,Clay,0.51,674,2.11
7.42,Maize,Black,0.51,434,1.63
14.71,Maize,Clay,0.7,581,5.38
4.78,Millets,Sandy,0.39,682,0.51
7.07,Millets,Black,0.33,796,1.02
12.19,Maize,Loam,0.39,1379,7.08
4.24,Millets,Loam,0.46,676,0.79
6.13,Maize,Black,0.7,546,2.32
1.82,Maize,Loam,0.42,620,0.51
2.43,Maize,Loam,0.59,591,0.92
2.41,Maize,Black,0.78,844,1.57
2.92,Millets,Sandy,0.89,1126,1.17
13.28,Millets,Clay,0.61,1148,4.65
5.52,Wheat,Sandy,0.79,1123,2.74
13.46,Millets,Sandy,0.55,1375,4.07
13.78,Cotton,Sandy,0.53,1151,4.03
1.87,Rice,Clay,0.4,812,0.49
8.17,Millets,Loam,0.68,1491,4.97
5.01,Sugarcane,Black,0.43,549,1.95
3.42,Millets,Sandy,0.89,1239,1.51
1.67,Cotton,Clay,0.45,1467,0.66
13.93,Sugarcane,Loam,0.48,1093,13.15
2.17,Rice,Loam,0.86,842,1.51
9.0,Maize,Clay,0.44,611,2.18
13.76,Wheat,Clay,0.48,500,2.31
4.91,Rice,Black,0.67,783,2.27
7.57,Sugarcane,Sandy,0.32,1382,4.02
2.89,Sugarcane,Sandy,0.5,692,1.2
1.91,Millets,Clay,0.59,516,0.29
12.19,Wheat,Sandy,0.51,1162,4.05
1.24,Cotton,Sandy,0.87,1475,0.76
4.25,Wheat,Clay,0.9,837,2.24
12.9,Wheat,Sandy,0.76,1058,5.81
12.22,Millets,Loam,0.45,1247,4.11
14.95,Cotton,Loam,0.35,1073,4.04
2.67,Millets,Sandy,0.51,362,0.2
6.52,Wheat,Black,0.91,1345,6.14
11.04,Wheat,Clay,0.86,771,5.12
7.37,Wheat,Black,0.33,1046,1.96
9.93,Millets,Loam,0.87,1472,7.63
3.97,Wheat,Clay,0.82,351,0.8
1.2,Rice,Black,0.3,641,0.2
3.24,Wheat,Black,0.78,633,1.23
5.62,Wheat,Loam,0.64,1090,3.29
2.35,Rice,Black,0.42,575,0.5
14.97,Maize,Black,0.78,702,8.12
2.68,Cotton,Black,0.43,882,0.67
1.35,Wheat,Sandy,0.68,1110,0.57
12.19,Wheat,Black,0.65,1129,6.89
10.34,Maize,Loam,0.8,1499,13.39
8.94,Cotton,Loam,0.38,802,1.96
14.61,Maize,Loam,0.46,976,7.08
3.61,Sugarcane,Sandy,0.71,997,3.07
9.4,Wheat,Loam,0.62,962,4.71
2.36,Sugarcane,Loam,0.46,1025,2.0
11.34,Cotton,Sandy,0.53,670,1.93
9.3,Millets,Sandy,0.79,858,2.52
2.23,Rice,Sandy,0.89,459,0.58
7.25,Sugarcane,Clay,0.52,830,4.69
14.27,Sugarcane,Black,0.43,617,6.25
5.04,Cotton,Sandy,0.51,1103,1.36
1.81,Rice,Clay,0.68,794,0.78
11.67,Cotton,Black,0.48,1091,4.03
14.85,Cotton,Loam,0.7,1273,9.53
5.35,Rice,Clay,0.64,1484,4.06
6.58,Maize,Black,0.56,1438,5.25
4.85,Maize,Sandy,0.37,743,0.96
9.84,Millets,Clay,0.63,1031,3.2
10.09,Maize,Loam,0.39,1303,5.54
10.44,Millets,Sandy,0.57,1067,2.54
9.44,Millets,Loam,0.31,895,1.57
7.7,Millets,Sandy,0.38,942,1.1
3.28,Maize,Clay,0.85,834,2.09
9.3,Cotton,Black,0.85,877,4.58
9.3,Cotton,Sandy,0.94,1127,4.73
2.34,Cotton,Loam,0.93,1086,1.7
8.49,Rice,Sandy,0.77,1126,4.71
13.19,Millets,Sandy,0.91,599,2.88
4.04,Rice,Black,0.78,796,2.21
12.13,Maize,Loam,0.89,979,11.41
3.41,Maize,Loam,0.78,896,2.57
11.17,Sugarcane,Sandy,0.58,1293,10.05
6.05,Rice,Loam,0.91,764,4.04
2.08,Maize,Black,0.62,1342,1.71
9.17,Cotton,Loam,0.7,1379,6.37
5.6,Cotton,Loam,0.94,578,2.19
7.31,Sugarcane,Clay,0.39,1250,5.35
10.64,Wheat,Clay,0.56,369,1.54
12.28,Millets,Clay,0.56,1071,3.68
12.23,Wheat,Loam,0.53,1085,5.91
9.56,Millets,Loam,0.35,358,0.72
3.37,Maize,Clay,0.9,463,1.26
9.81,Sugarcane,Sandy,0.83,1080,10.55
7.68,Cotton,Black,0.47,1279,3.05
10.07,Millets,Black,0.71,492,1.93
14.72,Sugarcane,Sandy,0.33,332,1.94
14.67,Millets,Sandy,0.88,855,4.42
9.4,Cotton,Black,0.54,392,1.31
13.25,Maize,Clay,0.93,1135,12.59
6.19,Rice,Loam,0.63,1339,5.01
10.17,Maize,Clay,0.32,627,1.84
7.06,Maize,Clay,0.86,667,3.64
4.97,Wheat,Clay,0.61,589,1.25
11.06,Sugarcane,Clay,0.68,839,9.46
6.1,Rice,Clay,0.67,1180,3.86
2.51,Sugarcane,Clay,0.88,772,2.56
2.19,Wheat,Loam,0.37,566,0.39
13.59,Millets,Loam,0.95,1300,10.07
5.5,Cotton,Sandy,0.91,809,1.94
4.47,Maize,Sandy,0.85,1150,3.15
12.8,Millets,Clay,0.87,1083,6.03
2.62,Sugarcane,Loam,0.46,438,0.95
11.53,Maize,Loam,0.81,622,6.27
8.53,Maize,Loam,0.83,1456,11.13
4.71,Millets,Sandy,0.48,845,0.76
1.53,Wheat,Loam,0.56,1499,1.08
3.05,Maize,Sandy,0.66,998,1.45
10.01,Millets,Loam,0.6,1415,5.1
8.17,Sugarcane,Clay,0.94,497,5.73
14.75,Wheat,Black,0.59,1320,8.85
8.96,Rice,Sandy,0.68,1472,5.74
6.78,Cotton,Loam,0.64,994,3.11
3.27,Maize,Black,0.94,1181,3.59
6.64,Rice,Loam,0.52,1351,4.48
11.99,Wheat,Clay,0.9,635,4.8
3.84,Maize,Sandy,0.46,627,0.8
9.53,Wheat,Sandy,0.78,507,2.11
10.3,Rice,Clay,0.43,919,3.26
4.08,Cotton,Loam,0.35,1134,1.17
3.44,Maize,Sandy,0.48,804,0.96
5.98,Rice,Loam,0.53,400,1.22
1.69,Cotton,Clay,0.4,1115,0.45
1.8,Maize,Sandy,0.51,676,0.45
13.19,Wheat,Loam,0.66,647,4.73
14.38,Maize,Sandy,0.69,335,2.39
13.83,Cotton,Clay,0.89,882,6.51
13.13,Sugarcane,Loam,0.64,418,6.32
8.62,Cotton,Sandy,0.38,568,0.89
9.78,Maize,Black,0.94,626,5.7
6.98,Cotton,Clay,0.77,549,1.77
10.73,Rice,Sandy,0.73,1279,6.41
1.19,Maize,Loam,0.43,452,0.25
12.72,Millets,Black,0.5,948,3.32
13.18,Millets,Clay,0.34,723,1.62
1.07,Millets,Black,0.71,857,0.36
1.69,Sugarcane,Clay,0.34,1330,1.15
3.89,Millets,Black,0.71,1204,1.83
12.7,Maize,Clay,0.46,356,1.87
9.68,Rice,Black,0.54,1121,5.16
7.02,Maize,Loam,0.54,824,3.37
8.21,Maize,Sandy,0.76,1108,4.98
7.31,Cotton,Sandy,0.4,1185,1.66
13.6,Sugarcane,Clay,0.8,834,13.61
6.68,Maize,Clay,0.85,525,2.68
4.61,Millets,Black,0.64,503,0.82
8.73,Millets,Sandy,0.67,797,1.86
9.73,Cotton,Loam,0.32,561,1.26
1.52,Wheat,Loam,0.93,775,0.92
3.82,Maize,Sandy,0.41,911,1.03
13.47,Rice,Clay,0.58,447,2.79
6.37,Cotton,Loam,0.61,811,2.27
4.18,Cotton,Clay,0.67,1039,1.75
9.17,Cotton,Sandy,0.46,1120,2.27
9.27,Maize,Black,0.43,681,2.69
10.76,Maize,Sandy,0.69,776,4.15
8.36,Millets,Clay,0.68,451,1.28
11.27,Sugarcane,Loam,0.62,1307,16.44
4.84,Sugarcane,Black,0.55,809,3.55
11.45,Sugarcane,Loam,0.39,1399,11.25
7.16,Millets,Black,0.58,786,1.8
14.0,Rice,Clay,0.44,642,3.16
4.73,Rice,Sandy,0.8,1131,2.74
5.66,Cotton,Black,0.56,898,1.88
14.27,Wheat,Sandy,0.51,1402,5.71
1.16,Cotton,Sandy,0.88,644,0.32
10.14,Rice,Black,0.42,726,2.72
14.76,Sugarcane,Clay,0.85,319,6.0
13.38,Wheat,Sandy,0.42,1041,3.28
10.78,Cotton,Loam,0.33,1399,3.58
1.38,Millets,Black,0.41,1347,0.42
2.42,Sugarcane,Black,0.88,1267,4.45
1.24,Rice,Loam,0.78,829,0.77
10.86,Maize,Clay,0.49,920,4.41
14.44,Maize,Sandy,0.75,1303,10.16
7.98,Millets,Loam,0.5,1305,3.12
8.72,Millets,Clay,0.5,539,1.18
3.49,Maize,Clay,0.75,356,0.84
8.91,Maize,Loam,0.62,783,4.67
10.5,Cotton,Clay,0.45,543,1.54
12.44,Millets,Black,0.31,1030,2.18
1.83,Rice,Clay,0.32,669,0.31
13.48,Rice,Sandy,0.86,961,7.13
10.92,Maize,Black,0.65,488,3.43
3.96,Sugarcane,Sandy,0.89,1414,5.98
2.1,Rice,Sandy,0.44,1066,0.63
10.08,Rice,Loam,0.36,317,1.1
7.26,Wheat,Sandy,0.65,321,0.85
1.96,Rice,Sandy,0.45,1175,0.66
12.69,Millets,Black,0.82,960,5.49
6.0,Rice,Loam,0.89,1050,5.38
11.89,Rice,Clay,0.88,321,2.69
7.93,Cotton,Sandy,0.95,440,1.59
2.47,Sugarcane,Clay,0.56,1315,2.73
10.23,Wheat,Sandy,0.7,674,2.7
4.7,Cotton,Clay,0.4,1414,1.59
1.2,Millets,Black,0.72,735,0.35
11.8,Sugarcane,Clay,0.5,1471,13.02
10.49,Wheat,Sandy,0.59,1174,4.07
11.98,Maize,Loam,0.4,846,4.38
8.23,Millets,Black,0.81,1371,5.03
10.15,Wheat,Loam,0.53,450,2.03
1.87,Rice,Loam,0.51,938,0.86
12.97,Cotton,Sandy,0.68,1208,5.11
13.6,Sugarcane,Black,0.48,676,7.28
5.76,Cotton,Sandy,0.86,955,2.27
6.11,Millets,Clay,0.93,1044,2.97
10.59,Rice,Sandy,0.51,1266,4.38
3.0,Rice,Sandy,0.95,710,1.3
10.03,Maize,Loam,0.55,1482,8.83
7.18,Sugarcane,Clay,0.9,603,5.84
12.22,Millets,Black,0.52,708,2.47
4.74,Millets,Black,0.3,358,0.28
12.35,Sugarcane,Loam,0.83,757,13.97
1.92,Maize,Black,0.33,1485,0.93
7.04,Cotton,Loam,0.91,1169,5.39
12.4,Sugarcane,Loam,0.61,1236,16.83
8.48,Millets,Clay,0.54,1339,3.07
1.96,Sugarcane,Loam,0.87,528,1.62
4.07,Rice,Sandy,0.79,1361,2.8
12.07,Rice,Sandy,0.88,632,4.3
4.66,Sugarcane,Sandy,0.58,900,2.92
6.36,Cotton,Sandy,0.31,965,0.91
10.29,Sugarcane,Loam,0.51,1389,13.12
8.09,Wheat,Black,0.35,1012,2.21
3.82,Maize,Sandy,0.73,1372,2.75
5.64,Millets,Sandy,0.74,347,0.58
4.86,Wheat,Loam,0.45,715,1.31
14.36,Cotton,Loam,0.38,369,1.45
7.59,Wheat,Black,0.41,1029,2.47
6.63,Cotton,Sandy,0.51,1086,1.76
7.92,Rice,Black,0.48,1165,3.9
13.67,Cotton,Black,0.89,550,4.42
6.68,Cotton,Clay,0.53,829,1.76
3.31,Rice,Sandy,0.87,718,1.32
3.25,Wheat,Clay,0.8,353,0.64
10.8,Wheat,Loam,0.34,457,1.41
7.52,Wheat,Black,0.48,1257,3.49
13.45,Millets,Clay,0.91,1362,8.34
3.72,Sugarcane,Black,0.48,899,2.65
7.0,Cotton,Clay,0.78,1058,3.47
5.74,Maize,Sandy,0.67,809,2.24
2.79,Rice,Loam,0.43,609,0.7
4.44,Wheat,Sandy,0.92,1205,2.76
10.72,Maize,Loam,0.3,689,2.39
11.68,Cotton,Loam,0.57,775,3.71
3.96,Cotton,Sandy,0.52,846,0.84
4.2,Cotton,Sandy,0.68,545,0.75
9.87,Sugarcane,Sandy,0.87,974,10.04
12.78,Rice,Black,0.79,387,3.44
11.62,Wheat,Black,0.77,1154,7.95
1.73,Maize,Black,0.41,809,0.57
9.4,Cotton,Black,0.71,943,4.15
3.69,Rice,Black,0.87,692,1.95
4.43,Maize,Sandy,0.72,727,1.67
4.54,Sugarcane,Black,0.71,817,4.35
5.78,Rice,Loam,0.53,504,1.48
5.22,Maize,Loam,0.37,823,1.72
6.4,Maize,Clay,0.79,340,1.55
9.71,Millets,Loam,0.82,974,4.65
13.82,Cotton,Sandy,0.52,690,2.38
6.21,Rice,Clay,0.53,971,2.56
7.12,Millets,Loam,0.73,1422,4.43
9.06,Rice,Black,0.33,1225,3.22
12.95,Sugarcane,Loam,0.45,1358,14.24
6.9,Sugarcane,Loam,0.94,1271,14.84
6.69,Sugarcane,Clay,0.74,532,3.95
1.6,Rice,Black,0.6,513,0.43
5.6,Sugarcane,Clay,0.87,647,4.73
13.95,Sugarcane,Sandy,0.63,1410,14.87
11.55,Millets,Sandy,0.41,1349,2.56
10.03,Cotton,Clay,0.46,1368,3.79
6.17,Maize,Sandy,0.37,1293,2.13
2.9,Millets,Black,0.82,740,0.97
14.72,Sugarcane,Black,0.76,300,5.54
13.2,Rice,Clay,0.56,1301,7.69
10.24,Rice,Sandy,0.84,509,2.8
6.96,Wheat,Loam,0.62,1233,4.47
2.49,Wheat,Black,0.68,838,1.09
6.0,Cotton,Sandy,0.73,586,1.23
7.77,Maize,Loam,0.54,703,3.19
8.5,Sugarcane,Sandy,0.73,445,3.31
7.91,Maize,Loam,0.66,571,3.22
1.14,Sugarcane,Sandy,0.84,1233,1.42
4.08,Rice,Loam,0.36,1251,1.76
10.89,Millets,Black,0.66,559,2.21
13.85,Cotton,Loam,0.84,894,7.49
7.23,Maize,Sandy,0.65,1189,4.02
5.28,Maize,Sandy,0.6,867,1.98
11.3,Maize,Clay,0.45,1213,5.55
10.16,Wheat,Black,0.58,672,3.05
6.52,Rice,Loam,0.71,525,2.33
5.73,Cotton,Clay,0.58,1335,2.66
7.11,Wheat,Clay,0.84,1307,5.46
5.65,Rice,Clay,0.7,736,2.33
8.51,Wheat,Clay,0.56,1339,4.47
13.92,Sugarcane,Black,0.74,412,7.0
3.33,Wheat,Sandy,0.58,1317,1.42
11.62,Millets,Sandy,0.9,1177,4.92
11.46,Sugarcane,Black,0.81,847,12.97
4.22,Maize,Sandy,0.51,1072,1.66
2.82,Sugarcane,Loam,0.89,1183,5.34
6.18,Millets,Black,0.57,1180,2.29
11.63,Maize,Black,0.82,1125,10.62
6.02,Cotton,Loam,0.35,441,0.67
3.15,Cotton,Loam,0.74,581,0.98
7.57,Rice,Loam,0.57,1035,4.29
5.94,Millets,Loam,0.81,947,2.73
4.17,Sugarcane,Loam,0.41,713,2.19
2.06,Sugarcane,Loam,0.56,932,1.94
4.15,Millets,Black,0.86,888,1.74
2.61,Millets,Loam,0.36,773,0.44
11.37,Cotton,Sandy,0.94,1155,5.93
6.97,Rice,Sandy,0.65,1343,3.89
9.09,Millets,Sandy,0.9,415,1.36
1.96,Sugarcane,Sandy,0.46,952,1.03
14.04,Millets,Clay,0.4,1218,3.42
6.49,Wheat,Black,0.7,302,1.06
14.45,Millets,Black,0.78,1463,9.07
5.25,Maize,Sandy,0.37,643,0.9
14.79,Maize,Black,0.61,690,6.16
6.28,Maize,Clay,0.73,808,3.33
6.08,Wheat,Loam,0.61,784,2.44
14.74,Rice,Sandy,0.92,704,6.11
12.76,Rice,Black,0.57,412,2.64
2.68,Rice,Clay,0.56,783,0.94
10.66,Wheat,Loam,0.36,903,2.91
8.77,Wheat,Sandy,0.66,1451,4.7
1.32,Rice,Black,0.49,1157,0.66
9.61,Millets,Black,0.65,767,2.64
13.56,Wheat,Sandy,0.88,824,5.51
13.54,Cotton,Black,0.42,656,2.46
5.08,Cotton,Black,0.59,1287,2.55
1.29,Sugarcane,Sandy,0.75,645,0.75
3.99,Cotton,Sandy,0.73,675,0.94
9.98,Millets,Clay,0.65,1126,3.65
10.35,Maize,Loam,0.94,587,6.17
4.11,Wheat,Black,0.62,992,1.95
13.7,Wheat,Loam,0.72,332,2.75
3.78,Rice,Black,0.61,1155,2.34
5.25,Millets,Loam,0.42,395,0.52
11.69,Rice,Black,0.93,886,8.48
3.86,Rice,Sandy,0.46,1048,1.19
1.12,Sugarcane,Clay,0.45,638,0.48
2.04,Millets,Sandy,0.87,1240,0.88
6.28,Cotton,Sandy,0.65,1062,2.08
1.25,Cotton,Clay,0.6,575,0.26
12.73,Sugarcane,Loam,0.7,1087,17.44
11.15,Maize,Clay,0.61,1034,6.33
13.45,Cotton,Clay,0.52,936,3.93
11.69,Millets,Loam,0.8,1193,6.69
1.29,Rice,Black,0.44,1332,0.67
6.28,Wheat,Clay,0.76,1364,4.56
3.75,Cotton,Sandy,0.52,1294,1.21
6.64,Rice,Loam,0.33,1351,2.84
7.49,Wheat,Loam,0.83,1329,6.94
10.73,Sugarcane,Clay,0.54,1069,9.29
2.53,Rice,Black,0.34,427,0.32
1.92,Sugarcane,Black,0.56,801,1.42
1.02,Cotton,Black,0.66,1121,0.5
6.42,Millets,Sandy,0.44,553,0.62
11.31,Rice,Clay,0.54,873,4.27
5.51,Sugarcane,Loam,0.64,1111,7.05
7.82,Maize,Clay,0.71,1361,6.8
2.11,Wheat,Sandy,0.74,1256,1.1
1.26,Sugarcane,Black,0.77,662,1.06
3.43,Wheat,Sandy,0.92,1320,2.33
11.71,Cotton,Black,0.82,1170,7.41
13.33,Cotton,Sandy,0.58,904,3.35
8.99,Cotton,Clay,0.39,1420,2.99
12.67,Millets,Loam,0.93,925,6.54
2.64,Rice,Black,0.48,1492,1.66
2.26,Sugarcane,Sandy,0.56,1002,1.52
11.45,Cotton,Sandy,0.89,919,4.5
13.73,Cotton,Clay,0.77,970,6.15
10.78,Cotton,Sandy,0.66,1134,3.87
9.22,Sugarcane,Loam,0.53,335,2.95
3.49,Sugarcane,Loam,0.56,1337,4.7
2.33,Cotton,Sandy,0.49,1284,0.7
5.88,Wheat,Black,0.82,739,2.74
13.24,Rice,Loam,0.73,707,6.56
6.68,Rice,Loam,0.53,735,2.5
12.76,Millets,Sandy,0.32,1267,2.07
13.33,Maize,Loam,0.89,1170,14.99
7.14,Maize,Black,0.66,309,1.44
3.4,Sugarcane,Sandy,0.39,1122,1.79
4.72,Maize,Loam,0.61,398,1.24
8.6,Maize,Sandy,0.47,1296,3.77
9.97,Wheat,Clay,0.85,554,3.29
11.62,Maize,Black,0.7,804,6.47
12.81,Rice,Black,0.88,1217,12.07
4.31,Rice,Clay,0.88,1393,4.23
11.01,Sugarcane,Black,0.64,1335,15.52
6.55,Maize,Black,0.43,776,2.16
6.41,Maize,Sandy,0.4,1068,1.97
13.07,Sugarcane,Black,0.55,611,7.25
11.61,Maize,Clay,0.41,1096,4.7
5.88,Cotton,Black,0.45,591,1.03
11.41,Maize,Sandy,0.52,599,2.56
12.48,Rice,Black,0.71,765,5.97
12.55,Wheat,Loam,0.83,352,3.08
14.43,Cotton,Sandy,0.5,1456,5.04
5.87,Rice,Sandy,0.78,328,0.96
11.34,Wheat,Black,0.69,794,4.78
11.9,Rice,Clay,0.55,520,2.72
10.22,Cotton,Black,0.69,1328,6.18
10.95,Cotton,Clay,0.8,1079,5.67
11.58,Maize,Clay,0.85,1156,10.24
14.43,Maize,Black,0.95,1381,18.74
11.46,Rice,Sandy,0.7,1408,7.23
6.42,Sugarcane,Black,0.77,355,2.9
10.11,Sugarcane,Clay,0.38,1095,6.31
2.44,Sugarcane,Loam,0.49,1216,2.62
2.16,Rice,Loam,0.71,1125,1.66
8.63,Millets,Sandy,0.72,326,0.81
8.23,Maize,Sandy,0.59,1128,3.94
3.92,Millets,Clay,0.42,1327,1.09
14.98,Maize,Sandy,0.65,544,3.81
11.73,Cotton,Clay,0.83,1400,8.18
14.56,Maize,Sandy,0.84,635,5.59
7.11,Millets,Clay,0.45,375,0.6
3.23,Sugarcane,Sandy,0.68,1093,2.88
5.98,Sugarcane,Black,0.45,1201,5.33
6.39,Cotton,Black,0.79,1232,4.1
12.03,Rice,Sandy,0.82,1427,9.01
14.37,Cotton,Black,0.95,1368,12.33
7.64,Cotton,Clay,0.35,1067,1.71
13.05,Millets,Black,0.89,366,2.34
13.81,Millets,Clay,0.83,1289,7.39
5.5,Wheat,Clay,0.72,381,1.06
10.44,Wheat,Black,0.43,1470,5.08
7.48,Wheat,Black,0.42,646,1.56
12.99,Wheat,Sandy,0.75,874,4.77
3.41,Cotton,Loam,0.69,489,0.83
3.61,Cotton,Sandy,0.87,993,1.5
8.36,Rice,Loam,0.57,988,4.52
4.75,Sugarcane,Black,0.86,416,2.8
7.98,Sugarcane,Clay,0.95,683,7.77
1.79,Rice,Black,0.94,1293,1.91
9.54,Wheat,Loam,0.54,1123,4.86
8.77,Cotton,Sandy,0.62,753,1.97
11.96,Millets,Loam,0.75,578,3.11
3.28,Sugarcane,Loam,0.34,534,1.07
14.7,Maize,Sandy,0.71,768,5.77
8.94,Cotton,Black,0.67,1416,5.6
12.42,Rice,Sandy,0.86,998,6.82
10.6,Maize,Sandy,0.7,567,3.03
10.81,Cotton,Sandy,0.68,723,2.55
6.87,Millets,Loam,0.49,901,1.82
7.58,Maize,Loam,0.67,1259,6.91
13.41,Cotton,Clay,0.62,906,4.52
11.1,Sugarcane,Black,0.53,638,6.19
8.62,Cotton,Black,0.86,1459,7.14
5.86,Millets,Sandy,0.76,1026,1.83
3.0,Sugarcane,Clay,0.82,884,3.26
3.07,Cotton,Black,0.39,756,0.6
13.55,Sugarcane,Loam,0.83,1497,30.3
2.16,Rice,Black,0.74,1099,1.55
5.25,Cotton,Black,0.6,1045,2.17
3.45,Millets,Clay,0.65,549,0.62
2.61,Rice,Sandy,0.41,506,0.35
9.7,Sugarcane,Clay,0.89,1373,17.78
10.25,Rice,Sandy,0.72,955,4.51
1.25,Wheat,Clay,0.76,808,0.54
13.18,Wheat,Sandy,0.65,346,1.66
11.18,Rice,Black,0.52,588,3.01
10.95,Wheat,Sandy,0.52,1443,4.6
1.76,Cotton,Clay,0.46,1011,0.49
11.31,Maize,Black,0.8,333,2.98
4.83,Rice,Black,0.68,446,1.29
5.38,Sugarcane,Clay,0.35,478,1.35
9.38,Millets,Sandy,0.36,362,0.49
13.25,Sugarcane,Clay,0.51,346,3.51
4.92,Millets,Clay,0.77,686,1.3
7.3,Sugarcane,Loam,0.38,1399,6.99
3.85,Millets,Black,0.37,890,0.7
8.93,Millets,Loam,0.39,681,1.42
5.34,Maize,Clay,0.39,843,1.58
12.7,Wheat,Loam,0.49,975,5.1
7.9,Rice,Black,0.72,1002,5.02
2.96,Sugarcane,Black,0.76,850,3.16
5.62,Wheat,Sandy,0.94,1480,4.38
10.48,Cotton,Sandy,0.65,414,1.35
9.39,Millets,Sandy,0.69,379,0.98
14.76,Sugarcane,Sandy,0.73,1087,14.05
12.84,Rice,Loam,0.48,435,2.57
3.74,Millets,Sandy,0.38,373,0.21
13.32,Millets,Black,0.51,1288,4.81
2.1,Millets,Sandy,0.36,799,0.24
1.74,Millets,Black,0.83,374,0.3
14.41,Millets,Black,0.81,1402,9.0
2.59,Maize,Clay,0.49,1404,1.6
6.09,Rice,Loam,0.5,1156,3.38
13.12,Millets,Clay,0.61,1092,4.37
8.28,Cotton,Sandy,0.84,1424,4.75
9.95,Cotton,Sandy,0.71,1099,3.73
2.27,Sugarcane,Black,0.88,1066,3.51
12.13,Wheat,Loam,0.93,1434,13.59
9.95,Millets,Clay,0.83,1148,4.74
11.93,Rice,Clay,0.61,758,4.41
7.13,Cotton,Loam,0.64,1187,3.9
9.6,Wheat,Clay,0.74,1462,7.27
11.95,Rice,Black,0.48,372,1.88
5.05,Rice,Black,0.36,1120,1.79
3.3,Cotton,Sandy,0.76,640,0.77
5.65,Cotton,Clay,0.58,1235,2.43
7.2,Wheat,Clay,0.62,850,2.66
5.0,Wheat,Black,0.62,504,1.2
1.13,Millets,Loam,0.37,1389,0.35
2.61,Wheat,Loam,0.74,1136,1.84
11.05,Cotton,Loam,0.63,1438,7.21
5.78,Wheat,Black,0.65,567,1.64
8.74,Sugarcane,Loam,0.53,835,6.96
4.36,Wheat,Clay,0.58,1402,2.48
7.7,Millets,Clay,0.85,1151,3.77
13.56,Millets,Sandy,0.5,418,1.13
3.01,Millets,Loam,0.39,950,0.67
11.07,Cotton,Clay,0.67,1336,5.95
4.24,Cotton,Sandy,0.86,918,1.61
2.17,Millets,Sandy,0.92,799,0.64
7.47,Sugarcane,Loam,0.69,930,8.63
14.49,Wheat,Loam,0.84,1461,14.94
13.77,Wheat,Black,0.68,729,5.26
14.36,Millets,Loam,0.6,956,4.94
13.6,Sugarcane,Sandy,0.44,568,4.08
5.3,Rice,Sandy,0.32,1476,1.6
14.9,Rice,Sandy,0.32,1184,3.61
5.66,Millets,Black,0.52,1477,2.39
2.19,Maize,Black,0.82,1311,2.33
2.42,Rice,Loam,0.61,1317,1.87
3.21,Rice,Clay,0.53,528,0.72
7.24,Sugarcane,Sandy,0.8,1402,9.74
9.99,Millets,Loam,0.69,1460,6.04
11.04,Millets,Clay,0.68,1421,5.33
8.58,Millets,Loam,0.91,517,2.42
7.09,Millets,Loam,0.94,339,1.36
10.4,Sugarcane,Sandy,0.34,1023,4.34
1.13,Maize,Loam,0.75,511,0.47
7.14,Millets,Sandy,0.73,1467,3.06
8.98,Maize,Black,0.56,397,1.98
2.04,Maize,Sandy,0.77,999,1.13
1.78,Cotton,Sandy,0.52,1403,0.62
10.63,Wheat,Loam,0.81,914,6.61
9.02,Sugarcane,Loam,0.4,805,5.23
9.44,Wheat,Clay,0.7,1273,5.89
14.97,Cotton,Sandy,0.86,1310,8.1
5.21,Wheat,Sandy,0.34,351,0.35
8.72,Maize,Black,0.6,1137,5.89
12.14,Rice,Black,0.38,1472,5.98
12.04,Wheat,Black,0.9,1440,12.01
4.06,Cotton,Black,0.4,569,0.61
10.88,Maize,Loam,0.36,1147,4.85
14.39,Maize,Clay,0.84,1321,14.37
13.45,Wheat,Sandy,0.74,550,3.07
1.52,Maize,Black,0.4,1421,0.86
12.2,Millets,Clay,0.5,1498,4.57
9.25,Rice,Clay,0.77,688,3.92
8.9,Maize,Sandy,0.69,1163,5.14
2.9,Rice,Black,0.7,769,1.37
3.9,Wheat,Sandy,0.79,1447,2.5
6.7,Maize,Sandy,0.8,813,3.14
14.24,Millets,Black,0.95,363,2.7
12.15,Cotton,Loam,0.58,833,4.23
14.54,Cotton,Black,0.85,594,4.85
8.46,Wheat,Loam,0.7,467,2.32
13.9,Wheat,Black,0.68,960,6.99
5.15,Sugarcane,Loam,0.56,369,1.92
9.55,Sugarcane,Sandy,0.44,628,3.17
10.81,Wheat,Black,0.85,505,3.57
1.56,Sugarcane,Black,0.94,1483,3.59
5.66,Cotton,Loam,0.38,776,1.2
14.07,Cotton,Loam,0.71,1062,7.64
7.78,Cotton,Sandy,0.54,818,1.65
7.04,Maize,Loam,0.41,989,3.08
6.18,Maize,Loam,0.66,993,4.37
2.84,Wheat,Sandy,0.79,1321,1.66
5.47,Wheat,Loam,0.51,725,1.7
10.16,Cotton,Sandy,0.33,991,1.59
1.91,Wheat,Loam,0.53,1459,1.24
4.19,Sugarcane,Black,0.38,904,2.37
11.55,Cotton,Black,0.57,1118,4.86
12.12,Sugarcane,Clay,0.87,1436,22.71
11.9,Rice,Black,0.49,785,4.03
6.32,Wheat,Sandy,0.77,586,1.6
3.37,Millets,Clay,0.91,397,0.61
13.99,Millets,Black,0.31,1067,2.55
14.06,Sugarcane,Sandy,0.47,966,7.66
7.31,Maize,Clay,0.86,709,4.01
9.15,Cotton,Clay,0.82,1387,6.24
1.15,Sugarcane,Black,0.32,720,0.44
14.1,Rice,Clay,0.87,963,9.45
8.36,Rice,Clay,0.84,801,4.5
8.33,Millets,Sandy,0.41,503,0.69
8.09,Rice,Black,0.45,881,2.82
12.22,Sugarcane,Clay,0.87,1322,21.08
3.89,Wheat,Clay,0.42,1460,1.67
6.75,Sugarcane,Loam,0.61,340,2.52
1.79,Millets,Sandy,0.3,1392,0.3
3.03,Maize,Clay,0.55,403,0.6
14.06,Millets,Sandy,0.73,1408,5.78
4.72,Cotton,Black,0.3,356,0.33
9.85,Millets,Clay,0.52,1072,2.75
9.94,Maize,Clay,0.73,378,2.47
5.49,Maize,Clay,0.85,1045,4.39
1.5,Maize,Loam,0.69,1275,1.43
14.59,Sugarcane,Loam,0.35,1107,10.18
11.06,Sugarcane,Loam,0.81,726,11.71
12.79,Rice,Clay,0.82,934,7.84
5.53,Maize,Loam,0.92,1001,5.5
9.49,Millets,Clay,0.87,672,2.77
6.82,Cotton,Loam,0.45,474,1.05
13.98,Cotton,Clay,0.55,830,3.83
10.07,Sugarcane,Clay,0.65,1294,12.7
4.63,Millets,Black,0.95,1010,2.44
10.62,Wheat,Black,0.44,367,1.32
10.92,Wheat,Loam,0.39,447,1.6
5.27,Wheat,Sandy,0.42,1016,1.26
2.7,Millets,Sandy,0.74,1456,1.16
3.89,Sugarcane,Sandy,0.41,1263,2.42
9.1,Rice,Clay,0.47,1151,3.94
5.77,Maize,Sandy,0.7,1218,3.54
10.72,Cotton,Sandy,0.35,1152,2.07
6.74,Millets,Sandy,0.78,1228,2.58
2.6,Wheat,Loam,0.33,1300,0.94
6.44,Sugarcane,Clay,0.68,498,3.27
3.37,Rice,Sandy,0.74,1240,1.98
4.38,Rice,Sandy,0.61,821,1.4
9.06,Rice,Black,0.55,662,2.9
8.57,Rice,Black,0.44,1491,4.95
14.85,Wheat,Black,0.93,1094,11.63
8.63,Maize,Sandy,0.43,746,1.99
9.42,Sugarcane,Clay,0.94,874,11.61
3.02,Cotton,Clay,0.35,926,0.59
14.26,Wheat,Sandy,0.75,343,2.05
8.55,Sugarcane,Clay,0.91,387,4.52
4.72,Millets,Sandy,0.73,1363,1.88
3.82,Millets,Black,0.82,1436,2.47
14.49,Wheat,Sandy,0.38,1127,3.48
4.9,Sugarcane,Black,0.8,1144,7.4
11.15,Millets,Clay,0.33,485,0.89
14.78,Millets,Clay,0.64,1400,6.62
14.52,Rice,Sandy,0.31,402,1.16
2.21,Maize,Loam,0.51,1390,1.69
6.43,Rice,Black,0.67,346,1.31
4.74,Rice,Loam,0.59,560,1.5
1.16,Cotton,Sandy,0.34,1491,0.28
10.08,Millets,Loam,0.31,640,1.2
4.3,Cotton,Black,0.79,766,1.72
6.89,Cotton,Loam,0.82,1140,4.64
6.57,Maize,Black,0.62,504,2.03
11.2,Rice,Loam,0.57,1077,6.6
2.52,Rice,Loam,0.82,1108,2.2
7.04,Sugarcane,Black,0.61,1065,7.55
9.05,Rice,Sandy,0.73,1140,4.82
2.29,Cotton,Clay,0.43,376,0.22
12.25,Cotton,Clay,0.94,748,5.17
12.73,Maize,Sandy,0.45,892,3.68
9.49,Rice,Clay,0.56,1349,5.74
10.74,Millets,Black,0.69,1251,5.1
14.49,Maize,Loam,0.46,655,4.72
5.3,Sugarcane,Sandy,0.62,1370,5.4
3.6,Wheat,Black,0.64,318,0.56
6.9,Maize,Sandy,0.9,680,3.04
12.68,Wheat,Loam,0.92,426,4.17
11.69,Millets,Black,0.49,1097,3.46
6.58,Rice,Black,0.83,1007,4.84
7.61,Maize,Loam,0.45,595,2.2
8.37,Millets,Sandy,0.82,817,2.24
9.6,Wheat,Sandy,0.78,1389,5.82
5.01,Rice,Loam,0.3,1342,1.94
10.37,Millets,Loam,0.88,636,3.48
9.43,Maize,Clay,0.55,1435,6.7
6.47,Sugarcane,Sandy,0.71,979,5.4
12.45,Sugarcane,Sandy,0.58,583,5.05
7.7,Rice,Sandy,0.31,887,1.36
4.62,Cotton,Loam,0.77,1471,3.77
5.18,Cotton,Black,0.68,757,1.76
2.96,Maize,Sandy,0.32,612,0.42
6.52,Cotton,Black,0.72,1159,3.59
9.39,Sugarcane,Black,0.34,375,1.98
7.83,Wheat,Black,0.74,1120,5.0
8.34,Maize,Loam,0.54,1078,5.24
13.73,Wheat,Sandy,0.39,1218,3.65
9.66,Rice,Sandy,0.78,1458,7.03
14.34,Sugarcane,Black,0.87,761,15.67
11.89,Maize,Loam,0.47,1003,6.05
6.89,Wheat,Sandy,0.37,673,0.96
1.74,Maize,Clay,0.45,340,0.24
8.24,Rice,Black,0.92,427,2.85
4.43,Wheat,Black,0.72,1147,2.82
8.37,Cotton,Loam,0.59,1336,4.75
1.43,Millets,Loam,0.77,1397,0.92
11.6,Millets,Loam,0.46,367,1.17
3.62,Maize,Black,0.65,1228,2.86
1.28,Rice,Loam,0.72,1143,1.01
5.65,Maize,Sandy,0.78,410,1.3
8.92,Cotton,Clay,0.49,828,2.17
3.9,Rice,Loam,0.82,769,2.36
8.56,Cotton,Clay,0.76,591,2.31
5.45,Sugarcane,Black,0.66,326,1.93
9.73,Rice,Clay,0.35,1414,3.85
4.61,Maize,Sandy,0.88,1485,4.34
9.62,Rice,Sandy,0.62,940,3.59
11.34,Maize,Sandy,0.85,664,4.61
7.46,Rice,Sandy,0.44,1379,2.9
6.77,Cotton,Clay,0.32,340,0.44
14.17,Cotton,Loam,0.8,540,4.41
6.31,Millets,Black,0.8,582,1.62
1.88,Sugarcane,Black,0.75,1475,3.43
6.48,Sugarcane,Loam,0.9,682,7.16
1.34,Millets,Sandy,0.91,1264,0.62
3.77,Maize,Sandy,0.6,1259,2.05
9.31,Cotton,Black,0.33,468,0.95
3.16,Sugarcane,Sandy,0.39,989,1.46
14.77,Cotton,Black,0.53,464,2.4
1.38,Cotton,Clay,0.94,612,0.48
9.48,Rice,Loam,0.92,1433,12.0
4.19,Cotton,Sandy,0.36,1130,0.82
3.44,Sugarcane,Sandy,0.49,759,1.54
12.89,Cotton,Sandy,0.41,1368,3.47
11.08,Cotton,Sandy,0.6,890,2.84
2.95,Sugarcane,Clay,0.64,718,2.03
4.76,Millets,Clay,0.88,630,1.32
14.96,Cotton,Sandy,0.5,685,2.46
1.91,Sugarcane,Clay,0.44,1446,1.82
5.77,Millets,Sandy,0.56,1199,1.55
9.9,Millets,Loam,0.34,471,0.95
11.26,Sugarcane,Clay,0.72,1321,16.06
14.12,Wheat,Sandy,0.44,1071,3.73
7.17,Sugarcane,Clay,0.85,395,3.61
4.4,Rice,Sandy,0.9,849,2.15
7.46,Maize,Sandy,0.72,432,1.67
10.91,Millets,Sandy,0.31,534,0.72
12.51,Millets,Black,0.69,1366,6.49
14.33,Sugarcane,Black,0.44,761,7.92
9.75,Maize,Sandy,0.91,1143,7.3
5.15,Cotton,Black,0.76,653,1.69
7.55,Millets,Sandy,0.42,487,0.62
13.18,Sugarcane,Sandy,0.4,1016,6.43
2.72,Cotton,Clay,0.55,889,0.8
6.79,Rice,Loam,0.46,723,2.17
7.83,Millets,Black,0.76,437,1.43
4.1,Sugarcane,Black,0.75,1082,5.49
3.91,Maize,Loam,0.38,684,1.1
14.77,Millets,Sandy,0.63,740,2.75
5.34,Wheat,Clay,0.31,1348,1.56
11.32,Millets,Sandy,0.38,435,0.75
14.57,Wheat,Black,0.58,1348,8.77
4.69,Cotton,Sandy,0.84,935,1.77
7.62,Millets,Sandy,0.39,403,0.48
3.23,Rice,Black,0.53,1357,2.04
6.54,Sugarcane,Sandy,0.5,1029,4.04
1.65,Sugarcane,Clay,0.59,1498,2.19
3.9,Maize,Loam,0.34,1130,1.62
6.77,Maize,Black,0.66,1445,6.39
9.45,Rice,Black,0.51,1006,4.27
5.73,Wheat,Clay,0.57,1208,2.76
1.87,Sugarcane,Sandy,0.53,414,0.49
2.14,Maize,Sandy,0.37,1137,0.65
11.16,Millets,Sandy,0.36,349,0.56
8.11,Millets,Loam,0.52,1199,3.03
6.92,Sugarcane,Sandy,0.74,914,5.62
2.86,Rice,Clay,0.59,516,0.7
12.57,Millets,Black,0.37,871,2.23
13.96,Cotton,Black,0.8,849,6.26
6.33,Millets,Sandy,0.44,1310,1.46
2.32,Wheat,Loam,0.4,824,0.64
1.74,Sugarcane,Loam,0.54,1184,2.0
11.95,Cotton,Black,0.68,639,3.43
7.39,Wheat,Black,0.59,398,1.34
4.54,Wheat,Black,0.81,537,1.52
6.84,Cotton,Black,0.56,775,1.96
5.69,Wheat,Sandy,0.32,856,0.87
10.17,Cotton,Clay,0.53,1328,4.29
2.03,Cotton,Black,0.92,515,0.63
13.35,Sugarcane,Black,0.73,630,10.13
1.24,Cotton,Black,0.84,1401,0.96
6.86,Rice,Sandy,0.42,638,1.18
13.34,Rice,Black,0.33,1298,5.03
3.11,Sugarcane,Clay,0.74,433,1.49
3.04,Cotton,Black,0.92,342,0.63
2.73,Rice,Clay,0.4,977,0.85
5.38,Sugarcane,Clay,0.36,970,2.82
7.79,Cotton,Black,0.69,1208,4.29
2.62,Cotton,Loam,0.43,524,0.43
9.4,Maize,Black,0.32,1356,4.04
1.06,Maize,Loam,0.92,659,0.69
14.24,Rice,Loam,0.94,360,4.63
9.54,Millets,Black,0.55,1450,4.18
10.27,Millets,Sandy,0.82,345,1.16
12.29,Maize,Loam,0.84,1108,12.35
10.48,Sugarcane,Sandy,0.59,1216,9.02
3.68,Sugarcane,Loam,0.78,1036,5.35
8.32,Wheat,Loam,0.71,752,3.73
8.2,Millets,Clay,0.77,393,1.24
7.0,Rice,Clay,0.49,621,1.7
5.45,Cotton,Loam,0.72,1290,3.64
14.03,Millets,Sandy,0.38,383,0.82
4.04,Cotton,Black,0.9,539,1.29
12.79,Millets,Clay,0.72,763,3.51
14.94,Sugarcane,Loam,0.54,1046,15.19
7.3,Maize,Loam,0.88,1378,9.56
12.65,Rice,Loam,0.61,924,6.84
1.32,Sugarcane,Black,0.7,544,0.83
13.39,Maize,Clay,0.57,457,3.14
9.6,Maize,Black,0.57,562,3.04
2.45,Rice,Sandy,0.72,611,0.69
12.33,Maize,Clay,0.78,1234,10.68
2.96,Rice,Loam,0.91,1108,2.87
14.66,Sugarcane,Black,0.32,313,2.42
9.61,Sugarcane,Sandy,0.75,532,4.6
7.87,Millets,Clay,0.38,1120,1.67
12.64,Millets,Clay,0.42,319,0.85
7.58,Millets,Loam,0.73,312,1.04
2.97,Sugarcane,Clay,0.8,1473,5.25
7.73,Millets,Loam,0.45,1402,2.93
8.0,Cotton,Sandy,0.42,961,1.55
3.72,Sugarcane,Sandy,0.76,1403,4.76
13.74,Millets,Clay,0.85,755,4.41
7.69,Maize,Loam,0.4,1141,3.79
14.43,Maize,Loam,0.37,1306,7.53
4.2,Rice,Loam,0.66,723,1.92
7.71,Sugarcane,Black,0.89,655,7.42
3.31,Wheat,Clay,0.49,417,0.47
8.93,Cotton,Sandy,0.62,1365,3.63
8.12,Rice,Clay,0.72,1159,5.42
8.31,Rice,Black,0.82,489,2.93
1.04,Cotton,Loam,0.72,1455,0.78
10.9,Maize,Black,0.61,1392,9.16
6.51,Wheat,Black,0.5,1026,2.57
13.25,Sugarcane,Clay,0.73,1072,15.55
8.53,Maize,Clay,0.92,1357,9.58
2.29,Millets,Sandy,0.9,545,0.45
7.25,Cotton,Clay,0.46,1086,2.17
12.69,Cotton,Loam,0.41,1297,4.86
9.71,Millets,Clay,0.37,522,0.94
12.26,Maize,Loam,0.64,720,6.1
11.38,Millets,Sandy,0.81,1466,5.41
14.53,Cotton,Clay,0.89,1082,8.4
7.61,Millets,Sandy,0.86,917,2.4
11.69,Rice,Sandy,0.58,1370,5.94
12.54,Cotton,Clay,0.34,609,1.56
11.98,Maize,Loam,0.68,324,2.85
14.39,Wheat,Sandy,0.76,634,3.88
5.49,Maize,Loam,0.7,1419,5.89
6.57,Wheat,Black,0.8,375,1.52
4.3,Wheat,Black,0.43,358,0.51
7.8,Cotton,Loam,0.42,1160,2.74
1.47,Maize,Black,0.92,594,0.8
9.1,Maize,Sandy,0.63,438,1.81
5.22,Rice,Black,0.76,506,1.77
13.87,Maize,Loam,0.67,582,5.84
8.51,Sugarcane,Loam,0.39,1125,6.72
7.13,Rice,Sandy,0.51,1286,2.99
7.43,Rice,Black,0.81,1249,6.61
1.6,Rice,Black,0.64,940,0.85
13.32,Maize,Clay,0.93,310,3.46
1.47,Sugarcane,Clay,0.31,1237,0.85
11.99,Cotton,Loam,0.64,576,3.18
5.55,Cotton,Clay,0.8,1322,3.52
10.84,Maize,Black,0.34,443,1.62
13.03,Rice,Clay,0.61,532,3.38
4.5,Millets,Sandy,0.51,818,0.75
3.98,Cotton,Sandy,0.41,1029,0.81
2.64,Maize,Black,0.38,1486,1.48
9.85,Maize,Black,0.5,1443,7.04
1.15,Wheat,Clay,0.93,1237,0.93
1.99,Cotton,Black,0.71,659,0.61
3.29,Millets,Loam,0.62,815,1.0
11.62,Rice,Loam,0.47,878,4.6
12.27,Maize,Sandy,0.45,356,1.42
9.78,Sugarcane,Loam,0.6,515,5.44
14.95,Rice,Clay,0.73,1129,9.86
9.19,Cotton,Clay,0.73,674,2.71
1.65,Wheat,Sandy,0.45,439,0.18
11.15,Wheat,Sandy,0.92,985,5.66
10.2,Millets,Loam,0.88,1020,5.49
1.48,Maize,Black,0.39,631,0.36
8.71,Maize,Sandy,0.56,324,1.14
12.86,Millets,Sandy,0.6,1364,4.21
12.07,Maize,Clay,0.73,1212,9.61
10.84,Maize,Loam,0.6,635,4.46
10.73,Wheat,Loam,0.79,402,2.86
2.24,Cotton,Loam,0.87,449,0.63
6.11,Maize,Sandy,0.47,952,1.97
12.31,Sugarcane,Sandy,0.67,687,6.8
12.06,Maize,Sandy,0.85,1028,7.59
2.32,Cotton,Sandy,0.89,1257,1.25
3.27,Rice,Sandy,0.58,1075,1.3
11.2,Maize,Clay,0.47,793,3.76
2.04,Maize,Loam,0.47,947,0.98
14.6,Maize,Black,0.9,489,6.36
14.23,Sugarcane,Loam,0.63,547,8.83
14.58,Cotton,Loam,0.87,365,3.33
13.44,Rice,Sandy,0.4,752,2.59
11.69,Rice,Sandy,0.87,1492,9.71
8.5,Cotton,Loam,0.85,712,3.7
7.45,Maize,Sandy,0.83,1464,6.52
2.35,Millets,Clay,0.37,819,0.36
8.85,Rice,Black,0.45,538,1.89
3.05,Wheat,Loam,0.95,726,1.77
1.99,Maize,Clay,0.93,375,0.62
9.85,Wheat,Sandy,0.87,708,3.4
12.55,Rice,Clay,0.74,592,4.4
3.87,Sugarcane,Clay,0.4,1039,2.41
6.7,Cotton,Loam,0.68,384,1.26
14.65,Wheat,Black,0.41,898,4.15
7.58,Maize,Clay,0.9,340,2.09
5.02,Cotton,Sandy,0.34,958,0.78
2.53,Sugarcane,Black,0.46,643,1.23
5.24,Rice,Black,0.43,956,1.9
11.54,Cotton,Loam,0.62,780,4.02
2.06,Wheat,Loam,0.57,1167,1.15
10.49,Cotton,Sandy,0.8,611,2.46
3.3,Rice,Black,0.43,1196,1.49
14.87,Rice,Sandy,0.76,417,3.02
12.62,Cotton,Sandy,0.47,1345,3.83
5.82,Millets,Black,0.9,658,1.9
3.41,Sugarcane,Clay,0.82,357,1.5
9.1,Wheat,Loam,0.39,918,2.74
12.58,Wheat,Sandy,0.9,1376,8.72
6.81,Wheat,Sandy,0.52,455,0.9
1.81,Rice,Black,0.37,634,0.37
1.0,Sugarcane,Sandy,0.89,367,0.39
5.8,Sugarcane,Black,0.53,1289,6.54
12.34,Sugarcane,Clay,0.89,675,11.12
10.28,Rice,Clay,0.9,1220,9.03
10.99,Millets,Sandy,0.68,781,2.33
14.64,Rice,Black,0.78,1274,12.8
3.1,Cotton,Black,0.91,305,0.57
6.03,Rice,Clay,0.67,1169,3.78
11.99,Maize,Black,0.44,1009,5.27
9.47,Rice,Clay,0.75,399,2.27
12.65,Cotton,Clay,0.39,611,1.81
9.8,Rice,Clay,0.77,1119,6.76
6.48,Cotton,Black,0.31,750,0.99
9.63,Cotton,Clay,0.58,563,1.89
4.16,Maize,Black,0.7,1096,3.16
5.49,Wheat,Black,0.39,894,1.47
9.03,Sugarcane,Loam,0.39,1226,7.77
10.35,Wheat,Sandy,0.69,1047,4.19
5.9,Rice,Black,0.56,1278,3.72
13.43,Millets,Sandy,0.74,1110,4.41
6.04,Rice,Sandy,0.73,860,2.43
5.81,Millets,Clay,0.31,1223,1.1
2.68,Rice,Black,0.92,356,0.77
12.58,Rice,Black,0.73,916,7.4
2.4,Wheat,Loam,0.83,678,1.13
8.89,Wheat,Clay,0.83,1107,5.72
6.25,Sugarcane,Sandy,0.9,1168,7.88
9.33,Rice,Black,0.93,440,3.36
5.13,Maize,Clay,0.74,1434,4.9
6.26,Maize,Clay,0.36,879,1.78
8.51,Maize,Sandy,0.86,1423,7.5
13.77,Sugarcane,Black,0.59,680,9.12
8.33,Rice,Clay,0.51,704,2.39
6.26,Millets,Clay,0.69,791,1.71
13.07,Millets,Black,0.8,1428,8.21
9.8,Millets,Black,0.81,885,3.86
5.19,Sugarcane,Black,0.47,479,1.93
2.8,Millets,Black,0.6,849,0.78
12.58,Maize,Loam,0.76,618,6.38
13.32,Rice,Loam,0.31,1413,5.6
2.44,Rice,Loam,0.39,423,0.39
13.63,Millets,Sandy,0.94,1250,6.41
1.49,Rice,Loam,0.31,739,0.33
7.81,Millets,Clay,0.91,1273,4.52
7.64,Cotton,Loam,0.52,1377,3.94
6.69,Wheat,Sandy,0.84,1316,4.14
13.95,Maize,Sandy,0.55,1406,7.77
7.47,Rice,Black,0.54,1147,4.07
14.66,Wheat,Loam,0.5,629,3.87
4.4,Wheat,Clay,0.41,1263,1.59
8.31,Maize,Sandy,0.94,1069,6.01
13.75,Maize,Clay,0.32,1175,4.65
1.11,Sugarcane,Black,0.32,882,0.52
10.37,Cotton,Black,0.55,480,1.81
6.93,Maize,Loam,0.54,822,3.32
11.01,Sugarcane,Loam,0.71,996,14.01
6.64,Rice,Sandy,0.45,383,0.73
3.27,Wheat,Clay,0.65,629,0.94
11.74,Sugarcane,Black,0.46,1004,8.95
12.93,Sugarcane,Sandy,0.66,1095,11.21
4.27,Millets,Loam,0.84,1299,2.8
12.94,Maize,Clay,0.77,558,5.0
8.45,Cotton,Loam,0.37,468,1.05
2.97,Sugarcane,Loam,0.64,954,3.26
7.09,Cotton,Black,0.44,477,0.98
6.61,Millets,Loam,0.57,367,0.83
9.64,Cotton,Clay,0.57,489,1.61
6.58,Wheat,Black,0.9,1222,5.57
7.5,Rice,Sandy,0.83,1251,4.98
11.12,Wheat,Loam,0.5,532,2.48
12.78,Cotton,Clay,0.86,433,2.86
7.26,Cotton,Black,0.71,1119,3.81
10.18,Maize,Clay,0.8,463,3.39
5.84,Sugarcane,Loam,0.67,1048,7.38
9.16,Maize,Clay,0.31,476,1.22
1.94,Sugarcane,Clay,0.43,1418,1.77
10.73,Sugarcane,Clay,0.7,424,4.78
7.07,Maize,Black,0.38,1499,3.99
7.49,Maize,Clay,0.46,790,2.45
2.58,Cotton,Loam,0.61,1086,1.23
6.33,Wheat,Clay,0.53,942,2.21
11.71,Cotton,Sandy,0.72,1298,5.25
9.49,Millets,Clay,0.84,726,2.89
2.9,Millets,Black,0.93,1235,1.83
10.3,Millets,Black,0.65,1016,3.74
2.37,Rice,Clay,0.37,1450,1.02
12.69,Cotton,Sandy,0.5,504,1.53
10.02,Cotton,Sandy,0.33,334,0.53
6.73,Cotton,Loam,0.39,467,0.88
1.22,Millets,Black,0.35,609,0.14
5.16,Rice,Black,0.59,1411,3.78
7.49,Cotton,Black,0.57,575,1.62
9.19,Maize,Black,0.49,732,3.26
4.83,Maize,Sandy,0.42,553,0.81
3.2,Millets,Black,0.44,337,0.26
2.76,Rice,Black,0.63,593,0.91
5.87,Cotton,Loam,0.36,1140,1.73
3.0,Cotton,Black,0.72,374,0.53
1.31,Wheat,Clay,0.93,691,0.59
13.92,Maize,Sandy,0.51,1022,5.22
6.22,Sugarcane,Clay,0.59,578,3.18
7.15,Cotton,Loam,0.85,641,2.8
14.76,Sugarcane,Sandy,0.82,1286,18.68
11.88,Millets,Loam,0.89,905,5.74
12.24,Cotton,Black,0.87,963,6.77
9.87,Rice,Sandy,0.44,1461,4.06
1.27,Wheat,Clay,0.84,590,0.44
14.4,Cotton,Black,0.42,1390,5.55
5.43,Sugarcane,Black,0.61,1382,7.55
8.42,Millets,Black,0.48,807,1.79
6.85,Maize,Sandy,0.35,1476,2.55
5.18,Rice,Loam,0.91,634,2.87
1.16,Sugarcane,Loam,0.32,1386,0.93
5.61,Wheat,Loam,0.68,865,2.77
6.58,Rice,Sandy,0.36,903,1.37
8.46,Rice,Loam,0.39,1068,3.38
4.72,Sugarcane,Sandy,0.9,626,3.19
11.02,Wheat,Clay,0.71,367,2.01
5.02,Sugarcane,Clay,0.43,1271,4.12
10.6,Sugarcane,Sandy,0.73,901,8.37
9.72,Wheat,Clay,0.76,1402,7.25
12.39,Wheat,Loam,0.57,478,2.84
6.12,Millets,Loam,0.76,527,1.47
14.97,Sugarcane,Clay,0.34,1067,8.15
5.36,Rice,Black,0.47,708,1.57
11.54,Sugarcane,Loam,0.32,1089,7.24
14.5,Rice,Loam,0.81,1246,14.05
1.54,Millets,Black,0.48,1187,0.48
5.4,Rice,Clay,0.59,1273,3.24
11.76,Millets,Black,0.33,776,1.66
9.64,Millets,Loam,0.67,452,1.75
7.49,Maize,Loam,0.43,1276,4.44
8.3,Sugarcane,Black,0.49,910,6.11
8.9,Sugarcane,Black,0.62,887,8.08
8.11,Wheat,Clay,0.69,1114,4.36
9.41,Rice,Sandy,0.89,411,2.2
8.36,Millets,Black,0.65,1076,3.22
1.74,Wheat,Clay,0.89,866,0.94
11.98,Millets,Clay,0.43,623,1.6
5.52,Wheat,Black,0.35,1352,2.01
9.63,Maize,Clay,0.53,1234,5.67
3.53,Millets,Loam,0.62,512,0.67
13.86,Rice,Sandy,0.35,1387,4.31
9.75,Millets,Sandy,0.77,431,1.29
13.05,Rice,Sandy,0.46,1476,5.67
1.34,Rice,Black,0.35,1434,0.59
8.07,Sugarcane,Sandy,0.67,1268,8.23
6.36,Wheat,Black,0.6,833,2.45
2.79,Rice,Clay,0.38,1009,0.86
3.12,Rice,Loam,0.85,1278,3.25
11.98,Maize,Black,0.32,1019,3.87
4.13,Maize,Black,0.39,806,1.29
4.9,Rice,Black,0.46,476,0.94
8.55,Cotton,Clay,0.75,1350,5.19
14.41,Maize,Loam,0.53,343,2.83
2.76,Cotton,Loam,0.63,586,0.73
10.66,Wheat,Sandy,0.62,1143,4.23
12.84,Sugarcane,Black,0.54,688,7.87
3.11,Wheat,Clay,0.57,982,1.22
3.12,Sugarcane,Loam,0.66,356,1.32
10.22,Wheat,Clay,0.35,1442,3.61
1.1,Cotton,Loam,0.93,314,0.23
1.38,Maize,Clay,0.43,629,0.34
5.0,Cotton,Loam,0.69,1161,2.88
12.03,Sugarcane,Sandy,0.32,1414,6.53
2.14,Rice,Clay,0.63,563,0.61
8.54,Maize,Clay,0.93,1202,8.59
4.84,Rice,Black,0.82,1102,3.85
8.69,Sugarcane,Black,0.6,670,5.76
8.99,Sugarcane,Black,0.33,848,4.15
4.36,Rice,Black,0.94,1345,4.85
7.31,Maize,Clay,0.93,563,3.44
4.17,Cotton,Black,0.89,717,1.76
7.99,Maize,Black,0.32,968,2.45
13.52,Maize,Loam,0.59,1428,12.3
12.05,Millets,Sandy,0.3,698,1.01
6.49,Rice,Clay,0.55,1410,4.03
3.98,Wheat,Loam,0.8,1123,3.0
11.06,Wheat,Sandy,0.67,1469,6.1
3.2,Maize,Loam,0.7,1347,3.26
14.02,Millets,Black,0.79,1291,7.86
1.4,Millets,Black,0.51,585,0.23
8.32,Wheat,Sandy,0.55,1412,3.62
1.26,Sugarcane,Sandy,0.71,1197,1.29
9.52,Millets,Clay,0.88,1425,5.97
14.59,Millets,Black,0.5,727,2.92
1.73,Sugarcane,Sandy,0.55,953,1.09
4.15,Rice,Clay,0.91,307,0.93
10.63,Cotton,Loam,0.79,1246,7.53
8.33,Maize,Clay,0.61,818,3.74
14.53,Rice,Clay,0.54,1218,7.65
3.45,Millets,Loam,0.7,1416,2.05
5.38,Cotton,Clay,0.64,758,1.57
12.99,Wheat,Black,0.45,622,2.8
9.83,Sugarcane,Clay,0.84,1285,15.92
4.54,Wheat,Clay,0.72,1159,2.65
8.9,Wheat,Black,0.66,1439,6.51
13.4,Wheat,Clay,0.6,826,4.65
10.78,Cotton,Black,0.81,411,2.37
12.83,Maize,Sandy,0.46,566,2.41
6.37,Rice,Loam,0.61,739,2.76
5.89,Millets,Black,0.7,888,2.01
4.01,Sugarcane,Sandy,0.5,560,1.35
4.98,Millets,Clay,0.95,500,1.18
5.9,Millets,Loam,0.84,1043,3.1
3.18,Millets,Sandy,0.65,1473,1.22
5.68,Sugarcane,Sandy,0.64,542,2.36
12.62,Sugarcane,Loam,0.74,1104,18.56
8.58,Rice,Black,0.7,951,5.03
13.59,Maize,Loam,0.61,1420,12.71
13.16,Cotton,Clay,0.94,1080,8.02
12.68,Wheat,Loam,0.77,369,3.03
10.33,Maize,Black,0.35,452,1.62
3.85,Rice,Clay,0.93,1331,3.81
14.53,Wheat,Clay,0.66,915,6.14
5.28,Cotton,Sandy,0.6,1127,1.71
14.19,Cotton,Loam,0.7,878,6.28
10.7,Sugarcane,Loam,0.49,967,9.13
14.96,Sugarcane,Sandy,0.81,751,10.92
13.87,Millets,Sandy,0.64,1423,5.05
11.38,Rice,Loam,0.68,721,5.36
6.44,Rice,Loam,0.78,931,4.49
7.69,Rice,Clay,0.62,556,2.12
3.78,Sugarcane,Loam,0.48,552,1.8
13.14,Cotton,Clay,0.88,306,2.12
3.17,Maize,Black,0.43,515,0.69
3.13,Wheat,Clay,0.41,1254,1.13
10.81,Rice,Sandy,0.62,971,4.17
1.58,Wheat,Black,0.57,1169,0.81
12.99,Maize,Black,0.86,1303,14.41
6.23,Wheat,Clay,0.33,451,0.65
10.69,Millets,Clay,0.47,1464,3.68
1.87,Maize,Black,0.77,1388,1.98
6.06,Maize,Sandy,0.43,504,0.95
8.91,Rice,Black,0.49,819,3.15
8.18,Maize,Clay,0.65,884,4.23
12.77,Millets,Clay,0.89,621,3.53
11.64,Cotton,Sandy,0.95,623,3.31
9.97,Rice,Black,0.93,340,2.77
7.5,Maize,Loam,0.54,414,1.81
1.91,Wheat,Sandy,0.66,1062,0.75
14.37,Millets,Clay,0.47,495,1.67
6.31,Cotton,Sandy,0.72,575,1.25
3.6,Sugarcane,Black,0.93,1479,8.17
4.45,Cotton,Sandy,0.53,300,0.34
11.11,Millets,Black,0.57,711,2.48
8.57,Cotton,Sandy,0.73,1241,3.73
4.23,Wheat,Black,0.67,543,1.18
4.58,Cotton,Black,0.41,1300,1.61
14.49,Wheat,Loam,0.79,524,5.04
10.93,Millets,Clay,0.71,379,1.47
11.22,Wheat,Loam,0.45,587,2.49
13.87,Maize,Black,0.66,751,6.81
2.18,Cotton,Sandy,0.52,477,0.26
8.95,Maize,Loam,0.55,473,2.51
8.82,Cotton,Sandy,0.5,335,0.71
11.19,Millets,Black,0.6,827,3.05
10.23,Sugarcane,Clay,0.64,908,8.92
1.52,Rice,Loam,0.8,984,1.15
11.73,Millets,Clay,0.44,1214,3.13
12.79,Maize,Black,0.58,1336,9.81
14.4,Millets,Sandy,0.66,913,3.47
2.67,Cotton,Clay,0.94,990,1.49
8.9,Rice,Sandy,0.41,469,1.1
10.07,Rice,Black,0.58,947,4.87
13.52,Sugarcane,Loam,0.79,1450,27.88
4.7,Millets,Sandy,0.58,402,0.44
13.96,Wheat,Clay,0.53,359,1.86
10.39,Millets,Sandy,0.33,320,0.44
10.55,Maize,Loam,0.62,1025,7.24
5.65,Rice,Loam,0.67,1231,4.47
3.22,Sugarcane,Sandy,0.92,568,2.02
9.99,Rice,Clay,0.95,674,5.12
13.28,Millets,Clay,0.86,1141,6.52
11.4,Sugarcane,Black,0.47,566,5.0
6.97,Millets,Black,0.47,966,1.74
1.17,Maize,Sandy,0.46,730,0.28
10.48,Cotton,Sandy,0.55,1159,3.21
2.1,Rice,Sandy,0.6,1342,1.08
12.8,Wheat,Sandy,0.35,664,1.67
3.77,Rice,Sandy,0.89,650,1.4
11.59,Wheat,Sandy,0.67,477,2.07
2.91,Wheat,Sandy,0.5,1144,0.93
7.14,Rice,Sandy,0.33,455,0.69
13.07,Wheat,Loam,0.93,1054,10.76
3.17,Millets,Clay,0.36,365,0.21
3.14,Rice,Black,0.51,1293,1.82
11.57,Wheat,Sandy,0.81,434,2.28
5.61,Cotton,Clay,0.51,1128,1.94
5.33,Cotton,Black,0.5,984,1.73
6.27,Maize,Black,0.8,1164,5.78
5.37,Maize,Clay,0.57,849,2.34
3.31,Millets,Clay,0.39,1005,0.65
9.48,Wheat,Clay,0.92,457,2.79
8.4,Cotton,Loam,0.71,863,3.71
8.58,Sugarcane,Sandy,0.7,623,4.49
12.3,Millets,Sandy,0.34,561,0.94
10.41,Sugarcane,Clay,0.5,1092,8.53
7.15,Sugarcane,Loam,0.71,436,3.98
7.07,Rice,Sandy,0.38,1126,1.94
3.79,Wheat,Black,0.88,886,2.28
5.8,Rice,Clay,0.46,791,1.69
11.16,Cotton,Black,0.91,1011,6.78
13.79,Maize,Sandy,0.66,1287,8.43
10.39,Millets,Black,0.32,1174,2.15
11.65,Rice,Black,0.78,1189,9.51
3.02,Wheat,Clay,0.7,971,1.44
3.96,Millets,Sandy,0.51,740,0.6
3.91,Cotton,Loam,0.8,1246,2.81
7.24,Maize,Loam,0.93,912,6.63
3.81,Cotton,Black,0.59,596,0.88
12.66,Wheat,Sandy,0.78,446,2.47
13.53,Wheat,Black,0.55,1101,6.31
9.13,Wheat,Loam,0.6,349,1.61
14.78,Cotton,Clay,0.66,558,3.27
6.88,Wheat,Clay,0.33,327,0.52
5.49,Cotton,Clay,0.36,358,0.42
12.93,Cotton,Loam,0.84,1057,8.27
7.27,Cotton,Clay,0.43,848,1.59
9.51,Cotton,Clay,0.94,632,3.39
3.18,Cotton,Clay,0.53,968,0.98
4.36,Sugarcane,Loam,0.71,1411,7.86
12.22,Cotton,Loam,0.78,379,2.6
2.39,Sugarcane,Clay,0.49,612,1.08
11.29,Wheat,Clay,0.92,1050,7.63
11.97,Rice,Clay,0.37,385,1.36
8.64,Cotton,Black,0.3,1082,1.85
5.05,Maize,Black,0.9,1060,4.77
8.67,Wheat,Clay,0.77,338,1.58
4.04,Wheat,Clay,0.73,1363,2.81
13.68,Wheat,Loam,0.47,1034,5.58
6.43,Wheat,Sandy,0.42,658,1.0
8.65,Rice,Loam,0.31,1434,3.69
8.35,Rice,Black,0.57,390,1.63
13.41,Millets,Clay,0.47,1167,3.68
3.39,Rice,Sandy,0.92,992,1.98
9.07,Cotton,Sandy,0.5,623,1.36
14.97,Rice,Sandy,0.53,538,2.73
2.34,Maize,Loam,0.34,894,0.77
5.98,Wheat,Sandy,0.67,487,1.09
6.95,Cotton,Black,0.81,620,2.3
2.59,Cotton,Clay,0.35,394,0.21
10.78,Rice,Black,0.82,559,4.35
5.5,Millets,Sandy,0.75,1392,2.3
3.55,Rice,Sandy,0.95,355,0.77
13.85,Cotton,Clay,0.89,1207,8.93
14.89,Maize,Loam,0.51,1283,10.52
2.29,Cotton,Loam,0.72,858,1.02
2.23,Cotton,Clay,0.91,843,1.03
14.89,Rice,Loam,0.45,608,3.91
9.62,Cotton,Black,0.42,1230,3.28
6.02,Maize,Black,0.86,1418,7.27
3.66,Cotton,Sandy,0.78,1049,1.44
8.41,Sugarcane,Sandy,0.74,1165,8.7
3.53,Sugarcane,Clay,0.55,694,2.02
5.1,Wheat,Black,0.86,768,2.59
4.82,Millets,Clay,0.81,1209,2.36
3.57,Millets,Sandy,0.44,1214,0.76
14.5,Maize,Loam,0.44,613,4.22
6.08,Rice,Black,0.81,1394,6.04
10.1,Cotton,Sandy,0.34,392,0.65
3.56,Sugarcane,Black,0.59,712,2.47
4.74,Rice,Clay,0.82,312,0.97
8.29,Sugarcane,Sandy,0.95,328,3.1
13.01,Rice,Black,0.41,443,2.08
5.06,Sugarcane,Clay,0.37,1215,3.41
9.76,Wheat,Sandy,0.8,1275,5.57
7.15,Rice,Black,0.94,546,3.23
3.46,Sugarcane,Black,0.48,454,1.24
12.7,Millets,Black,0.74,982,5.08
2.05,Wheat,Sandy,0.76,641,0.56
6.37,Maize,Black,0.49,773,2.39
3.24,Sugarcane,Black,0.37,532,1.05
14.59,Rice,Loam,0.45,470,2.96
3.14,Millets,Loam,0.64,479,0.58
12.77,Sugarcane,Loam,0.38,911,7.96
5.73,Wheat,Loam,0.34,1024,1.68
14.49,Wheat,Loam,0.87,783,8.29
1.12,Maize,Sandy,0.38,889,0.27
3.03,Sugarcane,Sandy,0.6,328,0.72
2.06,Rice,Black,0.54,325,0.32
10.42,Wheat,Clay,0.57,1227,5.1
2.84,Millets,Black,0.62,625,0.61
14.43,Cotton,Black,0.86,548,4.49
7.27,Cotton,Clay,0.36,1074,1.69
11.71,Rice,Clay,0.47,794,3.5
6.23,Wheat,Loam,0.45,1339,3.15
1.94,Cotton,Clay,0.9,325,0.34
4.12,Cotton,Clay,0.85,521,1.09
14.28,Millets,Clay,0.87,1199,7.45
6.22,Cotton,Black,0.78,1414,4.53
11.08,Maize,Loam,0.87,1225,12.75
10.78,Cotton,Sandy,0.82,1299,5.51
14.9,Wheat,Clay,0.71,1489,11.03
10.71,Cotton,Sandy,0.5,690,1.77
4.79,Rice,Clay,0.64,943,2.31
10.73,Cotton,Clay,0.32,1412,2.91
12.68,Wheat,Clay,0.44,779,3.04
14.11,Sugarcane,Loam,0.62,608,9.57
4.52,Maize,Loam,0.74,867,3.13
1.14,Sugarcane,Clay,0.77,1124,1.48
5.07,Maize,Loam,0.33,1326,2.4
5.38,Rice,Sandy,0.59,998,2.03
7.01,Maize,Loam,0.53,804,3.23
5.32,Cotton,Sandy,0.93,1138,2.7
1.3,Wheat,Sandy,0.41,1380,0.41
6.39,Rice,Black,0.73,1029,4.22
4.98,Maize,Loam,0.32,343,0.59
13.23,Maize,Clay,0.38,890,4.03
11.79,Millets,Loam,0.31,1098,2.41
7.8,Maize,Loam,0.49,302,1.25
1.07,Cotton,Loam,0.41,921,0.29
10.79,Maize,Loam,0.62,846,6.11
6.68,Wheat,Sandy,0.37,568,0.79
11.5,Rice,Loam,0.4,354,1.56
8.86,Rice,Sandy,0.52,906,2.67
2.38,Wheat,Black,0.74,301,0.41
9.91,Millets,Sandy,0.93,922,3.4
2.94,Sugarcane,Loam,0.32,474,0.8
12.73,Cotton,Sandy,0.35,1195,2.56
3.71,Maize,Black,0.95,1151,4.02
14.03,Rice,Loam,0.78,1201,12.62
4.33,Sugarcane,Sandy,0.81,854,3.59
9.02,Millets,Sandy,0.84,1043,3.16
1.24,Sugarcane,Loam,0.67,388,0.58
13.67,Millets,Sandy,0.77,792,3.33
4.82,Sugarcane,Black,0.9,1207,8.64
11.24,Cotton,Sandy,0.87,520,2.44
10.21,Maize,Sandy,0.92,1173,7.93
7.84,Sugarcane,Clay,0.61,581,4.17
8.03,Wheat,Black,0.33,702,1.43
10.26,Rice,Clay,0.36,528,1.56
6.36,Millets,Sandy,0.57,717,1.04
3.56,Cotton,Black,0.53,462,0.58
4.43,Cotton,Clay,0.5,472,0.63
10.07,Sugarcane,Black,0.51,1389,11.77
13.31,Millets,Loam,0.61,744,3.62
7.5,Maize,Clay,0.86,802,4.66
11.35,Sugarcane,Loam,0.81,620,10.26
6.55,Maize,Sandy,0.95,401,1.8
8.85,Rice,Loam,0.82,916,6.38
11.07,Sugarcane,Sandy,0.9,946,11.31
14.29,Wheat,Clay,0.53,763,4.05
2.41,Sugarcane,Clay,0.3,972,1.05
1.33,Cotton,Sandy,0.58,1227,0.45
12.7,Cotton,Sandy,0.46,1312,3.68
4.6,Cotton,Clay,0.35,1226,1.18
1.27,Wheat,Sandy,0.74,736,0.39
2.32,Wheat,Clay,0.86,529,0.74
8.63,Rice,Black,0.8,530,3.22
7.47,Maize,Clay,0.8,327,1.76
4.26,Sugarcane,Black,0.81,1276,7.26
4.15,Cotton,Black,0.6,1328,2.18
5.59,Wheat,Sandy,0.42,1067,1.4
11.03,Rice,Loam,0.4,778,3.3
1.64,Maize,Sandy,0.88,660,0.69
12.42,Sugarcane,Loam,0.94,1334,28.03
2.56,Millets,Sandy,0.76,1300,1.01
13.99,Wheat,Clay,0.84,1277,10.5
2.57,Rice,Black,0.53,1269,1.52
11.09,Cotton,Sandy,0.78,1325,5.5
4.56,Sugarcane,Sandy,0.75,929,3.81
14.38,Wheat,Sandy,0.82,397,2.62
13.75,Maize,Sandy,0.65,335,2.16
7.9,Wheat,Loam,0.81,1146,6.16
9.89,Cotton,Loam,0.46,937,3.07
4.25,Millets,Sandy,0.43,773,0.57
6.67,Wheat,Black,0.31,597,0.95
2.25,Rice,Black,0.89,1231,2.17
4.4,Cotton,Loam,0.87,947,2.61
10.71,Maize,Loam,0.48,816,4.53
5.21,Wheat,Loam,0.75,311,1.02
3.81,Rice,Sandy,0.48,824,0.96
5.09,Maize,Loam,0.39,1086,2.33
1.66,Wheat,Sandy,0.42,511,0.2
6.54,Maize,Black,0.38,1096,2.7
3.89,Millets,Loam,0.32,783,0.58
11.56,Cotton,Loam,0.91,1010,7.65
13.96,Sugarcane,Loam,0.38,1455,13.89
10.66,Maize,Sandy,0.48,1446,5.33
8.07,Maize,Loam,0.94,767,6.28
8.07,Millets,Sandy,0.34,1453,1.59
10.04,Cotton,Sandy,0.71,1431,4.9
12.62,Cotton,Loam,0.57,902,4.67
1.02,Wheat,Loam,0.44,1017,0.38
10.54,Maize,Clay,0.53,510,2.56
7.22,Rice,Black,0.7,863,3.84
6.42,Millets,Black,0.78,890,2.45
10.72,Sugarcane,Loam,0.3,1205,6.98
3.14,Wheat,Clay,0.44,884,0.85
5.85,Sugarcane,Black,0.95,661,6.06
9.69,Rice,Sandy,0.8,1437,7.13
6.77,Millets,Clay,0.71,661,1.59
11.91,Millets,Sandy,0.78,397,1.48
4.96,Sugarcane,Sandy,0.45,1421,3.81
5.36,Cotton,Clay,0.63,966,1.96
3.52,Rice,Sandy,0.75,1395,2.36
6.08,Wheat,Sandy,0.53,685,1.24
11.48,Millets,Loam,0.86,634,3.76
13.01,Cotton,Loam,0.68,1459,9.29
12.24,Wheat,Clay,0.93,1338,10.66
2.01,Maize,Black,0.63,377,0.47
12.08,Rice,Clay,0.77,447,3.33
4.78,Cotton,Loam,0.59,539,1.09
3.78,Maize,Sandy,0.75,1292,2.64
7.5,Millets,Black,0.3,853,1.06
13.63,Maize,Sandy,0.56,1158,6.36
1.67,Cotton,Sandy,0.8,825,0.53
4.8,Wheat,Loam,0.4,1344,2.17
5.18,Sugarcane,Clay,0.58,1345,6.06
12.93,Rice,Sandy,0.42,925,3.21
1.87,Wheat,Sandy,0.32,1467,0.49
10.75,Maize,Black,0.32,1458,4.97
11.2,Sugarcane,Loam,0.87,724,12.7
6.23,Cotton,Black,0.83,1087,3.71
11.48,Maize,Loam,0.46,915,5.22
9.42,Cotton,Sandy,0.73,608,2.01
1.78,Rice,Sandy,0.36,1472,0.6
8.22,Maize,Sandy,0.37,537,1.18
9.07,Sugarcane,Clay,0.67,578,5.27
3.05,Cotton,Black,0.57,571,0.66
6.52,Cotton,Loam,0.31,1433,2.09
11.48,Cotton,Loam,0.56,712,3.3
1.79,Maize,Loam,0.87,1095,1.84
2.57,Cotton,Sandy,0.32,1028,0.41
8.15,Wheat,Clay,0.34,483,0.94
11.42,Cotton,Loam,0.42,909,3.14
11.51,Sugarcane,Black,0.65,1073,13.25
9.18,Cotton,Sandy,0.92,683,2.77
6.74,Maize,Sandy,0.33,547,0.88
13.71,Maize,Sandy,0.61,1023,6.16
7.59,Cotton,Sandy,0.42,337,0.52
1.35,Rice,Black,0.35,369,0.15
12.46,Millets,Clay,0.67,1410,5.89
3.6,Maize,Sandy,0.62,366,0.59
5.02,Cotton,Sandy,0.56,989,1.33
6.47,Sugarcane,Sandy,0.72,409,2.29
3.49,Sugarcane,Black,0.67,1204,4.65
4.88,Cotton,Sandy,0.84,445,0.88
9.6,Sugarcane,Sandy,0.51,1475,8.67
13.4,Rice,Sandy,0.4,1489,5.11
14.49,Rice,Clay,0.93,929,10.02
14.18,Maize,Sandy,0.75,1270,9.72
1.28,Cotton,Black,0.44,387,0.14
14.19,Wheat,Black,0.85,861,8.0
10.34,Cotton,Loam,0.43,875,2.8
10.84,Wheat,Sandy,0.52,371,1.17
12.36,Millets,Sandy,0.84,1127,4.68
3.8,Millets,Black,0.43,1149,1.03
14.53,Millets,Clay,0.9,895,5.85
5.05,Millets,Loam,0.56,380,0.64
4.66,Rice,Loam,0.34,327,0.5
14.36,Millets,Loam,0.42,782,2.83
8.01,Millets,Black,0.58,1173,3.0
14.75,Cotton,Sandy,0.32,897,2.03
6.79,Millets,Clay,0.44,1443,2.16
10.66,Millets,Clay,0.38,1089,2.21
14.08,Maize,Loam,0.74,955,10.75
9.82,Millets,Loam,0.4,1066,2.51
3.51,Millets,Loam,0.4,862,0.73
12.36,Millets,Clay,0.53,1459,4.78
4.53,Cotton,Black,0.41,785,0.96
12.01,Cotton,Sandy,0.72,1362,5.65
13.18,Cotton,Black,0.38,1494,4.94
9.5,Cotton,Loam,0.86,906,5.33
3.74,Sugarcane,Loam,0.71,1408,6.73
9.64,Sugarcane,Clay,0.33,606,2.89
4.72,Millets,Clay,0.86,1418,2.88
14.59,Rice,Black,0.67,598,5.14
9.73,Cotton,Clay,0.55,1414,4.54
11.88,Millets,Sandy,0.73,952,3.3
1.75,Millets,Loam,0.5,520,0.27
11.97,Wheat,Black,0.92,935,7.93
6.47,Millets,Sandy,0.47,893,1.09
12.45,Sugarcane,Clay,0.79,957,14.12
3.19,Rice,Sandy,0.67,1261,1.72
6.69,Millets,Sandy,0.31,890,0.74
10.38,Wheat,Black,0.6,466,2.23
14.41,Maize,Sandy,0.39,939,3.8
6.71,Maize,Black,0.83,1276,7.04
9.48,Cotton,Sandy,0.95,637,2.75
11.77,Cotton,Sandy,0.42,1067,2.53
5.48,Maize,Sandy,0.41,577,0.93
2.41,Cotton,Loam,0.63,1179,1.29
3.76,Wheat,Black,0.37,878,0.94
10.38,Rice,Black,0.9,1097,9.02
8.95,Cotton,Loam,0.31,1424,2.84
10.75,Rice,Clay,0.52,1383,6.18
3.88,Wheat,Loam,0.34,389,0.43
14.45,Cotton,Black,0.35,493,1.65
5.0,Cotton,Sandy,0.86,1423,2.94
12.93,Cotton,Black,0.57,1370,6.66
3.41,Millets,Clay,0.31,1184,0.63
10.87,Rice,Black,0.84,1192,9.58
6.28,Millets,Black,0.52,672,1.21
2.81,Cotton,Loam,0.77,454,0.71
6.94,Millets,Clay,0.75,469,1.22
3.83,Millets,Black,0.44,397,0.37
14.94,Cotton,Black,0.73,1410,10.15
6.18,Cotton,Loam,0.85,1144,4.33
5.88,Sugarcane,Loam,0.4,935,3.96
11.75,Millets,Sandy,0.54,741,1.88
1.94,Sugarcane,Sandy,0.64,304,0.45
4.87,Maize,Sandy,0.59,361,0.75
1.32,Sugarcane,Clay,0.43,385,0.33
4.25,Cotton,Black,0.65,912,1.66
8.5,Sugarcane,Black,0.45,970,6.12
3.7,Wheat,Clay,0.92,958,2.28
5.43,Rice,Sandy,0.8,1092,3.04
13.53,Maize,Sandy,0.58,683,3.86
4.94,Cotton,Clay,0.65,1392,2.68
5.06,Maize,Black,0.83,975,4.05
12.3,Rice,Black,0.91,1284,12.65
1.39,Wheat,Clay,0.38,915,0.34
11.66,Wheat,Loam,0.79,583,4.51
1.86,Wheat,Clay,0.41,997,0.53
10.41,Cotton,Loam,0.61,756,3.46
9.22,Cotton,Clay,0.65,1315,4.73
13.78,Rice,Black,0.74,460,4.13
4.32,Rice,Black,0.58,518,1.14
13.99,Wheat,Loam,0.5,1209,7.1
8.97,Maize,Black,0.69,389,2.38
7.06,Cotton,Sandy,0.4,536,0.73
9.09,Maize,Loam,0.74,637,4.63
6.92,Sugarcane,Black,0.63,843,6.06
8.61,Wheat,Black,0.67,1337,5.94
14.17,Maize,Black,0.69,1457,14.1
14.0,Maize,Clay,0.42,807,4.27
13.73,Cotton,Loam,0.92,1389,12.63
2.02,Millets,Clay,0.76,517,0.4
7.93,Wheat,Sandy,0.53,1287,3.03
3.27,Wheat,Loam,0.68,1293,2.42
9.75,Rice,Sandy,0.56,1129,3.95
14.95,Rice,Clay,0.88,494,5.2
3.18,Maize,Clay,0.31,984,0.87
1.38,Wheat,Sandy,0.83,507,0.33
13.6,Millets,Clay,0.66,1238,5.56
3.91,Wheat,Sandy,0.56,692,0.85
9.22,Rice,Clay,0.63,1336,6.21
8.75,Cotton,Black,0.41,809,1.92
5.95,Rice,Black,0.6,1095,3.44
8.9,Millets,Loam,0.83,757,3.36
13.22,Maize,Clay,0.5,1158,6.89
13.23,Maize,Sandy,0.7,1276,8.51
5.0,Sugarcane,Black,0.53,1193,5.22
13.76,Maize,Black,0.45,692,4.24
10.71,Wheat,Loam,0.51,1461,6.7
13.24,Cotton,Black,0.87,754,5.73
10.26,Sugarcane,Clay,0.72,899,9.96
14.4,Maize,Loam,0.75,469,5.47
8.31,Rice,Loam,0.3,1386,3.32
8.54,Millets,Black,0.71,1034,3.45
11.4,Maize,Black,0.86,500,4.85
8.69,Sugarcane,Loam,0.31,1165,5.65
4.43,Rice,Loam,0.59,479,1.2
5.32,Sugarcane,Loam,0.47,1437,6.47
6.36,Rice,Black,0.69,621,2.4
8.92,Sugarcane,Loam,0.49,667,5.25
6.66,Wheat,Clay,0.75,1046,3.66
9.87,Maize,Sandy,0.75,1106,5.89
4.34,Rice,Clay,0.34,943,1.11
3.2,Millets,Loam,0.53,982,1.0
7.13,Millets,Sandy,0.91,722,1.87
13.48,Maize,Clay,0.45,808,4.41
7.93,Rice,Black,0.79,1456,8.03
8.82,Rice,Loam,0.53,421,1.89
6.45,Wheat,Clay,0.64,583,1.68
3.04,Cotton,Loam,0.95,498,1.04
9.69,Millets,Loam,0.67,469,1.83
1.36,Millets,Black,0.65,1415,0.69
12.54,Rice,Sandy,0.58,1311,6.1
6.43,Maize,Loam,0.43,368,1.1
4.61,Cotton,Clay,0.44,1495,1.82
1.94,Cotton,Clay,0.46,520,0.28
10.06,Cotton,Clay,0.51,471,1.45
3.86,Maize,Sandy,0.83,684,1.58
13.99,Wheat,Loam,0.32,1316,4.95
14.26,Maize,Clay,0.82,946,9.96
11.98,Millets,Sandy,0.71,991,3.37
10.14,Sugarcane,Black,0.32,1113,5.96
14.38,Millets,Black,0.79,1307,8.17
5.66,Wheat,Black,0.75,461,1.51
5.28,Rice,Clay,0.35,750,1.11
1.63,Wheat,Clay,0.66,1376,1.04
14.18,Sugarcane,Sandy,0.31,1318,6.95
6.47,Cotton,Sandy,0.71,317,0.7
1.46,Wheat,Clay,0.38,1242,0.48
4.91,Maize,Clay,0.66,985,2.87
10.64,Rice,Loam,0.46,1460,6.86
4.42,Rice,Black,0.74,1385,3.99
7.85,Maize,Black,0.61,566,2.68
13.19,Rice,Black,0.67,343,2.67
7.84,Maize,Black,0.64,891,4.43
10.18,Sugarcane,Sandy,0.75,892,8.17
9.88,Sugarcane,Clay,0.88,375,4.89
5.02,Wheat,Black,0.83,678,2.18
9.26,Wheat,Black,0.89,920,5.84
11.41,Sugarcane,Sandy,0.93,1069,13.61
4.72,Wheat,Sandy,0.31,1204,0.99
4.23,Maize,Black,0.46,1006,1.94
8.1,Maize,Loam,0.95,1236,10.27
7.92,Sugarcane,Loam,0.94,577,7.73
13.43,Maize,Clay,0.87,825,8.68
12.83,Cotton,Sandy,0.52,1016,3.25
13.19,Wheat,Sandy,0.37,499,1.36
7.85,Cotton,Clay,0.53,773,1.93
8.12,Wheat,Black,0.31,1096,2.12
14.36,Wheat,Loam,0.82,817,8.08
4.27,Rice,Loam,0.75,695,2.14
13.37,Wheat,Sandy,0.86,360,2.32
7.17,Cotton,Clay,0.45,1036,2.01
2.88,Sugarcane,Sandy,0.83,810,2.32
14.09,Cotton,Loam,0.32,1465,4.76
9.21,Millets,Black,0.87,646,2.85
3.16,Wheat,Black,0.85,1172,2.42
9.22,Maize,Clay,0.71,1035,6.1
7.24,Wheat,Black,0.77,808,3.47
7.47,Wheat,Sandy,0.56,755,1.77
5.0,Rice,Sandy,0.91,697,2.03
1.75,Cotton,Sandy,0.68,510,0.29
3.97,Maize,Sandy,0.36,424,0.44
4.08,Sugarcane,Clay,0.9,1103,6.08
1.62,Rice,Sandy,0.38,344,0.14
9.47,Cotton,Loam,0.45,1188,3.65
2.28,Rice,Sandy,0.52,935,0.71
8.24,Rice,Loam,0.34,1001,2.69
5.07,Wheat,Clay,0.49,1435,2.5
14.51,Wheat,Sandy,0.63,343,1.76
4.8,Millets,Clay,0.48,455,0.52
13.33,Maize,Clay,0.62,1475,10.97
7.31,Maize,Clay,0.57,903,3.39
14.22,Rice,Clay,0.89,363,3.68
13.47,Sugarcane,Sandy,0.69,1194,13.32
12.48,Maize,Sandy,0.45,663,2.68
9.43,Wheat,Clay,0.91,887,5.33
3.4,Rice,Sandy,0.85,426,0.79
1.5,Rice,Clay,0.87,1149,1.2
6.42,Cotton,Clay,0.82,371,1.17
5.07,Rice,Clay,0.43,392,0.68
1.91,Millets,Loam,0.62,1293,0.92
3.92,Maize,Black,0.56,831,1.81
5.23,Sugarcane,Clay,0.67,1186,6.23
1.65,Millets,Black,0.52,1009,0.48
14.01,Cotton,Sandy,0.63,904,3.83
9.88,Rice,Black,0.66,557,3.2
6.6,Sugarcane,Loam,0.94,652,7.28
6.08,Wheat,Black,0.8,1046,3.92
7.79,Maize,Loam,0.71,933,5.57
5.72,Wheat,Sandy,0.88,602,1.7
1.34,Wheat,Sandy,0.34,1186,0.3
5.2,Wheat,Loam,0.31,563,0.76
4.39,Cotton,Clay,0.67,728,1.28
3.31,Sugarcane,Black,0.71,1060,4.11
8.37,Maize,Loam,0.8,1303,9.42
9.48,Wheat,Black,0.74,380,2.05
1.41,Millets,Loam,0.3,1236,0.31
9.26,Maize,Black,0.58,1224,6.51
6.76,Maize,Black,0.75,714,3.58
1.53,Rice,Sandy,0.34,431,0.14
3.18,Rice,Sandy,0.43,413,0.36
6.0,Sugarcane,Sandy,0.54,1173,4.56
10.99,Sugarcane,Clay,0.55,1275,11.56
9.43,Cotton,Black,0.73,550,2.5
6.48,Millets,Clay,0.49,1332,2.11
2.42,Cotton,Loam,0.91,755,1.2
3.3,Maize,Black,0.7,634,1.45
12.53,Wheat,Loam,0.65,644,4.41
7.76,Maize,Loam,0.36,631,1.9
4.48,Wheat,Sandy,0.6,1354,2.04
3.6,Cotton,Sandy,0.93,552,0.89
5.76,Rice,Clay,0.48,1355,3.0
1.48,Sugarcane,Clay,0.39,1091,0.94
14.69,Sugarcane,Clay,0.51,1321,14.85
2.89,Cotton,Sandy,0.61,1094,0.93
2.94,Millets,Loam,0.85,425,0.64
9.82,Cotton,Loam,0.79,1481,8.27
13.04,Wheat,Clay,0.76,336,2.33
3.89,Cotton,Loam,0.57,1082,1.73
2.83,Rice,Clay,0.46,386,0.4
12.89,Rice,Black,0.48,1346,7.33
6.04,Millets,Clay,0.88,1196,3.18
3.81,Wheat,Clay,0.83,1432,3.17
4.53,Cotton,Loam,0.62,1149,2.32
9.46,Maize,Loam,0.91,371,3.45
10.15,Cotton,Black,0.66,337,1.49
6.15,Cotton,Clay,0.42,1111,1.72
1.2,Sugarcane,Sandy,0.73,1351,1.42
8.43,Wheat,Clay,0.7,1073,4.43
4.81,Maize,Black,0.41,329,0.64
3.97,Millets,Clay,0.78,542,0.84
13.14,Rice,Sandy,0.33,503,1.4
13.6,Maize,Black,0.77,1098,11.38
7.85,Sugarcane,Black,0.67,866,7.52
9.62,Maize,Clay,0.61,1425,7.53
13.37,Millets,Clay,0.9,1332,8.01
10.19,Maize,Clay,0.74,1316,8.93
10.67,Wheat,Clay,0.67,498,2.49
2.72,Wheat,Loam,0.75,1365,2.34
2.41,Cotton,Sandy,0.42,1101,0.53
10.7,Millets,Clay,0.81,948,4.11
5.72,Rice,Loam,0.37,864,1.76
3.03,Maize,Clay,0.58,1334,2.11
2.35,Maize,Clay,0.74,355,0.56
11.21,Wheat,Clay,0.94,1266,9.34
4.65,Cotton,Clay,0.33,726,0.67
1.78,Rice,Clay,0.39,1362,0.76
7.02,Wheat,Clay,0.63,647,2.0
11.72,Sugarcane,Sandy,0.57,816,6.54
8.6,Millets,Loam,0.83,1124,4.81
7.12,Millets,Black,0.53,996,2.07
12.92,Sugarcane,Clay,0.36,1005,7.01
4.75,Wheat,Clay,0.89,1360,4.02
3.08,Sugarcane,Loam,0.74,1160,4.76
6.38,Cotton,Loam,0.9,1129,4.67
2.81,Cotton,Loam,0.52,1368,1.44
11.96,Rice,Sandy,0.63,660,3.18
11.4,Rice,Loam,0.86,716,6.74
4.32,Millets,Clay,0.78,857,1.44
4.19,Sugarcane,Loam,0.59,339,1.51
10.09,Cotton,Sandy,0.4,588,1.14
3.17,Millets,Sandy,0.8,1230,1.25
1.0,Rice,Sandy,0.38,676,0.16
6.67,Cotton,Black,0.35,805,1.24
11.04,Cotton,Black,0.91,327,2.17
10.11,Cotton,Sandy,0.63,396,1.21
12.06,Sugarcane,Black,0.64,1154,14.7
3.79,Millets,Loam,0.79,960,1.72
9.48,Cotton,Sandy,0.68,560,1.73
11.54,Sugarcane,Sandy,0.64,480,4.25
7.29,Millets,Loam,0.61,1265,3.38
9.02,Millets,Clay,0.86,1132,4.39
6.25,Millets,Clay,0.6,465,0.87
10.82,Cotton,Clay,0.72,621,2.9
11.98,Rice,Loam,0.61,1488,10.44
9.24,Rice,Clay,0.57,1301,5.48
11.3,Millets,Black,0.57,586,2.08
10.93,Maize,Clay,0.39,824,3.16
10.07,Sugarcane,Loam,0.9,348,5.68
14.05,Millets,Sandy,0.3,641,1.08
7.89,Cotton,Black,0.68,1063,3.76
10.9,Wheat,Black,0.39,1491,4.88
5.76,Rice,Loam,0.51,369,1.04
5.71,Millets,Sandy,0.51,482,0.56
11.37,Millets,Sandy,0.47,1194,2.55
3.49,Maize,Sandy,0.5,1396,1.75
9.93,Rice,Loam,0.44,1240,5.2
4.15,Wheat,Clay,0.74,1476,3.17
10.29,Maize,Loam,0.5,839,4.66
12.68,Wheat,Clay,0.76,848,5.72
4.57,Maize,Clay,0.31,790,1.01
2.64,Maize,Black,0.59,1448,2.23
14.39,Maize,Black,0.95,888,12.02
4.36,Rice,Black,0.91,671,2.34
3.37,Sugarcane,Black,0.48,315,0.84
2.63,Sugarcane,Sandy,0.95,610,1.83
13.03,Millets,Clay,0.46,949,2.84
3.62,Wheat,Loam,0.79,475,1.14
5.52,Wheat,Black,0.53,821,1.85
7.43,Millets,Clay,0.64,300,0.71
1.13,Cotton,Black,0.66,1207,0.59
10.33,Sugarcane,Black,0.35,656,3.91
11.05,Cotton,Loam,0.4,701,2.23
6.66,Wheat,Loam,0.66,315,1.16
8.91,Cotton,Clay,0.53,1428,4.05
6.73,Millets,Loam,0.88,310,1.1
11.95,Wheat,Sandy,0.77,587,3.02
5.8,Cotton,Sandy,0.52,598,0.87
4.73,Cotton,Clay,0.58,1107,1.82
1.62,Rice,Sandy,0.37,810,0.31
4.73,Rice,Clay,0.56,773,1.64
10.27,Rice,Black,0.86,574,4.46
11.67,Wheat,Loam,0.85,1004,8.37
12.22,Wheat,Clay,0.9,1244,9.58
2.9,Sugarcane,Sandy,0.35,1016,1.24
6.52,Rice,Clay,0.8,1077,4.49
1.2,Rice,Sandy,0.49,896,0.34
2.3,Rice,Clay,0.35,1096,0.71
1.87,Cotton,Black,0.45,452,0.25
8.76,Cotton,Loam,0.72,1177,5.34
14.34,Sugarcane,Black,0.82,1069,20.74
3.94,Wheat,Loam,0.86,1191,3.39
13.19,Cotton,Loam,0.89,1118,9.45
14.71,Cotton,Black,0.47,528,2.41
7.37,Rice,Clay,0.74,1443,6.3
6.63,Wheat,Clay,0.8,541,2.01
5.26,Millets,Clay,0.49,749,0.97
5.06,Wheat,Black,0.7,434,1.18
6.46,Cotton,Clay,0.82,1382,4.39
9.47,Sugarcane,Black,0.48,942,7.07
6.21,Sugarcane,Sandy,0.31,386,0.89
14.89,Wheat,Loam,0.52,934,6.07
8.88,Wheat,Clay,0.36,446,1.0
7.55,Maize,Loam,0.82,1264,8.45
2.39,Sugarcane,Sandy,0.48,1137,1.57
14.43,Cotton,Loam,0.72,1223,9.15
13.53,Cotton,Black,0.69,380,2.34
5.04,Cotton,Clay,0.79,1259,3.01
1.51,Sugarcane,Sandy,0.61,578,0.64
7.33,Rice,Loam,0.5,1375,4.84
11.12,Millets,Black,0.87,1199,6.38
5.91,Millets,Sandy,0.37,992,0.87
3.49,Wheat,Black,0.77,1175,2.43
9.17,Cotton,Black,0.67,592,2.4
8.62,Cotton,Clay,0.32,1027,1.7
5.09,Millets,Sandy,0.76,630,0.97
2.75,Cotton,Clay,0.51,327,0.28
3.34,Cotton,Black,0.32,789,0.56
10.7,Millets,Clay,0.43,588,1.35
1.35,Sugarcane,Black,0.38,1176,1.0
1.52,Maize,Sandy,0.4,1029,0.45
5.43,Maize,Black,0.51,396,1.09
9.0,Millets,Clay,0.9,378,1.53
13.72,Cotton,Black,0.94,1490,12.68
2.0,Millets,Sandy,0.94,579,0.44
12.16,Wheat,Black,0.65,894,5.44
6.05,Maize,Clay,0.56,1027,3.13
4.55,Cotton,Clay,0.42,1230,1.41
12.59,Maize,Clay,0.72,1208,9.86
2.37,Millets,Clay,0.39,1353,0.63
3.69,Rice,Clay,0.89,451,1.18
12.2,Wheat,Black,0.39,1034,3.79
10.67,Rice,Clay,0.75,547,3.5
4.16,Cotton,Sandy,0.37,851,0.63
8.18,Sugarcane,Loam,0.59,521,4.53
5.12,Maize,Loam,0.35,632,1.22
8.73,Millets,Black,0.67,601,1.93
13.92,Millets,Sandy,0.55,661,2.02
5.14,Maize,Loam,0.32,424,0.75
2.41,Millets,Clay,0.86,1204,1.25
13.68,Millets,Loam,0.58,1158,5.51
3.35,Wheat,Black,0.49,1325,1.67
7.64,Rice,Loam,0.83,976,5.94
12.28,Wheat,Loam,0.75,711,5.5
3.77,Maize,Sandy,0.59,1274,2.04
1.86,Sugarcane,Sandy,0.9,1277,2.57
6.99,Sugarcane,Clay,0.74,1292,10.02
4.36,Wheat,Clay,0.37,1456,1.64
10.01,Cotton,Sandy,0.52,1224,3.06
13.71,Rice,Black,0.77,1404,13.04
6.58,Millets,Black,0.78,898,2.53
2.81,Cotton,Black,0.66,328,0.4
5.83,Rice,Clay,0.64,330,0.99
12.92,Cotton,Black,0.51,1105,4.81
12.14,Sugarcane,Clay,0.88,1025,16.43
11.72,Millets,Black,0.4,963,2.48
6.11,Cotton,Black,0.39,1187,1.87
7.54,Millets,Black,0.51,1419,3.0
1.36,Rice,Clay,0.49,1322,0.7
5.57,Wheat,Black,0.49,1145,2.41
6.56,Rice,Black,0.83,887,4.25
5.26,Rice,Black,0.65,502,1.51
6.84,Rice,Loam,0.82,860,4.63
4.1,Sugarcane,Black,0.55,528,1.96
3.56,Sugarcane,Sandy,0.38,1112,1.81
13.29,Cotton,Loam,0.65,1275,7.93
5.71,Maize,Clay,0.74,370,1.41
10.73,Rice,Sandy,0.34,312,0.73
7.68,Sugarcane,Black,0.75,1172,11.14
3.2,Wheat,Black,0.56,337,0.47
6.07,Sugarcane,Sandy,0.74,664,3.58
2.01,Sugarcane,Loam,0.85,1273,3.91
8.78,Millets,Black,0.35,325,0.55
6.12,Sugarcane,Loam,0.67,810,5.98
12.71,Sugarcane,Black,0.51,567,6.06
11.51,Maize,Sandy,0.54,537,2.4
4.98,Cotton,Sandy,0.46,1415,1.56
12.31,Rice,Loam,0.76,907,8.15
8.74,Wheat,Loam,0.45,561,1.85
12.21,Millets,Clay,0.47,618,1.77
12.55,Cotton,Loam,0.34,478,1.47
1.46,Wheat,Loam,0.76,1102,1.03
3.98,Maize,Sandy,0.91,733,1.91
10.45,Sugarcane,Black,0.57,1145,11.25
4.62,Maize,Sandy,0.65,532,1.15
5.9,Millets,Clay,0.7,1186,2.45
1.46,Wheat,Loam,0.3,631,0.23
13.09,Millets,Loam,0.46,464,1.68
4.89,Rice,Loam,0.77,729,2.64
8.55,Maize,Clay,0.58,607,2.71
12.55,Millets,Black,0.74,1319,6.74
5.12,Rice,Clay,0.52,868,1.85
2.88,Wheat,Sandy,0.56,986,0.89
7.18,Rice,Sandy,0.48,588,1.3
11.85,Rice,Black,0.39,404,1.64
6.33,Maize,Sandy,0.82,1054,3.94
8.43,Maize,Black,0.93,1170,9.08
5.48,Sugarcane,Clay,0.62,1406,7.17
3.02,Millets,Black,0.83,1299,1.79
5.0,Cotton,Clay,0.43,501,0.65
10.32,Maize,Sandy,0.58,583,2.51
10.22,Cotton,Clay,0.47,421,1.21
2.21,Wheat,Black,0.87,434,0.64
2.94,Cotton,Clay,0.55,1407,1.37
1.89,Maize,Sandy,0.45,584,0.36
12.72,Cotton,Sandy,0.54,911,3.0
2.52,Rice,Clay,0.7,846,1.19
13.91,Millets,Loam,0.51,1458,6.21
13.15,Maize,Loam,0.84,411,4.9
7.12,Millets,Sandy,0.88,1361,3.41
3.41,Wheat,Black,0.46,526,0.64
3.72,Wheat,Clay,0.55,859,1.23
6.87,Rice,Black,0.51,307,0.95
4.3,Rice,Sandy,0.58,990,1.58
8.78,Maize,Black,0.82,1058,7.54
3.14,Millets,Sandy,0.84,1112,1.17
5.48,Rice,Black,0.4,738,1.42
11.03,Sugarcane,Black,0.62,337,3.8
11.09,Maize,Clay,0.53,776,4.1
7.18,Wheat,Black,0.59,1089,3.55
9.47,Rice,Clay,0.64,1032,5.0
5.35,Millets,Black,0.56,1390,2.29
11.86,Rice,Clay,0.8,884,6.71
6.15,Wheat,Loam,0.67,507,1.75
1.04,Maize,Sandy,0.74,958,0.53
1.36,Cotton,Loam,0.48,1097,0.52
7.58,Sugarcane,Sandy,0.41,630,2.35
6.9,Maize,Loam,0.62,1500,6.93
8.93,Sugarcane,Sandy,0.55,919,5.42
5.27,Maize,Clay,0.3,529,0.75
2.72,Millets,Black,0.4,727,0.44
2.42,Wheat,Clay,0.95,848,1.36
12.64,Maize,Clay,0.37,1136,4.78
2.66,Cotton,Black,0.92,848,1.37
13.34,Millets,Black,0.41,403,1.21
5.4,Rice,Black,0.94,1083,4.84
8.7,Rice,Black,0.5,837,3.2
5.54,Maize,Sandy,0.55,374,0.82
2.76,Sugarcane,Sandy,0.73,1224,2.96
8.17,Rice,Clay,0.33,1257,2.71
5.96,Millets,Sandy,0.89,582,1.23
12.57,Maize,Black,0.79,612,6.02
12.53,Cotton,Sandy,0.47,438,1.24
6.15,Cotton,Loam,0.33,482,0.7
2.18,Wheat,Black,0.73,977,1.2
13.09,Millets,Black,0.33,1462,3.47
6.87,Sugarcane,Loam,0.45,750,4.17
4.33,Maize,Loam,0.32,1127,1.69
12.39,Wheat,Loam,0.59,997,6.12
14.18,Cotton,Black,0.81,566,4.29
2.3,Sugarcane,Clay,0.36,1008,1.25
3.39,Wheat,Loam,0.6,467,0.8
8.52,Sugarcane,Black,0.5,830,5.83
8.11,Wheat,Black,0.65,1122,4.55
10.32,Rice,Clay,0.66,1068,5.82
12.32,Cotton,Black,0.33,1058,2.84
5.42,Wheat,Sandy,0.77,495,1.16
14.62,Sugarcane,Black,0.9,451,9.79
5.91,Rice,Clay,0.82,1210,4.69
12.96,Cotton,Loam,0.86,1476,11.84
3.9,Maize,Clay,0.38,1313,1.75
10.57,Sugarcane,Loam,0.62,455,5.37
2.53,Rice,Loam,0.34,366,0.3
2.79,Millets,Black,0.75,1091,1.26
2.63,Millets,Sandy,0.93,739,0.72
7.27,Sugarcane,Clay,0.41,1413,6.32
13.03,Maize,Black,0.4,425,2.19
12.49,Cotton,Black,0.57,1497,7.03
13.18,Wheat,Sandy,0.45,767,2.55
5.32,Millets,Clay,0.93,1288,3.19
1.36,Sugarcane,Black,0.76,1100,1.88
5.73,Millets,Loam,0.65,1300,2.91
4.28,Wheat,Sandy,0.38,310,0.28
13.81,Maize,Clay,0.74,881,8.1
12.94,Cotton,Black,0.37,912,2.88
12.64,Millets,Clay,0.85,808,4.34
12.58,Maize,Loam,0.62,322,2.71
9.88,Cotton,Clay,0.61,1234,4.46
3.66,Maize,Black,0.69,616,1.54
14.24,Wheat,Loam,0.48,1166,6.69
4.06,Cotton,Black,0.41,780,0.86
1.74,Maize,Clay,0.57,532,0.47
8.75,Cotton,Clay,0.62,1238,4.03
5.43,Cotton,Loam,0.85,457,1.52
8.21,Millets,Sandy,0.57,1332,2.49
14.82,Wheat,Sandy,0.36,666,1.99
11.68,Rice,Black,0.41,875,3.69
3.91,Cotton,Loam,0.43,1280,1.55
5.22,Wheat,Sandy,0.54,1264,2.0
3.37,Maize,Black,0.68,664,1.51
14.49,Sugarcane,Loam,0.66,1057,18.2
13.69,Maize,Sandy,0.64,352,2.22
6.46,Rice,Black,0.89,1228,6.21
8.4,Rice,Clay,0.32,1316,2.83
3.7,Wheat,Clay,0.79,1489,3.05
14.91,Rice,Black,0.92,444,5.36
6.06,Sugarcane,Clay,0.59,345,1.85
3.79,Millets,Loam,0.39,765,0.68
13.12,Wheat,Black,0.71,625,4.48
13.32,Sugarcane,Clay,0.31,408,2.53
1.6,Millets,Sandy,0.64,677,0.28
11.77,Millets,Loam,0.76,1174,6.3
3.94,Sugarcane,Loam,0.34,620,1.49
6.45,Rice,Sandy,0.86,1299,4.61
1.24,Cotton,Sandy,0.4,1001,0.24
13.91,Millets,Black,0.36,755,2.08
10.06,Millets,Clay,0.48,1330,3.21
14.39,Cotton,Clay,0.87,653,4.91
3.99,Rice,Clay,0.51,757,1.23
6.79,Maize,Black,0.6,935,3.77
13.86,Sugarcane,Sandy,0.8,798,10.62
7.93,Sugarcane,Black,0.55,1282,9.23
10.67,Cotton,Clay,0.7,1360,6.09
5.08,Sugarcane,Black,0.73,1419,8.68
7.54,Sugarcane,Black,0.92,528,6.04
11.58,Wheat,Clay,0.88,840,5.99
12.0,Millets,Sandy,0.92,680,3.0
4.23,Cotton,Black,0.77,615,1.32
10.96,Cotton,Clay,0.64,552,2.32
3.57,Maize,Black,0.58,311,0.64
4.73,Sugarcane,Clay,0.88,811,5.06
10.7,Maize,Clay,0.42,1182,4.78
8.64,Maize,Loam,0.74,691,4.77
6.75,Maize,Sandy,0.35,1277,2.17
1.45,Rice,Loam,0.73,519,0.53
13.61,Wheat,Sandy,0.5,1446,5.51
13.91,Rice,Sandy,0.47,821,3.44
6.61,Sugarcane,Loam,0.36,604,2.59
14.87,Maize,Loam,0.42,1453,9.8
2.33,Millets,Black,0.72,973,0.9
4.14,Sugarcane,Loam,0.3,1266,2.83
14.89,Cotton,Loam,0.81,1483,12.88
10.2,Maize,Sandy,0.67,1063,5.23
5.36,Maize,Clay,0.42,683,1.38
11.91,Sugarcane,Black,0.44,490,4.24
7.16,Wheat,Loam,0.86,1209,6.25
14.18,Rice,Loam,0.67,832,7.59
10.67,Maize,Sandy,0.39,1277,3.83
14.43,Wheat,Loam,0.59,375,2.68
10.15,Rice,Loam,0.59,1410,8.11
5.57,Millets,Sandy,0.84,977,1.83
3.07,Millets,Clay,0.56,1384,1.19
6.51,Millets,Loam,0.89,801,2.78
6.05,Millets,Sandy,0.68,659,1.08
9.85,Rice,Clay,0.69,1441,7.84
5.81,Rice,Sandy,0.8,1403,4.17
3.21,Maize,Black,0.54,1084,1.86
1.48,Sugarcane,Black,0.48,625,0.73
1.48,Wheat,Loam,0.55,1425,0.97
1.55,Rice,Clay,0.54,403,0.27
9.74,Millets,Sandy,0.46,761,1.36
3.32,Millets,Loam,0.72,1055,1.51
13.43,Maize,Sandy,0.76,1469,10.8
9.48,Wheat,Black,0.88,1426,9.16
12.04,Wheat,Sandy,0.78,1131,5.95
10.8,Wheat,Sandy,0.57,1066,3.67
13.72,Wheat,Clay,0.68,1199,7.83
6.05,Cotton,Clay,0.64,1116,2.59
1.09,Cotton,Loam,0.82,1294,0.83
6.13,Rice,Sandy,0.38,1073,1.6
9.95,Cotton,Clay,0.89,1197,6.36
10.03,Sugarcane,Loam,0.91,608,9.99
7.02,Sugarcane,Sandy,0.92,580,4.5
6.1,Millets,Sandy,0.92,996,2.24
13.27,Wheat,Sandy,0.68,856,4.33
14.94,Sugarcane,Loam,0.62,1214,20.24
12.89,Cotton,Black,0.48,842,3.44
2.38,Rice,Loam,0.85,1198,2.33
3.32,Wheat,Clay,0.6,386,0.54
12.44,Sugarcane,Sandy,0.84,1240,15.55
2.94,Wheat,Loam,0.48,489,0.58
5.6,Wheat,Black,0.3,453,0.59
4.21,Sugarcane,Black,0.4,454,1.26
2.46,Wheat,Loam,0.85,1317,2.31
4.64,Rice,Loam,0.77,545,1.87
9.29,Millets,Clay,0.49,986,2.24
13.48,Cotton,Sandy,0.89,1021,5.88
8.32,Sugarcane,Clay,0.53,326,2.16
12.98,Sugarcane,Clay,0.75,1064,15.54
8.69,Maize,Clay,0.74,674,3.9
13.98,Millets,Sandy,0.47,1338,3.52
11.76,Millets,Black,0.91,1392,8.19
11.69,Maize,Sandy,0.45,791,3.0
3.51,Millets,Black,0.87,963,1.62
4.28,Wheat,Sandy,0.58,553,0.77
7.72,Wheat,Sandy,0.54,873,2.04
2.87,Maize,Black,0.61,1336,2.32
6.6,Maize,Clay,0.79,1243,5.83
6.61,Millets,Loam,0.77,915,2.79
7.06,Maize,Loam,0.7,556,2.97
8.47,Cotton,Sandy,0.9,1219,4.46
3.7,Millets,Sandy,0.6,837,0.74
1.22,Wheat,Black,0.48,367,0.17
9.94,Millets,Sandy,0.48,757,1.44
8.11,Rice,Sandy,0.7,1390,5.05
4.41,Maize,Sandy,0.69,584,1.28
8.46,Sugarcane,Clay,0.37,619,2.91
9.96,Millets,Loam,0.35,654,1.37
13.87,Millets,Black,0.42,670,2.15
5.73,Cotton,Black,0.59,322,0.72
1.33,Millets,Black,0.6,1459,0.64
3.26,Maize,Loam,0.64,351,0.79
9.98,Wheat,Black,0.76,1114,6.51
4.9,Maize,Sandy,0.68,1080,2.59
2.47,Millets,Black,0.9,608,0.74
13.35,Cotton,Sandy,0.7,394,1.77
8.5,Rice,Sandy,0.76,1191,4.92
7.94,Wheat,Loam,0.82,860,4.7
9.02,Wheat,Sandy,0.87,1278,5.62
6.9,Sugarcane,Loam,0.82,970,9.88
13.66,Wheat,Sandy,0.34,1455,3.78
3.15,Maize,Loam,0.4,1267,1.72
14.44,Sugarcane,Loam,0.72,413,7.73
6.84,Cotton,Sandy,0.47,1229,1.9
6.3,Wheat,Black,0.69,1324,4.43
8.86,Cotton,Black,0.63,1202,4.43
5.58,Sugarcane,Loam,0.76,946,7.22
4.72,Wheat,Clay,0.9,1215,3.61
5.59,Sugarcane,Loam,0.64,445,2.87
11.47,Millets,Black,0.85,1357,7.28
7.1,Millets,Black,0.39,349,0.53
10.7,Wheat,Black,0.67,1370,7.56
11.91,Cotton,Black,0.86,313,2.12
2.57,Rice,Loam,0.95,437,1.02
10.81,Wheat,Sandy,0.72,653,2.85
7.56,Cotton,Sandy,0.51,1159,2.14
8.77,Rice,Black,0.31,880,2.11
3.82,Wheat,Black,0.76,1269,2.84
2.04,Millets,Clay,0.62,1436,0.91
7.43,Sugarcane,Loam,0.84,1367,15.36
12.59,Maize,Sandy,0.74,329,2.21
2.91,Maize,Clay,0.62,1281,2.08
13.65,Sugarcane,Loam,0.91,938,20.97
12.27,Rice,Black,0.47,624,3.17
11.37,Millets,Black,0.32,1233,2.47
8.64,Maize,Sandy,0.68,622,2.63
12.65,Cotton,Sandy,0.63,1316,5.03
3.63,Sugarcane,Sandy,0.46,452,0.91
3.75,Maize,Loam,0.75,1114,3.38
3.85,Wheat,Black,0.55,998,1.63
13.91,Maize,Loam,0.52,898,7.02
3.11,Maize,Loam,0.56,548,1.03
11.69,Rice,Black,0.68,816,5.71
8.86,Rice,Clay,0.68,812,3.91
13.39,Maize,Loam,0.35,488,2.47
13.58,Wheat,Black,0.57,1498,8.93
7.2,Maize,Clay,0.79,668,3.42
11.79,Sugarcane,Clay,0.76,1239,16.65
4.43,Maize,Loam,0.65,665,2.07
8.61,Cotton,Black,0.93,1340,7.08
3.53,Rice,Loam,0.8,1094,2.97
4.39,Cotton,Loam,0.49,913,1.41
5.71,Rice,Loam,0.53,1066,3.1
14.45,Sugarcane,Loam,0.84,861,18.81
11.54,Rice,Loam,0.79,685,6.0
8.65,Cotton,Clay,0.83,769,3.31
3.31,Rice,Loam,0.45,728,1.04
6.35,Sugarcane,Loam,0.34,354,1.38
14.34,Millets,Sandy,0.36,786,1.62
9.09,Maize,Clay,0.31,669,1.7
13.87,Rice,Black,0.34,470,1.95
5.98,Cotton,Sandy,0.49,843,1.19
14.51,Maize,Black,0.87,1286,16.07
7.37,Cotton,Loam,0.73,440,1.7
14.76,Wheat,Sandy,0.79,1263,8.25
8.79,Maize,Loam,0.34,1157,3.73
14.57,Wheat,Clay,0.43,1325,5.81
1.57,Maize,Clay,0.66,1396,1.3
14.12,Millets,Black,0.63,598,2.93
7.39,Rice,Black,0.91,429,2.54
6.35,Millets,Clay,0.4,1406,1.79
8.85,Wheat,Loam,0.69,1475,7.57
6.87,Wheat,Black,0.69,1004,3.66
5.23,Cotton,Loam,0.5,869,1.64
9.23,Millets,Loam,0.62,1356,4.66
6.6,Rice,Black,0.51,1247,3.69
5.4,Sugarcane,Sandy,0.78,1488,7.52
2.82,Cotton,Clay,0.33,391,0.22
9.2,Millets,Sandy,0.88,439,1.42
3.65,Wheat,Loam,0.94,781,2.25
10.67,Rice,Clay,0.44,640,2.4
7.47,Rice,Black,0.33,397,0.86
10.39,Millets,Clay,0.79,458,1.88
8.43,Cotton,Sandy,0.34,1322,1.82
5.48,Maize,Loam,0.4,1303,3.08
10.66,Maize,Sandy,0.36,630,1.74
7.75,Maize,Loam,0.94,1019,8.02
9.9,Rice,Loam,0.58,1018,5.61
8.32,Millets,Clay,0.8,316,1.05
7.85,Millets,Sandy,0.59,1353,2.51
11.2,Cotton,Loam,0.52,1262,5.29
14.6,Millets,Loam,0.68,1087,6.48
4.21,Maize,Sandy,0.32,745,0.72
8.14,Maize,Sandy,0.57,689,2.3
1.69,Cotton,Clay,0.49,1041,0.52
6.66,Millets,Sandy,0.58,850,1.31
11.86,Wheat,Loam,0.64,863,5.5
6.39,Rice,Loam,0.9,1182,6.53
3.0,Maize,Black,0.83,1392,3.43
14.51,Rice,Loam,0.81,1341,15.13
11.59,Sugarcane,Loam,0.94,384,7.53
2.76,Maize,Clay,0.72,972,1.74
6.65,Sugarcane,Sandy,0.66,1254,6.6
10.51,Maize,Sandy,0.79,548,3.28
6.63,Wheat,Loam,0.63,415,1.46
13.87,Wheat,Black,0.75,1493,11.96
7.93,Sugarcane,Clay,0.76,1148,10.38
4.98,Rice,Loam,0.7,1027,3.44
7.35,Maize,Clay,0.47,913,2.84
10.99,Wheat,Clay,0.79,1020,6.2
2.16,Sugarcane,Loam,0.42,743,1.21
9.75,Cotton,Clay,0.62,320,1.16
2.96,Millets,Black,0.89,1432,2.07
3.19,Cotton,Loam,0.36,1090,0.9
5.57,Maize,Loam,0.94,1394,7.88
7.99,Maize,Clay,0.58,1255,5.23
14.85,Cotton,Sandy,0.94,315,2.11
3.74,Wheat,Black,0.79,582,1.32
10.1,Rice,Loam,0.52,1410,7.11
4.9,Sugarcane,Black,0.61,997,4.92
13.19,Millets,Sandy,0.64,410,1.38
6.63,Rice,Clay,0.61,1345,4.35
1.5,Maize,Sandy,0.79,1453,1.24
1.13,Sugarcane,Loam,0.35,425,0.3
7.54,Cotton,Loam,0.39,552,1.17
7.11,Maize,Black,0.48,1412,4.77
9.38,Wheat,Clay,0.38,1117,2.79
13.17,Maize,Sandy,0.89,913,7.71
1.93,Maize,Black,0.52,610,0.61
2.81,Wheat,Clay,0.34,375,0.25
2.97,Maize,Loam,0.39,766,0.96
13.41,Cotton,Clay,0.34,1316,3.6
13.1,Maize,Black,0.57,1174,8.68
8.58,Wheat,Loam,0.89,1195,7.67
13.15,Cotton,Sandy,0.85,386,2.07
4.25,Maize,Sandy,0.9,1484,4.09
14.19,Maize,Loam,0.9,1002,13.82
6.02,Maize,Loam,0.55,514,1.84
3.08,Millets,Black,0.31,904,0.47
6.74,Cotton,Black,0.92,1072,4.39
1.85,Rice,Loam,0.79,590,0.83
11.81,Maize,Loam,0.73,366,3.41
7.83,Maize,Sandy,0.77,1053,4.57
9.49,Wheat,Clay,0.43,358,1.02
5.46,Wheat,Black,0.33,549,0.76
5.5,Maize,Loam,0.92,632,3.45
9.65,Maize,Sandy,0.94,1485,9.7
4.16,Sugarcane,Sandy,0.56,367,1.03
10.33,Cotton,Sandy,0.75,1328,4.94
7.54,Millets,Clay,0.79,1081,3.22
11.54,Cotton,Clay,0.83,840,4.83
8.33,Rice,Black,0.42,401,1.23
14.12,Sugarcane,Loam,0.73,1134,21.04
10.57,Millets,Clay,0.37,936,1.83
9.69,Millets,Loam,0.89,781,4.04
2.85,Rice,Loam,0.63,699,1.2
7.31,Sugarcane,Loam,0.64,741,6.24
9.0,Rice,Black,0.37,1126,3.3
12.23,Cotton,Black,0.71,1028,5.89
3.34,Sugarcane,Loam,0.48,1315,3.79
11.25,Cotton,Clay,0.63,505,2.15
11.65,Cotton,Sandy,0.65,1032,3.75
5.33,Millets,Black,0.83,1033,2.51
3.08,Sugarcane,Clay,0.73,855,2.88
10.58,Sugarcane,Black,0.77,1342,18.04
3.12,Maize,Clay,0.7,1020,2.0
10.73,Maize,Clay,0.51,392,1.93
7.54,Maize,Black,0.44,607,1.99
7.46,Millets,Sandy,0.53,796,1.26
14.4,Sugarcane,Sandy,0.74,525,6.71
2.99,Sugarcane,Sandy,0.79,458,1.3
10.73,Sugarcane,Clay,0.56,830,7.48
13.3,Maize,Black,0.82,1373,14.82
10.58,Maize,Clay,0.43,621,2.54
10.95,Wheat,Black,0.85,409,2.93
13.68,Rice,Loam,0.94,899,11.1
3.56,Millets,Sandy,0.34,373,0.18
10.95,Wheat,Loam,0.68,394,2.46
7.03,Cotton,Sandy,0.73,357,0.88
1.24,Millets,Sandy,0.62,1402,0.43
5.37,Wheat,Sandy,0.78,936,2.2
2.23,Millets,Clay,0.72,1093,0.88
3.85,Maize,Black,0.65,1412,3.5
13.03,Sugarcane,Clay,0.53,1097,11.36
12.91,Cotton,Clay,0.76,552,3.25
12.26,Maize,Black,0.48,1138,6.63
10.9,Rice,Loam,0.71,754,5.6
6.95,Rice,Loam,0.76,1472,7.46
3.72,Maize,Clay,0.79,1358,3.59
2.32,Cotton,Clay,0.43,673,0.4
9.74,Wheat,Loam,0.39,1443,4.6
11.78,Wheat,Black,0.49,356,1.58
9.19,Rice,Clay,0.3,897,1.98
11.77,Rice,Black,0.45,978,4.56
3.77,Cotton,Sandy,0.38,538,0.37
7.05,Sugarcane,Clay,0.4,954,4.04
4.25,Maize,Black,0.54,1219,2.77
3.88,Maize,Loam,0.46,1159,2.23
1.46,Cotton,Clay,0.71,447,0.28
6.66,Millets,Black,0.36,1210,1.6
4.49,Cotton,Loam,0.84,1248,3.39
2.64,Sugarcane,Loam,0.74,1067,3.75
6.18,Sugarcane,Sandy,0.61,1002,4.53
5.79,Millets,Clay,0.43,328,0.41
3.4,Millets,Clay,0.61,545,0.57
14.85,Maize,Loam,0.78,656,8.21
8.43,Maize,Sandy,0.81,1499,7.37
12.07,Maize,Loam,0.35,534,2.44
12.49,Millets,Sandy,0.6,613,1.84
12.16,Cotton,Loam,0.36,554,1.75
9.23,Rice,Clay,0.5,1325,4.89
14.85,Cotton,Sandy,0.91,557,3.61
7.74,Cotton,Loam,0.56,1405,4.38
14.49,Rice,Black,0.61,945,7.35
10.04,Cotton,Loam,0.69,720,3.59
6.62,Cotton,Black,0.61,1475,3.93
10.45,Millets,Loam,0.45,1452,4.1
13.35,Cotton,Loam,0.58,363,2.02
14.32,Cotton,Black,0.32,1298,3.93
12.21,Sugarcane,Clay,0.34,342,2.13
9.08,Rice,Clay,0.35,331,0.84
1.72,Cotton,Sandy,0.46,398,0.15
14.58,Cotton,Loam,0.73,1386,10.62
2.98,Sugarcane,Loam,0.49,1149,3.02
6.87,Cotton,Black,0.34,650,1.0
5.28,Wheat,Loam,0.94,1262,5.26
6.45,Maize,Black,0.63,1145,4.61
13.29,Sugarcane,Clay,0.67,1325,17.7
2.14,Millets,Loam,0.44,895,0.51
10.95,Cotton,Sandy,0.33,823,1.43
3.36,Millets,Black,0.32,331,0.2
1.58,Millets,Sandy,0.63,1430,0.57
5.12,Maize,Loam,0.48,1437,3.81
13.61,Millets,Loam,0.59,1150,5.54
14.69,Millets,Loam,0.92,396,3.21
8.55,Wheat,Loam,0.67,949,4.57
12.55,Wheat,Loam,0.65,864,5.92
8.71,Millets,Black,0.84,656,2.64
9.78,Wheat,Black,0.55,365,1.51
14.06,Wheat,Sandy,0.74,430,2.51
3.44,Sugarcane,Loam,0.37,1465,3.36
9.98,Cotton,Loam,0.71,944,4.82
9.98,Wheat,Clay,0.49,1136,3.89
3.45,Rice,Black,0.7,1238,2.63
9.26,Cotton,Black,0.53,373,1.21
8.16,Maize,Black,0.52,772,3.24
4.2,Sugarcane,Clay,0.91,1199,6.87
1.21,Wheat,Black,0.31,528,0.15
6.66,Wheat,Black,0.31,715,1.14
5.84,Maize,Loam,0.88,429,2.38
2.44,Wheat,Black,0.41,1355,1.04
9.4,Rice,Clay,0.6,1303,5.88
4.94,Rice,Black,0.64,1088,3.03
8.56,Maize,Sandy,0.52,1361,4.36
1.49,Rice,Sandy,0.71,1310,0.89
12.6,Maize,Sandy,0.42,1368,5.21
10.95,Maize,Sandy,0.44,825,2.86
10.53,Wheat,Sandy,0.47,1136,3.15
5.12,Cotton,Sandy,0.86,458,0.97
11.15,Sugarcane,Black,0.81,658,9.81
6.35,Rice,Clay,0.41,1339,2.79
8.7,Maize,Clay,0.31,949,2.3
2.38,Millets,Clay,0.4,513,0.24
3.9,Maize,Black,0.65,848,2.13
5.39,Rice,Sandy,0.35,673,0.81
12.75,Sugarcane,Loam,0.84,724,13.96
14.23,Wheat,Sandy,0.49,1211,4.73
3.3,Millets,Black,0.62,882,0.99
10.18,Sugarcane,Black,0.68,1202,13.73
5.11,Millets,Sandy,0.93,1213,2.31
12.17,Sugarcane,Black,0.56,616,6.93
11.65,Maize,Loam,0.88,1484,16.43
13.11,Rice,Black,0.37,490,2.09
1.8,Wheat,Loam,0.65,1075,1.06
1.28,Wheat,Loam,0.69,465,0.34
8.69,Sugarcane,Clay,0.36,1292,6.06
9.12,Millets,Clay,0.44,527,1.06
9.05,Sugarcane,Clay,0.86,444,5.18
2.6,Rice,Sandy,0.38,941,0.6
10.19,Cotton,Black,0.93,1163,7.27
14.91,Wheat,Clay,0.42,421,1.85
7.67,Millets,Loam,0.4,323,0.59
5.92,Sugarcane,Sandy,0.46,954,3.12
9.2,Wheat,Black,0.94,1217,8.1
9.05,Maize,Clay,0.53,1345,5.81
6.79,Millets,Black,0.56,1172,2.45
5.81,Millets,Loam,0.83,1151,3.33
9.8,Millets,Black,0.82,1080,4.77
11.49,Cotton,Clay,0.57,359,1.41
5.66,Cotton,Black,0.57,1220,2.6
1.64,Maize,Clay,0.55,1404,1.14
12.83,Cotton,Loam,0.89,638,5.25
13.86,Maize,Clay,0.54,1119,7.54
8.42,Rice,Loam,0.54,1087,4.74
14.04,Cotton,Loam,0.41,402,1.67
5.2,Cotton,Loam,0.46,1141,1.97
3.04,Rice,Loam,0.95,1276,3.54
6.7,Sugarcane,Clay,0.41,983,4.05
11.24,Rice,Sandy,0.32,1474,3.39
8.78,Millets,Sandy,0.57,579,1.16
5.45,Sugarcane,Clay,0.55,864,3.88
3.34,Sugarcane,Sandy,0.88,673,2.37
7.16,Sugarcane,Black,0.39,469,2.16
2.85,Cotton,Black,0.67,634,0.8
1.9,Millets,Sandy,0.51,1498,0.58
10.24,Rice,Black,0.77,319,2.21
9.67,Cotton,Clay,0.4,319,0.74
10.4,Maize,Clay,0.86,928,7.47
9.49,Cotton,Black,0.44,1141,3.14
4.03,Rice,Black,0.88,1286,4.01
1.97,Cotton,Clay,0.31,1327,0.49
6.62,Millets,Clay,0.79,1021,2.67
8.54,Maize,Sandy,0.66,625,2.54
5.35,Millets,Black,0.88,485,1.26
13.81,Wheat,Sandy,0.81,1399,8.76
3.69,Cotton,Clay,0.42,724,0.67
6.26,Wheat,Black,0.66,1297,4.13
8.61,Sugarcane,Sandy,0.62,1396,8.94
5.3,Millets,Clay,0.39,793,0.82
9.57,Maize,Loam,0.95,1039,10.2
2.14,Rice,Loam,0.34,1141,0.8
14.58,Sugarcane,Clay,0.54,1250,14.76
2.1,Maize,Clay,0.53,1398,1.4
2.7,Wheat,Sandy,0.39,1084,0.64
6.72,Sugarcane,Sandy,0.81,957,6.25
8.7,Rice,Black,0.8,537,3.29
14.04,Millets,Loam,0.58,760,3.71
10.45,Wheat,Loam,0.72,1026,6.48
1.21,Maize,Loam,0.63,711,0.59
6.81,Rice,Clay,0.84,1282,5.87
7.11,Maize,Clay,0.75,743,3.57
4.99,Cotton,Clay,0.92,1350,3.72
1.69,Cotton,Loam,0.46,663,0.37
6.88,Cotton,Clay,0.39,462,0.74
1.11,Wheat,Sandy,0.71,801,0.35
3.08,Sugarcane,Black,0.51,725,1.88
9.06,Sugarcane,Clay,0.67,431,3.92
5.76,Maize,Sandy,0.6,1108,2.76
2.7,Millets,Loam,0.43,605,0.42
12.02,Millets,Clay,0.34,1223,2.5
5.7,Maize,Black,0.72,1408,5.72
11.58,Cotton,Black,0.61,763,3.56
14.59,Sugarcane,Loam,0.88,931,21.52
2.87,Millets,Clay,0.53,1027,0.78
4.12,Maize,Sandy,0.69,1154,2.36
11.24,Cotton,Clay,0.9,1496,9.08
5.17,Sugarcane,Black,0.41,1491,5.21
10.18,Millets,Clay,0.71,1191,4.3
4.71,Cotton,Clay,0.72,1357,2.76
10.3,Rice,Loam,0.61,660,3.98
6.01,Rice,Clay,0.3,522,0.75
6.71,Cotton,Clay,0.76,904,2.77
11.42,Millets,Clay,0.86,962,4.72
2.27,Cotton,Sandy,0.91,976,0.97
4.82,Sugarcane,Clay,0.66,1190,5.68
2.05,Millets,Clay,0.67,852,0.59
14.87,Cotton,Black,0.42,1082,4.46
1.36,Wheat,Clay,0.39,761,0.28
4.29,Wheat,Clay,0.53,1195,1.9
8.86,Millets,Black,0.95,658,3.05
7.51,Wheat,Loam,0.55,571,1.98
9.06,Rice,Black,0.92,549,4.03
9.43,Cotton,Clay,0.75,762,3.23
11.97,Maize,Loam,0.64,1045,8.65
2.72,Sugarcane,Loam,0.49,912,2.19
11.0,Cotton,Sandy,0.33,1051,1.83
6.57,Sugarcane,Loam,0.37,684,2.99
12.8,Wheat,Loam,0.73,966,7.58
5.88,Cotton,Loam,0.54,835,1.91
14.27,Maize,Black,0.55,1029,8.0
1.48,Maize,Black,0.91,1366,1.82
4.42,Sugarcane,Sandy,0.85,875,3.94
5.1,Millets,Sandy,0.4,390,0.32
1.86,Sugarcane,Clay,0.79,1383,3.05
5.68,Sugarcane,Black,0.38,601,2.14
4.35,Maize,Black,0.92,683,2.71
7.78,Sugarcane,Loam,0.9,1266,15.96
1.73,Sugarcane,Clay,0.34,525,0.46
14.58,Millets,Loam,0.92,1228,9.88
3.09,Maize,Loam,0.45,1458,2.19
12.03,Wheat,Sandy,0.54,1179,4.29
9.55,Rice,Loam,0.53,392,1.9
13.24,Millets,Black,0.62,893,4.03
9.21,Maize,Clay,0.85,1296,9.13
7.77,Millets,Clay,0.8,1169,3.63
9.44,Sugarcane,Clay,0.52,1487,10.95
10.29,Wheat,Loam,0.42,703,2.55
11.49,Rice,Sandy,0.5,724,2.66
3.21,Sugarcane,Clay,0.38,838,1.53
11.81,Cotton,Black,0.59,743,3.42
10.06,Millets,Clay,0.32,448,0.72
10.16,Rice,Sandy,0.9,437,2.56
6.43,Sugarcane,Clay,0.6,1220,7.06
7.1,Wheat,Sandy,0.33,477,0.63
9.31,Rice,Clay,0.49,1181,4.31
10.37,Maize,Loam,0.83,1147,10.66
5.91,Sugarcane,Clay,0.48,547,2.33
14.41,Millets,Black,0.75,561,3.33
4.67,Millets,Loam,0.75,908,1.91
5.57,Sugarcane,Sandy,0.41,1415,3.88
13.8,Rice,Loam,0.31,817,3.36
13.36,Millets,Black,0.85,324,2.02
5.0,Rice,Clay,0.44,1236,2.18
13.61,Cotton,Black,0.76,516,3.52
5.16,Wheat,Sandy,0.36,701,0.73
13.34,Cotton,Black,0.76,883,5.91
10.73,Cotton,Sandy,0.49,495,1.25
11.54,Sugarcane,Sandy,0.84,1135,13.2
8.39,Wheat,Clay,0.45,1052,2.78
13.68,Wheat,Loam,0.62,908,6.47
13.11,Rice,Loam,0.75,489,4.62
1.88,Rice,Sandy,0.53,1300,0.83
13.03,Maize,Loam,0.33,679,3.15
2.33,Maize,Black,0.59,1334,1.82
11.96,Sugarcane,Sandy,0.73,1497,15.68
5.06,Maize,Sandy,0.7,533,1.36
12.35,Millets,Black,0.8,712,3.87
10.68,Maize,Sandy,0.71,1396,7.62
10.13,Sugarcane,Black,0.81,1148,15.54
10.09,Rice,Black,0.5,754,3.35
1.15,Rice,Black,0.42,461,0.2
2.57,Millets,Loam,0.81,1179,1.47
9.7,Wheat,Sandy,0.4,1335,2.9
12.12,Sugarcane,Black,0.78,1325,20.67
12.73,Maize,Clay,0.7,1219,9.78
7.65,Wheat,Clay,0.78,1216,5.08
6.47,Cotton,Sandy,0.69,747,1.6
8.63,Sugarcane,Loam,0.62,1271,12.24
5.56,Sugarcane,Clay,0.37,352,1.09
11.52,Wheat,Black,0.62,1135,6.24
5.66,Rice,Loam,0.72,754,2.95
5.74,Wheat,Loam,0.34,702,1.15
7.19,Maize,Black,0.86,645,3.95
7.36,Wheat,Black,0.6,665,2.26
13.86,Rice,Black,0.42,1442,7.39
2.65,Rice,Sandy,0.79,455,0.61
6.58,Millets,Sandy,0.88,694,1.61
13.88,Millets,Clay,0.49,381,1.3
2.54,Sugarcane,Black,0.84,1032,3.63
2.47,Millets,Clay,0.54,314,0.21
7.8,Rice,Clay,0.81,423,2.14
10.71,Wheat,Loam,0.83,638,4.76
11.51,Maize,Clay,0.75,714,5.55
12.68,Millets,Clay,0.4,1453,3.68
7.52,Sugarcane,Black,0.83,1265,13.03
10.36,Wheat,Sandy,0.73,1436,6.08
3.7,Millets,Loam,0.68,607,0.92
9.97,Millets,Black,0.3,997,1.64
7.15,Cotton,Black,0.91,1223,5.25
13.9,Cotton,Clay,0.44,654,2.4
2.45,Sugarcane,Black,0.47,1306,2.48
9.04,Wheat,Clay,0.61,723,2.79
3.94,Wheat,Sandy,0.64,1330,1.88
9.94,Millets,Clay,0.64,677,2.15
3.74,Rice,Black,0.44,466,0.67
10.78,Wheat,Loam,0.74,1221,8.18
9.19,Cotton,Sandy,0.74,1457,4.76
9.07,Wheat,Clay,0.72,1277,5.84
6.48,Rice,Loam,0.92,805,4.61
4.6,Maize,Loam,0.73,1450,5.26
3.04,Sugarcane,Loam,0.88,921,4.43
7.89,Sugarcane,Loam,0.64,1174,10.67
11.05,Cotton,Sandy,0.86,1076,4.91
7.53,Maize,Clay,0.77,620,3.24
9.26,Cotton,Black,0.61,410,1.53
3.21,Millets,Loam,0.76,1382,2.02
7.24,Rice,Loam,0.86,472,2.82
12.27,Rice,Sandy,0.34,356,0.95
13.6,Wheat,Clay,0.39,503,1.87
14.48,Wheat,Loam,0.83,987,9.96
4.57,Rice,Loam,0.39,1285,2.2
4.8,Wheat,Sandy,0.78,1352,2.83
9.99,Maize,Clay,0.72,467,3.02
11.76,Rice,Loam,0.75,1033,8.75
7.78,Millets,Black,0.61,1288,3.36
10.94,Wheat,Clay,0.59,1491,6.74
5.74,Maize,Clay,0.93,1264,6.07
9.02,Wheat,Clay,0.46,741,2.15
9.43,Wheat,Loam,0.59,1431,6.69
2.85,Cotton,Sandy,0.84,310,0.36
14.26,Rice,Loam,0.78,540,5.77
7.63,Maize,Loam,0.86,322,2.28
9.68,Maize,Clay,0.62,1365,7.37
11.25,Sugarcane,Black,0.85,675,10.65
13.37,Cotton,Sandy,0.54,656,2.27
3.6,Sugarcane,Clay,0.41,1479,3.27
10.38,Cotton,Sandy,0.47,781,1.83
12.53,Millets,Loam,0.45,565,1.91
8.35,Maize,Loam,0.89,735,5.9
12.33,Rice,Clay,0.93,425,3.9
14.49,Maize,Loam,0.94,694,10.21
7.03,Wheat,Clay,0.43,796,1.68
5.68,Cotton,Black,0.73,537,1.47
8.73,Sugarcane,Loam,0.43,1195,8.07
3.55,Rice,Black,0.86,1203,3.23
2.22,Wheat,Sandy,0.39,999,0.48
7.55,Rice,Clay,0.32,1306,2.52
3.48,Maize,Clay,0.87,1239,3.38
5.81,Rice,Loam,0.37,967,2.0
13.54,Maize,Clay,0.36,618,2.71
14.36,Sugarcane,Black,0.62,436,6.4
10.69,Cotton,Clay,0.62,861,3.42
8.48,Millets,Loam,0.82,1195,4.99
13.96,Maize,Loam,0.85,425,5.45
14.0,Sugarcane,Sandy,0.92,824,12.74
11.78,Rice,Black,0.77,1273,10.16
7.35,Sugarcane,Sandy,0.69,538,3.27
5.31,Wheat,Sandy,0.32,871,0.83
14.57,Sugarcane,Black,0.59,1430,20.28
14.22,Cotton,Sandy,0.53,1345,4.87
3.18,Wheat,Loam,0.47,417,0.52
3.25,Cotton,Clay,0.41,428,0.34
4.06,Rice,Sandy,0.67,393,0.68
3.85,Sugarcane,Sandy,0.55,1181,3.0
12.65,Maize,Black,0.83,1484,15.43
3.12,Millets,Loam,0.59,756,0.83
8.11,Wheat,Clay,0.67,587,2.23
12.89,Sugarcane,Sandy,0.87,1306,17.58
10.44,Millets,Loam,0.81,889,4.51
14.66,Cotton,Loam,0.85,598,5.37
8.12,Maize,Black,0.4,439,1.41
13.83,Sugarcane,Black,0.54,1067,13.15
3.68,Wheat,Black,0.93,1086,2.86
6.1,Wheat,Sandy,0.32,962,1.05
11.22,Wheat,Loam,0.57,699,3.76
14.53,Sugarcane,Sandy,0.45,1457,11.43
8.2,Rice,Clay,0.89,473,2.76
14.5,Sugarcane,Black,0.56,1143,15.31
14.8,Maize,Black,0.73,1089,11.65
4.2,Millets,Loam,0.53,1057,1.41
5.78,Cotton,Sandy,0.57,707,1.12
1.08,Maize,Black,0.31,1349,0.45
2.26,Cotton,Loam,0.54,888,0.78
3.21,Millets,Loam,0.94,1426,2.58
5.9,Sugarcane,Sandy,0.93,1479,9.74
6.18,Cotton,Clay,0.94,850,2.96
4.77,Maize,Sandy,0.59,1302,2.64
7.15,Maize,Sandy,0.42,1202,2.6
11.41,Sugarcane,Loam,0.51,1016,10.64
10.91,Rice,Loam,0.82,955,8.2
14.8,Sugarcane,Sandy,0.53,1005,9.46
3.32,Millets,Clay,0.68,499,0.56
1.86,Cotton,Clay,0.9,390,0.39
2.68,Wheat,Clay,0.38,1426,1.02
6.35,Cotton,Clay,0.69,457,1.2
7.37,Wheat,Loam,0.7,542,2.35
8.99,Sugarcane,Sandy,0.65,906,6.35
11.11,Cotton,Loam,0.73,874,5.1
10.73,Rice,Sandy,0.82,935,5.27
5.63,Maize,Black,0.44,1105,2.71
3.8,Millets,Sandy,0.65,1072,1.06
7.58,Millets,Sandy,0.91,688,1.9
13.26,Wheat,Black,0.4,949,3.88
5.9,Sugarcane,Loam,0.4,1350,5.73
10.52,Cotton,Clay,0.83,1483,7.77
9.89,Wheat,Clay,0.75,668,3.47
1.26,Cotton,Black,0.75,843,0.53
8.29,Wheat,Sandy,0.72,366,1.22
5.23,Wheat,Sandy,0.72,1026,2.16
13.98,Maize,Black,0.56,954,7.39
8.25,Rice,Clay,0.32,734,1.55
4.01,Sugarcane,Sandy,0.66,730,2.32
8.68,Rice,Loam,0.61,957,4.86
9.57,Cotton,Black,0.74,622,2.91
7.78,Millets,Black,0.88,526,1.98
11.45,Rice,Loam,0.54,671,3.98
6.13,Cotton,Sandy,0.35,936,0.96
9.93,Rice,Black,0.51,990,4.41
10.8,Cotton,Loam,0.64,723,3.6
9.27,Millets,Clay,0.69,490,1.57
3.01,Sugarcane,Loam,0.88,1325,6.32
1.07,Wheat,Clay,0.9,575,0.39
13.55,Wheat,Black,0.46,398,1.91
5.67,Cotton,Sandy,0.35,743,0.71
13.98,Wheat,Sandy,0.39,1434,4.38
10.46,Millets,Clay,0.43,538,1.21
1.73,Wheat,Loam,0.5,932,0.68
9.48,Cotton,Clay,0.42,552,1.32
8.33,Wheat,Loam,0.38,357,0.95
7.93,Millets,Loam,0.87,1201,4.97
7.19,Sugarcane,Loam,0.84,1119,12.16
1.52,Wheat,Loam,0.53,863,0.58
6.36,Maize,Sandy,0.35,1159,1.86
2.34,Millets,Clay,0.91,867,0.92
7.89,Millets,Black,0.4,1453,2.52
11.15,Wheat,Black,0.65,612,3.42
9.32,Wheat,Loam,0.47,474,1.74
1.81,Sugarcane,Clay,0.58,828,1.3
10.52,Millets,Black,0.54,792,2.47
14.04,Cotton,Sandy,0.85,1267,7.26
8.16,Rice,Sandy,0.49,1186,3.03
3.67,Maize,Clay,0.67,604,1.34
9.03,Maize,Black,0.44,1022,4.02
14.96,Rice,Black,0.64,380,3.2
12.72,Rice,Loam,0.78,787,7.5
6.12,Wheat,Loam,0.88,1243,5.62
3.58,Millets,Black,0.3,591,0.35
8.07,Cotton,Sandy,0.94,351,1.28
3.34,Wheat,Loam,0.72,1101,2.22
7.12,Sugarcane,Sandy,0.54,1079,4.98
10.06,Millets,Black,0.37,1422,2.91
9.49,Maize,Black,0.94,1438,12.7
5.15,Cotton,Clay,0.49,313,0.47
1.89,Maize,Sandy,0.71,689,0.67
13.39,Sugarcane,Clay,0.59,595,7.05
7.34,Wheat,Clay,0.81,1359,5.66
2.25,Cotton,Sandy,0.35,1027,0.39
10.6,Wheat,Sandy,0.59,569,1.99
9.32,Millets,Clay,0.48,1243,2.78
5.21,Wheat,Clay,0.43,463,0.73
13.96,Wheat,Loam,0.85,910,9.07
13.87,Cotton,Loam,0.54,850,4.58
2.28,Wheat,Black,0.67,1166,1.37
10.66,Wheat,Black,0.77,1177,7.44
8.63,Wheat,Loam,0.37,1285,3.45
11.14,Rice,Loam,0.63,1196,8.06
6.48,Maize,Loam,0.64,1071,4.8
10.56,Sugarcane,Loam,0.57,1179,12.77
13.98,Rice,Sandy,0.92,1310,10.78
9.29,Sugarcane,Clay,0.92,1156,14.82
11.57,Millets,Black,0.88,376,2.11
5.18,Sugarcane,Sandy,0.74,901,4.14
11.86,Millets,Sandy,0.89,875,3.69
11.92,Wheat,Black,0.4,946,3.47
7.64,Cotton,Black,0.89,1292,5.8
8.08,Millets,Loam,0.73,537,1.9
4.56,Sugarcane,Clay,0.94,968,6.22
2.84,Sugarcane,Sandy,0.76,1441,3.73
6.02,Wheat,Loam,0.79,1420,5.67
2.12,Rice,Sandy,0.92,1232,1.54
7.34,Sugarcane,Loam,0.65,930,7.99
10.48,Sugarcane,Black,0.48,535,4.44
1.65,Sugarcane,Sandy,0.34,984,0.66
9.46,Cotton,Clay,0.48,1140,3.11
11.76,Rice,Black,0.34,1188,4.18
13.84,Sugarcane,Loam,0.92,434,9.95
3.71,Maize,Loam,0.43,1401,2.41
2.71,Rice,Black,0.45,1439,1.54
9.88,Cotton,Loam,0.83,620,3.66
3.77,Cotton,Black,0.76,1474,2.79
2.21,Millets,Loam,0.66,816,0.71
2.09,Rice,Sandy,0.8,667,0.71
4.93,Sugarcane,Black,0.44,416,1.49
1.96,Wheat,Sandy,0.63,550,0.38
11.82,Rice,Sandy,0.35,1267,3.35
9.58,Millets,Black,0.54,1129,3.21
3.81,Wheat,Black,0.54,1164,1.84
8.1,Rice,Loam,0.56,950,4.14
1.46,Millets,Clay,0.9,791,0.52
6.66,Wheat,Loam,0.31,715,1.24
1.25,Millets,Black,0.64,697,0.31
10.25,Wheat,Black,0.51,1048,4.22
6.35,Wheat,Sandy,0.32,1434,1.63
11.92,Maize,Black,0.5,396,2.34
9.57,Cotton,Loam,0.87,1201,7.2
6.48,Millets,Sandy,0.43,1441,1.61
13.9,Maize,Black,0.57,1126,8.83
13.28,Wheat,Clay,0.83,1417,10.93
13.49,Wheat,Sandy,0.64,788,3.81
3.55,Cotton,Black,0.48,1123,1.26
14.58,Maize,Black,0.51,321,2.36
5.4,Wheat,Clay,0.55,1126,2.34
11.18,Millets,Clay,0.37,1332,2.75
8.81,Cotton,Clay,0.77,768,3.13
6.45,Rice,Sandy,0.31,777,0.99
9.73,Wheat,Sandy,0.72,437,1.71
11.28,Cotton,Black,0.85,353,2.23
1.34,Millets,Sandy,0.7,300,0.11
4.7,Sugarcane,Clay,0.52,899,3.3
13.17,Millets,Sandy,0.85,1481,6.63
1.96,Wheat,Clay,0.47,668,0.43
4.91,Wheat,Loam,0.49,592,1.2
3.18,Sugarcane,Loam,0.71,1195,4.86
14.04,Cotton,Black,0.75,411,2.86
8.4,Millets,Black,0.34,641,1.01
1.87,Millets,Loam,0.56,566,0.36
10.27,Maize,Sandy,0.84,1106,6.87
13.03,Cotton,Loam,0.92,548,4.73
10.93,Maize,Black,0.93,997,10.03
11.58,Sugarcane,Clay,0.95,1477,24.37
14.95,Rice,Sandy,0.67,1294,8.3
7.02,Maize,Black,0.67,673,3.13
5.34,Sugarcane,Loam,0.76,437,3.19
9.86,Wheat,Sandy,0.31,388,0.66
11.59,Wheat,Black,0.63,365,2.05
3.07,Sugarcane,Loam,0.56,989,3.06
2.27,Maize,Sandy,0.46,1440,1.08
4.32,Cotton,Black,0.55,1263,1.98
14.67,Sugarcane,Clay,0.39,310,2.66
3.92,Wheat,Loam,0.57,484,0.91
5.36,Cotton,Sandy,0.65,1499,2.51
5.42,Maize,Loam,0.66,731,2.82
5.91,Cotton,Black,0.37,1474,2.13
3.08,Maize,Black,0.66,414,0.83
3.21,Millets,Clay,0.73,1355,1.59
12.52,Millets,Loam,0.66,1318,6.53
6.59,Cotton,Sandy,0.6,899,1.71
13.14,Millets,Clay,0.8,769,4.04
7.35,Millets,Sandy,0.3,500,0.44
10.27,Rice,Black,0.78,1042,7.35
6.6,Wheat,Loam,0.85,548,2.58
14.04,Maize,Black,0.9,487,6.09
3.91,Rice,Black,0.79,332,0.9
12.28,Rice,Loam,0.38,1234,5.53
12.98,Wheat,Sandy,0.37,1427,3.84
1.32,Rice,Sandy,0.73,976,0.6
9.76,Millets,Black,0.4,898,1.93
12.56,Millets,Clay,0.69,1377,5.97
6.81,Sugarcane,Loam,0.67,964,7.92
4.25,Sugarcane,Clay,0.62,854,3.38
3.64,Sugarcane,Clay,0.66,721,2.6
9.15,Maize,Sandy,0.88,1276,7.4
8.21,Cotton,Clay,0.68,824,2.76
4.91,Wheat,Clay,0.43,525,0.78
7.89,Wheat,Black,0.52,1270,4.01
1.09,Maize,Clay,0.66,1276,0.83
8.79,Sugarcane,Sandy,0.69,491,3.57
11.87,Wheat,Clay,0.48,855,3.41
13.77,Sugarcane,Sandy,0.31,1286,6.59
11.5,Wheat,Black,0.9,723,5.76
7.93,Maize,Clay,0.74,705,3.72
1.44,Rice,Black,0.87,442,0.49
12.91,Cotton,Clay,0.7,1042,5.65
12.2,Rice,Black,0.42,984,4.44
9.56,Millets,Black,0.77,908,3.68
11.15,Sugarcane,Sandy,0.66,1241,10.96
3.89,Sugarcane,Black,0.58,522,1.94
13.27,Sugarcane,Sandy,0.47,1041,7.79
8.52,Wheat,Sandy,0.36,391,0.67
2.57,Wheat,Clay,0.78,1253,1.76
10.78,Wheat,Sandy,0.85,819,4.2
3.01,Wheat,Sandy,0.5,844,0.71
13.46,Wheat,Black,0.85,611,5.38
15.0,Rice,Clay,0.47,799,4.51
6.19,Millets,Loam,0.45,423,0.71
6.65,Rice,Sandy,0.34,950,1.37
10.23,Maize,Sandy,0.85,1449,9.07
12.27,Wheat,Black,0.53,1197,5.99
11.62,Maize,Clay,0.61,1104,7.04
11.39,Wheat,Loam,0.88,568,4.78
6.16,Wheat,Sandy,0.65,1010,2.26
3.26,Millets,Clay,0.3,997,0.49
12.96,Cotton,Black,0.45,743,2.86
11.26,Wheat,Loam,0.39,312,1.15
12.38,Sugarcane,Clay,0.31,1467,8.45
14.05,Rice,Black,0.61,1403,10.58
3.6,Maize,Loam,0.73,1496,4.25
10.11,Wheat,Clay,0.81,1259,7.22
11.0,Maize,Sandy,0.74,806,4.72
11.0,Rice,Sandy,0.42,1407,4.16
6.85,Rice,Loam,0.42,877,2.42
14.17,Rice,Black,0.51,985,6.26
9.63,Cotton,Loam,0.62,924,3.97
6.73,Wheat,Clay,0.53,1236,3.09
12.92,Wheat,Clay,0.91,1042,8.58
4.12,Sugarcane,Clay,0.58,720,2.58
12.09,Sugarcane,Loam,0.54,318,3.74
10.08,Sugarcane,Clay,0.77,431,5.02
9.85,Rice,Sandy,0.61,731,2.81
7.38,Maize,Clay,0.45,876,2.62
1.43,Cotton,Clay,0.32,555,0.15
10.62,Cotton,Clay,0.7,455,2.03
6.88,Wheat,Clay,0.33,532,0.85
8.99,Maize,Loam,0.64,935,5.81
10.15,Wheat,Loam,0.69,1063,6.25
2.11,Sugarcane,Loam,0.57,462,1.0
1.19,Wheat,Black,0.3,404,0.11
8.81,Wheat,Sandy,0.68,883,2.96
1.73,Cotton,Clay,0.32,1029,0.34
13.72,Millets,Clay,0.86,1372,8.09
14.48,Millets,Black,0.47,470,1.76
6.92,Maize,Sandy,0.34,569,0.96
5.04,Maize,Sandy,0.8,1124,3.26
8.09,Cotton,Clay,0.48,1310,3.05
8.41,Cotton,Black,0.66,686,2.51
10.62,Sugarcane,Clay,0.56,786,7.01
14.78,Maize,Black,0.46,436,2.93
8.9,Sugarcane,Clay,0.73,894,8.71
11.04,Wheat,Loam,0.52,375,1.81
13.25,Sugarcane,Loam,0.81,1430,27.63
10.73,Wheat,Loam,0.85,706,5.41
2.46,Wheat,Loam,0.89,836,1.54
4.1,Cotton,Black,0.92,554,1.38
2.44,Millets,Black,0.83,1111,1.24
13.83,Wheat,Sandy,0.72,1295,7.22
3.09,Rice,Black,0.36,654,0.64
1.81,Millets,Sandy,0.76,375,0.21
13.78,Wheat,Sandy,0.52,1188,4.77
1.14,Cotton,Loam,0.94,718,0.55
11.83,Wheat,Loam,0.42,611,2.55
8.54,Maize,Loam,0.33,572,1.74
3.58,Millets,Black,0.86,888,1.5
5.22,Rice,Loam,0.61,1159,3.54
4.2,Millets,Sandy,0.93,533,0.83
11.46,Maize,Loam,0.8,1436,14.22
3.26,Maize,Black,0.65,415,0.87
4.45,Rice,Sandy,0.38,646,0.7
5.19,Maize,Clay,0.39,1155,2.1
6.18,Wheat,Clay,0.76,1164,3.83
6.15,Maize,Black,0.32,1039,2.02
5.39,Cotton,Sandy,0.68,1253,2.2
14.79,Wheat,Clay,0.59,675,4.12
14.98,Maize,Sandy,0.88,772,7.33
2.47,Millets,Loam,0.59,1056,0.92
11.61,Maize,Clay,0.41,555,2.38
6.94,Cotton,Black,0.65,736,2.19
2.85,Millets,Loam,0.46,458,0.36
11.96,Maize,Sandy,0.31,1231,3.29
1.87,Wheat,Sandy,0.42,889,0.39
1.81,Millets,Sandy,0.31,1140,0.26
14.17,Wheat,Clay,0.53,1343,7.06
5.4,Millets,Sandy,0.91,319,0.63
13.08,Millets,Clay,0.68,1001,4.45
9.36,Maize,Sandy,0.88,939,5.57
2.61,Cotton,Clay,0.87,462,0.63
13.09,Maize,Loam,0.36,1192,6.07
8.17,Maize,Loam,0.31,461,1.26
13.75,Sugarcane,Sandy,0.53,644,5.63
11.8,Rice,Clay,0.83,523,4.1
10.14,Maize,Black,0.47,985,4.65
11.7,Maize,Clay,0.62,1019,6.65
4.81,Maize,Loam,0.51,770,2.04
13.43,Sugarcane,Sandy,0.85,990,13.56
6.58,Sugarcane,Clay,0.92,1419,12.89
6.73,Sugarcane,Sandy,0.32,725,1.87
9.47,Wheat,Clay,0.92,701,4.28
2.21,Maize,Sandy,0.81,1131,1.46
7.45,Sugarcane,Black,0.66,1198,9.72
12.3,Wheat,Clay,0.64,1151,6.34
9.76,Maize,Clay,0.83,807,5.88
12.75,Millets,Loam,0.35,1025,2.74
11.22,Rice,Sandy,0.56,736,2.96
6.15,Sugarcane,Loam,0.7,709,5.49
9.34,Millets,Black,0.66,1101,3.73
14.99,Millets,Sandy,0.44,1071,2.83
3.16,Millets,Clay,0.54,1236,1.05
11.22,Wheat,Black,0.39,978,3.3
4.7,Rice,Loam,0.34,864,1.33
1.73,Millets,Clay,0.68,1388,0.82
9.92,Wheat,Sandy,0.42,533,1.24
2.97,Wheat,Loam,0.66,1333,2.19
13.23,Millets,Black,0.37,779,2.1
14.75,Sugarcane,Clay,0.48,1068,11.34
4.76,Maize,Black,0.49,761,1.76
10.21,Rice,Black,0.88,420,3.32
6.53,Cotton,Loam,0.72,824,2.79
1.45,Cotton,Black,0.53,699,0.35
3.79,Millets,Loam,0.71,697,1.13
10.7,Rice,Sandy,0.33,973,2.2
5.36,Millets,Black,0.63,877,1.63
2.44,Maize,Black,0.56,994,1.34
5.03,Rice,Black,0.45,1150,2.29
13.48,Sugarcane,Black,0.53,936,11.03
12.49,Maize,Loam,0.43,843,4.89
13.45,Millets,Loam,0.64,508,2.62
6.6,Maize,Loam,0.7,1230,6.14
5.57,Rice,Clay,0.33,847,1.25
14.37,Rice,Sandy,0.92,1395,11.8
8.29,Maize,Loam,0.42,526,1.98
3.48,Sugarcane,Clay,0.6,916,2.87
1.64,Sugarcane,Black,0.4,1051,1.14
2.38,Maize,Clay,0.75,1405,2.26
12.45,Wheat,Black,0.46,892,3.93
4.4,Sugarcane,Loam,0.94,981,7.3
6.49,Wheat,Black,0.81,547,2.21
12.64,Sugarcane,Black,0.48,1260,12.61
8.33,Rice,Clay,0.38,1216,3.08
4.57,Wheat,Clay,0.76,394,0.96
9.81,Wheat,Sandy,0.77,953,4.03
3.39,Rice,Loam,0.76,970,2.4
3.19,Sugarcane,Sandy,0.63,616,1.49
7.18,Wheat,Loam,0.88,684,3.63
7.01,Rice,Loam,0.55,1192,4.41
14.35,Rice,Clay,0.39,1104,4.94
4.92,Rice,Black,0.57,571,1.41
9.96,Millets,Clay,0.61,1411,4.29
3.22,Millets,Black,0.54,353,0.34
9.74,Wheat,Sandy,0.92,1333,6.69
2.21,Wheat,Sandy,0.68,765,0.64
11.65,Maize,Black,0.52,1248,7.48
5.62,Maize,Loam,0.46,411,1.15
9.23,Cotton,Sandy,0.81,1085,3.89
7.48,Sugarcane,Clay,0.67,480,3.61
8.12,Wheat,Sandy,0.48,713,1.56
6.74,Millets,Loam,0.79,747,2.39
13.82,Sugarcane,Loam,0.53,886,11.68
9.08,Cotton,Sandy,0.83,792,2.87
1.88,Sugarcane,Sandy,0.31,734,0.51
9.72,Rice,Sandy,0.48,1219,3.64
13.22,Sugarcane,Black,0.36,962,7.55
14.22,Rice,Black,0.74,461,4.27
5.06,Rice,Clay,0.49,653,1.3
13.42,Sugarcane,Black,0.37,1423,11.66
12.21,Rice,Black,0.87,1031,9.64
10.71,Rice,Black,0.7,1126,7.43
4.5,Wheat,Clay,0.92,577,1.67
2.11,Sugarcane,Loam,0.47,1014,1.81
9.07,Maize,Loam,0.92,981,8.84
7.53,Sugarcane,Clay,0.92,969,10.07
1.11,Rice,Loam,0.77,612,0.5
8.88,Maize,Black,0.88,465,3.6
14.36,Maize,Sandy,0.55,606,3.45
5.77,Millets,Clay,0.58,1020,1.71
4.33,Maize,Clay,0.64,1117,2.79
14.24,Sugarcane,Sandy,0.5,408,3.49
2.37,Sugarcane,Black,0.69,400,1.08
4.96,Cotton,Loam,0.45,1110,1.78
2.77,Sugarcane,Clay,0.37,555,0.85
7.04,Wheat,Sandy,0.69,528,1.44
4.76,Maize,Clay,0.65,1363,3.8
13.63,Wheat,Black,0.54,778,4.41
7.98,Cotton,Black,0.39,398,0.82
14.34,Rice,Clay,0.71,390,3.18
9.95,Maize,Sandy,0.47,372,1.25
13.89,Maize,Black,0.39,931,4.99
5.06,Wheat,Black,0.62,354,0.86
2.19,Maize,Sandy,0.62,567,0.55
8.1,Wheat,Loam,0.3,392,0.8
9.75,Rice,Sandy,0.55,497,1.71
2.42,Wheat,Black,0.85,774,1.23
3.66,Maize,Black,0.87,1067,3.36
1.55,Rice,Black,0.35,664,0.32
14.35,Rice,Sandy,0.72,1190,7.87
3.15,Sugarcane,Clay,0.43,1175,2.39
1.37,Maize,Sandy,0.92,518,0.47
8.33,Sugarcane,Loam,0.8,1181,14.17
1.38,Sugarcane,Clay,0.71,691,1.02
4.32,Millets,Black,0.7,1498,2.49
12.48,Maize,Clay,0.77,1464,12.66
10.03,Cotton,Clay,0.89,587,3.14
6.46,Wheat,Sandy,0.77,1283,3.57
9.23,Millets,Sandy,0.74,838,2.29
1.14,Millets,Black,0.43,970,0.26
5.32,Millets,Black,0.37,328,0.36
14.64,Sugarcane,Sandy,0.89,990,15.48
12.92,Sugarcane,Black,0.4,1439,12.27
14.65,Maize,Loam,0.73,1365,15.77
5.88,Millets,Clay,0.94,427,1.18
11.86,Wheat,Clay,0.66,885,4.85
5.4,Wheat,Sandy,0.42,1092,1.39
9.88,Millets,Sandy,0.42,348,0.58
1.76,Wheat,Loam,0.38,702,0.39
3.7,Sugarcane,Loam,0.82,504,2.75
5.9,Millets,Clay,0.43,640,0.81
11.92,Sugarcane,Clay,0.7,422,5.28
13.19,Wheat,Sandy,0.36,463,1.23
5.55,Sugarcane,Black,0.87,917,7.31
10.58,Millets,Black,0.76,909,4.02
2.72,Wheat,Loam,0.85,1227,2.38
6.06,Rice,Clay,0.42,1166,2.37
5.0,Rice,Clay,0.34,315,0.43
6.62,Cotton,Sandy,0.5,1244,1.98
1.97,Sugarcane,Black,0.64,868,1.81
3.8,Sugarcane,Loam,0.67,708,3.24
2.25,Millets,Clay,0.37,1084,0.45
11.54,Cotton,Black,0.47,553,1.98
7.75,Rice,Loam,0.89,1260,8.34
6.49,Sugarcane,Sandy,0.48,501,1.87
7.23,Rice,Sandy,0.93,1399,6.02
2.28,Maize,Clay,0.87,679,1.21
7.36,Rice,Clay,0.86,464,2.35
4.82,Cotton,Clay,0.76,788,1.73
10.8,Wheat,Clay,0.31,1021,2.39
2.34,Rice,Loam,0.66,316,0.47
12.31,Rice,Loam,0.94,586,6.51
11.37,Sugarcane,Sandy,0.72,859,8.44
6.41,Rice,Black,0.82,997,4.61
14.36,Millets,Clay,0.78,1128,6.32
11.97,Sugarcane,Loam,0.86,1190,22.05
5.67,Rice,Black,0.68,364,1.24
14.12,Cotton,Sandy,0.43,756,2.2
14.74,Wheat,Loam,0.5,815,5.05
5.21,Maize,Black,0.59,576,1.75
9.85,Rice,Loam,0.9,468,3.98
12.75,Sugarcane,Loam,0.43,665,6.56
14.12,Millets,Loam,0.81,1405,9.64
12.86,Millets,Loam,0.4,1190,3.67
6.42,Rice,Sandy,0.42,1409,2.43
13.63,Millets,Loam,0.35,1097,3.14
14.51,Sugarcane,Clay,0.35,625,4.76
4.31,Cotton,Clay,0.81,418,0.88
4.5,Sugarcane,Loam,0.9,1119,8.16
14.32,Maize,Sandy,0.88,549,4.98
5.29,Rice,Clay,0.72,502,1.53
2.86,Rice,Clay,0.61,489,0.68
8.8,Sugarcane,Sandy,0.78,1270,10.46
1.5,Cotton,Sandy,0.81,1268,0.74
8.07,Sugarcane,Sandy,0.36,1293,4.51
9.37,Rice,Clay,0.82,1149,7.06
9.9,Maize,Loam,0.87,876,8.15
2.59,Millets,Clay,0.46,1460,0.87
10.54,Rice,Sandy,0.38,1352,3.47
11.31,Sugarcane,Loam,0.8,981,15.98
10.14,Sugarcane,Clay,0.41,413,2.58
10.26,Maize,Clay,0.79,587,4.28
7.79,Millets,Sandy,0.31,881,0.85
5.12,Rice,Loam,0.69,1266,4.29
14.41,Rice,Loam,0.76,976,10.26
3.37,Rice,Loam,0.48,392,0.61
11.62,Rice,Clay,0.66,1240,7.61
1.58,Millets,Loam,0.33,739,0.23
14.63,Rice,Clay,0.41,775,3.72
12.42,Sugarcane,Loam,0.34,1124,8.54
14.38,Maize,Black,0.75,1135,12.12
1.81,Sugarcane,Black,0.63,651,1.22
14.24,Sugarcane,Clay,0.94,1138,22.85
2.22,Wheat,Sandy,0.75,624,0.58
5.96,Wheat,Clay,0.51,1140,2.43
5.35,Wheat,Clay,0.5,540,1.01
3.41,Millets,Clay,0.94,1287,2.06
2.32,Cotton,Clay,0.45,938,0.59
7.69,Rice,Sandy,0.84,1427,5.9
7.88,Rice,Sandy,0.61,975,3.0
9.36,Millets,Clay,0.38,383,0.68
13.95,Wheat,Clay,0.42,306,1.25
8.33,Sugarcane,Clay,0.78,963,9.39
9.46,Rice,Loam,0.61,1172,6.49
14.97,Millets,Loam,0.61,1151,6.31
13.2,Cotton,Black,0.54,558,2.63
14.35,Rice,Sandy,0.74,1240,8.43
6.66,Maize,Loam,0.41,1465,4.32
2.39,Wheat,Black,0.31,368,0.21
2.22,Cotton,Sandy,0.88,1189,1.11
5.4,Millets,Black,0.91,1244,3.36
1.5,Rice,Sandy,0.56,1431,0.77
6.51,Sugarcane,Black,0.33,910,3.23
4.05,Millets,Loam,0.66,1316,2.11
13.41,Cotton,Clay,0.32,749,1.93
11.52,Millets,Loam,0.3,766,1.59
8.29,Cotton,Loam,0.86,1134,5.82
14.59,Maize,Sandy,0.7,1346,9.9
13.62,Cotton,Loam,0.66,517,3.35
14.33,Sugarcane,Loam,0.38,434,4.25
5.25,Wheat,Sandy,0.38,1296,1.45
4.45,Maize,Clay,0.38,548,0.83
12.04,Sugarcane,Loam,0.63,560,7.65
7.33,Sugarcane,Loam,0.79,932,9.71
14.67,Maize,Black,0.88,1021,13.05
2.21,Millets,Black,0.79,1329,1.28
6.99,Millets,Clay,0.37,1249,1.62
9.13,Millets,Black,0.4,1082,2.17
1.04,Rice,Black,0.58,763,0.41
1.76,Millets,Clay,0.9,1363,1.08
11.08,Sugarcane,Loam,0.58,1471,17.02
14.1,Maize,Black,0.86,1205,14.47
13.63,Rice,Loam,0.55,1009,7.26
13.12,Maize,Sandy,0.37,396,1.38
11.04,Sugarcane,Black,0.63,1386,15.91
13.89,Wheat,Loam,0.6,572,4.0
4.54,Wheat,Loam,0.4,359,0.55
10.02,Sugarcane,Sandy,0.55,1334,8.82
12.32,Rice,Black,0.69,1021,7.64
3.21,Millets,Loam,0.63,602,0.73
11.79,Sugarcane,Clay,0.76,465,6.25
11.76,Rice,Clay,0.34,1406,4.5
2.22,Wheat,Loam,0.67,1244,1.55
13.41,Millets,Black,0.54,1280,5.1
5.39,Sugarcane,Loam,0.93,1274,11.5
14.05,Cotton,Clay,0.81,652,4.45
7.48,Millets,Black,0.62,978,2.49
10.45,Millets,Loam,0.44,805,2.22
5.5,Cotton,Clay,0.87,455,1.31
7.16,Millets,Black,0.93,1279,4.68
4.9,Rice,Sandy,0.54,446,0.76
14.51,Millets,Black,0.89,528,3.75
11.55,Cotton,Loam,0.6,1134,5.66
1.49,Cotton,Sandy,0.75,856,0.46
12.94,Maize,Loam,0.57,1378,10.98
6.53,Maize,Black,0.67,1240,5.37
1.03,Rice,Loam,0.82,1200,0.97
11.53,Wheat,Clay,0.79,1415,9.02
3.24,Millets,Black,0.87,515,0.8
12.51,Rice,Clay,0.32,321,1.03
5.02,Maize,Sandy,0.88,788,2.51
5.83,Millets,Sandy,0.4,1135,1.06
4.21,Maize,Loam,0.75,1023,3.49
5.35,Rice,Clay,0.35,996,1.49
13.78,Cotton,Sandy,0.33,1493,3.26
9.73,Cotton,Clay,0.79,544,2.51
4.58,Maize,Loam,0.9,328,1.46
11.85,Sugarcane,Loam,0.95,615,12.46
6.97,Cotton,Black,0.32,617,0.91
9.1,Rice,Loam,0.67,1181,6.91
14.67,Rice,Clay,0.77,434,3.92
1.51,Cotton,Clay,0.5,1388,0.63
11.3,Cotton,Sandy,0.7,1378,5.23
4.61,Cotton,Loam,0.56,643,1.2
11.83,Millets,Clay,0.34,1227,2.47
1.91,Sugarcane,Clay,0.34,336,0.33
3.53,Sugarcane,Loam,0.54,737,2.53
8.53,Millets,Sandy,0.73,1234,3.07
4.43,Rice,Black,0.43,313,0.52
8.77,Cotton,Clay,0.87,568,2.6
12.19,Millets,Black,0.94,910,5.74
7.78,Rice,Black,0.91,1296,8.07
5.24,Maize,Loam,0.51,744,2.15
5.17,Millets,Sandy,0.69,1177,1.68
12.39,Millets,Clay,0.31,1440,2.77
11.68,Cotton,Sandy,0.37,1486,3.08
12.85,Rice,Sandy,0.33,1238,3.36
9.93,Wheat,Sandy,0.87,421,2.04
4.13,Maize,Sandy,0.86,368,0.94
11.27,Millets,Black,0.51,1200,3.79
4.57,Cotton,Sandy,0.51,512,0.57
14.14,Wheat,Black,0.63,464,3.18
3.11,Sugarcane,Loam,0.92,757,3.9
13.79,Cotton,Loam,0.82,1364,11.11
8.78,Sugarcane,Sandy,0.91,1210,11.6
6.48,Cotton,Clay,0.48,868,1.62
9.34,Rice,Clay,0.78,1101,6.42
4.21,Cotton,Sandy,0.84,1158,1.97
12.91,Maize,Clay,0.5,423,2.46
4.81,Maize,Clay,0.93,827,3.33
8.93,Millets,Sandy,0.77,906,2.49
5.75,Rice,Black,0.87,1090,4.8
14.95,Maize,Loam,0.35,917,5.18
14.2,Sugarcane,Sandy,0.45,559,4.29
10.51,Rice,Black,0.32,737,2.18
8.52,Millets,Loam,0.89,933,4.24
6.27,Rice,Sandy,0.35,1266,1.78
1.33,Rice,Sandy,0.82,713,0.5
8.37,Maize,Black,0.58,1056,5.08
6.42,Cotton,Sandy,0.58,1237,2.21
1.19,Millets,Loam,0.87,587,0.36
2.69,Millets,Sandy,0.84,762,0.69
4.33,Maize,Loam,0.81,771,2.92
8.62,Cotton,Black,0.78,519,2.3
2.61,Rice,Loam,0.57,600,0.86
3.1,Maize,Loam,0.4,398,0.53
2.96,Sugarcane,Loam,0.52,870,2.41
8.95,Maize,Clay,0.83,760,5.08
9.05,Rice,Loam,0.35,1369,4.16
10.01,Sugarcane,Sandy,0.9,1113,12.03
11.31,Rice,Loam,0.86,1487,13.88
8.05,Millets,Loam,0.5,1375,3.32
6.63,Rice,Sandy,0.36,1126,1.72
11.09,Maize,Black,0.76,306,2.55
3.32,Wheat,Sandy,0.4,1216,0.9
3.5,Cotton,Sandy,0.48,1299,1.05
6.42,Sugarcane,Clay,0.35,1456,4.91
11.82,Rice,Clay,0.61,1270,7.33
6.36,Maize,Black,0.55,360,1.25
12.47,Rice,Black,0.93,462,4.71
13.05,Wheat,Sandy,0.75,1260,6.91
3.99,Sugarcane,Black,0.5,1321,4.35
3.44,Rice,Clay,0.52,1069,1.53
11.45,Rice,Loam,0.67,1159,8.54
12.74,Wheat,Clay,0.45,500,2.01
11.96,Maize,Loam,0.57,302,2.22
9.94,Sugarcane,Black,0.44,391,2.82
12.11,Cotton,Sandy,0.32,1416,2.63
6.03,Maize,Black,0.83,860,4.26
2.02,Maize,Clay,0.45,903,0.74
3.7,Rice,Black,0.43,1440,2.02
4.53,Cotton,Loam,0.4,730,0.95
9.1,Maize,Sandy,0.39,439,1.12
8.35,Rice,Clay,0.6,963,3.86
5.77,Sugarcane,Clay,0.45,1095,4.26
3.15,Rice,Loam,0.49,591,0.88
12.77,Maize,Sandy,0.64,691,4.07
13.64,Maize,Loam,0.62,733,6.69
5.7,Wheat,Clay,0.32,763,0.97
7.35,Wheat,Black,0.54,1489,4.55
6.89,Wheat,Loam,0.76,883,3.88
1.27,Rice,Loam,0.43,437,0.23
11.47,Wheat,Clay,0.76,391,2.39
7.71,Maize,Loam,0.6,850,4.25
14.64,Cotton,Black,0.72,809,5.63
11.37,Maize,Black,0.91,1073,10.99
2.49,Rice,Sandy,0.41,1051,0.69
14.01,Maize,Sandy,0.59,817,4.86
12.04,Sugarcane,Loam,0.44,331,3.16
5.68,Wheat,Loam,0.54,347,0.89
8.47,Wheat,Loam,0.62,825,3.64
10.92,Cotton,Loam,0.69,1290,7.0
13.36,Cotton,Black,0.62,765,4.18
8.74,Maize,Black,0.8,1415,9.79
2.67,Rice,Black,0.88,1345,2.78
4.55,Wheat,Loam,0.93,1159,4.12
9.47,Cotton,Clay,0.72,1338,5.47
6.58,Cotton,Clay,0.42,389,0.65
9.47,Sugarcane,Clay,0.9,709,9.06
13.94,Sugarcane,Sandy,0.61,1268,12.94
11.14,Sugarcane,Sandy,0.72,649,6.25
1.49,Maize,Clay,0.52,1231,0.86
1.33,Rice,Black,0.64,1205,0.9
13.29,Cotton,Sandy,0.53,371,1.25
7.61,Wheat,Clay,0.59,817,2.57
14.91,Cotton,Loam,0.55,1378,8.14
14.46,Millets,Black,0.55,552,2.41
8.89,Sugarcane,Black,0.94,1101,15.18
3.47,Wheat,Sandy,0.59,318,0.36
3.95,Cotton,Black,0.31,1241,1.0
2.89,Millets,Loam,0.92,1173,1.87
1.4,Maize,Black,0.41,354,0.2
10.17,Millets,Loam,0.77,1307,6.14
5.01,Maize,Loam,0.7,1447,5.48
7.05,Maize,Clay,0.67,503,2.14
9.9,Rice,Black,0.6,1195,6.25
10.26,Wheat,Clay,0.34,1423,3.47
6.55,Maize,Sandy,0.79,943,3.51
6.22,Rice,Loam,0.31,1136,2.1
1.14,Wheat,Clay,0.87,795,0.55
12.22,Maize,Loam,0.83,996,10.91
11.85,Wheat,Loam,0.87,447,3.87
9.29,Cotton,Loam,0.88,994,5.85
2.29,Sugarcane,Clay,0.89,1125,3.44
11.88,Sugarcane,Black,0.35,1360,9.33
6.54,Wheat,Sandy,0.75,851,2.34
2.19,Millets,Sandy,0.82,1106,0.79
14.93,Wheat,Sandy,0.68,721,4.1
14.9,Wheat,Clay,0.76,318,2.52
12.6,Rice,Clay,0.52,1018,5.34
11.41,Sugarcane,Loam,0.57,504,5.9
9.13,Cotton,Black,0.47,770,2.18
2.97,Sugarcane,Sandy,0.84,944,2.83
7.8,Millets,Sandy,0.61,921,1.75
10.81,Sugarcane,Clay,0.42,653,4.45
7.68,Sugarcane,Sandy,0.65,947,5.67
5.98,Sugarcane,Clay,0.31,1390,3.87
7.49,Maize,Black,0.4,1333,3.95
3.25,Millets,Black,0.86,1476,2.27
14.67,Maize,Sandy,0.77,464,3.77
10.07,Sugarcane,Clay,0.57,993,8.55
12.37,Sugarcane,Black,0.49,1223,12.23
8.68,Rice,Loam,0.74,1386,8.55
6.64,Wheat,Clay,0.92,1192,5.1
12.37,Wheat,Loam,0.73,835,6.33
6.92,Wheat,Black,0.94,1358,6.8
3.85,Wheat,Clay,0.46,1311,1.63
7.84,Sugarcane,Black,0.35,1366,6.18
5.91,Wheat,Loam,0.64,1032,3.28
10.87,Maize,Clay,0.61,405,2.42
1.53,Maize,Clay,0.55,1451,1.1
12.56,Cotton,Clay,0.82,1049,6.48
3.02,Rice,Sandy,0.43,1130,0.94
8.86,Millets,Sandy,0.9,1434,4.57
14.29,Sugarcane,Loam,0.84,924,19.96
9.09,Maize,Black,0.35,689,2.17
11.78,Wheat,Loam,0.46,365,1.66
7.41,Millets,Sandy,0.68,498,1.0
8.17,Sugarcane,Clay,0.89,1051,11.46
12.68,Maize,Sandy,0.84,824,6.32
7.14,Rice,Loam,0.37,962,2.44
1.91,Rice,Clay,0.4,1361,0.83
1.03,Sugarcane,Loam,0.47,1048,0.91
14.54,Wheat,Loam,0.81,1358,13.43
14.39,Millets,Loam,0.51,987,4.35
5.87,Wheat,Loam,0.32,1269,2.0
11.08,Rice,Clay,0.63,1406,7.85
8.49,Rice,Black,0.37,534,1.48
9.31,Rice,Clay,0.44,1243,4.07
3.42,Rice,Loam,0.74,449,1.09
3.61,Maize,Sandy,0.73,1427,2.71
11.88,Maize,Sandy,0.91,699,5.44
10.38,Maize,Loam,0.95,1118,11.91
11.0,Wheat,Loam,0.36,1079,3.59
4.79,Cotton,Black,0.32,1174,1.19
10.76,Cotton,Black,0.88,1402,8.76
12.97,Cotton,Sandy,0.49,516,1.57
11.92,Millets,Black,0.75,1202,5.91
4.83,Wheat,Clay,0.87,391,1.15
13.3,Maize,Sandy,0.89,1015,8.65
9.35,Wheat,Loam,0.51,723,2.9
13.78,Cotton,Loam,0.59,737,4.31
7.71,Rice,Black,0.73,314,1.56
10.86,Wheat,Loam,0.42,1262,4.84
12.68,Sugarcane,Black,0.76,588,9.35
12.66,Rice,Sandy,0.59,944,4.51
7.84,Sugarcane,Black,0.45,643,3.74
3.48,Sugarcane,Loam,0.39,1339,3.27
1.95,Millets,Black,0.88,1476,1.39
5.66,Cotton,Clay,0.58,829,1.63
10.43,Rice,Sandy,0.87,524,3.04
11.01,Maize,Clay,0.73,951,6.88
6.82,Rice,Loam,0.5,825,2.7
14.1,Millets,Black,0.42,1077,3.51
6.36,Sugarcane,Sandy,0.66,1068,5.38
7.31,Rice,Black,0.66,830,3.52
10.05,Cotton,Loam,0.9,1230,8.01
14.3,Wheat,Black,0.36,501,1.99
9.29,Cotton,Black,0.74,1123,5.1
8.16,Millets,Black,0.59,1294,3.43
14.52,Cotton,Loam,0.76,514,4.08
1.39,Maize,Clay,0.42,1320,0.69
13.94,Sugarcane,Clay,0.75,1226,19.23
6.99,Millets,Clay,0.79,1047,2.89
12.33,Sugarcane,Sandy,0.35,870,4.51
7.18,Sugarcane,Black,0.73,1331,11.51
6.82,Rice,Clay,0.83,1218,5.52
11.08,Millets,Sandy,0.39,649,1.12
2.51,Wheat,Sandy,0.4,1336,0.75
10.26,Millets,Loam,0.38,1431,3.35
9.97,Sugarcane,Sandy,0.54,955,6.17
2.64,Rice,Sandy,0.39,918,0.6
10.81,Wheat,Black,0.83,725,5.01
5.62,Rice,Sandy,0.33,1448,1.72
4.89,Rice,Sandy,0.46,599,0.86
6.91,Maize,Loam,0.72,1369,7.36
13.98,Rice,Black,0.49,456,2.75
14.65,Maize,Black,0.87,1052,13.27
8.25,Maize,Black,0.46,1311,4.93
9.93,Sugarcane,Black,0.47,626,4.82
9.21,Millets,Clay,0.5,1301,3.0
14.03,Maize,Loam,0.85,392,5.05
2.94,Wheat,Sandy,0.8,1322,1.74
11.99,Wheat,Sandy,0.52,1226,4.28
14.44,Cotton,Loam,0.82,1491,12.71
9.87,Rice,Clay,0.44,1427,4.96
3.25,Wheat,Clay,0.56,789,1.01
9.58,Cotton,Black,0.42,436,1.16
6.22,Millets,Clay,0.48,551,0.82
4.04,Cotton,Clay,0.66,877,1.4
7.71,Maize,Loam,0.8,1385,9.23
1.39,Rice,Clay,0.84,510,0.48
13.16,Cotton,Clay,0.84,1292,8.57
7.91,Sugarcane,Clay,0.95,528,5.95
11.16,Sugarcane,Loam,0.86,1166,20.14
13.11,Sugarcane,Loam,0.45,1343,14.26
4.79,Millets,Clay,0.92,357,0.79
9.69,Maize,Loam,0.7,803,5.88
4.05,Wheat,Black,0.75,739,1.73
2.47,Cotton,Sandy,0.61,637,0.46
2.06,Sugarcane,Clay,0.69,976,2.08
14.15,Rice,Clay,0.66,835,6.24
2.53,Millets,Clay,0.53,1312,0.88
5.17,Sugarcane,Clay,0.31,1186,2.85
8.45,Millets,Loam,0.4,956,1.94
13.53,Wheat,Sandy,0.8,407,2.47
9.16,Sugarcane,Clay,0.87,1482,17.72
13.95,Cotton,Sandy,0.33,1181,2.61
14.12,Sugarcane,Black,0.37,1031,8.89
7.42,Millets,Loam,0.45,952,1.91
6.6,Sugarcane,Clay,0.52,892,4.59
6.52,Rice,Sandy,0.68,1115,3.16
7.02,Rice,Clay,0.49,962,2.65
9.52,Sugarcane,Black,0.63,805,7.97
3.34,Maize,Loam,0.82,1476,4.37
5.74,Cotton,Clay,0.55,820,1.55
7.97,Rice,Loam,0.46,495,1.74
14.42,Cotton,Sandy,0.69,661,3.16
6.62,Millets,Sandy,0.49,1179,1.53
1.23,Cotton,Loam,0.94,663,0.55
4.32,Millets,Sandy,0.9,371,0.58
5.87,Wheat,Loam,0.38,761,1.43
5.15,Cotton,Black,0.83,885,2.5
8.88,Millets,Loam,0.83,1370,6.06
6.67,Rice,Black,0.86,900,4.54
3.68,Sugarcane,Loam,0.42,475,1.32
11.69,Rice,Loam,0.5,1468,8.24
6.73,Millets,Sandy,0.95,966,2.47
8.6,Cotton,Black,0.87,464,2.29
8.68,Sugarcane,Sandy,0.88,1400,12.83
5.86,Rice,Clay,0.37,661,1.15
10.53,Wheat,Black,0.84,490,3.34
7.18,Wheat,Loam,0.82,937,4.63
14.34,Millets,Loam,0.75,1329,8.58
5.22,Maize,Loam,0.78,369,1.62
5.63,Millets,Black,0.81,870,2.18
11.14,Maize,Black,0.76,876,7.34
9.77,Sugarcane,Sandy,0.63,668,4.93
9.9,Sugarcane,Black,0.77,1043,13.12
7.47,Millets,Black,0.63,949,2.46
14.07,Cotton,Clay,0.44,1252,4.65
4.38,Sugarcane,Sandy,0.87,663,3.03
4.82,Cotton,Black,0.7,608,1.35
12.7,Sugarcane,Loam,0.92,1458,30.66
14.21,Maize,Sandy,0.71,567,4.12
10.72,Maize,Loam,0.84,1060,10.31
4.78,Millets,Clay,0.46,682,0.75
14.98,Cotton,Sandy,0.43,337,1.04
5.36,Rice,Black,0.87,537,2.2
3.79,Wheat,Black,0.69,1199,2.41
5.65,Wheat,Black,0.56,1033,2.52
11.81,Wheat,Clay,0.56,459,2.12
12.99,Sugarcane,Clay,0.78,437,6.64
8.53,Millets,Black,0.82,921,3.54
10.82,Millets,Loam,0.73,538,2.55
5.03,Cotton,Loam,0.56,335,0.68
1.53,Maize,Black,0.85,478,0.62
6.07,Rice,Sandy,0.84,729,2.38
14.5,Sugarcane,Black,0.82,306,6.0
1.33,Wheat,Loam,0.54,772,0.47
2.09,Wheat,Loam,0.66,1164,1.35
4.63,Cotton,Black,0.64,458,0.9
9.62,Rice,Clay,0.8,490,3.02
11.48,Maize,Clay,0.81,539,4.51
1.61,Sugarcane,Sandy,0.77,753,1.12
9.01,Rice,Loam,0.42,1213,4.41
3.4,Maize,Loam,0.61,1117,2.5
11.51,Millets,Sandy,0.54,1236,3.07
2.47,Sugarcane,Clay,0.57,1471,3.11
14.36,Cotton,Loam,0.76,681,5.35
10.22,Wheat,Black,0.61,1373,6.59
12.22,Maize,Clay,0.79,1288,11.19
11.31,Millets,Black,0.36,553,1.24
13.77,Wheat,Loam,0.58,529,3.55
14.24,Cotton,Black,0.6,803,4.53
11.06,Cotton,Loam,0.87,425,2.94
2.9,Millets,Clay,0.53,938,0.72
14.8,Sugarcane,Loam,0.78,798,16.58
14.85,Rice,Clay,0.48,966,5.51
13.74,Rice,Clay,0.83,1464,13.36
7.18,Sugarcane,Loam,0.47,895,5.44
13.2,Sugarcane,Clay,0.71,1321,18.57
6.04,Maize,Black,0.81,1405,6.81
4.39,Cotton,Sandy,0.39,1053,0.87
11.25,Millets,Black,0.47,627,1.82
4.22,Maize,Loam,0.65,1205,3.57
12.82,Maize,Sandy,0.57,811,4.27
11.93,Maize,Loam,0.76,1422,13.92
4.98,Rice,Clay,0.83,1456,4.81
14.38,Wheat,Black,0.64,1388,9.84
2.12,Wheat,Sandy,0.51,1021,0.62
7.79,Maize,Loam,0.93,1222,9.56
11.54,Maize,Black,0.39,759,3.38
7.22,Wheat,Black,0.94,812,4.24
9.6,Rice,Clay,0.66,869,4.4
9.32,Millets,Clay,0.32,1294,1.93
11.39,Maize,Black,0.68,367,2.81
12.26,Maize,Black,0.77,1020,9.53
2.25,Rice,Loam,0.7,1366,2.07
2.04,Sugarcane,Black,0.88,1389,4.11
5.54,Rice,Sandy,0.72,383,0.98
10.7,Sugarcane,Black,0.6,947,10.03
7.06,Cotton,Black,0.52,1110,2.69
5.85,Cotton,Sandy,0.33,664,0.62
1.83,Wheat,Sandy,0.89,767,0.7
9.05,Millets,Clay,0.36,1172,1.91
13.23,Maize,Loam,0.87,1462,18.17
7.04,Wheat,Black,0.8,1244,5.39
11.53,Millets,Black,0.37,904,2.12
1.25,Sugarcane,Clay,0.49,1023,0.94
13.98,Cotton,Loam,0.5,1324,6.66
1.61,Rice,Black,0.85,815,0.98
8.75,Wheat,Sandy,0.65,424,1.35
6.99,Rice,Loam,0.53,947,3.37
8.96,Sugarcane,Black,0.75,755,8.37
10.6,Millets,Black,0.64,789,2.94
4.76,Maize,Sandy,0.4,863,1.18
2.82,Sugarcane,Black,0.52,1104,2.67
6.76,Cotton,Black,0.9,745,2.99
5.78,Cotton,Sandy,0.3,1325,1.1
2.54,Maize,Sandy,0.93,1096,1.86
7.73,Rice,Loam,0.41,854,2.6
5.87,Sugarcane,Black,0.95,771,7.09
14.08,Rice,Clay,0.48,1374,7.43
7.07,Wheat,Loam,0.58,1210,4.17
6.12,Cotton,Loam,0.53,692,1.62
12.85,Wheat,Clay,0.76,549,3.75
10.02,Millets,Sandy,0.31,831,1.03
4.49,Rice,Black,0.33,534,0.7
12.11,Wheat,Clay,0.89,1474,11.12
5.06,Sugarcane,Black,0.84,891,6.25
1.42,Rice,Black,0.53,836,0.55
14.87,Maize,Loam,0.66,550,5.83
9.42,Sugarcane,Sandy,0.76,1431,12.29
4.19,Maize,Black,0.48,829,1.65
5.48,Cotton,Clay,0.64,1138,2.39
7.35,Rice,Loam,0.92,380,2.47
7.37,Wheat,Clay,0.53,1050,2.87
8.94,Wheat,Clay,0.54,1344,4.54
9.95,Rice,Loam,0.94,1494,13.41
11.4,Cotton,Sandy,0.33,974,1.76
11.37,Sugarcane,Loam,0.56,546,6.26
8.68,Maize,Black,0.58,341,1.7
3.32,Millets,Clay,0.31,750,0.39
12.69,Millets,Sandy,0.91,1151,5.32
8.11,Sugarcane,Black,0.54,1375,9.94
6.29,Cotton,Black,0.33,820,1.12
11.64,Wheat,Clay,0.57,907,4.21
9.12,Rice,Sandy,0.87,1353,6.87
12.71,Sugarcane,Black,0.53,387,4.3
11.51,Maize,Sandy,0.79,908,5.94
12.73,Wheat,Clay,0.33,515,1.51
7.46,Maize,Black,0.79,1232,7.19
12.99,Rice,Black,0.55,802,5.04
14.22,Cotton,Clay,0.8,881,6.01
9.48,Cotton,Sandy,0.87,469,1.86
3.62,Sugarcane,Sandy,0.73,1255,3.98
5.62,Sugarcane,Clay,0.68,1091,6.25
12.36,Rice,Loam,0.35,729,3.03
13.12,Sugarcane,Black,0.65,1318,18.55
12.33,Millets,Clay,0.51,728,2.29
5.09,Cotton,Sandy,0.32,1359,1.06
7.29,Rice,Loam,0.75,507,2.66
6.7,Cotton,Black,0.5,885,1.96
10.72,Cotton,Loam,0.54,1295,5.4
5.76,Wheat,Black,0.78,793,2.74
14.72,Sugarcane,Sandy,0.76,1008,13.53
7.63,Wheat,Loam,0.62,1445,5.74
14.18,Rice,Loam,0.88,343,4.11
14.97,Sugarcane,Loam,0.73,467,9.19
8.14,Sugarcane,Clay,0.41,1418,7.1
5.33,Maize,Sandy,0.85,353,1.15
7.79,Sugarcane,Clay,0.83,530,5.14
2.3,Wheat,Loam,0.73,864,1.22
12.87,Maize,Loam,0.34,940,4.44
11.16,Millets,Loam,0.64,445,1.91
7.69,Maize,Sandy,0.45,408,1.02
6.27,Maize,Black,0.34,1408,2.97
4.3,Cotton,Black,0.51,976,1.41
12.17,Rice,Loam,0.56,318,2.08
9.85,Wheat,Loam,0.83,350,2.4
10.02,Maize,Clay,0.54,898,4.37
7.13,Rice,Clay,0.41,593,1.39
2.15,Rice,Black,0.77,697,1.02
13.97,Maize,Clay,0.79,780,7.75
13.4,Rice,Loam,0.91,1054,12.34
9.47,Millets,Sandy,0.91,588,2.03
10.49,Wheat,Loam,0.41,612,2.21
10.3,Sugarcane,Black,0.66,357,4.0
10.34,Maize,Clay,0.59,1065,5.85
5.26,Millets,Clay,0.43,1033,1.17
2.9,Cotton,Black,0.78,894,1.33
5.0,Cotton,Loam,0.6,991,2.14
3.47,Sugarcane,Black,0.8,947,4.34
7.08,Millets,Loam,0.5,624,1.33
11.82,Maize,Clay,0.76,593,4.79
7.55,Wheat,Black,0.73,456,1.94
2.7,Cotton,Loam,0.74,432,0.62
5.49,Sugarcane,Black,0.32,1096,3.18
9.24,Wheat,Loam,0.93,383,2.76
9.13,Millets,Loam,0.57,1374,4.29
10.65,Rice,Black,0.72,1383,9.33
14.04,Maize,Black,0.64,710,6.32
13.3,Millets,Loam,0.72,1032,5.93
9.08,Sugarcane,Loam,0.61,1339,13.35
8.47,Millets,Black,0.48,362,0.81
4.03,Sugarcane,Clay,0.55,807,2.68
11.71,Millets,Clay,0.88,539,2.78
13.16,Rice,Clay,0.72,1260,9.55
6.74,Maize,Black,0.34,1223,2.77
12.7,Maize,Sandy,0.42,345,1.32
5.82,Maize,Sandy,0.7,363,1.06
4.76,Maize,Loam,0.52,1089,2.91
11.85,Cotton,Black,0.89,530,3.69
10.84,Maize,Loam,0.32,1068,4.0
2.77,Wheat,Loam,0.48,863,0.96
14.83,Millets,Sandy,0.63,1023,3.82
4.12,Cotton,Sandy,0.47,1021,0.95
14.4,Rice,Clay,0.33,1106,4.2
9.18,Rice,Clay,0.74,1458,7.92
14.23,Maize,Loam,0.67,1009,10.39
8.9,Maize,Loam,0.9,842,7.28
14.03,Sugarcane,Sandy,0.79,629,8.37
9.15,Millets,Loam,0.68,777,2.9
9.1,Sugarcane,Clay,0.65,582,5.16
7.28,Wheat,Black,0.3,643,1.08
11.66,Sugarcane,Clay,0.55,1375,13.23
12.59,Millets,Loam,0.49,1184,4.38
12.22,Wheat,Sandy,0.93,466,2.97
11.59,Maize,Loam,0.47,529,3.11
3.89,Maize,Clay,0.84,880,2.59
1.71,Cotton,Black,0.53,601,0.36
4.88,Cotton,Sandy,0.44,1456,1.5
12.25,Wheat,Sandy,0.58,1287,5.12
10.41,Rice,Sandy,0.65,1170,5.07
1.4,Maize,Black,0.39,305,0.16
12.1,Maize,Sandy,0.58,1218,6.15
13.16,Sugarcane,Black,0.32,420,2.92
7.52,Maize,Black,0.73,1350,7.34
10.91,Sugarcane,Loam,0.45,607,5.36
7.84,Cotton,Clay,0.76,454,1.62
9.13,Rice,Clay,0.43,914,2.87
13.5,Cotton,Sandy,0.91,367,2.16
5.17,Millets,Clay,0.73,831,1.57
3.23,Sugarcane,Loam,0.88,492,2.52
10.08,Sugarcane,Loam,0.54,772,7.56
5.86,Wheat,Clay,0.58,611,1.45
6.59,Cotton,Sandy,0.86,1346,3.66
3.11,Wheat,Loam,0.82,1110,2.38
11.22,Maize,Loam,0.42,1476,7.51
14.17,Cotton,Clay,0.44,882,3.3
10.29,Millets,Black,0.82,1135,5.27
4.99,Sugarcane,Loam,0.93,1184,9.89
9.68,Maize,Black,0.9,792,6.83
14.82,Wheat,Loam,0.81,1125,11.34
2.0,Maize,Loam,0.75,1190,1.93
1.8,Cotton,Loam,0.45,1159,0.68
1.56,Cotton,Black,0.74,679,0.52
7.73,Millets,Black,0.48,1401,2.86
12.58,Maize,Sandy,0.32,1242,3.6
8.25,Cotton,Sandy,0.37,745,1.09
13.88,Maize,Sandy,0.95,882,8.37
7.06,Rice,Loam,0.81,886,4.86
4.57,Millets,Clay,0.4,1240,1.13
2.01,Wheat,Clay,0.86,886,1.07
9.75,Cotton,Black,0.75,1386,6.69
1.87,Maize,Clay,0.46,861,0.67
2.98,Maize,Sandy,0.53,1048,1.19
3.85,Rice,Clay,0.61,461,0.87
5.51,Millets,Loam,0.65,1461,3.14
6.43,Wheat,Black,0.54,334,0.89
8.47,Wheat,Black,0.89,1341,7.78
10.74,Sugarcane,Sandy,0.3,992,3.84
4.45,Millets,Sandy,0.91,384,0.62
5.04,Rice,Black,0.44,1270,2.48
1.86,Sugarcane,Sandy,0.4,1224,1.09
5.85,Wheat,Clay,0.36,695,1.02
6.38,Sugarcane,Loam,0.47,1007,5.44
1.61,Wheat,Black,0.54,1174,0.79
4.57,Sugarcane,Sandy,0.58,699,2.22
1.16,Cotton,Black,0.59,1461,0.66
7.34,Sugarcane,Clay,0.4,377,1.66
3.44,Wheat,Sandy,0.66,715,0.91
4.36,Rice,Clay,0.56,1152,2.25
9.71,Cotton,Sandy,0.62,331,0.96
4.05,Rice,Loam,0.87,1481,5.01
9.38,Millets,Black,0.88,824,3.74
8.77,Cotton,Sandy,0.76,776,2.48
12.57,Maize,Sandy,0.6,1178,6.4
1.46,Rice,Black,0.64,1236,1.02
4.21,Cotton,Sandy,0.63,831,1.06
4.93,Wheat,Clay,0.86,565,1.68
4.49,Millets,Black,0.7,763,1.32
7.94,Sugarcane,Clay,0.49,877,5.12
12.54,Sugarcane,Loam,0.84,1259,23.87
9.94,Cotton,Clay,0.48,1073,3.07
8.23,Rice,Clay,0.83,976,5.33
14.57,Maize,Sandy,0.63,631,4.17
11.15,Rice,Clay,0.69,623,3.83
4.84,Wheat,Sandy,0.48,512,0.67
7.0,Wheat,Sandy,0.92,1159,4.18
5.77,Wheat,Clay,0.84,544,1.85
7.16,Wheat,Black,0.37,1261,2.57
14.25,Maize,Black,0.88,681,8.45
13.44,Maize,Clay,0.82,627,6.22
4.37,Maize,Sandy,0.74,1001,2.33
6.49,Cotton,Loam,0.55,604,1.55
14.11,Millets,Loam,0.59,1443,7.21
5.05,Maize,Sandy,0.38,1187,1.64
3.16,Maize,Loam,0.93,998,3.17
10.6,Millets,Black,0.32,727,1.36
5.64,Maize,Loam,0.95,352,2.04
12.38,Millets,Clay,0.43,858,2.28
10.82,Rice,Loam,0.64,757,5.03
13.58,Maize,Sandy,0.71,1140,7.91
10.62,Millets,Loam,0.51,944,3.07
10.04,Sugarcane,Black,0.6,1317,13.09
2.73,Rice,Clay,0.77,873,1.47
12.59,Maize,Loam,0.42,433,2.47
11.54,Millets,Loam,0.87,382,2.3
14.4,Millets,Sandy,0.53,1037,3.17
5.29,Cotton,Loam,0.63,779,1.87
2.94,Wheat,Black,0.91,696,1.43
9.09,Rice,Clay,0.68,1139,5.63
3.07,Wheat,Sandy,0.91,1469,2.3
3.67,Maize,Clay,0.54,353,0.63
10.07,Maize,Loam,0.31,1275,4.3
5.82,Wheat,Sandy,0.93,1349,4.09
6.15,Maize,Clay,0.7,1376,5.33
7.1,Sugarcane,Sandy,0.36,1118,3.43
4.35,Sugarcane,Black,0.42,578,1.74
9.08,Sugarcane,Black,0.56,1109,9.3
6.83,Millets,Black,0.67,420,1.06
12.73,Maize,Clay,0.37,723,3.06
7.26,Cotton,Black,0.63,584,1.76
2.56,Maize,Clay,0.31,1060,0.76
6.98,Cotton,Sandy,0.88,1157,3.41
14.65,Rice,Black,0.44,381,2.16
1.33,Millets,Black,0.53,1271,0.49
1.56,Sugarcane,Sandy,0.72,1189,1.6
7.78,Maize,Clay,0.63,1269,5.6
2.96,Maize,Loam,0.56,576,1.03
10.51,Wheat,Sandy,0.61,1393,5.0
1.16,Maize,Sandy,0.95,516,0.41
12.6,Wheat,Loam,0.56,725,4.3
7.28,Rice,Sandy,0.71,314,1.04
14.99,Wheat,Sandy,0.58,1061,5.17
11.23,Sugarcane,Sandy,0.7,916,8.64
14.57,Millets,Sandy,0.35,1423,2.9
13.05,Wheat,Sandy,0.83,785,4.76
4.29,Sugarcane,Clay,0.81,1290,6.72
7.88,Wheat,Sandy,0.61,873,2.35
13.91,Wheat,Clay,0.75,854,6.24
7.71,Wheat,Sandy,0.6,799,2.07
7.46,Wheat,Loam,0.71,428,1.9
1.16,Wheat,Loam,0.79,1229,0.95
1.17,Rice,Sandy,0.53,1356,0.54
7.93,Cotton,Clay,0.54,611,1.57
13.53,Cotton,Clay,0.89,877,6.34
8.19,Cotton,Loam,0.78,1330,6.12
10.33,Maize,Loam,0.78,365,3.18
1.94,Sugarcane,Black,0.45,1221,1.76
11.8,Rice,Loam,0.85,1082,10.42
7.97,Millets,Clay,0.78,1076,3.34
6.83,Millets,Loam,0.43,372,0.66
1.23,Cotton,Sandy,0.5,1130,0.33
14.11,Rice,Loam,0.85,1317,15.16
10.55,Wheat,Clay,0.79,1390,8.11
2.79,Maize,Black,0.85,1457,3.42
11.98,Millets,Sandy,0.83,426,1.69
6.14,Wheat,Loam,0.84,820,3.55
6.86,Maize,Loam,0.6,1263,5.61
7.58,Rice,Clay,0.8,1140,5.53
3.61,Maize,Clay,0.62,1368,2.76
13.79,Maize,Sandy,0.3,1358,4.04
14.69,Rice,Loam,0.62,954,8.34
1.02,Millets,Black,0.51,576,0.16
2.06,Wheat,Loam,0.53,614,0.56
2.49,Sugarcane,Sandy,0.74,926,2.05
5.98,Cotton,Loam,0.86,585,2.17
3.9,Millets,Black,0.39,1494,1.25
13.7,Sugarcane,Loam,0.45,1385,15.37
4.77,Cotton,Black,0.44,1342,1.86
5.74,Sugarcane,Clay,0.43,1444,5.35
5.13,Millets,Black,0.88,1270,3.15
8.77,Cotton,Black,0.75,422,1.83
6.57,Sugarcane,Sandy,0.32,820,2.07
6.1,Wheat,Clay,0.54,1389,3.2
6.1,Cotton,Sandy,0.49,519,0.74
11.16,Millets,Loam,0.34,981,2.23
8.3,Sugarcane,Sandy,0.9,1412,12.66
11.2,Cotton,Sandy,0.68,1187,4.34
12.33,Millets,Black,0.67,472,2.14
4.69,Wheat,Sandy,0.61,1120,1.79
1.3,Wheat,Black,0.62,1176,0.73
13.34,Sugarcane,Clay,0.57,1380,15.74
9.58,Sugarcane,Sandy,0.53,596,3.63
12.46,Rice,Sandy,0.38,515,1.56
9.16,Millets,Black,0.78,823,3.23
14.61,Sugarcane,Black,0.36,665,5.77
2.98,Sugarcane,Sandy,0.76,315,0.86
3.3,Cotton,Loam,0.87,1115,2.3
6.87,Wheat,Sandy,0.8,1453,4.47
1.97,Maize,Clay,0.31,440,0.24
7.08,Maize,Black,0.71,1131,5.63
3.92,Sugarcane,Sandy,0.51,301,0.72
1.94,Sugarcane,Black,0.48,751,1.15
12.21,Maize,Sandy,0.45,667,2.64
5.27,Millets,Clay,0.95,375,0.94
1.62,Sugarcane,Clay,0.4,1443,1.4
4.47,Sugarcane,Sandy,0.45,355,0.86
13.92,Millets,Clay,0.55,493,1.89
12.2,Maize,Clay,0.52,1467,8.38
8.91,Cotton,Loam,0.85,873,4.76
11.87,Maize,Clay,0.58,1450,8.98
7.08,Sugarcane,Loam,0.83,969,10.25
11.33,Wheat,Sandy,0.66,649,2.72
5.87,Cotton,Black,0.81,545,1.71
4.66,Millets,Black,0.8,669,1.37
4.92,Sugarcane,Black,0.91,753,5.56
1.45,Rice,Loam,0.45,1359,0.85
6.36,Sugarcane,Black,0.92,1399,13.51
14.18,Rice,Loam,0.73,1313,13.05
2.91,Cotton,Black,0.79,711,1.08
3.98,Cotton,Loam,0.3,1397,1.2
14.64,Cotton,Clay,0.83,428,3.12
4.22,Sugarcane,Clay,0.86,1040,5.66
7.44,Millets,Clay,0.57,893,1.89
5.29,Millets,Black,0.58,1460,2.46
2.12,Maize,Sandy,0.34,1436,0.75
8.69,Cotton,Loam,0.74,1346,6.23
7.66,Rice,Sandy,0.91,474,2.11
11.7,Sugarcane,Sandy,0.86,1052,12.7
6.05,Rice,Loam,0.43,533,1.33
11.75,Cotton,Loam,0.53,908,4.07
10.12,Maize,Sandy,0.76,1334,7.39
8.34,Wheat,Loam,0.63,631,2.78
1.86,Maize,Black,0.75,1065,1.47
4.0,Millets,Clay,0.51,401,0.41
14.13,Cotton,Sandy,0.94,1147,7.31
9.92,Rice,Black,0.46,754,3.03
5.82,Millets,Sandy,0.66,990,1.52
14.78,Sugarcane,Black,0.75,1413,25.84
2.32,Millets,Clay,0.73,432,0.37
5.71,Sugarcane,Black,0.44,882,3.66
4.27,Maize,Black,0.58,1425,3.49
11.09,Maize,Sandy,0.8,647,4.13
8.34,Millets,Clay,0.42,1489,2.61
3.1,Rice,Black,0.41,420,0.47
3.48,Maize,Clay,0.79,1499,3.71
10.24,Maize,Loam,0.5,1190,6.58
11.36,Millets,Clay,0.78,1437,6.37
8.8,Rice,Clay,0.33,1411,3.28
5.14,Rice,Clay,0.37,1455,2.21
3.46,Sugarcane,Clay,0.7,1165,4.23
7.94,Millets,Clay,0.81,1412,4.54
5.63,Rice,Sandy,0.77,1369,3.8
13.04,Rice,Loam,0.49,532,3.26
4.59,Millets,Sandy,0.89,449,0.73
12.55,Wheat,Sandy,0.43,1347,4.07
5.46,Rice,Loam,0.5,561,1.47
2.52,Cotton,Clay,0.95,1432,2.06
13.97,Wheat,Clay,0.88,1384,11.91
10.85,Sugarcane,Clay,0.65,1216,12.86
2.17,Sugarcane,Loam,0.56,1391,3.04
1.42,Sugarcane,Clay,0.88,1424,2.67
9.56,Sugarcane,Black,0.52,1486,12.19
9.53,Cotton,Black,0.35,1226,2.7
10.5,Wheat,Sandy,0.64,465,1.75
10.25,Sugarcane,Sandy,0.44,738,3.99
6.28,Sugarcane,Sandy,0.95,452,3.24
4.83,Wheat,Sandy,0.68,810,1.49
7.7,Sugarcane,Loam,0.32,373,1.65
9.04,Rice,Loam,0.6,380,1.98
5.93,Wheat,Black,0.77,1078,3.79
13.49,Wheat,Clay,0.63,986,5.87
7.12,Maize,Sandy,0.45,1418,3.27
2.89,Millets,Sandy,0.8,674,0.62
2.49,Sugarcane,Black,0.54,1134,2.52
3.16,Rice,Clay,0.54,1070,1.46
14.77,Maize,Clay,0.8,1134,12.06
11.39,Cotton,Black,0.78,348,2.04
10.57,Cotton,Sandy,0.89,573,2.59
5.0,Sugarcane,Sandy,0.4,472,1.13
10.04,Cotton,Black,0.85,731,4.12
14.16,Wheat,Black,0.49,853,4.56
13.58,Maize,Loam,0.52,759,5.79
3.97,Sugarcane,Clay,0.66,555,2.18
12.38,Sugarcane,Clay,0.78,827,11.98
5.9,Maize,Sandy,0.74,944,2.97
7.6,Wheat,Sandy,0.68,1443,4.18
13.76,Sugarcane,Loam,0.47,492,5.73
2.55,Wheat,Black,0.54,1382,1.47
11.52,Rice,Clay,0.78,356,2.56
13.14,Millets,Loam,0.3,653,1.54
7.56,Millets,Clay,0.52,1239,2.44
12.98,Cotton,Black,0.72,1318,8.13
10.4,Maize,Loam,0.55,1396,8.62
10.4,Rice,Black,0.8,528,3.87
13.27,Rice,Sandy,0.73,1060,6.57
2.58,Sugarcane,Sandy,0.7,1145,2.48
5.09,Maize,Clay,0.61,483,1.35
7.32,Maize,Loam,0.83,1428,9.37
13.18,Rice,Sandy,0.92,640,4.97
7.4,Sugarcane,Sandy,0.79,482,3.38
2.29,Rice,Loam,0.69,637,0.97
8.56,Rice,Loam,0.38,1320,4.12
10.94,Maize,Loam,0.39,1106,5.1
11.76,Sugarcane,Loam,0.84,1338,23.79
9.56,Sugarcane,Sandy,0.42,1352,6.51
12.7,Cotton,Black,0.92,619,4.77
14.02,Cotton,Loam,0.72,424,3.08
9.56,Cotton,Sandy,0.77,632,2.23
10.64,Cotton,Clay,0.51,1269,4.13
7.33,Sugarcane,Loam,0.39,798,4.11
3.21,Maize,Clay,0.41,976,1.16
11.49,Rice,Loam,0.82,541,4.89
7.36,Maize,Loam,0.36,1282,3.67
1.67,Cotton,Clay,0.41,382,0.16
1.44,Maize,Sandy,0.68,1123,0.79
1.43,Millets,Loam,0.61,992,0.52
8.12,Maize,Sandy,0.57,1143,3.81
11.05,Wheat,Sandy,0.47,901,2.62
5.14,Rice,Black,0.54,388,0.95
4.93,Sugarcane,Clay,0.49,509,1.84
1.92,Cotton,Clay,0.76,483,0.42
14.0,Sugarcane,Clay,0.41,734,6.32
5.12,Cotton,Sandy,0.52,1306,1.67
2.65,Sugarcane,Loam,0.6,1205,3.45
1.59,Cotton,Sandy,0.55,957,0.4
13.25,Cotton,Clay,0.32,499,1.27
12.65,Millets,Black,0.56,351,1.37
14.24,Wheat,Sandy,0.31,1314,3.25
8.69,Wheat,Sandy,0.32,329,0.51
13.6,Wheat,Sandy,0.93,1117,7.91
11.55,Millets,Loam,0.43,874,2.6
13.51,Cotton,Loam,0.43,900,3.76
5.31,Maize,Clay,0.6,1284,3.68
1.33,Millets,Sandy,0.63,323,0.11
1.08,Sugarcane,Sandy,0.76,1223,1.2
12.1,Wheat,Black,0.35,660,2.15
7.96,Millets,Clay,0.66,1041,2.73
4.07,Cotton,Black,0.44,1411,1.67
6.7,Cotton,Sandy,0.64,1400,2.88
10.51,Cotton,Sandy,0.75,638,2.41
8.3,Sugarcane,Clay,0.63,475,3.73
2.68,Cotton,Sandy,0.37,1438,0.68
14.91,Millets,Loam,0.79,492,3.48
7.37,Wheat,Loam,0.75,630,2.93
6.22,Maize,Clay,0.73,432,1.77
8.87,Wheat,Black,0.63,468,2.01
3.59,Sugarcane,Black,0.39,675,1.56
13.13,Millets,Clay,0.83,621,3.38
14.61,Sugarcane,Loam,0.85,311,6.95
7.74,Rice,Black,0.47,655,2.1
8.1,Rice,Clay,0.55,1084,3.86
13.99,Wheat,Loam,0.42,1356,6.69
8.04,Rice,Black,0.86,1162,7.07
10.83,Wheat,Sandy,0.83,577,2.9
14.37,Wheat,Sandy,0.36,1060,3.07
2.39,Rice,Loam,0.52,1156,1.38
7.04,Wheat,Loam,0.62,824,3.02
9.38,Maize,Sandy,0.43,569,1.65
7.47,Rice,Sandy,0.81,811,3.14
3.35,Sugarcane,Loam,0.5,840,2.53
2.24,Cotton,Clay,0.33,344,0.15
5.82,Wheat,Sandy,0.72,305,0.72
7.33,Sugarcane,Clay,0.3,946,3.12
13.89,Cotton,Sandy,0.94,568,3.56
1.91,Millets,Sandy,0.73,1463,0.82
3.25,Rice,Sandy,0.69,747,1.07
10.6,Millets,Sandy,0.69,852,2.49
14.54,Maize,Black,0.92,382,5.06
4.38,Wheat,Black,0.94,1452,4.6
3.36,Millets,Loam,0.88,1174,2.08
13.32,Sugarcane,Loam,0.48,342,3.94
1.54,Sugarcane,Clay,0.76,310,0.54
7.2,Sugarcane,Sandy,0.74,775,4.96
14.99,Millets,Loam,0.45,798,3.23
8.4,Wheat,Black,0.57,606,2.23
11.9,Sugarcane,Loam,0.38,1280,10.42
8.08,Rice,Loam,0.88,630,4.3
13.27,Sugarcane,Clay,0.92,661,12.1
9.73,Sugarcane,Black,0.41,327,2.15
11.58,Rice,Clay,0.79,1093,8.0
3.73,Millets,Clay,0.63,1320,1.55
7.29,Wheat,Loam,0.78,1136,5.43
5.28,Sugarcane,Sandy,0.38,1195,2.88
4.27,Sugarcane,Sandy,0.85,943,4.11
6.96,Millets,Loam,0.44,1478,2.72
1.85,Sugarcane,Black,0.58,640,1.13
5.77,Sugarcane,Clay,0.94,1017,8.27
1.56,Maize,Black,0.36,442,0.25
14.03,Sugarcane,Sandy,0.46,654,5.06
6.51,Wheat,Black,0.47,560,1.32
1.97,Millets,Clay,0.7,1326,0.91
5.8,Maize,Loam,0.43,1170,3.15
1.86,Rice,Clay,0.51,815,0.62
10.12,Wheat,Black,0.71,863,4.77
11.54,Maize,Clay,0.87,1272,11.49
9.36,Wheat,Black,0.51,592,2.18
9.42,Wheat,Loam,0.9,619,4.41
11.69,Sugarcane,Clay,0.73,335,4.29
4.19,Millets,Clay,0.56,897,1.05
12.2,Millets,Black,0.63,438,1.85
3.69,Millets,Sandy,0.87,1019,1.31
12.97,Rice,Clay,0.71,1208,8.9
3.32,Wheat,Clay,0.65,1436,2.17
6.19,Sugarcane,Sandy,0.85,336,2.12
14.36,Rice,Clay,0.93,1161,12.4
2.63,Millets,Sandy,0.44,442,0.2
13.35,Millets,Loam,0.89,704,5.02
4.35,Rice,Sandy,0.86,466,1.12
1.99,Sugarcane,Loam,0.49,456,0.8
2.41,Rice,Loam,0.34,858,0.67
8.72,Millets,Clay,0.95,699,2.9
10.07,Sugarcane,Sandy,0.51,1014,6.25
8.11,Wheat,Clay,0.31,1230,2.16
13.82,Rice,Sandy,0.81,1322,9.47
8.87,Wheat,Black,0.71,838,4.06
9.39,Rice,Loam,0.64,325,1.87
6.92,Maize,Clay,0.52,1464,4.74
2.29,Cotton,Clay,0.78,1362,1.46
12.16,Rice,Clay,0.93,1343,12.15
12.9,Sugarcane,Loam,0.32,839,6.23
14.93,Wheat,Clay,0.93,362,3.52
4.32,Sugarcane,Sandy,0.31,1120,1.8
10.12,Sugarcane,Sandy,0.55,927,6.19
8.1,Sugarcane,Clay,0.93,511,5.77
8.16,Millets,Sandy,0.62,1381,2.79
12.67,Maize,Loam,0.77,952,10.03
4.08,Cotton,Black,0.3,1456,1.18
5.0,Sugarcane,Sandy,0.75,1192,5.36
1.52,Rice,Black,0.37,328,0.16
10.48,Wheat,Sandy,0.36,351,0.74
14.62,Wheat,Loam,0.88,1217,13.15
5.68,Millets,Loam,0.52,1061,1.88
12.05,Maize,Loam,0.83,313,3.38
14.21,Cotton,Sandy,0.41,504,1.41
9.8,Maize,Black,0.8,849,6.59
13.94,Sugarcane,Sandy,0.61,640,6.53
5.17,Wheat,Clay,0.51,1431,2.64
4.21,Maize,Loam,0.43,1168,2.28
14.14,Rice,Black,0.77,947,9.07
6.27,Wheat,Clay,0.62,586,1.59
12.61,Maize,Loam,0.46,1358,8.51
1.23,Millets,Sandy,0.7,609,0.21
11.55,Cotton,Loam,0.76,1066,6.74
2.26,Rice,Clay,0.76,1352,1.86
1.12,Sugarcane,Sandy,0.82,465,0.51
14.75,Sugarcane,Sandy,0.53,301,2.82
8.73,Millets,Clay,0.66,686,1.98
4.52,Rice,Clay,0.62,1113,2.5
4.96,Maize,Loam,0.43,792,1.82
8.42,Cotton,Sandy,0.7,888,2.51
1.6,Millets,Loam,0.56,1175,0.63
9.42,Maize,Clay,0.57,772,3.73
2.61,Cotton,Loam,0.86,1062,1.72
14.11,Maize,Sandy,0.46,1259,5.88
7.51,Rice,Sandy,0.92,984,4.35
3.34,Wheat,Black,0.73,953,1.79
12.28,Maize,Sandy,0.89,385,3.03
14.95,Millets,Clay,0.83,985,6.11
6.97,Millets,Sandy,0.47,358,0.47
13.28,Wheat,Loam,0.66,549,4.04
10.73,Sugarcane,Sandy,0.7,1082,9.75
3.36,Rice,Black,0.32,1417,1.34
1.74,Rice,Black,0.42,1307,0.84
9.51,Sugarcane,Clay,0.32,344,1.57
10.65,Wheat,Black,0.42,1043,3.59
4.57,Maize,Clay,0.46,414,0.78
2.62,Millets,Sandy,0.36,997,0.38
12.81,Maize,Clay,0.61,1154,8.12
11.04,Maize,Clay,0.54,648,3.48
4.0,Millets,Clay,0.35,1124,0.79
7.51,Rice,Black,0.4,1207,3.19
9.29,Wheat,Loam,0.76,1017,6.03
6.89,Maize,Sandy,0.74,346,1.27
12.13,Cotton,Loam,0.33,579,1.67
13.4,Cotton,Clay,0.93,922,6.89
7.92,Cotton,Loam,0.79,626,2.82
11.54,Maize,Sandy,0.86,999,7.14
2.47,Sugarcane,Black,0.91,542,2.01
10.44,Rice,Loam,0.53,919,4.88
3.36,Millets,Clay,0.44,1317,0.97
4.11,Millets,Loam,0.51,440,0.55
4.84,Millets,Clay,0.41,1037,1.03
13.86,Millets,Clay,0.61,445,1.88
14.2,Maize,Sandy,0.87,1359,12.09
12.42,Rice,Black,0.71,854,6.63
3.02,Sugarcane,Black,0.35,617,1.08
12.68,Wheat,Clay,0.95,455,3.84
7.85,Cotton,Sandy,0.84,757,2.4
6.52,Sugarcane,Loam,0.52,993,6.06
12.04,Sugarcane,Black,0.64,1209,15.37
7.75,Millets,Black,0.95,680,2.75
11.59,Rice,Loam,0.5,1070,5.95
1.77,Cotton,Loam,0.9,770,0.88
14.29,Millets,Black,0.32,1036,2.61
7.03,Maize,Sandy,0.72,1217,4.44
11.92,Rice,Loam,0.93,896,9.54
3.84,Cotton,Sandy,0.45,1250,1.04
8.74,Cotton,Loam,0.54,1442,4.9
2.75,Wheat,Black,0.39,1087,0.9
10.12,Maize,Loam,0.5,1368,7.48
12.45,Sugarcane,Sandy,0.53,729,5.77
6.33,Sugarcane,Loam,0.62,629,4.44
9.33,Wheat,Sandy,0.74,1084,4.19
1.47,Maize,Sandy,0.68,363,0.26
9.35,Maize,Black,0.41,1376,5.22
8.01,Sugarcane,Black,0.56,808,5.98
11.29,Millets,Loam,0.75,534,2.71
6.75,Cotton,Sandy,0.44,596,0.85
5.74,Millets,Black,0.78,702,1.73
8.25,Wheat,Loam,0.38,989,2.6
7.9,Rice,Clay,0.71,721,3.24
11.78,Rice,Black,0.55,489,2.79
1.26,Wheat,Loam,0.92,1479,1.44
2.09,Maize,Sandy,0.77,946,1.1
4.97,Rice,Clay,0.47,772,1.44
8.3,Maize,Clay,0.7,835,4.37
7.76,Rice,Black,0.85,1186,6.88
9.22,Cotton,Clay,0.69,1058,4.04
10.43,Millets,Sandy,0.86,1464,5.25
12.35,Cotton,Clay,0.39,1022,2.95
5.28,Rice,Black,0.53,1211,2.98
13.22,Wheat,Loam,0.95,1319,13.91
1.3,Wheat,Black,0.36,424,0.15
9.22,Millets,Black,0.31,1305,2.05
13.5,Wheat,Clay,0.77,1185,8.62
14.31,Rice,Black,0.37,891,4.15
6.14,Sugarcane,Black,0.41,1426,5.92
12.28,Wheat,Sandy,0.62,1441,6.14
12.94,Sugarcane,Clay,0.56,813,8.84
4.76,Millets,Clay,0.73,905,1.57
7.76,Wheat,Loam,0.39,744,1.89
1.7,Millets,Black,0.88,335,0.28
3.87,Cotton,Clay,0.72,1018,1.7
13.2,Wheat,Black,0.42,300,1.28
5.57,Wheat,Black,0.39,998,1.67
11.35,Millets,Clay,0.69,1151,4.51
5.27,Maize,Loam,0.91,473,2.45
2.68,Millets,Loam,0.54,768,0.67
12.1,Sugarcane,Clay,0.83,475,7.16
6.73,Sugarcane,Black,0.53,725,4.27
9.92,Wheat,Clay,0.87,1353,8.17
2.36,Maize,Loam,0.68,593,1.03
5.95,Sugarcane,Black,0.41,1298,5.22
5.57,Wheat,Black,0.77,379,1.25
9.61,Millets,Clay,0.33,1131,1.79
11.85,Millets,Black,0.45,1306,3.83
6.63,Cotton,Clay,0.34,1396,1.89
12.98,Sugarcane,Loam,0.94,1037,22.77
10.15,Millets,Sandy,0.88,1450,5.18
13.57,Rice,Clay,0.49,1488,7.92
1.71,Millets,Loam,0.9,1434,1.32
2.13,Cotton,Clay,0.7,995,0.89
1.7,Sugarcane,Sandy,0.78,653,1.04
13.04,Maize,Sandy,0.89,1474,12.32
6.28,Cotton,Sandy,0.74,1170,2.61
6.34,Wheat,Sandy,0.77,1292,3.53
3.81,Cotton,Black,0.82,745,1.54
6.88,Sugarcane,Loam,0.53,1176,7.72
14.53,Cotton,Clay,0.92,429,3.44
4.34,Rice,Sandy,0.8,1123,2.5
1.16,Cotton,Clay,0.83,487,0.28
11.52,Wheat,Loam,0.57,942,5.2
10.1,Sugarcane,Sandy,0.55,1354,9.03
5.76,Millets,Sandy,0.86,302,0.6
12.93,Millets,Loam,0.39,810,2.45
3.63,Sugarcane,Loam,0.82,1214,6.5
5.38,Millets,Clay,0.95,1461,3.73
1.59,Wheat,Loam,0.83,1019,1.13
1.41,Cotton,Sandy,0.93,1120,0.7
6.72,Sugarcane,Clay,0.41,569,2.35
3.27,Wheat,Clay,0.94,890,1.91
14.12,Wheat,Clay,0.81,302,2.42
2.41,Rice,Loam,0.66,655,1.0
8.99,Millets,Sandy,0.47,1210,2.05
9.63,Wheat,Clay,0.31,1199,2.51
11.55,Wheat,Clay,0.82,691,4.58
7.95,Maize,Black,0.36,409,1.16
10.08,Rice,Clay,0.54,664,2.89
6.86,Cotton,Loam,0.47,476,1.1
8.54,Rice,Clay,0.64,881,3.85
13.74,Cotton,Loam,0.61,1366,8.24
1.52,Rice,Sandy,0.79,1300,1.0
9.71,Maize,Loam,0.85,859,7.66
3.13,Wheat,Black,0.7,740,1.25
11.19,Maize,Black,0.92,504,5.14
10.45,Cotton,Sandy,0.43,858,1.85
4.65,Millets,Black,0.87,502,1.12
12.69,Cotton,Sandy,0.33,1312,2.64
12.71,Rice,Loam,0.51,523,3.25
6.88,Cotton,Black,0.76,524,1.81
14.41,Cotton,Clay,0.61,323,1.7
4.8,Cotton,Black,0.8,1057,2.68
8.38,Wheat,Sandy,0.62,871,2.53
2.52,Wheat,Sandy,0.88,1027,1.28
14.0,Maize,Black,0.75,572,5.95
11.99,Cotton,Black,0.88,1316,9.16
6.62,Rice,Loam,0.44,304,0.85
5.51,Millets,Sandy,0.42,1111,1.03
2.04,Rice,Loam,0.68,1053,1.4
6.36,Cotton,Clay,0.91,1453,5.05
1.77,Rice,Sandy,0.79,1038,0.93
12.41,Sugarcane,Black,0.87,1188,21.16
1.34,Sugarcane,Black,0.77,983,1.67
13.19,Wheat,Sandy,0.56,1294,5.35
7.16,Wheat,Clay,0.54,537,1.45
2.46,Sugarcane,Sandy,0.49,1470,2.13
9.95,Maize,Loam,0.4,1056,4.54
10.76,Millets,Loam,0.74,464,2.22
13.32,Millets,Sandy,0.52,1262,3.5
12.22,Wheat,Sandy,0.35,1328,3.18
8.38,Rice,Black,0.32,915,2.16
9.14,Maize,Black,0.46,954,3.97
10.71,Sugarcane,Black,0.38,947,6.36
12.09,Cotton,Sandy,0.58,837,2.82
13.04,Wheat,Clay,0.86,1426,11.19
1.12,Wheat,Sandy,0.55,1377,0.48
14.53,Rice,Loam,0.76,1440,15.27
6.42,Wheat,Clay,0.84,1330,5.02
11.59,Rice,Sandy,0.39,1487,4.3
13.6,Sugarcane,Loam,0.62,882,13.39
12.14,Wheat,Loam,0.84,408,3.49
10.77,Sugarcane,Black,0.46,506,4.14
11.83,Millets,Black,0.76,875,4.33
11.07,Cotton,Clay,0.72,860,4.11
2.74,Millets,Clay,0.46,1486,0.94
5.71,Wheat,Sandy,0.52,732,1.22
6.56,Maize,Loam,0.92,434,2.83
8.31,Maize,Sandy,0.82,1061,5.21
14.19,Wheat,Black,0.42,1080,4.96
2.63,Cotton,Sandy,0.67,1472,1.25
12.4,Maize,Sandy,0.68,1293,7.85
14.79,Sugarcane,Clay,0.78,657,11.37
12.92,Maize,Clay,0.6,1375,9.59
2.29,Cotton,Clay,0.78,1231,1.32
9.45,Wheat,Black,0.48,1137,3.97
10.67,Rice,Clay,0.53,795,3.6
12.77,Millets,Black,0.84,1156,6.82
2.97,Millets,Black,0.82,1131,1.51
6.23,Sugarcane,Clay,0.5,1052,4.92
6.49,Cotton,Black,0.64,1158,3.17
10.45,Millets,Clay,0.73,557,2.12
14.09,Millets,Black,0.87,912,6.15
10.72,Cotton,Clay,0.77,666,3.3
4.45,Wheat,Sandy,0.5,577,0.72
8.85,Rice,Clay,0.73,1057,5.46
1.02,Rice,Clay,0.91,461,0.34
11.33,Millets,Clay,0.48,413,1.12
1.42,Maize,Clay,0.8,1240,1.27
4.95,Millets,Clay,0.42,463,0.48
9.71,Sugarcane,Black,0.38,924,5.63
5.94,Millets,Clay,0.51,1066,1.61
13.53,Cotton,Loam,0.81,558,4.4
12.66,Maize,Clay,0.71,857,6.93
4.79,Maize,Sandy,0.3,971,1.0
7.15,Sugarcane,Sandy,0.48,1116,4.6
14.12,Cotton,Black,0.37,918,3.17
13.79,Rice,Black,0.72,1348,11.78
5.14,Sugarcane,Black,0.4,407,1.38
4.71,Maize,Loam,0.47,1102,2.63
1.25,Rice,Clay,0.48,1036,0.5
6.32,Cotton,Black,0.63,660,1.73
7.36,Cotton,Black,0.43,414,0.86
13.98,Rice,Sandy,0.84,1333,10.02
4.07,Sugarcane,Loam,0.42,560,1.72
12.13,Maize,Sandy,0.61,1158,6.17
4.53,Rice,Black,0.42,468,0.78
12.61,Sugarcane,Clay,0.31,969,5.68
14.48,Cotton,Clay,0.46,518,2.07
12.19,Cotton,Black,0.58,1336,6.23
5.15,Rice,Loam,0.53,1112,2.91
3.64,Sugarcane,Clay,0.84,698,3.2
6.57,Millets,Clay,0.72,1184,2.8
11.18,Millets,Black,0.76,1372,6.41
2.6,Rice,Black,0.56,1298,1.66
2.77,Cotton,Loam,0.62,468,0.58
2.63,Wheat,Black,0.88,1363,2.43
2.0,Millets,Clay,0.47,1344,0.63
5.94,Sugarcane,Sandy,0.48,1083,3.71
9.44,Sugarcane,Clay,0.38,515,2.77
7.79,Wheat,Loam,0.35,1394,3.19
9.44,Millets,Clay,0.79,656,2.45
1.82,Maize,Loam,0.92,932,1.69
8.58,Cotton,Clay,0.71,952,3.48
9.79,Sugarcane,Black,0.89,1121,16.12
10.74,Wheat,Clay,0.83,1260,7.86
8.97,Millets,Black,0.84,495,2.05
7.67,Millets,Clay,0.38,1166,1.7
10.37,Wheat,Sandy,0.58,433,1.46
7.71,Maize,Sandy,0.37,1476,3.03
7.13,Sugarcane,Sandy,0.49,317,1.33
14.67,Millets,Clay,0.33,562,1.36
1.41,Sugarcane,Loam,0.32,1444,1.17
10.74,Rice,Black,0.44,640,2.66
6.54,Wheat,Clay,0.69,1446,4.57
14.37,Wheat,Loam,0.74,1107,9.89
6.06,Millets,Black,0.89,307,0.91
8.97,Millets,Loam,0.59,953,3.03
14.9,Maize,Sandy,0.67,840,6.04
4.29,Rice,Sandy,0.41,930,1.05
12.24,Rice,Clay,0.73,330,2.36
7.21,Sugarcane,Black,0.81,770,7.42
11.7,Sugarcane,Clay,0.44,1318,10.18
12.86,Rice,Loam,0.69,605,5.15
1.09,Sugarcane,Clay,0.46,373,0.28
7.85,Rice,Clay,0.93,969,5.66
2.17,Maize,Clay,0.59,1475,1.7
5.31,Sugarcane,Clay,0.93,1018,7.54
2.15,Cotton,Clay,0.83,1407,1.51
3.47,Sugarcane,Sandy,0.65,607,1.64
11.17,Sugarcane,Black,0.74,1322,18.03
12.82,Millets,Loam,0.5,736,2.83
6.76,Millets,Sandy,0.9,774,1.88
14.29,Wheat,Black,0.65,1391,9.95
9.04,Sugarcane,Sandy,0.79,512,4.39
14.37,Maize,Sandy,0.48,1408,6.99
7.77,Sugarcane,Black,0.38,461,2.25
1.48,Millets,Loam,0.66,896,0.53
3.06,Wheat,Loam,0.83,362,0.77
7.54,Sugarcane,Black,0.87,1403,15.19
10.24,Sugarcane,Clay,0.66,1055,10.7
10.5,Rice,Clay,0.58,1211,5.9
1.48,Cotton,Clay,0.41,923,0.34
10.41,Wheat,Sandy,0.74,412,1.78
7.37,Sugarcane,Sandy,0.7,1475,9.13
2.61,Sugarcane,Clay,0.6,760,1.79
8.72,Sugarcane,Black,0.86,329,4.07
8.56,Millets,Clay,0.86,1110,4.09
14.56,Cotton,Sandy,0.93,1255,8.16
12.43,Cotton,Loam,0.86,1254,9.65
6.25,Rice,Black,0.59,852,2.76
7.18,Rice,Sandy,0.69,913,2.89
12.94,Wheat,Black,0.47,721,3.38
9.34,Cotton,Black,0.67,837,3.46
14.18,Rice,Loam,0.81,1020,11.25
9.81,Maize,Loam,0.76,906,7.3
9.88,Cotton,Loam,0.31,647,1.43
10.57,Millets,Black,0.87,1349,6.82
7.08,Rice,Sandy,0.33,857,1.28
8.82,Wheat,Black,0.45,787,2.41
13.0,Cotton,Black,0.76,519,3.38
14.55,Wheat,Clay,0.72,416,3.05
6.82,Maize,Sandy,0.45,1425,3.15
3.03,Cotton,Clay,0.36,1488,0.97
4.77,Millets,Clay,0.58,786,1.09
14.47,Rice,Black,0.49,480,2.99
12.67,Millets,Clay,0.74,383,1.8
7.35,Rice,Black,0.82,795,4.22
14.97,Sugarcane,Black,0.53,664,8.69
14.57,Maize,Black,0.59,1304,11.1
8.9,Sugarcane,Sandy,0.37,1233,4.87
7.97,Cotton,Black,0.74,878,3.42
14.04,Sugarcane,Black,0.92,1493,31.82
14.5,Cotton,Clay,0.77,396,2.65
5.52,Rice,Black,0.65,336,1.06
3.98,Wheat,Black,0.8,560,1.37
9.35,Cotton,Black,0.93,1296,7.44
5.41,Wheat,Loam,0.34,1170,1.81
8.69,Rice,Loam,0.32,642,1.71
12.24,Wheat,Sandy,0.8,1216,6.67
10.63,Millets,Black,0.34,1199,2.38
3.17,Sugarcane,Sandy,0.89,1006,3.41
4.87,Maize,Loam,0.91,772,3.69
13.7,Rice,Clay,0.54,1406,8.32
12.43,Sugarcane,Sandy,0.53,1095,8.66
7.51,Wheat,Black,0.48,1055,2.93
1.55,Maize,Clay,0.64,1433,1.28
14.59,Sugarcane,Loam,0.54,1264,17.93
3.36,Rice,Sandy,0.56,1019,1.23
7.92,Wheat,Sandy,0.83,1023,3.77
12.67,Sugarcane,Black,0.56,821,9.61
5.63,Wheat,Sandy,0.5,1319,2.08
9.65,Maize,Clay,0.71,1391,8.58
13.16,Maize,Sandy,0.48,831,3.78
3.94,Wheat,Black,0.64,384,0.75
13.14,Maize,Black,0.74,691,6.65
6.27,Wheat,Black,0.92,368,1.63
9.79,Millets,Clay,0.65,1256,4.0
4.71,Wheat,Sandy,0.74,1208,2.36
11.59,Millets,Clay,0.75,1265,5.5
2.21,Cotton,Sandy,0.47,1149,0.57
11.37,Wheat,Clay,0.7,1490,8.3
13.75,Wheat,Loam,0.92,471,5.0
10.27,Maize,Black,0.68,1044,7.22
11.14,Rice,Loam,0.48,384,1.97
13.03,Wheat,Black,0.33,1312,4.34
2.38,Millets,Sandy,0.93,734,0.65
5.21,Millets,Loam,0.33,1423,1.47
10.76,Cotton,Clay,0.39,1182,2.98
8.65,Rice,Black,0.93,1321,9.35
6.07,Maize,Sandy,0.35,1174,1.8
8.63,Millets,Loam,0.51,746,1.97
4.29,Maize,Black,0.38,1157,1.87
7.31,Maize,Loam,0.42,880,2.92
2.83,Millets,Sandy,0.71,1051,0.84
4.96,Wheat,Loam,0.8,858,2.86
4.1,Wheat,Black,0.4,851,1.07
14.19,Sugarcane,Black,0.83,1472,28.61
5.71,Millets,Clay,0.61,315,0.55
5.26,Maize,Clay,0.53,569,1.43
5.84,Rice,Sandy,0.71,896,2.38
9.39,Maize,Sandy,0.92,1124,6.99
5.02,Rice,Black,0.89,466,1.83
10.87,Sugarcane,Loam,0.78,1386,21.15
10.7,Rice,Clay,0.36,605,1.86
11.83,Millets,Black,0.73,1283,6.09
14.71,Rice,Sandy,0.3,853,2.41
7.91,Wheat,Loam,0.76,1314,6.64
8.7,Wheat,Clay,0.83,662,3.35
5.77,Rice,Black,0.45,398,0.91
4.6,Rice,Sandy,0.31,765,0.7
9.87,Cotton,Loam,0.72,880,4.5
14.28,Rice,Loam,0.4,856,4.69
8.56,Wheat,Sandy,0.44,1175,2.48
2.98,Millets,Loam,0.74,1180,1.56
9.68,Cotton,Sandy,0.68,501,1.58
7.89,Millets,Clay,0.86,1418,4.81
8.97,Cotton,Loam,0.54,1062,3.7
1.85,Sugarcane,Clay,0.71,695,1.37
13.65,Wheat,Clay,0.53,949,4.81
14.03,Wheat,Sandy,0.79,1353,8.4
12.49,Wheat,Loam,0.94,948,9.35
10.67,Wheat,Sandy,0.42,621,1.56
8.22,Sugarcane,Clay,0.76,832,7.8
3.03,Sugarcane,Loam,0.64,1357,4.74
2.62,Sugarcane,Black,0.82,636,2.25
4.55,Sugarcane,Loam,0.4,932,3.05
7.17,Rice,Loam,0.34,308,0.72
2.89,Maize,Black,0.63,506,0.91
9.77,Wheat,Sandy,0.52,1210,3.44
3.42,Wheat,Sandy,0.91,820,1.43
4.0,Wheat,Clay,0.78,357,0.78
11.55,Wheat,Sandy,0.89,425,2.45
9.9,Millets,Loam,0.94,574,3.2
1.96,Millets,Clay,0.66,354,0.23
10.27,Cotton,Loam,0.48,1268,4.5
3.2,Millets,Loam,0.49,353,0.33
14.36,Sugarcane,Black,0.79,761,14.24
14.21,Maize,Clay,0.49,305,1.91
2.06,Wheat,Loam,0.74,849,1.09
9.27,Rice,Clay,0.91,1461,9.86
12.34,Rice,Black,0.67,1500,10.91
13.09,Cotton,Sandy,0.59,755,2.8
5.97,Maize,Clay,0.49,1430,3.76
7.47,Sugarcane,Black,0.68,632,5.3
10.3,Sugarcane,Clay,0.52,1285,10.32
5.23,Cotton,Sandy,0.61,422,0.65
13.96,Wheat,Sandy,0.44,437,1.5
9.93,Cotton,Black,0.7,310,1.42
6.54,Millets,Black,0.83,530,1.58
6.86,Cotton,Sandy,0.95,1046,3.27
3.49,Rice,Clay,0.75,484,1.01
1.36,Rice,Loam,0.36,1320,0.62
7.88,Maize,Sandy,0.36,1076,2.2
14.89,Cotton,Clay,0.82,822,6.02
14.83,Cotton,Clay,0.47,1482,6.2
10.08,Maize,Clay,0.9,1041,8.5
8.17,Sugarcane,Loam,0.72,688,7.28
8.71,Rice,Black,0.4,1060,3.25
14.5,Wheat,Clay,0.41,839,3.49
4.25,Maize,Black,0.53,597,1.33
12.31,Wheat,Clay,0.77,1256,8.33
13.12,Maize,Loam,0.63,496,4.43
8.16,Maize,Clay,0.85,689,4.3
3.54,Maize,Loam,0.78,650,1.94
2.47,Wheat,Sandy,0.88,1363,1.66
13.42,Rice,Sandy,0.3,1324,3.41
9.19,Sugarcane,Black,0.39,598,3.54
4.86,Rice,Loam,0.88,1026,4.21
2.23,Wheat,Loam,0.83,768,1.19
9.46,Cotton,Loam,0.7,1019,4.86
12.78,Maize,Sandy,0.75,964,6.65
4.61,Maize,Loam,0.57,1179,3.35
7.75,Sugarcane,Sandy,0.71,852,5.63
13.75,Wheat,Black,0.57,1472,8.88
8.97,Millets,Clay,0.46,1325,2.73
12.14,Sugarcane,Sandy,0.78,580,6.59
10.93,Sugarcane,Black,0.64,495,5.71
12.74,Rice,Sandy,0.55,643,2.88
3.72,Cotton,Black,0.81,655,1.3
3.54,Maize,Black,0.59,1245,2.57
4.71,Cotton,Sandy,0.71,346,0.56
7.1,Rice,Clay,0.77,384,1.68
8.98,Cotton,Clay,0.37,475,0.95
10.47,Millets,Clay,0.42,496,1.09
8.27,Maize,Black,0.75,500,3.07
7.65,Wheat,Black,0.59,321,1.12
1.45,Wheat,Black,0.94,684,0.72
8.63,Cotton,Sandy,0.41,378,0.64
14.75,Millets,Black,0.49,1187,4.72
12.54,Cotton,Sandy,0.8,380,1.83
10.9,Maize,Clay,0.9,1054,9.31
11.99,Rice,Sandy,0.8,1435,8.81
2.92,Rice,Loam,0.38,1279,1.36
13.42,Millets,Loam,0.38,937,2.87
2.89,Wheat,Black,0.52,1461,1.69
13.96,Wheat,Loam,0.76,1499,13.36
9.98,Sugarcane,Clay,0.85,1492,18.98
2.91,Sugarcane,Black,0.78,1144,4.28
12.68,Rice,Black,0.64,689,4.92
9.59,Cotton,Loam,0.31,823,1.76
7.7,Cotton,Black,0.83,1030,4.34
12.86,Cotton,Sandy,0.39,1232,2.97
11.65,Cotton,Loam,0.45,946,3.57
1.8,Maize,Sandy,0.75,1321,1.28
13.67,Maize,Black,0.76,946,9.73
14.94,Rice,Black,0.66,678,5.88
1.05,Rice,Clay,0.94,380,0.3
12.3,Cotton,Sandy,0.43,626,1.59
12.56,Maize,Clay,0.33,1101,4.11
9.41,Millets,Sandy,0.54,1350,2.74
5.98,Maize,Loam,0.81,1144,5.98
2.48,Cotton,Clay,0.67,485,0.48
3.13,Wheat,Black,0.82,1410,2.79
6.79,Wheat,Loam,0.8,926,4.23
4.6,Sugarcane,Loam,0.56,541,2.51
6.28,Wheat,Clay,0.92,742,3.0
12.44,Wheat,Clay,0.75,1479,9.66
2.51,Rice,Sandy,0.81,1075,1.4
1.59,Cotton,Black,0.66,589,0.41
9.37,Sugarcane,Clay,0.55,851,6.58
13.03,Rice,Clay,0.79,973,8.01
8.09,Sugarcane,Sandy,0.48,509,2.37
7.49,Rice,Clay,0.43,426,1.1
14.26,Maize,Black,0.36,359,1.82
7.14,Sugarcane,Sandy,0.8,306,2.1
9.53,Rice,Black,0.92,1069,8.25
13.47,Sugarcane,Loam,0.61,1331,19.69
8.79,Maize,Sandy,0.78,987,4.87
9.4,Sugarcane,Loam,0.34,732,4.21
9.61,Millets,Black,0.83,888,3.9
13.02,Maize,Sandy,0.94,1279,11.27
6.21,Maize,Black,0.89,996,5.45
1.97,Sugarcane,Clay,0.62,631,1.16
12.41,Cotton,Clay,0.45,1120,3.75
8.13,Wheat,Clay,0.3,535,0.91
13.11,Maize,Black,0.48,490,3.05
2.17,Sugarcane,Black,0.72,417,1.08
2.5,Sugarcane,Sandy,0.94,1169,3.3
10.25,Rice,Clay,0.91,647,4.83
11.1,Cotton,Sandy,0.69,349,1.28
2.09,Wheat,Clay,0.49,1008,0.72
1.15,Wheat,Sandy,0.31,397,0.08
13.85,Millets,Sandy,0.58,1075,3.45
9.12,Wheat,Loam,0.67,1155,5.93
13.94,Millets,Loam,0.87,423,3.08
13.72,Sugarcane,Black,0.77,1294,22.56
10.2,Sugarcane,Clay,0.82,1427,17.9
8.14,Cotton,Sandy,0.68,559,1.49
13.27,Millets,Loam,0.37,867,2.55
6.29,Cotton,Black,0.9,488,1.82
12.75,Wheat,Sandy,0.81,914,5.29
6.32,Cotton,Loam,0.84,777,2.97
4.13,Millets,Loam,0.64,1437,2.28
9.83,Cotton,Black,0.44,802,2.29
13.93,Maize,Sandy,0.6,774,4.66
3.1,Maize,Loam,0.65,941,2.05
1.42,Millets,Sandy,0.35,394,0.08
13.22,Maize,Black,0.49,462,2.96
7.62,Rice,Loam,0.61,608,2.71
7.21,Rice,Sandy,0.88,1101,4.47
13.34,Cotton,Sandy,0.68,1318,5.74
1.64,Wheat,Loam,0.83,1436,1.64
14.78,Millets,Loam,0.4,1044,3.7
14.42,Maize,Sandy,0.48,996,4.96
11.95,Wheat,Black,0.82,305,2.3
12.04,Rice,Sandy,0.56,1354,5.84
2.04,Sugarcane,Loam,0.53,1122,2.18
8.26,Sugarcane,Loam,0.39,1128,6.54
6.14,Sugarcane,Sandy,0.5,416,1.53
12.06,Rice,Sandy,0.76,452,2.65
13.57,Wheat,Clay,0.67,1259,8.01
3.21,Cotton,Clay,0.78,413,0.62
12.6,Maize,Clay,0.88,471,4.7
3.82,Sugarcane,Black,0.39,499,1.23
7.51,Maize,Black,0.55,1000,4.09
5.39,Wheat,Black,0.8,977,3.24
2.05,Sugarcane,Clay,0.87,722,1.93
11.44,Rice,Loam,0.62,506,3.45
2.17,Millets,Sandy,0.54,843,0.4
8.37,Sugarcane,Black,0.48,621,4.12
9.96,Cotton,Clay,0.77,1048,4.82
3.44,Maize,Clay,0.84,921,2.4
1.81,Millets,Clay,0.72,941,0.61
6.93,Millets,Clay,0.87,494,1.49
12.88,Millets,Sandy,0.63,862,2.8
11.02,Millets,Loam,0.57,503,1.9
11.6,Sugarcane,Loam,0.63,689,9.06
3.71,Sugarcane,Loam,0.39,1110,2.89
11.51,Maize,Black,0.78,946,8.41
14.98,Sugarcane,Loam,0.55,1094,16.22
10.9,Millets,Black,0.47,1498,4.22
3.1,Cotton,Clay,0.54,410,0.41
5.7,Cotton,Loam,0.35,1149,1.65
6.0,Maize,Sandy,0.56,1325,3.21
4.81,Maize,Loam,0.76,348,1.37
1.86,Maize,Black,0.46,882,0.75
6.69,Sugarcane,Black,0.73,864,6.96
14.07,Millets,Sandy,0.73,683,2.81
13.34,Cotton,Loam,0.56,1034,5.56
11.13,Rice,Black,0.93,1136,10.35
14.61,Cotton,Loam,0.55,1222,7.07
14.41,Rice,Black,0.42,810,4.31
12.53,Wheat,Black,0.9,802,6.96
1.16,Sugarcane,Sandy,0.47,1057,0.69
9.17,Maize,Loam,0.89,386,3.4
12.47,Sugarcane,Sandy,0.53,453,3.59
2.13,Maize,Sandy,0.5,424,0.33
4.94,Millets,Black,0.87,1383,3.27
5.86,Wheat,Clay,0.64,1287,3.38
3.12,Maize,Sandy,0.5,369,0.41
14.55,Wheat,Sandy,0.74,1455,8.77
14.96,Wheat,Clay,0.65,1464,9.97
3.39,Millets,Black,0.31,666,0.38
14.22,Cotton,Black,0.49,397,1.83
9.35,Millets,Loam,0.51,1466,4.19
12.86,Rice,Clay,0.7,1079,7.77
1.29,Rice,Black,0.79,1271,1.14
11.23,Maize,Black,0.36,918,3.67
7.49,Cotton,Clay,0.41,751,1.38
11.27,Wheat,Clay,0.66,1150,5.99
13.16,Sugarcane,Loam,0.69,808,13.21
11.71,Rice,Loam,0.93,330,3.45
7.71,Maize,Black,0.7,784,4.19
10.0,Millets,Sandy,0.73,372,1.09
9.97,Wheat,Black,0.55,428,1.81
4.27,Rice,Black,0.41,662,1.02
1.99,Maize,Sandy,0.55,1054,0.83
1.04,Sugarcane,Clay,0.62,388,0.38
7.54,Maize,Black,0.59,1493,6.58
12.37,Maize,Sandy,0.33,718,2.11
14.59,Cotton,Loam,0.46,1081,5.22
3.64,Millets,Sandy,0.59,935,0.8
11.79,Maize,Loam,0.37,458,2.16
4.78,Cotton,Loam,0.44,851,1.29
9.06,Sugarcane,Black,0.46,799,5.49
10.09,Rice,Clay,0.56,1012,4.57
13.17,Cotton,Loam,0.91,1444,12.46
1.5,Maize,Clay,0.55,829,0.62
10.17,Cotton,Clay,0.47,469,1.35
7.98,Sugarcane,Black,0.63,970,8.05
13.79,Rice,Clay,0.34,759,2.85
9.96,Millets,Black,0.94,1137,5.85
5.07,Millets,Loam,0.45,1108,1.52
9.19,Rice,Sandy,0.34,313,0.63
9.27,Maize,Clay,0.93,726,5.63
11.67,Rice,Loam,0.68,926,7.05
8.7,Sugarcane,Loam,0.93,517,7.53
3.41,Rice,Sandy,0.87,650,1.23
8.07,Maize,Loam,0.41,952,3.4
3.61,Sugarcane,Loam,0.35,1371,3.12
3.33,Sugarcane,Sandy,0.48,967,1.85
10.15,Cotton,Sandy,0.45,754,1.65
12.9,Rice,Black,0.47,1059,5.65
10.95,Millets,Sandy,0.35,1460,2.24
5.87,Sugarcane,Clay,0.78,1249,8.58
7.86,Rice,Black,0.73,1062,5.36
9.86,Millets,Loam,0.56,353,1.17
9.77,Maize,Sandy,0.61,338,1.45
2.46,Millets,Sandy,0.33,1128,0.37
10.22,Maize,Clay,0.41,771,2.91
1.95,Sugarcane,Black,0.53,680,1.16
8.08,Maize,Clay,0.34,1377,3.4
8.85,Maize,Clay,0.39,448,1.39
1.64,Wheat,Clay,0.38,980,0.43
5.44,Rice,Black,0.68,660,2.15
6.07,Wheat,Clay,0.45,651,1.24
9.74,Millets,Black,0.93,855,4.26
10.95,Maize,Loam,0.42,1385,6.88
5.39,Sugarcane,Black,0.59,661,3.47
10.37,Sugarcane,Clay,0.86,487,6.51
5.57,Wheat,Clay,0.46,1214,2.18
7.6,Rice,Black,0.46,1473,4.53
10.87,Cotton,Black,0.81,1279,7.43
1.09,Sugarcane,Clay,0.42,659,0.45
9.37,Wheat,Black,0.77,1159,6.44
3.97,Rice,Loam,0.39,1299,1.93
1.98,Rice,Loam,0.54,786,0.81
3.23,Wheat,Sandy,0.52,824,0.78
13.88,Cotton,Sandy,0.68,1209,5.48
10.77,Wheat,Clay,0.68,1419,7.27
11.91,Maize,Loam,0.84,981,10.6
14.5,Maize,Loam,0.51,821,6.56
9.23,Wheat,Clay,0.9,1235,7.18
2.76,Wheat,Loam,0.67,1004,1.56
11.93,Maize,Black,0.45,1215,6.46
1.9,Cotton,Black,0.9,445,0.5
12.0,Rice,Sandy,0.66,416,2.11
4.84,Millets,Sandy,0.7,994,1.35
6.05,Wheat,Loam,0.62,707,2.23
10.48,Cotton,Sandy,0.41,1008,2.08
10.36,Maize,Black,0.64,348,2.28
12.54,Maize,Clay,0.63,650,4.62
8.0,Millets,Sandy,0.92,949,2.79
4.08,Cotton,Sandy,0.62,945,1.15
3.51,Rice,Loam,0.52,1059,1.86
2.65,Cotton,Black,0.56,818,0.8
1.01,Sugarcane,Black,0.59,1341,1.32
1.76,Cotton,Clay,0.75,1460,1.16
9.13,Cotton,Black,0.47,1288,3.65
3.49,Cotton,Black,0.63,749,1.09
9.87,Cotton,Black,0.78,682,3.47
13.61,Rice,Loam,0.43,500,2.81
5.99,Cotton,Sandy,0.39,805,0.9
10.3,Wheat,Loam,0.83,649,4.66
9.42,Wheat,Loam,0.35,443,1.23
14.95,Cotton,Sandy,0.72,756,3.91
1.68,Rice,Clay,0.64,1399,1.2
6.86,Cotton,Sandy,0.43,436,0.62
2.2,Maize,Loam,0.61,1194,1.73
1.34,Sugarcane,Black,0.51,1195,1.35
11.11,Sugarcane,Loam,0.74,1236,18.29
14.31,Maize,Clay,0.46,1499,8.88
11.65,Wheat,Sandy,0.72,1205,5.66
4.55,Wheat,Clay,0.31,1088,1.07
10.5,Sugarcane,Loam,0.51,309,2.98
13.6,Millets,Clay,0.92,968,6.06
2.62,Millets,Black,0.47,838,0.57
1.63,Maize,Sandy,0.92,408,0.44
10.25,Rice,Sandy,0.9,1092,6.45
5.03,Millets,Loam,0.42,1198,1.52
11.2,Millets,Clay,0.42,467,1.1
2.64,Maize,Clay,0.47,1033,1.15
9.84,Wheat,Sandy,0.36,947,1.88
9.51,Maize,Black,0.74,1185,8.26
10.7,Cotton,Sandy,0.93,755,3.61
4.07,Rice,Loam,0.54,1229,2.59
14.75,Maize,Clay,0.37,344,1.69
9.21,Cotton,Loam,0.4,384,1.02
5.54,Wheat,Loam,0.46,1062,2.27
12.34,Sugarcane,Loam,0.45,1089,10.88
1.76,Millets,Black,0.68,593,0.39
12.8,Wheat,Loam,0.33,502,1.78
11.19,Rice,Loam,0.67,1194,8.59
6.03,Rice,Sandy,0.6,905,2.1
1.17,Cotton,Sandy,0.6,564,0.19
12.55,Millets,Loam,0.3,452,1.02
6.17,Maize,Sandy,0.7,1063,3.31
1.51,Maize,Sandy,0.84,1311,1.2
3.91,Rice,Loam,0.64,1181,2.84
6.83,Maize,Clay,0.63,1421,5.5
14.3,Millets,Clay,0.6,1376,5.9
3.29,Wheat,Loam,0.34,413,0.39
13.65,Rice,Clay,0.5,1436,7.84
6.22,Rice,Black,0.69,928,3.5
14.16,Maize,Clay,0.35,746,3.33
5.71,Wheat,Loam,0.54,1278,3.31
6.9,Maize,Black,0.69,480,2.26
8.47,Wheat,Loam,0.46,587,1.92
13.26,Maize,Sandy,0.88,558,4.69
12.07,Maize,Black,0.67,746,5.97
5.95,Sugarcane,Black,0.58,864,4.92
9.35,Millets,Loam,0.43,1065,2.57
2.98,Rice,Sandy,0.43,1261,1.03
11.92,Cotton,Sandy,0.84,759,3.65
10.97,Cotton,Sandy,0.64,360,1.21
12.99,Rice,Clay,0.8,1478,12.29
11.36,Wheat,Black,0.53,839,3.89
9.44,Millets,Loam,0.65,314,1.16
7.2,Cotton,Clay,0.46,700,1.39
1.86,Wheat,Loam,0.6,1204,1.13
7.82,Sugarcane,Sandy,0.89,601,5.02
9.22,Rice,Loam,0.37,1426,4.67
11.55,Rice,Black,0.83,1017,8.58
2.43,Maize,Loam,0.75,1374,2.7
2.83,Cotton,Clay,0.71,527,0.64
8.46,Wheat,Sandy,0.48,891,2.03
9.72,Cotton,Loam,0.56,977,3.83
2.67,Wheat,Clay,0.32,1384,0.83
8.77,Rice,Loam,0.77,1271,8.24
3.28,Millets,Black,0.85,1384,2.12
9.14,Maize,Black,0.72,306,1.99
11.56,Cotton,Sandy,0.67,727,2.7
11.15,Maize,Clay,0.66,310,2.05
11.54,Sugarcane,Black,0.53,1334,13.46
14.29,Millets,Sandy,0.3,1098,1.88
2.39,Wheat,Clay,0.39,1189,0.78
1.32,Cotton,Sandy,0.52,635,0.21
11.06,Maize,Loam,0.62,1444,10.69
12.98,Sugarcane,Loam,0.89,468,9.73
3.95,Wheat,Black,0.82,359,0.9
12.95,Cotton,Loam,0.43,420,1.68
13.14,Cotton,Sandy,0.31,1191,2.33
9.61,Rice,Clay,0.89,984,6.73
5.82,Sugarcane,Loam,0.67,1344,9.43
4.3,Maize,Loam,0.61,1075,3.05
2.03,Wheat,Black,0.93,1073,1.56
5.66,Maize,Sandy,0.31,387,0.49
4.26,Sugarcane,Clay,0.78,491,2.45
11.58,Rice,Sandy,0.93,1364,9.4
10.55,Maize,Clay,0.44,1291,5.39
7.52,Maize,Black,0.83,835,5.16
10.59,Rice,Sandy,0.82,1448,8.05
14.56,Wheat,Black,0.49,445,2.44
9.42,Maize,Black,0.58,744,4.02
2.85,Cotton,Loam,0.91,1057,1.97
12.65,Cotton,Black,0.58,562,2.72
8.59,Millets,Loam,0.72,1121,4.16
4.28,Sugarcane,Sandy,0.45,764,1.77
1.92,Sugarcane,Loam,0.71,1118,2.74
11.52,Wheat,Sandy,0.75,863,4.18
1.97,Rice,Loam,0.78,1347,1.99
1.41,Maize,Sandy,0.71,1180,0.85
8.11,Sugarcane,Sandy,0.84,1454,11.89
9.18,Wheat,Loam,0.87,1234,8.28
13.66,Millets,Clay,0.79,948,5.12
8.93,Maize,Loam,0.94,1064,9.65
14.86,Cotton,Clay,0.31,1267,3.5
4.0,Maize,Loam,0.32,942,1.3
8.79,Millets,Clay,0.91,542,2.17
4.28,Cotton,Sandy,0.86,445,0.79
14.25,Rice,Loam,0.43,1411,8.3
1.87,Cotton,Loam,0.91,612,0.75
9.21,Sugarcane,Clay,0.87,1449,17.42
9.38,Sugarcane,Sandy,0.88,888,8.8
10.85,Sugarcane,Loam,0.92,1186,21.31
10.26,Cotton,Black,0.42,1117,3.18
14.72,Millets,Clay,0.52,664,2.54
4.68,Sugarcane,Black,0.82,1375,8.71
12.3,Cotton,Black,0.86,339,2.37
3.07,Cotton,Sandy,0.74,996,1.09
14.09,Maize,Loam,0.94,1362,19.48
9.29,Millets,Sandy,0.85,1237,3.91
3.79,Maize,Loam,0.3,941,1.16
6.65,Rice,Loam,0.74,1070,5.05
14.82,Maize,Clay,0.77,529,5.43
13.66,Maize,Sandy,0.8,575,4.52
2.4,Sugarcane,Sandy,0.73,1065,2.24
4.87,Cotton,Sandy,0.37,750,0.65
11.97,Maize,Clay,0.48,1413,7.31
13.99,Rice,Clay,0.8,919,8.23
5.37,Maize,Black,0.86,1131,5.17
14.21,Wheat,Black,0.89,1118,10.89
3.06,Rice,Clay,0.6,1004,1.47
3.1,Cotton,Black,0.83,778,1.32
1.89,Sugarcane,Clay,0.68,875,1.69
3.24,Sugarcane,Clay,0.41,746,1.49
13.4,Maize,Sandy,0.88,1073,9.11
2.34,Millets,Clay,0.57,753,0.5
4.54,Cotton,Sandy,0.62,1256,1.7
9.45,Rice,Sandy,0.9,756,4.12
2.26,Rice,Sandy,0.4,1225,0.71
5.72,Maize,Clay,0.45,793,1.84
8.06,Wheat,Black,0.66,560,2.29
3.05,Maize,Loam,0.69,1451,3.3
8.28,Cotton,Loam,0.37,1176,2.59
7.95,Wheat,Clay,0.93,1377,7.13
6.06,Millets,Black,0.4,1232,1.64
1.82,Millets,Black,0.84,953,0.8
11.77,Millets,Black,0.62,1079,4.33
11.5,Sugarcane,Clay,0.67,644,7.44
14.27,Sugarcane,Sandy,0.35,552,3.31
7.43,Wheat,Sandy,0.3,802,1.0
10.26,Cotton,Sandy,0.79,589,2.29
4.35,Millets,Clay,0.73,1006,1.6
1.41,Wheat,Clay,0.33,800,0.26
12.17,Sugarcane,Black,0.91,1026,18.75
5.07,Wheat,Clay,0.84,769,2.29
2.96,Cotton,Sandy,0.76,960,1.04
6.87,Millets,Sandy,0.66,1377,2.5
2.24,Rice,Loam,0.77,510,0.84
6.85,Cotton,Clay,0.6,821,2.02
14.95,Cotton,Clay,0.83,720,5.36
13.58,Rice,Sandy,0.82,842,6.0
1.65,Millets,Black,0.71,760,0.49
11.13,Millets,Clay,0.83,503,2.32
14.46,Sugarcane,Sandy,0.46,1498,11.96
2.29,Cotton,Sandy,0.85,573,0.54
13.95,Millets,Loam,0.79,952,6.29
2.98,Maize,Sandy,0.73,634,0.99
3.06,Sugarcane,Sandy,0.74,772,2.1
5.46,Rice,Sandy,0.71,743,1.84
13.27,Sugarcane,Black,0.58,366,4.65
10.87,Wheat,Black,0.61,724,3.7
2.9,Cotton,Loam,0.35,1395,1.02
14.92,Cotton,Black,0.33,1084,3.52
9.07,Wheat,Clay,0.63,414,1.66
3.11,Wheat,Black,0.45,904,0.97
11.76,Sugarcane,Clay,0.82,843,12.19
13.68,Maize,Loam,0.67,1202,11.9
9.98,Cotton,Black,0.55,431,1.56
5.78,Rice,Clay,0.46,1243,2.64
14.7,Millets,Sandy,0.6,572,2.02
10.67,Cotton,Clay,0.41,1022,2.68
7.95,Maize,Sandy,0.76,1389,6.04
5.21,Wheat,Sandy,0.88,1282,3.29
2.2,Rice,Sandy,0.78,958,1.05
10.1,Millets,Sandy,0.58,1390,3.26
6.6,Sugarcane,Black,0.65,1304,9.23
4.61,Millets,Clay,0.61,1042,1.47
1.08,Rice,Loam,0.64,685,0.45
13.47,Cotton,Black,0.89,1341,10.61
4.48,Millets,Black,0.58,606,0.87
10.44,Sugarcane,Loam,0.77,323,4.67
1.06,Sugarcane,Sandy,0.55,366,0.26
3.16,Wheat,Sandy,0.77,1063,1.45
9.97,Wheat,Sandy,0.32,1224,2.19
5.61,Sugarcane,Loam,0.69,400,2.79
9.32,Millets,Sandy,0.86,369,1.18
1.24,Wheat,Clay,0.55,717,0.34
7.53,Sugarcane,Sandy,0.74,1206,8.06
11.07,Sugarcane,Sandy,0.9,1119,13.38
11.98,Cotton,Sandy,0.5,1053,3.03
4.16,Rice,Black,0.74,912,2.47
8.01,Cotton,Sandy,0.76,394,1.15
4.71,Wheat,Black,0.95,499,1.72
13.46,Cotton,Clay,0.91,1234,9.07
5.11,Millets,Sandy,0.66,727,0.98
7.55,Millets,Clay,0.35,455,0.6
1.33,Maize,Clay,0.3,781,0.28
8.2,Millets,Loam,0.76,359,1.34
14.72,Millets,Clay,0.71,930,4.86
4.86,Wheat,Sandy,0.67,1174,2.14
7.64,Sugarcane,Black,0.75,816,7.71
10.56,Millets,Black,0.54,1429,4.48
8.87,Millets,Loam,0.35,1378,2.57
9.85,Cotton,Clay,0.75,1221,5.41
8.54,Rice,Black,0.55,476,1.97
5.6,Sugarcane,Sandy,0.54,1398,5.07
5.31,Rice,Clay,0.57,1262,3.06
1.64,Maize,Clay,0.76,461,0.52
10.78,Wheat,Clay,0.8,953,5.75
8.18,Cotton,Sandy,0.73,919,2.63
14.79,Sugarcane,Black,0.8,1016,19.84
7.71,Millets,Black,0.61,626,1.62
13.76,Rice,Clay,0.7,873,6.73
9.57,Rice,Sandy,0.38,830,1.93
2.61,Millets,Black,0.74,765,0.81
11.14,Millets,Clay,0.55,564,1.73
10.19,Millets,Loam,0.39,681,1.62
12.98,Millets,Loam,0.89,1379,9.56
11.57,Cotton,Loam,0.56,927,4.32
1.87,Wheat,Loam,0.82,1182,1.52
4.84,Maize,Sandy,0.6,1118,2.34
6.96,Millets,Clay,0.74,1124,2.89
10.75,Cotton,Black,0.49,825,2.87
13.43,Maize,Black,0.94,1391,17.38
10.41,Cotton,Loam,0.45,624,2.1
11.68,Millets,Sandy,0.56,867,2.27
2.01,Rice,Sandy,0.46,1341,0.79
6.01,Millets,Clay,0.63,1317,2.49
7.57,Maize,Clay,0.89,763,4.63
14.6,Rice,Clay,0.49,640,3.66
1.34,Millets,Black,0.75,732,0.4
5.0,Rice,Loam,0.51,955,2.34
8.6,Millets,Black,0.85,1039,4.18
5.84,Rice,Sandy,0.71,1201,3.19
11.12,Maize,Sandy,0.57,1211,5.53
7.21,Wheat,Sandy,0.79,1177,3.75
13.8,Cotton,Sandy,0.91,369,2.22
11.9,Wheat,Sandy,0.46,765,2.35
2.4,Sugarcane,Sandy,0.35,309,0.31
7.94,Cotton,Sandy,0.45,1448,2.48
3.71,Sugarcane,Clay,0.32,1475,2.63
12.32,Maize,Loam,0.85,1410,15.95
8.5,Sugarcane,Black,0.54,444,3.36
1.72,Cotton,Black,0.72,874,0.71
3.04,Sugarcane,Black,0.79,1048,4.15
9.5,Maize,Loam,0.43,933,4.12
10.33,Wheat,Black,0.68,1419,7.68
4.07,Sugarcane,Loam,0.89,914,5.96
7.78,Cotton,Black,0.43,1147,2.53
3.09,Maize,Clay,0.69,738,1.42
12.44,Rice,Clay,0.67,479,3.19
9.41,Sugarcane,Loam,0.88,1032,15.38
9.48,Maize,Black,0.55,916,4.73
13.48,Rice,Black,0.4,1186,5.63
3.16,Maize,Clay,0.74,834,1.76
2.13,Cotton,Black,0.45,589,0.37
13.9,Wheat,Black,0.48,596,3.06
7.87,Sugarcane,Loam,0.39,597,3.3
2.04,Millets,Clay,0.58,976,0.58
1.7,Maize,Black,0.62,1169,1.22
11.45,Rice,Black,0.58,521,3.04
13.22,Maize,Black,0.46,762,4.59
14.46,Rice,Loam,0.92,716,9.14
13.2,Sugarcane,Loam,0.47,1245,13.9
10.32,Maize,Sandy,0.53,856,3.37
14.51,Millets,Sandy,0.56,612,1.99
3.19,Maize,Loam,0.59,980,1.99
13.39,Rice,Sandy,0.47,1412,5.69
5.48,Wheat,Clay,0.67,429,1.1
12.51,Wheat,Clay,0.75,823,5.41
12.77,Maize,Sandy,0.67,484,2.98
5.88,Maize,Black,0.74,460,1.98
9.92,Wheat,Loam,0.87,358,2.6
6.54,Millets,Loam,0.67,459,1.21
1.85,Wheat,Black,0.9,1317,1.69
14.91,Cotton,Sandy,0.68,426,2.07
14.85,Maize,Loam,0.51,772,6.31
3.92,Maize,Black,0.73,933,2.64
2.03,Cotton,Sandy,0.49,754,0.36
3.96,Maize,Black,0.72,794,2.24
2.04,Rice,Sandy,0.87,1121,1.27
13.16,Cotton,Sandy,0.38,511,1.23
14.69,Millets,Loam,0.45,1241,4.92
7.87,Maize,Sandy,0.42,1411,3.36
2.55,Maize,Sandy,0.78,704,1.01
9.97,Rice,Clay,0.65,1390,7.21
3.72,Wheat,Loam,0.51,1095,1.75
10.4,Wheat,Clay,0.4,455,1.32
9.27,Maize,Sandy,0.8,529,2.82
14.37,Wheat,Clay,0.49,618,3.05
13.64,Maize,Clay,0.33,325,1.32
4.61,Millets,Black,0.57,381,0.55
13.83,Millets,Clay,0.35,620,1.5
4.48,Millets,Loam,0.64,894,1.54
12.86,Maize,Loam,0.33,853,3.91
5.16,Wheat,Black,0.3,454,0.54
11.25,Rice,Clay,0.41,1008,3.72
3.19,Cotton,Sandy,0.57,1388,1.21
5.07,Cotton,Black,0.3,541,0.54
6.93,Cotton,Loam,0.66,1104,3.64
5.13,Cotton,Sandy,0.7,746,1.29
1.18,Maize,Clay,0.41,920,0.4
3.89,Rice,Loam,0.34,607,0.77
2.19,Sugarcane,Clay,0.69,929,2.11
3.73,Rice,Sandy,0.76,1466,2.66
3.77,Rice,Clay,0.68,624,1.28
11.93,Sugarcane,Loam,0.93,1287,25.7
12.98,Maize,Sandy,0.43,1158,4.65
6.1,Sugarcane,Sandy,0.75,1403,7.7
8.66,Rice,Black,0.69,509,2.68
4.63,Wheat,Black,0.49,1499,2.62
9.24,Rice,Clay,0.78,1066,6.15
4.52,Cotton,Black,0.42,427,0.54
13.44,Maize,Sandy,0.55,1459,7.77
9.13,Millets,Sandy,0.5,479,0.87
8.19,Wheat,Sandy,0.86,340,1.34
3.48,Sugarcane,Black,0.52,1270,3.79
2.37,Maize,Clay,0.89,901,1.71
12.79,Maize,Sandy,0.74,1139,7.76
14.59,Rice,Sandy,0.57,1274,6.78
7.38,Sugarcane,Clay,0.95,374,3.93
12.86,Sugarcane,Loam,0.93,358,7.71
12.0,Rice,Loam,0.63,1380,10.02
7.55,Wheat,Black,0.73,525,2.23
7.8,Millets,Black,0.38,752,1.23
6.73,Cotton,Sandy,0.53,1219,2.09
5.75,Sugarcane,Sandy,0.58,1425,5.7
8.33,Wheat,Sandy,0.55,816,2.09
2.65,Rice,Clay,0.53,810,0.91
10.25,Rice,Clay,0.86,846,5.97
9.89,Maize,Sandy,0.68,1054,5.1
8.06,Rice,Sandy,0.56,450,1.3
13.15,Millets,Loam,0.41,1467,4.75
10.21,Cotton,Sandy,0.45,443,0.98
4.71,Millets,Black,0.58,666,1.0
5.92,Sugarcane,Loam,0.54,920,5.29
11.56,Wheat,Loam,0.58,895,5.04
6.6,Cotton,Black,0.56,734,1.79
3.05,Cotton,Black,0.89,462,0.83
5.94,Cotton,Loam,0.76,975,3.17
5.24,Cotton,Loam,0.39,300,0.44
14.98,Rice,Sandy,0.5,415,1.99
13.36,Cotton,Black,0.48,782,3.31
11.21,Maize,Sandy,0.36,1369,3.98
5.42,Sugarcane,Black,0.73,845,5.52
9.6,Rice,Sandy,0.65,1249,4.99
9.13,Rice,Sandy,0.41,311,0.75
2.45,Maize,Black,0.6,472,0.69
5.26,Wheat,Sandy,0.57,1443,2.42
6.29,Maize,Clay,0.56,921,2.92
6.25,Cotton,Sandy,0.34,393,0.4
1.16,Cotton,Black,0.62,907,0.43
14.06,Cotton,Sandy,0.38,759,1.95
13.38,Cotton,Sandy,0.42,420,1.13
1.43,Rice,Black,0.87,1014,1.11
12.9,Millets,Loam,0.55,353,1.5
7.61,Rice,Sandy,0.64,1207,3.76
11.9,Millets,Sandy,0.67,784,2.5
5.37,Cotton,Sandy,0.66,629,1.07
3.59,Wheat,Clay,0.73,712,1.31
3.61,Maize,Loam,0.43,1413,2.37
2.18,Rice,Loam,0.49,335,0.34
4.88,Maize,Black,0.39,440,0.83
13.49,Wheat,Clay,0.3,623,1.76
10.03,Cotton,Sandy,0.84,899,3.64
1.56,Millets,Clay,0.49,1290,0.49
14.55,Rice,Black,0.66,1193,10.08
12.82,Wheat,Loam,0.47,669,3.39
3.5,Millets,Black,0.89,354,0.61
14.05,Wheat,Clay,0.48,830,3.92
10.4,Millets,Clay,0.48,725,1.81
13.95,Maize,Clay,0.46,929,5.37
3.34,Wheat,Loam,0.81,818,1.86
14.36,Sugarcane,Clay,0.71,1426,21.81
1.8,Cotton,Loam,0.82,918,0.98
11.84,Maize,Sandy,0.54,708,3.26
6.87,Maize,Clay,0.82,1166,5.91
9.11,Maize,Clay,0.4,579,1.9
5.04,Millets,Loam,0.33,312,0.31
3.76,Sugarcane,Loam,0.94,393,2.5
14.95,Wheat,Clay,0.65,1437,9.77
3.45,Millets,Loam,0.32,1157,0.77
6.53,Maize,Black,0.72,474,2.21
8.9,Rice,Sandy,0.37,1108,2.34
2.36,Sugarcane,Loam,0.62,424,1.12
5.27,Cotton,Clay,0.58,1351,2.48
12.42,Wheat,Sandy,0.37,651,1.68
5.32,Millets,Black,0.53,477,0.74
2.79,Sugarcane,Black,0.49,1190,2.68
13.08,Maize,Sandy,0.69,1188,7.72
9.13,Sugarcane,Sandy,0.36,1104,4.35
10.87,Millets,Black,0.44,1360,3.58
2.4,Wheat,Black,0.46,1361,1.16
12.13,Cotton,Black,0.41,665,2.18
10.4,Sugarcane,Sandy,0.94,877,10.29
4.66,Wheat,Black,0.8,1097,3.15
3.5,Wheat,Loam,0.92,1259,3.41
14.74,Millets,Loam,0.78,1129,7.79
13.31,Wheat,Sandy,0.7,1216,6.34
8.39,Cotton,Sandy,0.89,400,1.43
9.7,Wheat,Sandy,0.42,1180,2.69
3.97,Rice,Clay,0.66,971,2.04
13.85,Rice,Loam,0.74,532,5.23
12.11,Sugarcane,Black,0.65,930,12.08
3.39,Millets,Clay,0.51,726,0.63
5.32,Sugarcane,Sandy,0.36,1087,2.5
12.8,Sugarcane,Sandy,0.55,829,7.0
7.43,Maize,Black,0.5,736,2.71
3.11,Maize,Sandy,0.54,835,1.01
11.86,Millets,Clay,0.57,455,1.54
5.28,Sugarcane,Sandy,0.47,1306,3.89
7.4,Millets,Clay,0.9,492,1.64
13.2,Wheat,Clay,0.33,1280,3.9
11.75,Maize,Loam,0.49,634,3.94
13.2,Cotton,Loam,0.59,993,5.57
13.58,Rice,Black,0.56,1139,7.62
14.08,Millets,Loam,0.49,1343,5.56
2.8,Sugarcane,Sandy,0.53,1033,1.84
8.09,Sugarcane,Loam,0.9,1343,17.6
3.96,Rice,Black,0.93,1097,3.56
2.9,Maize,Sandy,0.49,828,0.85
5.45,Cotton,Sandy,0.7,804,1.47
14.25,Cotton,Loam,0.83,1356,11.55
13.41,Rice,Clay,0.47,1060,5.34
13.34,Millets,Loam,0.68,514,2.8
5.39,Sugarcane,Sandy,0.31,516,1.03
3.07,Rice,Black,0.93,756,1.9
6.06,Maize,Clay,0.92,554,2.78
3.74,Millets,Black,0.44,1176,1.06
12.65,Wheat,Sandy,0.57,378,1.53
1.04,Wheat,Black,0.52,541,0.23
4.3,Maize,Clay,0.83,518,1.66
9.05,Wheat,Loam,0.64,1305,6.35
4.13,Millets,Sandy,0.86,933,1.33
11.5,Sugarcane,Sandy,0.94,702,9.11
3.7,Wheat,Clay,0.37,912,0.87
7.45,Millets,Loam,0.5,1415,3.16
9.92,Rice,Black,0.55,1246,5.98
13.08,Rice,Black,0.7,781,6.29
5.21,Sugarcane,Black,0.71,1371,8.37
11.84,Maize,Clay,0.95,1359,13.76
8.74,Rice,Clay,0.77,580,3.12
7.55,Rice,Clay,0.62,1022,3.83
11.84,Wheat,Sandy,0.35,1282,2.98
8.26,Sugarcane,Loam,0.79,1242,14.59
6.46,Millets,Loam,0.47,1204,2.19
11.61,Millets,Clay,0.57,610,2.02
13.12,Millets,Sandy,0.83,467,2.03
1.28,Cotton,Loam,0.71,850,0.56
6.61,Sugarcane,Black,0.93,397,4.03
12.78,Millets,Sandy,0.7,1098,3.93
4.32,Maize,Black,0.79,455,1.54
9.73,Cotton,Loam,0.48,1044,3.51
2.06,Rice,Clay,0.66,1043,1.13
14.67,Wheat,Loam,0.42,1321,6.84
8.74,Rice,Loam,0.7,388,2.28
5.22,Maize,Sandy,0.6,838,1.89
5.51,Cotton,Black,0.34,983,1.22
3.35,Wheat,Sandy,0.69,1139,1.47
12.5,Cotton,Sandy,0.85,1233,6.29
11.0,Cotton,Loam,0.57,1447,6.53
12.04,Rice,Black,0.55,1070,6.24
6.98,Wheat,Sandy,0.66,706,1.82
6.93,Sugarcane,Sandy,0.94,1265,9.89
9.91,Sugarcane,Loam,0.93,976,16.19
2.11,Maize,Black,0.88,356,0.65
2.59,Wheat,Sandy,0.4,695,0.4
12.31,Cotton,Black,0.56,1041,4.74
11.63,Wheat,Clay,0.34,1248,3.45
11.16,Sugarcane,Black,0.71,993,12.98
14.51,Maize,Sandy,0.45,794,3.73
6.35,Rice,Loam,0.55,423,1.42
11.0,Wheat,Clay,0.42,827,2.67
5.39,Millets,Clay,0.34,1313,1.2
2.25,Cotton,Loam,0.77,838,1.05
10.69,Sugarcane,Sandy,0.43,1196,6.6
11.51,Maize,Loam,0.89,1466,16.22
13.04,Wheat,Black,0.56,1398,7.86
13.24,Sugarcane,Loam,0.79,1274,23.99
8.84,Rice,Sandy,0.92,540,2.81
12.54,Wheat,Clay,0.3,883,2.33
7.14,Wheat,Loam,0.76,353,1.61
4.3,Wheat,Clay,0.69,495,1.03
5.5,Wheat,Loam,0.86,475,1.89
4.78,Wheat,Sandy,0.54,919,1.33
4.12,Millets,Loam,0.78,457,0.88
6.42,Sugarcane,Black,0.94,304,3.03
11.36,Rice,Black,0.69,790,5.45
10.8,Rice,Clay,0.47,1082,4.39
8.4,Millets,Loam,0.56,1011,2.85
1.07,Millets,Sandy,0.34,487,0.07
13.74,Maize,Black,0.37,1302,6.55
4.98,Cotton,Sandy,0.67,509,0.82
8.35,Sugarcane,Clay,0.64,1247,10.0
7.5,Millets,Black,0.87,374,1.34
1.33,Cotton,Loam,0.85,995,0.81
14.11,Maize,Loam,0.91,903,12.52
8.6,Wheat,Clay,0.55,414,1.37
14.67,Sugarcane,Sandy,0.61,1137,12.21
5.4,Millets,Sandy,0.36,1100,0.86
12.78,Sugarcane,Clay,0.92,846,14.92
2.25,Cotton,Sandy,0.66,824,0.59
9.43,Rice,Loam,0.48,1374,5.97
12.44,Sugarcane,Clay,0.65,614,7.45
1.03,Millets,Loam,0.65,950,0.38
2.95,Cotton,Black,0.74,592,0.85
7.0,Wheat,Black,0.6,1087,3.52
9.93,Maize,Clay,0.36,471,1.52
12.76,Millets,Clay,0.84,518,2.78
9.05,Maize,Loam,0.93,634,5.76
1.93,Millets,Black,0.4,1474,0.63
8.52,Rice,Loam,0.58,1010,4.79
7.92,Maize,Loam,0.67,1148,6.58
11.22,Millets,Clay,0.75,1115,4.69
3.4,Millets,Clay,0.87,1198,1.77
9.39,Sugarcane,Clay,0.71,922,9.22
6.71,Maize,Black,0.46,1172,3.58
13.26,Millets,Clay,0.92,754,4.6
11.53,Sugarcane,Clay,0.38,1460,9.6
13.48,Rice,Sandy,0.86,664,4.93
5.13,Sugarcane,Clay,0.43,1435,4.75
4.73,Millets,Black,0.38,400,0.4
1.54,Wheat,Black,0.85,1440,1.45
7.5,Sugarcane,Loam,0.88,1130,13.42
7.1,Maize,Clay,0.62,428,1.7
13.91,Cotton,Clay,0.77,732,4.7
9.47,Cotton,Sandy,0.8,1209,4.4
9.61,Sugarcane,Black,0.44,482,3.36
13.47,Cotton,Loam,0.62,1300,7.82
5.8,Millets,Sandy,0.37,1185,1.02
4.1,Rice,Sandy,0.36,668,0.63
11.66,Rice,Sandy,0.36,598,1.61
10.56,Wheat,Clay,0.66,703,3.43
12.17,Maize,Loam,0.39,1041,5.34
10.49,Wheat,Black,0.47,1087,4.13
4.88,Sugarcane,Loam,0.5,1454,6.39
13.76,Millets,Sandy,0.79,1172,5.1
4.48,Rice,Clay,0.54,346,0.67
6.73,Rice,Clay,0.41,529,1.17
11.71,Millets,Loam,0.45,1139,3.6
3.37,Maize,Clay,0.38,1472,1.7
10.66,Maize,Black,0.73,629,4.85
5.1,Wheat,Clay,0.36,853,1.1
7.83,Millets,Clay,0.83,419,1.36
1.27,Cotton,Black,0.86,346,0.25
5.68,Cotton,Sandy,0.72,811,1.59
12.0,Millets,Clay,0.65,1498,5.84
10.73,Rice,Loam,0.76,1451,11.36
7.76,Rice,Sandy,0.32,1003,1.59
4.82,Rice,Black,0.4,746,1.27
6.91,Rice,Black,0.93,1448,8.19
12.44,Cotton,Black,0.75,345,2.12
7.69,Rice,Clay,0.75,1250,5.77
3.26,Rice,Sandy,0.51,1051,1.12
8.11,Maize,Clay,0.49,923,3.3
2.73,Millets,Black,0.85,1351,1.72
3.1,Millets,Loam,0.61,306,0.35
14.65,Sugarcane,Black,0.94,1302,29.58
4.66,Maize,Black,0.6,714,1.98
12.93,Wheat,Sandy,0.54,1000,3.91
13.94,Millets,Loam,0.6,582,2.92
6.2,Millets,Loam,0.94,1478,5.17
13.04,Maize,Loam,0.51,1236,8.88
2.3,Maize,Loam,0.35,716,0.62
12.03,Wheat,Sandy,0.75,1261,6.37
7.48,Maize,Black,0.65,1365,6.57
13.85,Sugarcane,Loam,0.94,834,19.54
10.3,Wheat,Clay,0.68,1500,7.35
12.65,Wheat,Sandy,0.74,1431,7.5
12.53,Wheat,Sandy,0.82,475,2.73
9.12,Millets,Clay,0.51,1069,2.49
10.11,Maize,Sandy,0.69,701,3.52
11.19,Millets,Black,0.41,427,1.08
4.91,Cotton,Clay,0.87,857,2.2
6.88,Maize,Clay,0.78,431,2.08
5.29,Cotton,Loam,0.46,1018,1.78
8.68,Rice,Black,0.32,343,0.84
14.36,Wheat,Black,0.31,1448,4.96
12.69,Cotton,Clay,0.49,520,1.94
5.5,Wheat,Clay,0.86,1183,3.92
12.37,Wheat,Clay,0.6,866,4.5
12.37,Sugarcane,Clay,0.42,1270,9.9
13.83,Rice,Loam,0.71,1334,12.57
14.44,Wheat,Clay,0.83,631,5.29
11.41,Rice,Black,0.59,522,3.09
12.55,Maize,Sandy,0.49,772,3.42
14.11,Sugarcane,Clay,0.84,1107,19.68
1.94,Wheat,Sandy,0.47,860,0.44
5.79,Millets,Black,0.72,1037,2.38
3.01,Millets,Clay,0.32,1247,0.6
9.41,Rice,Clay,0.84,1232,7.79
10.54,Millets,Loam,0.68,820,3.53
7.96,Sugarcane,Clay,0.55,497,3.26
1.76,Cotton,Clay,0.92,1167,1.13
2.96,Maize,Sandy,0.93,1457,2.89
3.37,Maize,Clay,0.68,926,1.91
7.86,Sugarcane,Clay,0.78,462,4.25
4.38,Millets,Black,0.41,1354,1.34
14.25,Rice,Loam,0.33,1101,4.97
6.19,Maize,Loam,0.52,911,3.17
13.11,Cotton,Clay,0.66,1291,6.7
10.05,Sugarcane,Sandy,0.76,1098,10.06
9.72,Maize,Clay,0.82,313,2.25
11.38,Rice,Black,0.63,883,5.57
4.15,Cotton,Loam,0.71,481,1.02
5.47,Millets,Sandy,0.67,336,0.49
14.44,Sugarcane,Sandy,0.87,1413,21.3
5.07,Millets,Loam,0.51,579,0.9
12.53,Cotton,Loam,0.59,1148,6.11
3.41,Maize,Loam,0.59,765,1.66
10.04,Cotton,Clay,0.76,1349,6.18
12.11,Maize,Clay,0.9,977,9.58
4.58,Maize,Sandy,0.32,1490,1.57
12.63,Maize,Black,0.85,1284,13.65
4.27,Millets,Sandy,0.62,1452,1.54
7.74,Rice,Clay,0.86,563,3.0
12.71,Wheat,Sandy,0.92,1092,7.15
12.73,Millets,Clay,0.39,1379,3.42
13.42,Millets,Black,0.77,837,4.76
10.73,Cotton,Loam,0.36,1164,3.24
7.34,Maize,Clay,0.41,1490,4.04
4.93,Cotton,Sandy,0.69,968,1.58
4.35,Maize,Black,0.89,486,1.86
5.11,Wheat,Clay,0.55,422,0.83
1.64,Rice,Black,0.4,776,0.45
7.71,Millets,Black,0.56,1394,3.31
3.14,Cotton,Sandy,0.69,335,0.35
11.28,Maize,Sandy,0.62,1043,5.25
9.95,Wheat,Black,0.35,540,1.45
5.23,Cotton,Loam,0.38,1490,2.13
10.19,Rice,Sandy,0.5,922,3.01
11.2,Millets,Sandy,0.52,1121,2.61
10.34,Sugarcane,Sandy,0.65,792,6.39
6.87,Millets,Loam,0.82,1385,4.68
1.35,Millets,Clay,0.84,693,0.39
3.46,Wheat,Sandy,0.9,394,0.69
13.53,Millets,Sandy,0.45,789,1.92
13.6,Rice,Black,0.44,1476,7.77
6.98,Cotton,Sandy,0.83,797,2.22
11.9,Cotton,Loam,0.48,929,3.82
13.92,Millets,Clay,0.9,1454,9.11
13.62,Rice,Clay,0.7,472,3.6
3.49,Millets,Black,0.54,968,1.0
1.16,Cotton,Black,0.64,1125,0.55
13.21,Millets,Sandy,0.43,855,1.94
9.58,Wheat,Sandy,0.71,384,1.46
9.36,Cotton,Black,0.87,567,3.05
9.78,Rice,Black,0.41,488,1.72
14.24,Millets,Clay,0.45,699,2.24
10.79,Millets,Clay,0.69,1141,4.25
5.09,Cotton,Clay,0.48,792,1.16
9.13,Millets,Black,0.53,1459,3.88
1.03,Cotton,Black,0.34,776,0.18
4.08,Rice,Clay,0.91,896,2.66
9.59,Millets,Loam,0.77,720,3.19
6.39,Wheat,Sandy,0.72,1396,3.6
8.35,Cotton,Black,0.85,960,4.5
5.59,Cotton,Sandy,0.8,881,1.89
12.71,Millets,Loam,0.36,1335,3.67
9.33,Millets,Black,0.68,1070,3.73
4.18,Wheat,Sandy,0.91,965,2.06
2.18,Sugarcane,Black,0.4,736,1.06
14.73,Cotton,Clay,0.75,1047,6.94
10.48,Rice,Clay,0.77,312,2.01
13.51,Maize,Black,0.67,1131,10.14
2.73,Wheat,Clay,0.93,1079,1.92
2.13,Cotton,Loam,0.65,319,0.32
6.4,Wheat,Sandy,0.68,1393,3.39
1.94,Sugarcane,Sandy,0.43,1436,1.44
1.29,Millets,Black,0.82,1340,0.78
7.8,Sugarcane,Loam,0.54,1242,9.42
10.32,Maize,Loam,0.42,367,1.72
14.99,Sugarcane,Sandy,0.82,980,14.46
8.5,Sugarcane,Black,0.74,1210,12.56
11.02,Millets,Black,0.87,926,4.88
4.78,Millets,Clay,0.72,1276,2.2
11.88,Cotton,Clay,0.63,1077,4.84
13.46,Rice,Black,0.93,1397,15.39
6.99,Maize,Sandy,0.64,836,2.69
11.0,Cotton,Loam,0.71,1458,8.2
5.79,Millets,Sandy,0.71,711,1.17
11.4,Maize,Sandy,0.42,667,2.3
13.26,Cotton,Sandy,0.77,1103,5.41
10.15,Maize,Clay,0.35,1147,3.67
8.7,Maize,Sandy,0.77,923,4.45
14.77,Sugarcane,Black,0.62,1177,17.78
1.18,Maize,Sandy,0.42,990,0.35
13.28,Maize,Sandy,0.39,575,2.14
13.98,Sugarcane,Black,0.8,980,18.08
12.54,Maize,Sandy,0.91,687,5.64
12.07,Maize,Sandy,0.83,426,3.07
11.95,Sugarcane,Clay,0.75,305,4.1
1.32,Wheat,Loam,0.68,538,0.41
12.48,Sugarcane,Black,0.63,573,7.43
3.95,Millets,Sandy,0.47,1013,0.75
10.53,Sugarcane,Black,0.32,405,2.25
1.5,Sugarcane,Loam,0.9,771,1.87
7.56,Cotton,Clay,0.76,739,2.55
14.7,Rice,Sandy,0.34,975,3.12
1.76,Cotton,Black,0.85,1234,1.22
1.58,Cotton,Clay,0.77,529,0.39
10.07,Rice,Loam,0.7,677,4.58
9.26,Wheat,Clay,0.48,1189,3.7
3.31,Rice,Loam,0.52,1364,2.25
4.5,Cotton,Sandy,0.69,536,0.8
1.8,Cotton,Clay,0.36,797,0.31
3.32,Maize,Loam,0.34,904,1.1
15.0,Cotton,Black,0.45,507,2.26
12.62,Rice,Loam,0.64,523,4.06
1.89,Maize,Black,0.67,818,1.03
13.3,Millets,Sandy,0.82,1084,4.73
7.28,Cotton,Sandy,0.36,975,1.23
6.0,Rice,Loam,0.88,574,2.91
5.6,Millets,Loam,0.51,1205,2.06
2.01,Wheat,Black,0.8,1019,1.26
12.08,Sugarcane,Black,0.75,526,7.86
11.26,Rice,Black,0.84,1493,12.43
3.62,Cotton,Black,0.44,1323,1.39
3.55,Sugarcane,Clay,0.41,780,1.7
10.47,Maize,Clay,0.65,1357,8.31
2.03,Wheat,Black,0.91,361,0.51
8.07,Millets,Loam,0.93,1235,5.56
5.9,Maize,Loam,0.55,1266,4.44
12.63,Cotton,Sandy,0.46,946,2.64
1.45,Cotton,Black,0.91,301,0.26
4.07,Maize,Sandy,0.78,343,0.78
1.9,Wheat,Black,0.42,918,0.56
4.78,Maize,Black,0.42,1074,2.13
10.85,Sugarcane,Clay,0.79,718,9.23
7.9,Wheat,Black,0.55,1421,4.75
5.42,Sugarcane,Black,0.64,1443,8.26
12.94,Sugarcane,Black,0.65,1303,18.08
3.0,Maize,Sandy,0.69,1462,2.18
1.74,Cotton,Black,0.83,618,0.59
7.02,Millets,Loam,0.37,643,1.0
13.91,Rice,Clay,0.44,972,4.76
12.97,Sugarcane,Clay,0.52,1402,14.18
12.68,Millets,Loam,0.38,756,2.19
1.07,Millets,Sandy,0.55,365,0.09
8.51,Sugarcane,Black,0.46,1382,8.93
6.49,Rice,Sandy,0.81,867,2.92
6.96,Rice,Black,0.64,1233,4.83
10.69,Maize,Clay,0.54,1219,6.33
9.0,Sugarcane,Sandy,0.69,977,7.28
13.58,Wheat,Loam,0.43,1011,4.96
5.96,Maize,Black,0.66,987,3.84
5.78,Millets,Black,0.89,545,1.54
4.97,Maize,Loam,0.45,398,0.96
6.9,Sugarcane,Black,0.9,1240,12.71
8.07,Wheat,Loam,0.9,1125,6.86
10.05,Sugarcane,Sandy,0.39,547,2.57
13.88,Cotton,Sandy,0.35,982,2.29
11.17,Wheat,Loam,0.72,1427,9.64
7.37,Cotton,Clay,0.67,1330,3.94
4.45,Cotton,Clay,0.39,1335,1.39
2.31,Cotton,Loam,0.9,867,1.3
9.79,Cotton,Sandy,0.32,1482,2.23
6.0,Maize,Loam,0.35,887,2.01
8.21,Wheat,Loam,0.67,1356,6.27
9.65,Millets,Sandy,0.86,1442,4.79
9.35,Millets,Clay,0.83,570,2.21
7.33,Cotton,Clay,0.95,1313,5.49
8.41,Cotton,Sandy,0.42,742,1.26
8.8,Wheat,Sandy,0.72,404,1.43
1.16,Millets,Sandy,0.67,651,0.2
13.3,Cotton,Sandy,0.85,760,4.12
9.14,Cotton,Clay,0.41,398,0.89
7.02,Wheat,Sandy,0.69,1132,3.07
8.77,Cotton,Sandy,0.67,1329,3.75
10.95,Cotton,Black,0.66,1224,5.84
12.79,Cotton,Sandy,0.72,800,3.54
10.23,Maize,Loam,0.56,325,2.01
13.86,Cotton,Clay,0.69,572,3.28
13.56,Sugarcane,Black,0.79,1136,20.08
9.79,Cotton,Clay,0.41,961,2.31
10.52,Millets,Black,0.3,327,0.57
1.08,Maize,Sandy,0.83,317,0.2
12.04,Sugarcane,Clay,0.76,1201,16.48
8.39,Millets,Clay,0.74,797,2.47
8.17,Wheat,Loam,0.65,1109,4.95
13.48,Millets,Black,0.45,1074,3.58
1.62,Maize,Sandy,0.36,973,0.41
14.99,Maize,Sandy,0.62,714,4.78
2.24,Wheat,Black,0.45,519,0.4
8.6,Millets,Sandy,0.83,405,1.16
12.13,Maize,Sandy,0.82,819,5.87
7.18,Sugarcane,Black,0.31,1057,3.88
12.45,Maize,Loam,0.37,957,4.76
6.87,Maize,Clay,0.4,760,1.88
11.38,Wheat,Black,0.75,503,3.31
11.96,Cotton,Sandy,0.65,992,3.7
12.81,Rice,Sandy,0.6,989,4.86
4.94,Sugarcane,Sandy,0.46,767,2.09
6.48,Sugarcane,Black,0.76,825,6.7
7.39,Millets,Sandy,0.42,1030,1.28
1.2,Wheat,Clay,0.31,870,0.23
2.46,Millets,Loam,0.69,1484,1.51
3.3,Wheat,Black,0.61,904,1.4
5.84,Wheat,Sandy,0.94,692,2.13
4.22,Cotton,Sandy,0.65,796,1.05
9.77,Millets,Clay,0.71,512,1.78
6.33,Rice,Black,0.84,1353,6.33
13.03,Maize,Black,0.85,785,8.61
10.66,Wheat,Sandy,0.51,1363,4.15
3.03,Sugarcane,Black,0.34,1054,1.79
12.23,Wheat,Loam,0.46,1273,6.02
14.58,Wheat,Clay,0.81,629,5.2
3.54,Cotton,Black,0.63,434,0.64
10.89,Sugarcane,Black,0.93,703,11.75
11.84,Wheat,Loam,0.49,1457,7.1
10.49,Wheat,Loam,0.32,1036,2.92
10.85,Sugarcane,Loam,0.7,822,11.24
4.37,Millets,Black,0.56,359,0.48
12.29,Rice,Clay,0.64,810,5.1
14.03,Wheat,Sandy,0.3,1370,3.23
6.48,Wheat,Loam,0.79,1009,4.34
14.56,Rice,Loam,0.68,335,3.18
1.92,Wheat,Clay,0.73,1335,1.31
14.02,Rice,Sandy,0.44,523,2.06
12.71,Sugarcane,Clay,0.47,501,4.49
11.6,Maize,Sandy,0.75,1049,6.57
11.46,Wheat,Loam,0.56,1249,6.73
11.37,Cotton,Loam,0.9,848,6.25
3.43,Sugarcane,Clay,0.58,484,1.44
4.63,Wheat,Clay,0.64,936,1.94
2.78,Wheat,Sandy,0.49,465,0.35
11.47,Rice,Sandy,0.78,838,4.8
13.7,Rice,Clay,0.57,1160,7.25
3.67,Rice,Sandy,0.89,571,1.19
5.05,Cotton,Loam,0.44,831,1.33
12.24,Rice,Black,0.81,712,6.21
13.29,Maize,Clay,0.89,561,5.97
2.0,Sugarcane,Clay,0.36,1412,1.52
12.58,Wheat,Loam,0.55,1230,7.15
9.64,Wheat,Black,0.58,540,2.32
4.6,Millets,Loam,0.9,875,2.17
2.27,Cotton,Loam,0.75,722,0.89
5.46,Cotton,Loam,0.52,1285,2.63
2.39,Cotton,Sandy,0.7,523,0.42
5.85,Millets,Sandy,0.68,863,1.37
4.88,Millets,Black,0.46,1080,1.33
12.18,Cotton,Black,0.95,1217,9.29
4.51,Rice,Sandy,0.3,553,0.48
14.16,Sugarcane,Loam,0.71,320,5.79
12.9,Sugarcane,Sandy,0.53,1103,9.05
5.48,Wheat,Loam,0.94,1363,5.9
11.15,Wheat,Sandy,0.72,1054,4.74
7.9,Rice,Loam,0.86,702,4.58
1.68,Sugarcane,Sandy,0.35,567,0.4
5.31,Wheat,Clay,0.85,701,2.21
12.24,Millets,Clay,0.89,617,3.36
14.78,Millets,Loam,0.36,1361,4.34
5.2,Sugarcane,Black,0.52,1145,5.11
6.06,Sugarcane,Clay,0.91,612,5.06
10.67,Cotton,Black,0.93,905,5.93
1.35,Maize,Sandy,0.53,778,0.4
2.2,Maize,Black,0.7,426,0.65
8.72,Wheat,Sandy,0.74,673,2.43
12.72,Millets,Sandy,0.48,1350,3.3
9.86,Millets,Loam,0.89,997,5.25
13.7,Wheat,Loam,0.69,1495,11.87
10.32,Sugarcane,Loam,0.35,899,5.84
7.75,Cotton,Black,0.45,900,2.07
7.0,Rice,Black,0.55,1339,4.54
7.71,Sugarcane,Black,0.42,1170,6.25
6.28,Cotton,Black,0.65,1339,3.61
7.73,Millets,Loam,0.74,1130,3.88
6.86,Rice,Black,0.66,412,1.64
12.24,Cotton,Loam,0.36,515,1.63
10.51,Sugarcane,Clay,0.69,717,7.8
9.88,Rice,Clay,0.39,743,2.29
9.23,Cotton,Black,0.3,695,1.27
3.16,Cotton,Black,0.31,808,0.52
3.63,Cotton,Loam,0.5,1313,1.72
12.88,Rice,Loam,0.85,963,10.12
5.23,Cotton,Sandy,0.93,1104,2.58
14.01,Millets,Black,0.78,475,2.85
9.92,Wheat,Clay,0.32,619,1.38
13.65,Wheat,Loam,0.53,1166,7.09
3.43,Maize,Clay,0.74,1285,2.94
13.96,Millets,Sandy,0.68,770,2.92
12.0,Rice,Black,0.35,945,3.49
5.75,Millets,Sandy,0.59,377,0.51
1.77,Wheat,Clay,0.34,1256,0.53
2.66,Maize,Black,0.54,413,0.59
11.32,Maize,Clay,0.59,1060,6.37
9.73,Sugarcane,Loam,0.47,992,8.17
11.48,Wheat,Sandy,0.53,634,2.16
7.79,Maize,Black,0.51,549,2.16
9.66,Maize,Clay,0.48,400,1.67
10.49,Sugarcane,Loam,0.8,1305,19.71
2.52,Wheat,Loam,0.57,966,1.17
1.75,Rice,Loam,0.87,1365,2.0
2.52,Wheat,Loam,0.31,1276,0.84
4.79,Rice,Sandy,0.71,686,1.49
3.93,Maize,Sandy,0.8,568,1.29
2.17,Cotton,Black,0.61,473,0.41
14.7,Wheat,Loam,0.31,405,1.55
5.47,Cotton,Black,0.46,1072,1.78
14.72,Sugarcane,Sandy,0.39,781,5.38
14.3,Millets,Black,0.39,560,1.72
11.11,Millets,Black,0.4,1187,2.9
13.07,Millets,Sandy,0.39,790,1.61
8.96,Rice,Black,0.83,644,4.21
10.37,Maize,Loam,0.58,927,6.02
14.88,Cotton,Clay,0.82,1122,8.21
5.69,Wheat,Sandy,0.54,488,0.84
11.11,Wheat,Loam,0.79,386,2.85
11.78,Maize,Clay,0.46,1339,6.53
11.73,Maize,Black,0.6,961,6.7
4.91,Cotton,Clay,0.82,1372,3.31
4.98,Millets,Clay,0.44,1349,1.48
6.5,Rice,Black,0.32,1104,2.02
10.02,Maize,Loam,0.35,1424,5.39
10.89,Cotton,Clay,0.57,645,2.4
6.34,Cotton,Black,0.44,1301,2.4
1.22,Wheat,Loam,0.8,1279,1.05
10.77,Rice,Black,0.78,946,6.99
7.57,Rice,Loam,0.46,1293,4.32
13.16,Sugarcane,Black,0.59,648,8.3
10.9,Rice,Clay,0.63,333,1.83
3.87,Cotton,Sandy,0.59,952,1.04
8.31,Sugarcane,Clay,0.84,692,7.25
7.8,Cotton,Black,0.79,407,1.66
11.09,Cotton,Loam,0.59,968,4.56
4.98,Sugarcane,Clay,0.39,1329,3.87
10.39,Rice,Black,0.35,595,1.9
6.39,Rice,Black,0.4,958,2.15
10.94,Sugarcane,Clay,0.85,841,11.73
4.12,Sugarcane,Sandy,0.76,1355,5.09
12.24,Cotton,Sandy,0.63,1334,4.94
11.1,Cotton,Clay,0.65,671,2.9
5.17,Rice,Sandy,0.53,1022,1.79
12.37,Sugarcane,Sandy,0.44,894,5.84
7.17,Cotton,Black,0.46,1219,2.65
3.9,Sugarcane,Black,0.83,658,3.51
11.43,Millets,Sandy,0.33,793,1.2
6.39,Millets,Black,0.36,369,0.47
13.75,Cotton,Clay,0.8,1002,6.61
10.97,Wheat,Clay,0.46,1096,3.87
8.45,Millets,Black,0.31,776,1.12
3.5,Rice,Sandy,0.48,1145,1.23
8.98,Sugarcane,Sandy,0.59,313,1.99
1.14,Rice,Clay,0.84,778,0.6
13.19,Millets,Black,0.62,1135,5.1
2.69,Cotton,Clay,0.38,875,0.54
8.58,Millets,Sandy,0.71,804,1.96
10.74,Maize,Clay,0.93,918,8.25
2.85,Sugarcane,Black,0.86,1290,5.22
14.38,Cotton,Sandy,0.93,833,5.35
10.71,Millets,Loam,0.49,1220,3.84
14.86,Rice,Clay,0.44,1320,6.9
9.58,Millets,Loam,0.48,1358,3.75
12.45,Sugarcane,Loam,0.44,1462,14.42
9.44,Maize,Loam,0.59,1060,6.38
2.81,Rice,Black,0.45,462,0.51
10.98,Cotton,Clay,0.33,1356,2.95
9.89,Millets,Loam,0.32,945,1.79
5.3,Sugarcane,Sandy,0.33,1208,2.54
6.0,Rice,Black,0.47,1022,2.54
8.1,Maize,Black,0.68,329,1.79
14.88,Cotton,Loam,0.51,472,2.58
10.75,Sugarcane,Clay,0.76,571,7.0
11.43,Rice,Loam,0.44,1323,6.39
13.5,Cotton,Loam,0.5,556,2.7
11.99,Rice,Black,0.39,1412,5.81
5.05,Maize,Black,0.8,725,2.9
1.28,Millets,Clay,0.59,1190,0.45
3.78,Rice,Sandy,0.54,1155,1.51
10.0,Millets,Clay,0.56,1421,3.98
13.49,Wheat,Loam,0.44,1379,6.88
7.47,Rice,Black,0.52,1468,5.02
9.56,Millets,Clay,0.39,1320,2.46
6.77,Millets,Loam,0.54,1096,2.4
2.37,Rice,Sandy,0.31,348,0.16
5.24,Rice,Clay,0.82,1082,3.72
13.64,Cotton,Sandy,0.56,761,2.79
3.89,Cotton,Sandy,0.47,953,0.84
11.05,Maize,Clay,0.85,996,8.42
14.15,Rice,Black,0.75,1082,10.1
13.61,Wheat,Sandy,0.77,937,5.5
3.78,Maize,Sandy,0.74,492,0.99
3.52,Sugarcane,Sandy,0.32,664,0.9
13.45,Rice,Loam,0.8,856,8.84
6.3,Maize,Loam,0.38,305,0.79
8.29,Millets,Black,0.63,684,1.96
10.1,Wheat,Clay,0.82,915,5.3
8.45,Sugarcane,Loam,0.64,683,6.65
10.52,Rice,Sandy,0.56,1229,4.63
7.11,Sugarcane,Loam,0.85,631,6.86
2.16,Cotton,Black,0.45,533,0.34
6.3,Cotton,Loam,0.66,1262,3.78
10.75,Wheat,Clay,0.45,1022,3.46
8.22,Millets,Sandy,0.33,343,0.37
7.4,Cotton,Loam,0.74,558,2.2
6.64,Maize,Clay,0.32,854,1.63
1.47,Maize,Clay,0.74,1103,1.08
1.01,Wheat,Loam,0.56,982,0.47
7.67,Maize,Clay,0.31,509,1.09
12.05,Wheat,Clay,0.63,954,5.07
10.12,Cotton,Sandy,0.71,444,1.53
4.88,Wheat,Clay,0.5,1427,2.44
4.43,Rice,Loam,0.91,797,3.08
2.56,Rice,Sandy,0.62,475,0.48
6.32,Wheat,Black,0.59,664,1.91
14.92,Rice,Black,0.67,350,3.08
3.11,Wheat,Loam,0.71,1374,2.55
5.47,Maize,Clay,0.46,335,0.76
7.23,Maize,Loam,0.32,829,2.07
12.31,Rice,Loam,0.49,1300,7.53
7.09,Wheat,Clay,0.69,351,1.2
13.11,Millets,Loam,0.78,331,2.03
2.38,Wheat,Sandy,0.95,400,0.51
9.5,Millets,Black,0.42,554,1.22
12.41,Sugarcane,Loam,0.6,691,9.26
5.27,Cotton,Black,0.95,1292,4.27
14.18,Maize,Loam,0.51,1489,11.63
4.8,Millets,Clay,0.69,1485,2.46
3.49,Maize,Sandy,0.31,1257,0.98
11.78,Millets,Loam,0.48,1435,4.87
6.89,Sugarcane,Clay,0.36,647,2.41
14.75,Maize,Loam,0.86,712,9.75
1.55,Millets,Clay,0.34,355,0.09
6.48,Wheat,Sandy,0.87,1044,3.3
7.95,Millets,Black,0.89,1043,4.06
3.68,Sugarcane,Black,0.63,492,1.88
1.45,Wheat,Black,0.51,696,0.4
9.37,Rice,Sandy,0.63,575,2.17
8.2,Sugarcane,Black,0.82,337,3.74
14.75,Millets,Black,0.32,922,2.39
9.45,Cotton,Black,0.58,1456,5.27
13.76,Millets,Loam,0.52,397,1.7
9.15,Wheat,Loam,0.74,1141,6.49
8.81,Cotton,Sandy,0.59,369,0.92
8.51,Wheat,Black,0.72,870,4.1
4.2,Millets,Loam,0.36,1062,0.96
5.21,Millets,Loam,0.52,372,0.6
3.65,Rice,Sandy,0.72,1365,2.3
14.39,Millets,Loam,0.72,944,5.87
3.83,Maize,Loam,0.68,522,1.47
1.78,Wheat,Clay,0.94,1370,1.6
4.36,Maize,Loam,0.58,433,1.18
8.4,Maize,Clay,0.84,1044,6.63
6.43,Cotton,Clay,0.59,1354,3.08
8.29,Wheat,Loam,0.41,1080,3.08
5.21,Rice,Black,0.94,508,2.19
5.35,Sugarcane,Sandy,0.45,1500,4.33
11.14,Rice,Sandy,0.87,1090,6.76
9.49,Rice,Loam,0.56,350,1.79
8.22,Cotton,Loam,0.49,415,1.2
8.29,Millets,Black,0.66,1085,3.27
1.77,Maize,Loam,0.44,973,0.82
1.82,Millets,Clay,0.9,1403,1.15
5.87,Cotton,Loam,0.62,1198,3.14
1.69,Wheat,Black,0.41,451,0.24
6.29,Cotton,Clay,0.76,1416,4.06
7.38,Rice,Clay,0.62,1040,3.81
12.71,Rice,Loam,0.41,880,4.4
14.73,Maize,Sandy,0.83,1021,8.99
1.81,Millets,Loam,0.49,1064,0.57
11.18,Maize,Sandy,0.39,912,2.86
6.1,Rice,Sandy,0.39,708,1.08
13.7,Sugarcane,Loam,0.69,1025,17.44
7.51,Sugarcane,Black,0.37,1233,5.65
14.73,Wheat,Black,0.86,514,5.01
14.65,Maize,Black,0.87,371,4.68
6.3,Cotton,Loam,0.79,1500,5.38
9.4,Cotton,Black,0.82,318,1.62
13.32,Rice,Sandy,0.61,742,3.86
4.72,Sugarcane,Sandy,0.67,1297,4.92
11.33,Sugarcane,Black,0.9,977,16.44
13.9,Sugarcane,Sandy,0.33,1145,6.3
5.61,Cotton,Loam,0.59,964,2.3
12.61,Sugarcane,Clay,0.72,1158,15.77
1.24,Rice,Clay,0.46,934,0.43
5.24,Millets,Sandy,0.93,1114,2.17
7.45,Millets,Sandy,0.5,1000,1.49
5.25,Rice,Loam,0.84,1310,5.55
9.23,Cotton,Clay,0.68,1358,5.11
1.06,Sugarcane,Clay,0.53,1495,1.26
10.79,Sugarcane,Clay,0.79,596,7.62
11.66,Maize,Clay,0.52,818,4.46
6.17,Millets,Clay,0.38,1263,1.48
13.55,Wheat,Clay,0.63,402,2.4
4.84,Sugarcane,Clay,0.57,638,2.64
7.18,Sugarcane,Clay,0.89,1170,11.21
5.79,Millets,Black,0.69,304,0.67
1.81,Wheat,Sandy,0.4,425,0.17
7.74,Sugarcane,Black,0.34,432,1.88
11.35,Maize,Sandy,0.74,1337,8.09
5.28,Millets,Black,0.75,415,0.9
1.73,Millets,Loam,0.34,1089,0.38
10.63,Millets,Black,0.54,533,1.68
1.15,Sugarcane,Clay,0.82,1009,1.43
4.94,Cotton,Loam,0.53,850,1.6
5.15,Wheat,Black,0.59,678,1.59
5.48,Sugarcane,Loam,0.76,541,4.06
6.43,Maize,Loam,0.53,1384,5.09
13.44,Maize,Black,0.69,1410,12.95
2.8,Millets,Sandy,0.84,563,0.53
14.96,Cotton,Loam,0.68,756,5.54
12.4,Sugarcane,Clay,0.81,880,13.26
12.83,Maize,Clay,0.82,1440,13.63
4.26,Wheat,Sandy,0.44,1469,1.54
3.72,Maize,Clay,0.31,497,0.52
11.17,Cotton,Clay,0.61,429,1.75
6.54,Cotton,Loam,0.57,620,1.66
3.57,Maize,Loam,0.63,1407,3.42
6.89,Cotton,Sandy,0.85,476,1.34
8.79,Millets,Sandy,0.9,362,1.15
1.08,Cotton,Black,0.68,1311,0.64
7.88,Cotton,Clay,0.68,1025,3.3
10.74,Millets,Sandy,0.7,1379,4.15
9.47,Sugarcane,Loam,0.35,1049,6.26
9.93,Rice,Clay,0.42,884,2.95
1.03,Cotton,Clay,0.73,486,0.22
9.87,Cotton,Clay,0.37,1182,2.59
10.64,Sugarcane,Loam,0.65,1429,17.79
2.28,Maize,Sandy,0.76,559,0.7
12.9,Maize,Loam,0.62,963,8.32
11.41,Maize,Clay,0.37,1451,5.51
12.94,Rice,Sandy,0.38,1028,3.24
9.56,Rice,Clay,0.79,779,4.71
3.96,Maize,Sandy,0.84,879,2.11
13.55,Sugarcane,Black,0.41,437,4.01
3.36,Sugarcane,Black,0.65,1286,4.63
14.4,Millets,Sandy,0.33,440,0.84
5.4,Sugarcane,Sandy,0.35,452,1.03
2.84,Sugarcane,Clay,0.77,1415,4.64
5.38,Maize,Sandy,0.84,924,3.01
5.17,Wheat,Clay,0.59,1201,2.56
12.95,Cotton,Black,0.89,1156,8.79
6.67,Wheat,Sandy,0.9,1319,4.43
1.36,Wheat,Loam,0.55,1402,0.88
11.59,Cotton,Black,0.54,544,2.25
7.63,Millets,Clay,0.63,952,2.29
5.26,Sugarcane,Black,0.45,933,3.64
7.49,Sugarcane,Clay,0.58,1000,6.52
3.16,Wheat,Clay,0.4,903,0.8
4.42,Maize,Black,0.6,317,0.83
3.28,Millets,Black,0.39,1401,0.99
2.31,Sugarcane,Clay,0.37,542,0.69
7.33,Maize,Clay,0.77,754,3.83
14.13,Rice,Loam,0.87,1349,15.92
6.77,Millets,Black,0.61,1441,3.27
14.45,Rice,Black,0.66,553,4.64
11.78,Millets,Sandy,0.44,1069,2.22
5.99,Millets,Black,0.78,398,1.02
14.79,Wheat,Clay,0.47,1223,5.95
6.22,Wheat,Clay,0.81,1319,4.65
9.1,Millets,Loam,0.42,792,1.82
12.03,Maize,Sandy,0.94,1168,9.51
8.65,Wheat,Black,0.65,884,3.83
12.91,Rice,Black,0.72,644,5.27
10.12,Rice,Black,0.53,1169,5.52
8.33,Cotton,Black,0.35,989,1.9
14.61,Rice,Clay,0.94,1223,13.44
13.35,Sugarcane,Sandy,0.34,1299,7.08
13.72,Maize,Black,0.74,730,7.34
3.27,Rice,Black,0.64,780,1.44
10.41,Sugarcane,Loam,0.94,934,16.45
3.44,Maize,Loam,0.66,1405,3.45
10.22,Sugarcane,Clay,0.85,349,4.55
3.61,Millets,Black,0.39,1096,0.85
14.48,Maize,Clay,0.82,1474,15.75
12.58,Wheat,Clay,0.71,552,3.45
7.38,Millets,Loam,0.44,1314,2.56
13.78,Rice,Black,0.47,809,4.61
9.53,Maize,Sandy,0.65,1427,6.36
7.7,Sugarcane,Black,0.39,894,4.43
6.55,Wheat,Loam,0.35,612,1.18
7.43,Sugarcane,Loam,0.6,515,4.13
2.62,Sugarcane,Clay,0.51,1105,2.21
12.11,Cotton,Loam,0.7,1228,7.5
14.82,Maize,Black,0.39,743,4.25
1.53,Maize,Sandy,0.8,532,0.47
13.59,Rice,Loam,0.34,714,3.17
13.77,Millets,Sandy,0.79,999,4.35
2.44,Rice,Sandy,0.81,747,0.94
11.89,Maize,Black,0.64,712,5.36
7.86,Sugarcane,Loam,0.91,659,8.48
8.55,Rice,Black,0.81,1217,7.42
10.44,Cotton,Clay,0.34,451,0.96
5.73,Wheat,Loam,0.52,658,1.65
2.78,Rice,Loam,0.84,1383,3.1
5.23,Rice,Loam,0.31,835,1.3
1.86,Sugarcane,Sandy,0.93,1206,2.5
9.4,Wheat,Sandy,0.81,1462,6.23
8.39,Cotton,Black,0.54,489,1.46
11.54,Millets,Sandy,0.39,822,1.48
15.0,Millets,Clay,0.87,1396,9.11
14.73,Millets,Sandy,0.63,1383,5.13
13.51,Sugarcane,Loam,0.49,312,3.72
7.98,Sugarcane,Sandy,0.72,1259,8.68
6.62,Cotton,Black,0.6,1212,3.18
3.24,Cotton,Clay,0.85,454,0.75
3.62,Maize,Black,0.67,755,1.81
12.53,Millets,Loam,0.93,316,2.21
6.31,Sugarcane,Sandy,0.86,447,2.91
14.19,Sugarcane,Clay,0.9,891,17.07
13.72,Millets,Sandy,0.56,801,2.46
4.4,Sugarcane,Black,0.36,463,1.21
1.49,Millets,Clay,0.58,838,0.36
13.87,Millets,Black,0.88,1264,8.49
11.77,Millets,Black,0.83,888,4.77
11.53,Cotton,Loam,0.73,486,2.95
4.31,Cotton,Loam,0.33,933,0.96
4.94,Maize,Clay,0.31,444,0.61
7.33,Sugarcane,Loam,0.84,1152,12.77
7.89,Rice,Loam,0.46,1049,3.65
8.06,Sugarcane,Black,0.91,755,9.14
8.69,Cotton,Clay,0.42,1076,2.36
10.74,Maize,Sandy,0.61,475,2.24
4.56,Sugarcane,Loam,0.61,1445,7.23
3.52,Rice,Black,0.89,1110,3.06
1.39,Wheat,Loam,0.33,1462,0.56
4.77,Wheat,Clay,0.42,790,1.11
6.3,Millets,Sandy,0.33,1125,0.94
4.38,Millets,Clay,0.86,1287,2.42
4.85,Wheat,Black,0.5,1397,2.61
1.46,Cotton,Clay,0.6,918,0.48
11.12,Maize,Clay,0.36,1211,4.36
6.06,Maize,Clay,0.46,1079,2.71
10.68,Millets,Loam,0.4,871,2.23
14.28,Wheat,Sandy,0.53,1279,5.42
1.75,Maize,Sandy,0.68,719,0.62
2.43,Wheat,Loam,0.74,1049,1.58
6.5,Millets,Clay,0.89,1380,3.99
1.64,Cotton,Clay,0.7,995,0.69
14.98,Millets,Clay,0.65,1308,6.37
6.27,Cotton,Clay,0.58,1431,3.12
2.47,Wheat,Loam,0.82,818,1.39
12.39,Sugarcane,Sandy,0.5,359,2.67
6.42,Sugarcane,Sandy,0.78,471,2.83
14.01,Sugarcane,Sandy,0.92,993,15.36
1.64,Maize,Sandy,0.45,1068,0.57
2.4,Cotton,Black,0.45,1309,0.93
13.98,Millets,Loam,0.4,907,3.04
12.12,Millets,Sandy,0.41,556,1.11
10.98,Wheat,Clay,0.88,1432,9.69
2.96,Sugarcane,Sandy,0.38,525,0.71
7.89,Sugarcane,Sandy,0.6,382,2.17
8.45,Wheat,Sandy,0.71,1173,3.94
14.85,Millets,Clay,0.54,1084,4.35
13.62,Maize,Sandy,0.56,717,3.94
13.63,Sugarcane,Clay,0.51,498,5.19
13.0,Wheat,Black,0.42,376,1.58
10.21,Sugarcane,Black,0.74,1173,14.62
2.53,Cotton,Black,0.79,689,0.91
9.94,Cotton,Loam,0.82,324,1.9
6.68,Sugarcane,Sandy,0.89,1021,7.28
11.59,Rice,Clay,0.38,1165,4.1
13.68,Cotton,Sandy,0.81,700,3.72
10.92,Maize,Loam,0.94,727,8.06
4.92,Cotton,Clay,0.91,382,1.03
8.34,Maize,Sandy,0.93,1500,8.38
2.68,Maize,Loam,0.49,1204,1.71
6.26,Cotton,Clay,0.42,1103,1.74
3.45,Rice,Black,0.39,723,0.86
1.2,Rice,Black,0.95,1197,1.2
3.61,Wheat,Black,0.52,887,1.28
13.16,Millets,Clay,0.91,1091,6.53
6.36,Millets,Clay,0.48,923,1.41
3.71,Maize,Sandy,0.35,363,0.34
5.88,Millets,Clay,0.47,1373,1.9
3.27,Maize,Loam,0.91,452,1.45
11.09,Rice,Black,0.88,1382,11.87
9.96,Wheat,Clay,0.57,628,2.5
9.28,Rice,Clay,0.88,1101,7.19
5.89,Cotton,Sandy,0.46,782,1.02
13.17,Cotton,Black,0.32,492,1.37
2.52,Maize,Black,0.45,710,0.8
11.28,Maize,Loam,0.94,1275,14.6
8.01,Millets,Sandy,0.82,893,2.35
6.65,Millets,Loam,0.45,559,1.0
1.1,Rice,Clay,0.88,1321,1.02
13.87,Rice,Sandy,0.89,1495,11.81
12.57,Cotton,Black,0.52,1161,5.01
12.21,Cotton,Loam,0.94,1288,10.64
11.68,Wheat,Loam,0.33,1440,4.66
4.86,Millets,Loam,0.36,994,1.04
7.29,Rice,Clay,0.91,428,2.27
7.4,Wheat,Clay,0.69,1393,4.98
3.18,Cotton,Clay,0.91,818,1.42
13.05,Maize,Black,0.34,557,2.45
4.63,Millets,Black,0.39,673,0.67
10.39,Sugarcane,Black,0.45,379,2.92
13.44,Millets,Sandy,0.32,919,1.58
3.82,Rice,Clay,0.4,623,0.76
13.62,Millets,Black,0.62,1006,4.67
11.24,Maize,Clay,0.56,412,2.33
4.01,Maize,Clay,0.33,393,0.47
6.74,Cotton,Loam,0.39,1353,2.56
6.74,Wheat,Clay,0.84,934,3.7
12.94,Cotton,Clay,0.61,1060,5.02
6.13,Rice,Black,0.38,1061,2.17
5.69,Cotton,Sandy,0.88,1367,3.29
5.17,Rice,Black,0.48,1387,3.03
2.91,Millets,Loam,0.32,506,0.28
3.97,Sugarcane,Loam,0.91,320,2.08
14.73,Maize,Sandy,0.89,1485,14.02
2.36,Rice,Sandy,0.32,1129,0.55
4.2,Rice,Sandy,0.38,411,0.42
8.46,Maize,Clay,0.69,696,3.66
10.95,Sugarcane,Sandy,0.46,785,4.74
13.18,Cotton,Clay,0.36,467,1.33
4.35,Millets,Sandy,0.5,773,0.67
14.19,Cotton,Loam,0.9,603,5.54
8.83,Sugarcane,Black,0.71,963,9.96
9.04,Sugarcane,Loam,0.64,1343,13.99
12.56,Millets,Loam,0.54,485,1.97
14.48,Wheat,Black,0.41,619,2.83
3.93,Millets,Clay,0.33,735,0.48
6.07,Maize,Loam,0.7,673,3.09
11.85,Cotton,Loam,0.51,711,3.09
13.93,Wheat,Loam,0.5,1280,7.49
9.32,Millets,Loam,0.81,1318,5.97
2.6,Cotton,Clay,0.88,342,0.47
3.83,Wheat,Black,0.63,1055,1.96
3.89,Millets,Clay,0.84,871,1.42
12.67,Millets,Loam,0.41,1176,3.67
3.27,Sugarcane,Sandy,0.39,1064,1.63
4.38,Wheat,Sandy,0.61,861,1.29
14.5,Wheat,Loam,0.82,1318,13.16
2.4,Cotton,Black,0.32,1276,0.65
11.26,Sugarcane,Black,0.56,1277,13.29
3.28,Millets,Sandy,0.76,1376,1.37
8.07,Cotton,Black,0.47,918,2.3
12.58,Sugarcane,Loam,0.42,1042,9.91
7.86,Cotton,Loam,0.65,1024,3.77
8.43,Sugarcane,Black,0.36,594,2.97
7.81,Rice,Clay,0.8,646,3.23
3.74,Millets,Loam,0.76,1225,2.09
13.03,Millets,Loam,0.89,710,4.94
11.39,Millets,Sandy,0.31,351,0.5
6.96,Wheat,Loam,0.33,986,1.9
8.46,Wheat,Loam,0.81,1003,5.77
7.6,Sugarcane,Black,0.62,797,6.2
2.0,Millets,Sandy,0.46,1116,0.41
1.45,Sugarcane,Sandy,0.53,1178,1.09
12.97,Rice,Sandy,0.95,1193,9.41
6.35,Wheat,Clay,0.39,863,1.5
7.27,Maize,Clay,0.33,1472,3.18
6.56,Sugarcane,Sandy,0.76,442,2.64
5.49,Maize,Clay,0.56,1384,3.83
11.4,Rice,Loam,0.47,849,4.37
11.29,Cotton,Loam,0.75,404,2.46
5.95,Maize,Black,0.71,895,3.74
11.04,Rice,Clay,0.66,356,2.08
9.35,Sugarcane,Clay,0.3,1187,4.99
9.78,Wheat,Loam,0.75,785,4.84
11.57,Millets,Black,0.72,395,1.81
4.74,Sugarcane,Sandy,0.95,819,4.43
14.92,Cotton,Loam,0.53,1423,8.1
5.74,Rice,Black,0.36,316,0.57
4.84,Sugarcane,Black,0.84,877,5.88
14.49,Cotton,Loam,0.74,1187,9.16
5.72,Sugarcane,Sandy,0.44,536,1.62
3.05,Cotton,Black,0.54,1223,1.33
13.56,Sugarcane,Clay,0.51,794,8.24
3.13,Rice,Clay,0.5,885,1.11
4.3,Sugarcane,Clay,0.75,434,2.1
9.24,Cotton,Clay,0.32,584,1.04
8.2,Maize,Clay,0.84,369,2.29
7.26,Cotton,Black,0.38,385,0.7
14.96,Rice,Black,0.61,609,4.89
4.88,Maize,Black,0.69,722,2.41
10.13,Wheat,Sandy,0.7,416,1.65
10.91,Wheat,Black,0.33,576,1.6
9.08,Wheat,Clay,0.84,1174,6.27
1.79,Cotton,Loam,0.51,470,0.31
6.62,Cotton,Loam,0.58,369,1.02
4.44,Millets,Clay,0.37,767,0.63
8.89,Maize,Loam,0.39,1099,4.12
14.93,Rice,Loam,0.53,1012,7.69
9.1,Rice,Black,0.82,1226,8.05
4.67,Maize,Sandy,0.35,1444,1.7
2.92,Cotton,Sandy,0.83,1077,1.25
6.13,Wheat,Black,0.75,1012,3.58
5.64,Rice,Sandy,0.8,1190,3.44
11.95,Cotton,Clay,0.58,1303,5.42
4.86,Wheat,Black,0.37,1162,1.61
9.23,Rice,Black,0.89,1041,7.53
1.4,Cotton,Clay,0.34,1338,0.38
8.69,Maize,Clay,0.61,1166,5.56
6.55,Sugarcane,Sandy,0.7,1439,7.92
3.13,Wheat,Black,0.77,505,0.94
5.27,Millets,Sandy,0.4,485,0.41
2.08,Maize,Loam,0.75,642,1.08
5.05,Cotton,Clay,0.87,1170,3.08
13.25,Wheat,Loam,0.86,1453,13.91
8.18,Rice,Loam,0.93,1366,9.98
10.13,Millets,Clay,0.82,1205,5.0
5.51,Sugarcane,Loam,0.76,1074,8.1
11.44,Millets,Loam,0.35,1238,2.97
5.88,Wheat,Black,0.84,509,1.94
3.15,Maize,Loam,0.48,645,1.05
9.75,Rice,Clay,0.64,605,3.02
3.02,Rice,Sandy,0.49,1156,1.09
7.72,Sugarcane,Black,0.78,1076,10.69
12.88,Sugarcane,Black,0.6,987,12.59
1.12,Millets,Black,0.74,857,0.39
13.28,Sugarcane,Sandy,0.86,633,8.68
2.85,Cotton,Clay,0.58,1488,1.48
8.84,Cotton,Black,0.78,1450,6.6
7.18,Maize,Clay,0.55,567,2.02
11.44,Sugarcane,Sandy,0.47,884,5.7
3.14,Rice,Sandy,0.78,421,0.66
10.69,Wheat,Sandy,0.92,797,4.39
3.58,Rice,Sandy,0.54,1488,1.84
9.24,Wheat,Loam,0.36,758,2.12
6.29,Millets,Clay,0.77,670,1.62
6.39,Wheat,Loam,0.8,517,2.22
3.7,Maize,Loam,0.47,1460,2.74
11.8,Rice,Clay,0.77,424,3.08
11.23,Sugarcane,Clay,0.67,400,4.51
13.52,Wheat,Loam,0.93,1109,11.71
10.19,Maize,Sandy,0.68,1295,6.46
2.49,Sugarcane,Clay,0.34,1405,1.78
11.41,Rice,Sandy,0.38,890,2.47
5.35,Sugarcane,Loam,0.31,987,2.95
9.01,Sugarcane,Loam,0.39,1406,8.89
7.04,Sugarcane,Black,0.94,898,9.81
12.73,Cotton,Black,0.67,1021,5.75
4.93,Cotton,Black,0.88,565,1.62
11.53,Rice,Black,0.53,773,4.16
7.16,Maize,Clay,0.76,578,2.83
7.36,Millets,Black,0.46,1250,2.33
11.75,Rice,Sandy,0.48,1432,5.17
4.27,Sugarcane,Clay,0.51,536,1.75
12.82,Cotton,Loam,0.55,315,1.6
1.13,Wheat,Black,0.87,753,0.57
9.33,Cotton,Clay,0.81,1280,5.8
9.26,Millets,Sandy,0.75,827,2.3
14.41,Millets,Sandy,0.52,1306,3.91
6.94,Sugarcane,Clay,0.32,346,1.15
13.49,Sugarcane,Loam,0.32,304,2.36
7.54,Maize,Black,0.37,881,2.43
4.52,Millets,Loam,0.69,895,1.67
10.28,Sugarcane,Loam,0.45,1028,8.56
13.15,Rice,Black,0.42,1023,4.97
10.86,Cotton,Black,0.93,1447,9.65
7.33,Wheat,Black,0.66,1251,4.66
5.73,Rice,Clay,0.94,834,3.59
3.73,Cotton,Clay,0.94,1273,2.68
8.49,Millets,Sandy,0.31,815,0.86
10.73,Rice,Clay,0.66,717,4.06
11.41,Sugarcane,Clay,0.74,785,9.94
5.38,Wheat,Clay,0.42,714,1.13
3.93,Sugarcane,Sandy,0.79,1012,3.77
2.03,Millets,Loam,0.82,524,0.52
8.56,Wheat,Black,0.72,994,4.72
1.01,Rice,Black,0.84,785,0.59
7.08,Sugarcane,Loam,0.32,1333,5.44
9.44,Sugarcane,Loam,0.38,344,2.22
6.1,Wheat,Clay,0.63,880,2.37
12.36,Sugarcane,Black,0.71,1355,19.62
14.94,Sugarcane,Loam,0.69,1380,25.61
8.63,Maize,Loam,0.66,554,3.41
7.6,Sugarcane,Clay,0.49,806,4.5
1.64,Sugarcane,Loam,0.87,529,1.36
13.8,Wheat,Sandy,0.93,1048,7.53
14.79,Maize,Black,0.6,529,4.65
5.28,Cotton,Clay,0.87,1181,3.26
8.27,Sugarcane,Loam,0.43,1479,9.47
13.72,Millets,Sandy,0.74,823,3.34
10.73,Millets,Sandy,0.67,1168,3.36
1.78,Rice,Black,0.9,1285,1.81
7.88,Sugarcane,Sandy,0.5,1463,6.92
8.34,Maize,Black,0.84,565,3.92
13.43,Cotton,Clay,0.46,900,3.34
11.51,Wheat,Sandy,0.6,1417,5.48
5.37,Cotton,Clay,0.48,1220,1.89
12.2,Rice,Black,0.55,336,1.98
3.84,Wheat,Loam,0.71,1033,2.37
1.73,Millets,Loam,0.81,1381,1.16
4.93,Cotton,Clay,0.35,414,0.43
8.76,Millets,Clay,0.48,1215,2.55
13.54,Sugarcane,Sandy,0.71,915,10.56
8.27,Sugarcane,Clay,0.4,596,2.96
14.53,Sugarcane,Black,0.65,870,13.56
14.8,Cotton,Clay,0.46,538,2.2
1.53,Rice,Loam,0.56,1418,1.17
2.99,Maize,Loam,0.32,631,0.65
12.23,Maize,Loam,0.45,568,3.38
1.16,Millets,Sandy,0.45,627,0.13
9.71,Wheat,Black,0.36,965,2.6
5.84,Rice,Loam,0.49,492,1.35
11.77,Wheat,Black,0.54,1084,5.31
7.04,Sugarcane,Black,0.38,986,4.35
4.58,Wheat,Sandy,0.81,409,0.85
6.1,Maize,Loam,0.67,811,3.58
8.31,Maize,Black,0.56,792,3.65
4.59,Cotton,Sandy,0.81,1473,2.63
10.13,Sugarcane,Black,0.77,1054,13.57
4.66,Rice,Clay,0.81,988,2.98
6.39,Millets,Clay,0.64,1342,2.74
5.72,Wheat,Sandy,0.66,1446,3.06
7.06,Rice,Clay,0.31,1027,1.8
4.81,Maize,Sandy,0.63,1421,3.1
11.24,Wheat,Clay,0.94,1443,10.67
9.31,Millets,Sandy,0.88,734,2.41
3.66,Wheat,Black,0.75,509,1.08
3.88,Rice,Clay,0.93,1003,2.9
5.88,Wheat,Loam,0.88,1490,6.48
2.46,Millets,Clay,0.71,1050,0.92
3.06,Cotton,Loam,0.34,1223,0.92
8.22,Millets,Sandy,0.71,1206,2.82
10.67,Rice,Sandy,0.74,582,2.94
3.12,Wheat,Loam,0.48,1358,1.71
3.92,Rice,Sandy,0.53,1485,1.97
5.32,Sugarcane,Clay,0.38,487,1.48
7.55,Maize,Sandy,0.49,1492,3.97
5.1,Sugarcane,Sandy,0.53,905,2.94
8.66,Cotton,Clay,0.65,389,1.31
6.2,Maize,Sandy,0.71,950,3.01
10.07,Sugarcane,Loam,0.92,473,7.89
4.82,Sugarcane,Loam,0.94,531,4.33
10.15,Rice,Black,0.44,1238,4.87
4.55,Maize,Sandy,0.75,1449,3.56
12.95,Wheat,Black,0.49,1065,5.2
2.3,Rice,Clay,0.75,1313,1.81
11.33,Rice,Sandy,0.75,737,4.01
1.7,Rice,Clay,0.68,1130,1.05
7.51,Millets,Clay,0.42,310,0.49
7.71,Sugarcane,Clay,0.33,766,2.92
8.16,Rice,Sandy,0.86,1209,5.43
13.62,Sugarcane,Loam,0.76,399,7.43
6.21,Sugarcane,Clay,0.7,954,6.22
14.27,Cotton,Loam,0.37,919,3.49
13.76,Wheat,Loam,0.31,1178,4.22
1.31,Sugarcane,Loam,0.58,453,0.62
13.73,Maize,Loam,0.66,410,4.01
3.18,Sugarcane,Black,0.46,1267,3.06
3.42,Sugarcane,Black,0.59,1385,4.61
5.84,Sugarcane,Black,0.33,1097,3.49
1.24,Millets,Loam,0.73,1485,0.81
13.18,Sugarcane,Clay,0.5,1298,12.83
5.49,Sugarcane,Black,0.68,810,4.99
11.92,Rice,Loam,0.62,1180,8.37
7.34,Wheat,Black,0.82,1246,5.77
2.8,Millets,Sandy,0.62,452,0.31
14.97,Sugarcane,Loam,0.32,1482,12.78
10.99,Millets,Sandy,0.84,734,2.71
14.41,Rice,Clay,0.35,609,2.46
11.27,Sugarcane,Loam,0.59,648,7.76
12.66,Rice,Clay,0.92,418,3.89
1.28,Maize,Clay,0.45,654,0.34
13.08,Wheat,Sandy,0.48,485,1.71
14.72,Maize,Loam,0.76,487,5.88
7.6,Maize,Sandy,0.91,1108,5.52
7.38,Maize,Sandy,0.65,981,3.39
13.46,Wheat,Sandy,0.49,1148,4.24
9.53,Millets,Sandy,0.94,1351,4.84
11.33,Wheat,Sandy,0.49,1036,3.22
12.66,Wheat,Clay,0.9,1308,10.43
7.83,Millets,Loam,0.81,665,2.53
13.69,Maize,Clay,0.95,917,10.73
4.13,Maize,Loam,0.94,1257,5.27
5.42,Maize,Clay,0.51,697,1.73
3.99,Rice,Sandy,0.84,591,1.27
11.14,Cotton,Clay,0.4,1406,3.76
8.32,Millets,Sandy,0.93,1258,3.89
2.65,Maize,Sandy,0.4,495,0.38
5.06,Rice,Loam,0.35,564,0.96
9.52,Sugarcane,Black,0.66,1475,15.29
13.14,Sugarcane,Black,0.65,384,5.41
12.96,Wheat,Loam,0.57,1135,7.04
6.16,Wheat,Sandy,0.63,900,1.96
9.9,Wheat,Loam,0.89,1486,11.0
11.52,Sugarcane,Loam,0.69,1264,18.09
9.63,Sugarcane,Loam,0.58,510,5.13
9.68,Sugarcane,Clay,0.73,951,10.08
11.77,Millets,Sandy,0.78,868,3.19
3.54,Millets,Black,0.61,720,0.86
4.03,Cotton,Clay,0.74,1465,2.62
9.79,Sugarcane,Sandy,0.31,1498,5.46
9.37,Wheat,Black,0.73,694,3.66
2.88,Wheat,Loam,0.47,787,0.89
2.32,Wheat,Black,0.37,869,0.57
9.1,Cotton,Black,0.46,773,2.14
8.59,Rice,Black,0.8,618,3.74
5.0,Maize,Black,0.32,1293,2.05
9.69,Cotton,Sandy,0.69,1322,4.24
1.5,Wheat,Loam,0.32,748,0.3
14.99,Wheat,Black,0.85,1336,13.11
10.87,Wheat,Sandy,0.56,1143,3.9
11.19,Wheat,Clay,0.78,557,3.4
8.96,Cotton,Clay,0.34,1295,2.37
13.38,Maize,Black,0.32,958,4.06
8.31,Cotton,Sandy,0.85,891,3.02
13.06,Wheat,Black,0.42,1441,6.09
12.84,Maize,Clay,0.33,941,3.59
11.78,Millets,Sandy,0.92,1390,6.03
2.8,Wheat,Loam,0.89,624,1.31
3.48,Sugarcane,Sandy,0.9,811,3.05
14.7,Cotton,Sandy,0.65,1311,6.01
11.98,Cotton,Black,0.53,1407,5.9
12.89,Sugarcane,Black,0.76,852,13.77
8.03,Rice,Black,0.92,1186,7.71
13.94,Rice,Black,0.56,1195,8.21
7.41,Cotton,Black,0.69,917,3.09
6.35,Sugarcane,Sandy,0.31,556,1.31
8.34,Cotton,Black,0.42,753,1.74
2.62,Sugarcane,Clay,0.9,772,2.73
9.53,Maize,Loam,0.57,564,3.31
11.7,Wheat,Clay,0.9,1450,10.69
14.6,Cotton,Black,0.57,659,3.62
1.78,Maize,Clay,0.38,1419,0.86
6.49,Maize,Clay,0.59,353,1.22
4.65,Maize,Black,0.79,541,1.97
5.06,Cotton,Loam,0.71,925,2.39
9.01,Maize,Sandy,0.83,973,5.24
12.16,Maize,Sandy,0.32,945,2.65
2.54,Maize,Loam,0.37,1402,1.42
14.17,Cotton,Loam,0.48,454,2.22
4.81,Wheat,Clay,0.5,567,0.95
6.46,Wheat,Clay,0.86,1278,4.97
4.56,Sugarcane,Loam,0.91,819,6.12
11.32,Cotton,Loam,0.66,990,5.33
1.84,Cotton,Clay,0.54,926,0.55
3.31,Maize,Loam,0.76,436,1.18
11.61,Cotton,Clay,0.55,493,1.89
9.65,Sugarcane,Loam,0.77,921,12.32
10.69,Cotton,Clay,0.44,1440,4.06
10.64,Millets,Loam,0.65,941,3.9
4.54,Sugarcane,Black,0.72,1306,7.04
9.9,Millets,Sandy,0.74,1024,3.0
11.81,Cotton,Black,0.94,546,4.0
9.62,Cotton,Clay,0.62,1370,4.9
10.31,Wheat,Black,0.52,539,2.23
1.14,Millets,Black,0.9,1203,0.68
11.93,Sugarcane,Clay,0.92,892,14.69
8.12,Maize,Sandy,0.87,892,4.54
10.74,Rice,Loam,0.94,1072,10.39
8.29,Sugarcane,Loam,0.42,801,5.02
1.13,Wheat,Sandy,0.48,704,0.21
2.02,Sugarcane,Sandy,0.43,583,0.61
13.14,Cotton,Clay,0.42,1410,4.67
10.99,Cotton,Sandy,0.67,932,3.29
4.67,Cotton,Sandy,0.83,1176,2.19
5.37,Cotton,Black,0.82,1145,3.33
11.79,Wheat,Clay,0.4,717,2.37
8.69,Rice,Clay,0.83,504,2.91
7.96,Maize,Loam,0.56,1374,6.61
7.8,Maize,Clay,0.82,729,4.2
7.0,Sugarcane,Clay,0.63,342,2.26
14.09,Sugarcane,Black,0.55,729,9.32
5.82,Cotton,Sandy,0.58,315,0.51
13.26,Maize,Sandy,0.31,1014,3.0
12.79,Wheat,Black,0.91,1472,13.19
11.81,Maize,Black,0.48,1445,8.11
13.96,Cotton,Loam,0.39,1495,5.86
9.21,Cotton,Black,0.81,527,2.59
6.11,Cotton,Sandy,0.35,773,0.79
1.05,Wheat,Black,0.61,1131,0.56
8.74,Maize,Loam,0.86,1450,11.77
13.75,Rice,Loam,0.55,634,4.6
6.25,Millets,Black,0.43,648,0.96
14.39,Cotton,Sandy,0.36,641,1.59
11.94,Cotton,Black,0.44,552,1.91
12.0,Cotton,Sandy,0.58,652,2.18
1.03,Wheat,Clay,0.81,1479,0.86
4.59,Rice,Loam,0.8,803,2.83
3.86,Rice,Loam,0.44,1097,1.79
11.71,Maize,Black,0.52,351,2.12
11.17,Millets,Black,0.9,499,2.76
6.24,Sugarcane,Sandy,0.54,437,1.77
4.84,Rice,Black,0.61,1251,3.25
2.18,Cotton,Clay,0.35,456,0.21
3.65,Maize,Loam,0.71,1026,2.87
3.51,Wheat,Loam,0.42,384,0.48
11.0,Rice,Loam,0.32,1176,3.97
10.35,Sugarcane,Black,0.51,1238,10.78
8.43,Rice,Sandy,0.56,1316,3.98
9.44,Millets,Loam,0.67,1193,4.53
7.83,Cotton,Clay,0.56,1007,2.65
10.96,Rice,Sandy,0.43,820,2.47
10.91,Millets,Clay,0.35,718,1.37
7.71,Wheat,Black,0.33,887,1.74
8.53,Rice,Sandy,0.37,812,1.64
2.77,Rice,Clay,0.72,321,0.51
5.63,Maize,Sandy,0.33,1351,1.81
12.52,Sugarcane,Black,0.65,451,6.06
6.68,Wheat,Loam,0.83,1461,6.8
12.43,Rice,Loam,0.58,600,4.15
13.39,Cotton,Sandy,0.79,438,2.22
4.74,Rice,Black,0.44,1222,2.24
6.19,Millets,Loam,0.84,917,2.86
9.18,Maize,Sandy,0.56,1443,5.34
10.74,Maize,Clay,0.75,931,6.75
3.34,Sugarcane,Clay,0.71,628,2.23
7.2,Maize,Sandy,0.82,327,1.39
8.76,Wheat,Black,0.88,545,3.23
7.93,Wheat,Sandy,0.4,720,1.28
4.11,Maize,Loam,0.47,982,2.05
6.87,Maize,Clay,0.88,1480,8.05
9.47,Millets,Sandy,0.6,463,1.05
8.18,Cotton,Loam,0.58,1212,4.14
13.04,Cotton,Sandy,0.89,941,5.24
9.97,Millets,Sandy,0.4,1410,2.25
1.04,Sugarcane,Clay,0.81,943,1.19
12.85,Sugarcane,Clay,0.76,1098,16.08
10.95,Cotton,Black,0.84,488,2.96
11.56,Cotton,Sandy,0.6,1028,3.42
12.32,Wheat,Black,0.62,1165,6.85
1.28,Wheat,Loam,0.38,690,0.28
1.98,Sugarcane,Loam,0.75,1256,3.36
5.9,Sugarcane,Sandy,0.4,495,1.4
9.94,Wheat,Loam,0.56,1147,5.36
6.17,Millets,Clay,0.79,869,2.12
8.82,Millets,Sandy,0.38,648,0.87
8.52,Maize,Loam,0.67,1209,7.45
11.89,Maize,Clay,0.85,472,4.29
13.3,Maize,Loam,0.57,740,6.06
10.35,Cotton,Clay,0.47,1205,3.52
4.34,Cotton,Clay,0.5,745,0.97
13.32,Rice,Clay,0.67,1262,9.01
3.59,Wheat,Clay,0.61,339,0.52
3.26,Rice,Clay,0.73,1170,2.23
4.96,Rice,Black,0.78,853,2.9
11.04,Cotton,Black,0.8,943,5.5
11.3,Millets,Black,0.41,832,2.12
5.5,Millets,Sandy,0.87,669,1.28
2.05,Millets,Sandy,0.61,778,0.39
2.94,Cotton,Black,0.39,483,0.37
8.55,Millets,Sandy,0.33,852,0.96
4.72,Millets,Loam,0.87,928,2.29
3.68,Millets,Sandy,0.43,643,0.41
5.06,Cotton,Sandy,0.46,1435,1.6
11.56,Wheat,Sandy,0.58,1402,5.26
13.53,Sugarcane,Sandy,0.53,637,5.48
4.52,Wheat,Sandy,0.31,522,0.41
4.0,Cotton,Black,0.79,920,1.92
8.03,Wheat,Clay,0.37,1247,2.59
10.99,Maize,Clay,0.91,1380,12.42
5.76,Wheat,Sandy,0.86,1093,3.03
14.38,Cotton,Loam,0.6,1300,8.08
1.74,Rice,Clay,0.92,1408,1.8
1.38,Sugarcane,Sandy,0.9,954,1.42
2.42,Millets,Sandy,0.69,538,0.36
9.0,Rice,Clay,0.7,1118,5.63
8.53,Millets,Sandy,0.49,830,1.39
5.55,Sugarcane,Loam,0.78,611,4.76
7.79,Rice,Loam,0.54,766,3.09
13.01,Maize,Sandy,0.76,1485,10.57
2.37,Millets,Clay,0.92,398,0.43
2.62,Sugarcane,Clay,0.65,912,2.33
5.53,Cotton,Black,0.61,952,2.12
2.09,Sugarcane,Clay,0.56,1487,2.61
4.06,Maize,Sandy,0.44,1249,1.61
9.05,Millets,Clay,0.61,1244,3.43
8.56,Rice,Clay,0.66,1411,6.38
11.95,Sugarcane,Loam,0.95,1047,21.39
4.32,Cotton,Black,0.43,1097,1.34
13.39,Sugarcane,Black,0.61,892,12.02
12.69,Cotton,Sandy,0.94,1382,7.91
13.73,Millets,Sandy,0.87,664,3.17
12.68,Rice,Loam,0.55,448,3.0
4.14,Cotton,Loam,0.31,1424,1.32
3.54,Sugarcane,Sandy,0.46,1392,2.72
10.46,Maize,Sandy,0.51,479,1.84
5.08,Wheat,Clay,0.37,819,1.08
6.5,Cotton,Sandy,0.52,1284,2.08
9.02,Sugarcane,Sandy,0.45,1078,5.25
3.09,Wheat,Black,0.48,475,0.54
11.48,Cotton,Clay,0.74,1171,5.97
12.14,Maize,Clay,0.8,523,4.57
7.47,Sugarcane,Clay,0.84,1197,11.27
2.13,Wheat,Clay,0.68,1355,1.37
9.45,Sugarcane,Clay,0.72,1484,15.15
14.17,Cotton,Sandy,0.42,470,1.34
6.29,Wheat,Sandy,0.63,720,1.6
4.09,Maize,Black,0.51,306,0.63
6.11,Rice,Sandy,0.91,881,3.14
12.25,Sugarcane,Loam,0.54,651,7.75
3.47,Maize,Sandy,0.76,507,0.96
12.48,Wheat,Loam,0.77,691,5.58
11.01,Cotton,Sandy,0.73,694,2.68
13.53,Wheat,Loam,0.31,493,1.74
11.83,Millets,Black,0.78,983,4.99
3.82,Wheat,Loam,0.56,855,1.54
9.38,Rice,Clay,0.64,483,2.32
9.85,Sugarcane,Clay,0.55,1098,8.92
5.7,Rice,Loam,0.47,657,1.69
4.22,Wheat,Black,0.79,882,2.26
12.54,Maize,Clay,0.53,1385,8.28
13.6,Sugarcane,Loam,0.67,1221,20.03
8.66,Maize,Black,0.86,882,6.5
9.07,Cotton,Clay,0.64,671,2.34
3.53,Rice,Clay,0.77,1251,2.72
11.9,Wheat,Loam,0.92,940,8.64
1.99,Rice,Loam,0.33,757,0.48
13.92,Maize,Loam,0.36,680,3.68
4.2,Cotton,Black,0.36,908,0.91
3.78,Rice,Sandy,0.79,678,1.3
3.39,Cotton,Loam,0.59,1251,1.8
9.43,Cotton,Black,0.75,521,2.43
3.76,Cotton,Sandy,0.73,684,0.9
9.54,Maize,Loam,0.86,1409,12.48
14.62,Cotton,Clay,0.57,368,1.84
4.24,Millets,Sandy,0.76,818,1.05
8.89,Rice,Sandy,0.62,1225,4.32
6.66,Rice,Loam,0.33,1237,2.61
4.05,Cotton,Black,0.84,1231,2.76
13.82,Sugarcane,Loam,0.45,700,7.84
7.45,Rice,Clay,0.65,808,3.13
5.69,Maize,Loam,0.79,841,4.08
10.27,Sugarcane,Sandy,0.37,952,4.34
13.7,Rice,Loam,0.39,1284,6.59
9.9,Rice,Black,0.7,576,3.51
7.56,Rice,Black,0.71,691,3.26
1.05,Rice,Clay,0.47,989,0.39
10.82,Cotton,Loam,0.68,1489,7.89
3.55,Cotton,Loam,0.67,1039,1.78
7.05,Sugarcane,Black,0.36,617,2.58
5.07,Maize,Loam,0.91,952,4.74
7.79,Sugarcane,Black,0.95,593,7.24
5.62,Maize,Loam,0.64,784,3.05
12.06,Wheat,Loam,0.51,306,1.58
2.88,Millets,Clay,0.74,509,0.54
10.75,Cotton,Black,0.86,455,2.78
10.03,Cotton,Black,0.51,805,2.72
8.22,Cotton,Black,0.46,947,2.36
7.69,Maize,Clay,0.81,627,3.51
11.5,Maize,Loam,0.59,812,5.95
1.47,Sugarcane,Black,0.34,1337,1.1
3.35,Sugarcane,Black,0.38,497,1.04
13.64,Rice,Loam,0.88,312,3.6
9.68,Cotton,Clay,0.55,987,3.15
2.82,Wheat,Black,0.79,1455,2.5
7.87,Sugarcane,Black,0.51,1091,7.23
8.87,Millets,Loam,0.62,720,2.38
14.83,Rice,Black,0.93,1472,17.87
3.27,Rice,Sandy,0.52,1136,1.24
5.3,Cotton,Clay,0.31,1302,1.28
9.69,Sugarcane,Loam,0.34,606,3.59
12.42,Wheat,Clay,0.52,1099,4.97
5.23,Millets,Black,0.74,1216,2.59
5.53,Rice,Black,0.74,1112,4.0
7.73,Rice,Sandy,0.85,871,3.66
4.39,Maize,Clay,0.65,703,1.81
14.41,Sugarcane,Clay,0.72,1498,23.31
1.11,Rice,Sandy,0.53,372,0.14
4.4,Millets,Black,0.52,858,1.08
4.09,Maize,Clay,0.61,466,1.05
13.29,Cotton,Clay,0.56,661,2.95
11.31,Maize,Black,0.63,351,2.48
7.3,Millets,Loam,0.71,545,1.69
8.05,Cotton,Black,0.58,981,3.02
10.0,Rice,Sandy,0.32,990,2.03
8.12,Millets,Clay,0.33,454,0.61
5.28,Wheat,Sandy,0.85,1270,3.19
6.8,Rice,Loam,0.68,943,4.19
12.6,Maize,Black,0.54,788,5.31
2.75,Wheat,Sandy,0.67,1463,1.51
12.5,Maize,Sandy,0.67,1022,6.16
1.27,Wheat,Sandy,0.51,379,0.14
11.48,Millets,Clay,0.35,583,1.17
11.19,Cotton,Sandy,0.79,689,2.92
3.06,Maize,Loam,0.72,884,2.1
5.7,Maize,Clay,0.63,1182,3.82
4.77,Rice,Sandy,0.85,414,1.07
12.59,Rice,Loam,0.75,1057,9.58
5.5,Cotton,Clay,0.53,857,1.5
7.9,Millets,Loam,0.4,976,1.85
12.29,Cotton,Loam,0.72,1076,6.86
13.6,Sugarcane,Clay,0.46,1072,10.06
10.74,Wheat,Sandy,0.79,387,1.84
3.68,Rice,Clay,0.38,1294,1.45
9.87,Millets,Black,0.36,1091,2.13
9.6,Maize,Sandy,0.87,1387,8.34
7.97,Cotton,Sandy,0.47,1162,2.09
4.68,Cotton,Sandy,0.58,692,0.9
7.05,Millets,Sandy,0.82,713,1.65
2.18,Rice,Sandy,0.74,685,0.71
14.23,Millets,Loam,0.61,1320,6.87
12.6,Sugarcane,Loam,0.62,1079,15.17
10.1,Sugarcane,Sandy,0.91,1117,12.32
3.79,Rice,Clay,0.82,1052,2.62
1.48,Rice,Black,0.51,1153,0.77
8.8,Rice,Loam,0.63,553,2.94
9.29,Rice,Black,0.3,791,1.94
10.92,Sugarcane,Sandy,0.6,948,7.45
2.89,Millets,Sandy,0.34,1070,0.42
10.24,Wheat,Black,0.53,371,1.55
1.94,Maize,Loam,0.36,957,0.72
8.83,Millets,Sandy,0.6,1285,2.72
10.74,Rice,Clay,0.81,1156,8.05
10.96,Rice,Black,0.63,470,2.86
10.29,Millets,Sandy,0.71,1380,4.03
11.1,Millets,Clay,0.84,1278,5.96
8.91,Sugarcane,Black,0.47,756,5.22
3.95,Maize,Sandy,0.68,1253,2.42
5.65,Cotton,Sandy,0.71,1469,2.83
5.24,Sugarcane,Black,0.78,357,2.41
14.1,Rice,Clay,0.92,1404,14.57
12.98,Sugarcane,Loam,0.4,601,5.62
11.93,Millets,Clay,0.73,918,4.0
6.74,Rice,Clay,0.36,1037,2.01
7.19,Rice,Loam,0.84,1370,7.94
4.11,Maize,Loam,0.78,440,1.52
12.39,Sugarcane,Clay,0.8,1100,16.35
9.27,Maize,Sandy,0.4,842,2.25
13.85,Maize,Black,0.88,758,9.15
9.49,Cotton,Sandy,0.69,1458,4.58
7.37,Sugarcane,Clay,0.64,1297,9.18
13.17,Wheat,Clay,0.67,608,3.76
10.84,Cotton,Clay,0.35,1285,2.93
2.32,Cotton,Clay,0.31,481,0.21
8.31,Sugarcane,Clay,0.68,909,7.7
12.55,Millets,Clay,0.63,1086,4.29
13.64,Wheat,Loam,0.6,464,3.19
6.43,Maize,Clay,0.36,710,1.48
2.92,Millets,Loam,0.83,1079,1.57
6.12,Sugarcane,Clay,0.38,446,1.56
4.84,Millets,Sandy,0.92,713,1.27
9.32,Millets,Black,0.79,1395,5.65
6.74,Maize,Sandy,0.54,1223,3.2
13.84,Millets,Sandy,0.37,1365,2.8
5.92,Maize,Clay,0.53,394,1.11
7.46,Sugarcane,Clay,0.63,1452,10.24
2.34,Maize,Black,0.73,568,0.96
12.48,Millets,Black,0.6,593,2.44
8.92,Maize,Sandy,0.36,718,1.66
5.7,Wheat,Loam,0.51,889,2.17
10.7,Cotton,Clay,0.78,523,2.62
1.16,Cotton,Clay,0.47,996,0.33
2.05,Sugarcane,Black,0.38,538,0.69
5.39,Wheat,Loam,0.76,993,3.42
6.23,Cotton,Clay,0.6,360,0.81
4.02,Rice,Sandy,0.34,589,0.52
7.13,Cotton,Sandy,0.74,1177,2.98
9.81,Wheat,Sandy,0.94,1282,6.62
8.31,Sugarcane,Loam,0.56,1489,12.47
3.8,Maize,Loam,0.36,774,1.14
2.84,Rice,Black,0.78,707,1.38
5.7,Sugarcane,Clay,0.89,759,5.78
2.56,Wheat,Clay,0.71,1236,1.57
10.78,Maize,Sandy,0.47,1325,4.83
3.81,Sugarcane,Clay,0.43,640,1.57
10.64,Wheat,Clay,0.85,354,2.24
12.65,Maize,Sandy,0.58,802,4.24
6.98,Cotton,Sandy,0.33,1282,1.42
1.27,Wheat,Loam,0.33,1427,0.5
1.99,Millets,Clay,0.54,1236,0.66
10.08,Cotton,Black,0.32,529,1.13
8.08,Sugarcane,Sandy,0.78,479,3.62
10.51,Rice,Loam,0.88,623,5.53
2.46,Cotton,Black,0.35,306,0.17
11.48,Cotton,Black,0.92,839,5.85
14.65,Millets,Loam,0.46,828,3.35
7.73,Wheat,Black,0.75,404,1.8
13.96,Maize,Loam,0.36,1413,7.67
3.03,Sugarcane,Sandy,0.66,470,1.13
4.65,Millets,Loam,0.82,1242,2.84
14.98,Millets,Loam,0.41,1308,4.82
7.8,Wheat,Black,0.69,1057,4.38
8.11,Maize,Black,0.44,327,1.16
9.3,Millets,Clay,0.84,532,2.08
6.42,Millets,Black,0.8,972,2.75
14.88,Cotton,Clay,0.77,1323,9.1
13.91,Wheat,Sandy,0.52,373,1.51
3.59,Sugarcane,Clay,0.65,1362,4.77
5.44,Millets,Sandy,0.91,308,0.61
6.55,Cotton,Sandy,0.93,855,2.5
7.04,Sugarcane,Clay,0.82,1300,11.26
2.67,Maize,Sandy,0.64,1358,1.67
9.22,Wheat,Sandy,0.47,653,1.58
14.25,Millets,Loam,0.49,1454,6.09
13.84,Maize,Black,0.33,333,1.51
12.41,Sugarcane,Loam,0.7,504,7.88
8.71,Sugarcane,Black,0.4,998,5.74
3.33,Millets,Sandy,0.46,1420,0.87
14.98,Wheat,Black,0.77,789,7.01
4.06,Millets,Black,0.57,1018,1.3
4.86,Millets,Sandy,0.34,957,0.63
10.09,Maize,Clay,0.95,1270,10.96
2.62,Rice,Clay,0.64,631,0.85
10.98,Sugarcane,Black,0.76,1313,18.08
10.08,Sugarcane,Black,0.51,603,5.11
2.89,Sugarcane,Sandy,0.4,1370,1.9
9.16,Rice,Loam,0.84,1067,7.88
1.31,Sugarcane,Loam,0.37,1004,0.88
7.34,Maize,Loam,0.35,469,1.3
5.27,Sugarcane,Black,0.8,696,4.84
2.26,Cotton,Black,0.8,732,0.87
6.5,Maize,Black,0.83,737,3.94
6.24,Millets,Loam,0.5,1294,2.42
7.68,Maize,Loam,0.45,808,3.02
10.52,Sugarcane,Loam,0.84,318,5.06
12.59,Maize,Loam,0.76,1190,12.3
9.71,Cotton,Black,0.31,761,1.51
1.86,Sugarcane,Black,0.75,310,0.71
9.51,Millets,Black,0.57,704,2.1
8.89,Maize,Sandy,0.32,1049,2.15
7.74,Cotton,Clay,0.46,1199,2.56
2.53,Millets,Black,0.93,622,0.8
10.31,Maize,Loam,0.8,536,4.77
3.53,Wheat,Clay,0.72,357,0.64
3.95,Sugarcane,Sandy,0.47,853,1.9
1.31,Sugarcane,Sandy,0.32,413,0.21
6.05,Maize,Black,0.73,731,3.2
2.18,Maize,Black,0.38,594,0.49
13.93,Maize,Black,0.31,535,2.29
13.54,Maize,Loam,0.52,667,5.07
7.31,Sugarcane,Black,0.33,602,2.4
8.68,Maize,Black,0.68,1107,6.47
3.17,Millets,Black,0.71,772,0.96
11.44,Cotton,Black,0.81,1447,8.85
12.55,Wheat,Clay,0.88,1310,10.13
1.29,Wheat,Sandy,0.88,643,0.41
13.9,Cotton,Black,0.39,1165,4.17
12.68,Maize,Black,0.61,666,5.1
5.58,Maize,Loam,0.63,400,1.52
13.42,Cotton,Black,0.57,504,2.54
7.8,Millets,Clay,0.67,522,1.36
11.89,Wheat,Clay,0.51,630,2.67
8.82,Sugarcane,Clay,0.77,771,7.85
13.39,Millets,Loam,0.9,1027,7.43
6.02,Rice,Clay,0.55,1250,3.31
4.68,Wheat,Sandy,0.78,575,1.18
5.74,Cotton,Loam,0.35,870,1.26
5.93,Sugarcane,Loam,0.87,370,3.44
6.4,Cotton,Black,0.45,445,0.85
3.13,Maize,Sandy,0.57,1193,1.53
11.76,Cotton,Clay,0.72,409,2.08
14.3,Sugarcane,Loam,0.76,1069,20.91
9.17,Millets,Clay,0.61,1448,4.05
7.51,Cotton,Black,0.86,661,2.82
8.25,Sugarcane,Sandy,0.37,609,2.23
14.57,Rice,Sandy,0.85,342,2.71
2.01,Maize,Loam,0.68,507,0.75
11.34,Wheat,Loam,0.59,570,3.2
11.55,Millets,Sandy,0.76,1250,4.39
4.56,Millets,Loam,0.42,1254,1.44
6.33,Millets,Sandy,0.73,988,1.83
1.03,Maize,Sandy,0.44,639,0.21
2.05,Millets,Clay,0.72,671,0.5
1.33,Millets,Sandy,0.91,1103,0.53
10.38,Cotton,Loam,0.74,665,3.68
3.68,Rice,Black,0.85,742,2.04
14.64,Rice,Black,0.6,1156,8.94
6.77,Cotton,Clay,0.63,1397,3.58
2.07,Cotton,Black,0.3,770,0.32
11.0,Millets,Clay,0.38,1020,2.13
3.69,Sugarcane,Sandy,0.46,1007,2.05
2.8,Wheat,Sandy,0.95,456,0.68
5.05,Maize,Black,0.74,927,3.43
4.14,Sugarcane,Black,0.57,519,2.02
2.55,Rice,Sandy,0.77,1464,1.84
4.18,Millets,Sandy,0.64,1310,1.4
9.56,Rice,Sandy,0.31,802,1.52
8.9,Sugarcane,Black,0.5,519,3.81
13.31,Sugarcane,Sandy,0.46,1021,7.5
9.49,Sugarcane,Black,0.89,1072,14.94
4.45,Cotton,Clay,0.54,1436,2.07
4.54,Millets,Black,0.58,1402,2.03
1.41,Wheat,Sandy,0.5,752,0.3
5.81,Millets,Clay,0.7,1456,2.96
1.96,Millets,Sandy,0.47,513,0.19
4.4,Cotton,Sandy,0.78,1128,1.86
11.5,Millets,Clay,0.82,535,2.52
13.83,Rice,Loam,0.35,1335,6.2
8.78,Cotton,Sandy,0.9,1109,4.21
14.81,Cotton,Sandy,0.85,1395,8.43
7.27,Wheat,Clay,0.59,349,1.05
4.94,Wheat,Black,0.37,1428,2.01
11.07,Wheat,Black,0.34,1496,4.34
8.34,Rice,Loam,0.78,1180,7.37
5.21,Maize,Black,0.92,999,4.74
13.05,Sugarcane,Sandy,0.33,520,2.69
5.22,Millets,Clay,0.71,751,1.39
7.03,Maize,Clay,0.47,815,2.42
2.49,Wheat,Clay,0.44,1111,0.85
14.1,Maize,Black,0.41,1451,8.3
9.63,Wheat,Black,0.68,1337,6.74
3.7,Cotton,Sandy,0.7,1353,1.68
14.09,Cotton,Sandy,0.91,788,4.85
9.44,Wheat,Sandy,0.54,511,1.46
9.3,Maize,Clay,0.37,857,2.65
5.43,Millets,Clay,0.93,1078,2.72
10.12,Rice,Sandy,0.91,1280,7.54
13.0,Rice,Clay,0.38,1225,4.84
5.84,Cotton,Loam,0.3,1224,1.54
2.8,Millets,Loam,0.74,605,0.75
6.5,Rice,Loam,0.56,900,3.14
5.73,Sugarcane,Black,0.8,1421,10.75
7.28,Wheat,Loam,0.83,873,4.43
10.5,Maize,Black,0.58,1313,7.92
8.83,Sugarcane,Loam,0.5,767,6.1
13.61,Wheat,Black,0.63,1195,7.89
11.4,Cotton,Loam,0.81,1427,9.49
14.31,Maize,Sandy,0.92,709,6.72
6.38,Wheat,Sandy,0.37,573,0.76
6.69,Cotton,Black,0.64,1263,3.57
5.04,Millets,Loam,0.35,502,0.53
5.8,Maize,Black,0.5,1471,4.22
12.03,Rice,Clay,0.38,1453,5.31
3.99,Maize,Black,0.31,1412,1.73
4.81,Wheat,Sandy,0.43,1039,1.2
10.72,Cotton,Clay,0.67,394,1.7
8.49,Millets,Black,0.61,771,2.2
14.64,Sugarcane,Loam,0.78,1268,26.06
6.09,Cotton,Sandy,0.46,633,0.85
10.45,Rice,Loam,0.53,1097,5.83
5.0,Sugarcane,Loam,0.5,1308,5.89
10.58,Sugarcane,Black,0.45,1201,9.43
13.68,Cotton,Black,0.67,809,4.89
7.91,Maize,Black,0.85,1086,7.23
4.55,Rice,Loam,0.32,607,0.85
4.66,Sugarcane,Black,0.92,1414,10.0
14.68,Sugarcane,Clay,0.8,551,9.71
5.2,Cotton,Clay,0.67,485,1.01
4.85,Sugarcane,Clay,0.66,796,3.82
13.73,Millets,Loam,0.46,1019,3.86
8.21,Cotton,Loam,0.69,315,1.28
5.3,Wheat,Black,0.71,1497,4.34
12.0,Wheat,Loam,0.79,861,6.86
10.94,Maize,Black,0.36,1395,5.44
11.2,Millets,Black,0.79,1228,5.98
13.27,Millets,Sandy,0.67,1456,5.18
5.61,Rice,Sandy,0.86,367,1.13
1.74,Sugarcane,Black,0.42,566,0.68
5.54,Rice,Loam,0.61,1408,4.57
2.66,Millets,Black,0.5,1234,0.9
1.13,Wheat,Sandy,0.74,989,0.46
10.78,Maize,Loam,0.64,1291,9.62
14.32,Sugarcane,Black,0.58,1461,20.02
4.41,Sugarcane,Clay,0.46,1080,3.29
10.91,Sugarcane,Sandy,0.88,1361,15.68
11.67,Sugarcane,Black,0.39,366,2.75
7.64,Maize,Black,0.91,1157,7.96
14.73,Rice,Loam,0.81,980,11.22
5.86,Sugarcane,Sandy,0.82,1072,6.18
4.64,Millets,Clay,0.92,706,1.51
9.76,Cotton,Sandy,0.82,818,3.14
13.22,Cotton,Sandy,0.55,712,2.48
13.03,Millets,Clay,0.91,330,1.96
9.15,Rice,Loam,0.69,326,1.98
8.85,Wheat,Sandy,0.37,1148,2.11
11.21,Millets,Clay,0.43,960,2.31
12.48,Rice,Sandy,0.32,329,0.84
9.96,Rice,Clay,0.95,406,3.07
10.31,Maize,Loam,0.9,1084,10.86
2.3,Millets,Clay,0.46,364,0.19
14.64,Maize,Loam,0.3,1322,6.27
8.85,Millets,Sandy,0.6,674,1.43
14.37,Millets,Sandy,0.68,1064,4.16
13.29,Wheat,Sandy,0.64,343,1.63
8.28,Sugarcane,Black,0.73,915,9.13
10.15,Wheat,Clay,0.35,1090,2.71
10.25,Rice,Black,0.69,302,1.88
4.4,Millets,Clay,0.34,1233,0.92
7.7,Sugarcane,Sandy,0.88,387,3.15
14.93,Rice,Sandy,0.4,702,2.68
6.81,Cotton,Loam,0.44,878,1.89
10.14,Sugarcane,Loam,0.71,1195,15.49
3.19,Rice,Black,0.6,977,1.65
5.49,Sugarcane,Clay,0.49,1311,5.29
12.15,Sugarcane,Sandy,0.84,501,6.14
4.06,Cotton,Loam,0.59,402,0.69
2.17,Millets,Sandy,0.56,1425,0.69
13.77,Millets,Loam,0.94,1111,8.63
13.16,Rice,Clay,0.5,820,4.32
7.44,Rice,Clay,0.67,974,3.88
9.58,Sugarcane,Black,0.67,918,9.72
9.28,Cotton,Sandy,0.79,475,1.67
7.22,Maize,Sandy,0.86,1119,5.0
1.23,Millets,Loam,0.62,384,0.18
3.83,Millets,Black,0.36,1463,1.11
7.06,Cotton,Black,0.8,420,1.57
8.94,Cotton,Clay,0.8,366,1.57
6.26,Cotton,Sandy,0.36,1203,1.3
14.42,Wheat,Clay,0.4,1106,4.47
8.86,Maize,Black,0.79,886,6.14
9.99,Maize,Black,0.69,303,2.07
6.27,Cotton,Loam,0.31,872,1.22
6.49,Cotton,Sandy,0.54,1113,1.87
9.39,Sugarcane,Black,0.34,882,4.65
4.11,Cotton,Sandy,0.91,972,1.74
7.03,Cotton,Loam,0.56,586,1.66
5.82,Wheat,Sandy,0.64,1180,2.46
4.55,Rice,Clay,0.36,926,1.21
11.45,Cotton,Sandy,0.78,879,3.77
14.9,Rice,Sandy,0.73,402,2.8
13.51,Millets,Loam,0.67,492,2.67
3.21,Maize,Sandy,0.62,1169,1.68
1.92,Rice,Sandy,0.82,1119,1.13
5.57,Wheat,Sandy,0.4,809,1.01
13.68,Sugarcane,Black,0.77,1222,21.24
12.4,Wheat,Sandy,0.4,1269,3.52
11.18,Maize,Clay,0.95,1122,10.73
7.37,Rice,Sandy,0.53,1414,3.53
5.7,Millets,Clay,0.36,1252,1.28
11.81,Maize,Loam,0.63,771,6.2
6.05,Sugarcane,Clay,0.88,802,6.4
8.81,Wheat,Sandy,0.83,323,1.32
13.61,Cotton,Loam,0.86,1456,12.27
2.38,Sugarcane,Sandy,0.74,351,0.74
10.1,Millets,Sandy,0.65,653,1.71
12.7,Rice,Loam,0.86,1084,11.37
12.38,Sugarcane,Loam,0.33,737,5.42
10.06,Millets,Sandy,0.64,1358,3.5
6.9,Wheat,Loam,0.77,763,3.41
6.17,Wheat,Loam,0.58,648,1.95
10.08,Millets,Black,0.85,859,4.05
1.96,Sugarcane,Black,0.53,475,0.81
11.14,Maize,Loam,0.79,1376,13.08
4.52,Sugarcane,Clay,0.46,603,1.88
1.85,Rice,Black,0.49,1478,1.18
14.77,Wheat,Clay,0.76,433,3.4
10.75,Rice,Clay,0.51,716,3.14
5.02,Millets,Black,0.38,1478,1.55
9.58,Wheat,Clay,0.75,767,3.86
4.23,Millets,Black,0.68,667,1.06
11.36,Cotton,Loam,0.75,620,3.8
13.17,Millets,Sandy,0.86,882,4.0
12.22,Wheat,Black,0.43,568,2.3
11.13,Wheat,Sandy,0.67,807,3.37
2.55,Cotton,Clay,0.54,1408,1.16
14.83,Millets,Sandy,0.89,1455,7.68
7.99,Sugarcane,Loam,0.86,781,9.66
5.68,Maize,Loam,0.55,1184,3.99
7.47,Cotton,Black,0.72,551,1.96
1.98,Sugarcane,Black,0.77,597,1.5
11.05,Cotton,Loam,0.93,725,5.36
12.37,Wheat,Clay,0.58,425,2.13
14.95,Maize,Sandy,0.63,1383,9.38
7.42,Rice,Clay,0.51,958,2.9
4.28,Rice,Clay,0.37,1243,1.57
8.74,Wheat,Loam,0.42,506,1.56
3.35,Sugarcane,Clay,0.51,1416,3.63
9.5,Sugarcane,Clay,0.4,1141,6.5
2.5,Cotton,Loam,0.44,1307,1.04
3.32,Cotton,Black,0.78,1339,2.29
4.64,Rice,Loam,0.31,529,0.73
7.44,Maize,Clay,0.73,624,3.05
4.65,Sugarcane,Clay,0.69,1071,5.15
14.49,Millets,Black,0.71,858,4.85
3.07,Millets,Clay,0.47,1428,1.03
1.49,Maize,Loam,0.38,1332,0.81
10.94,Rice,Loam,0.82,354,3.05
12.78,Cotton,Sandy,0.78,1327,6.35
13.46,Sugarcane,Black,0.34,1212,9.15
4.8,Maize,Loam,0.93,1406,6.78
13.33,Cotton,Clay,0.51,1085,4.43
8.18,Cotton,Sandy,0.86,674,2.28
4.71,Millets,Clay,0.33,1390,1.08
3.13,Wheat,Sandy,0.45,892,0.7
7.35,Maize,Sandy,0.92,1406,6.85
5.17,Millets,Clay,0.43,723,0.8
3.12,Sugarcane,Clay,0.78,1164,4.25
13.76,Wheat,Clay,0.75,509,3.68
1.8,Cotton,Loam,0.8,1151,1.19
11.29,Maize,Clay,0.5,735,3.73
11.68,Maize,Sandy,0.91,903,6.91
7.39,Sugarcane,Clay,0.65,1224,8.82
12.34,Cotton,Loam,0.86,495,3.78
14.43,Wheat,Clay,0.9,418,3.8
14.82,Sugarcane,Loam,0.84,818,18.33
12.84,Maize,Loam,0.62,1294,11.13
5.14,Wheat,Loam,0.53,837,1.92
7.91,Maize,Loam,0.64,902,4.93
2.41,Wheat,Sandy,0.88,806,0.96
9.96,Wheat,Black,0.73,1293,7.24
4.62,Wheat,Sandy,0.55,732,1.04
12.64,Millets,Black,0.38,1467,3.88
2.37,Maize,Black,0.38,553,0.49
6.0,Cotton,Clay,0.58,1026,2.14
2.26,Millets,Black,0.37,1031,0.47
4.07,Millets,Clay,0.73,957,1.42
2.63,Sugarcane,Sandy,0.54,1251,2.13
14.61,Millets,Sandy,0.51,1184,3.53
6.01,Cotton,Black,0.84,847,2.82
2.6,Sugarcane,Sandy,0.47,1491,2.19
12.98,Cotton,Sandy,0.68,963,4.08
1.72,Cotton,Sandy,0.42,1189,0.41
1.54,Cotton,Sandy,0.83,1089,0.67
5.67,Maize,Sandy,0.32,586,0.77
3.97,Wheat,Black,0.84,634,1.63
9.13,Cotton,Black,0.35,978,2.06
2.8,Sugarcane,Loam,0.32,386,0.62
2.55,Cotton,Clay,0.62,1298,1.23
7.69,Wheat,Loam,0.48,1499,4.65
10.65,Sugarcane,Sandy,0.86,369,4.06
6.99,Rice,Clay,0.93,1334,6.94
2.83,Rice,Loam,0.54,883,1.3
11.39,Cotton,Black,0.42,454,1.43
8.5,Millets,Black,0.69,1192,3.85
12.18,Cotton,Clay,0.34,335,0.83
10.97,Millets,Sandy,0.55,1372,3.31
3.37,Maize,Loam,0.62,401,0.9
4.65,Maize,Clay,0.91,498,1.9
5.97,Millets,Loam,0.72,441,1.14
8.27,Millets,Clay,0.69,442,1.26
8.7,Cotton,Sandy,0.62,1169,3.03
5.28,Millets,Black,0.94,655,1.79
11.79,Rice,Loam,0.91,1353,13.94
12.81,Maize,Loam,0.35,713,3.45
5.03,Sugarcane,Sandy,0.82,651,3.22
3.36,Wheat,Loam,0.86,437,1.06
4.04,Wheat,Black,0.5,1221,1.9
12.64,Millets,Clay,0.41,788,2.04
7.24,Maize,Clay,0.35,1059,2.42
6.22,Sugarcane,Loam,0.92,1301,13.4
4.97,Wheat,Clay,0.86,1028,3.08
11.06,Millets,Sandy,0.8,813,2.88
4.66,Rice,Black,0.39,685,1.1
3.52,Millets,Black,0.67,527,0.68
3.43,Maize,Clay,0.73,831,1.87
6.03,Cotton,Loam,0.57,537,1.33
11.68,Wheat,Loam,0.35,880,3.02
9.24,Rice,Black,0.78,590,3.74
8.59,Millets,Clay,0.51,461,1.01
13.87,Cotton,Sandy,0.57,657,2.49
10.15,Rice,Black,0.68,631,3.83
14.78,Cotton,Black,0.67,475,3.1
9.23,Cotton,Sandy,0.7,1015,3.15
9.33,Maize,Black,0.83,323,2.48
13.44,Rice,Loam,0.65,743,6.23
5.51,Cotton,Sandy,0.67,922,1.63
12.47,Wheat,Loam,0.54,717,4.06
7.41,Wheat,Black,0.35,1203,2.4
2.01,Cotton,Black,0.67,908,0.81
6.21,Wheat,Clay,0.63,504,1.38
14.6,Sugarcane,Sandy,0.79,905,12.53
12.64,Cotton,Loam,0.73,373,2.48
6.44,Sugarcane,Black,0.45,581,2.78
1.59,Rice,Black,0.51,897,0.64
12.7,Maize,Black,0.48,332,2.0
1.39,Rice,Sandy,0.89,1234,0.98
2.79,Wheat,Loam,0.32,1449,1.09
11.21,Wheat,Loam,0.46,549,2.38
5.76,Cotton,Black,0.33,1351,1.69
6.96,Cotton,Black,0.59,1402,3.8
3.2,Maize,Black,0.31,415,0.41
14.12,Sugarcane,Sandy,0.85,1322,19.04
4.37,Wheat,Loam,0.64,1054,2.48
6.22,Rice,Sandy,0.44,1115,1.95
10.21,Maize,Black,0.5,1244,6.29
1.91,Wheat,Black,0.74,1212,1.32
8.66,Maize,Sandy,0.92,981,5.63
9.5,Maize,Loam,0.51,542,2.84
5.06,Wheat,Black,0.65,1173,2.97
9.84,Sugarcane,Loam,0.86,771,11.74
14.57,Maize,Sandy,0.54,617,3.5
7.87,Millets,Sandy,0.58,1473,2.69
6.79,Rice,Sandy,0.6,1139,2.97
13.71,Millets,Loam,0.9,1123,8.31
7.35,Sugarcane,Sandy,0.7,964,5.95
8.61,Rice,Black,0.33,1259,3.15
14.6,Millets,Clay,0.88,964,6.19
4.86,Rice,Black,0.3,1466,1.88
7.0,Sugarcane,Clay,0.88,1203,11.12
6.23,Wheat,Sandy,0.37,1280,1.65
5.07,Cotton,Clay,0.35,1288,1.37
7.08,Rice,Sandy,0.57,1305,3.37
5.63,Wheat,Sandy,0.58,313,0.57
14.91,Sugarcane,Loam,0.4,443,4.76
12.1,Rice,Clay,0.78,528,3.99
11.43,Millets,Black,0.72,673,3.05
1.92,Maize,Sandy,0.73,1452,1.47
6.92,Rice,Black,0.92,698,3.91
4.77,Millets,Loam,0.79,611,1.38
4.47,Rice,Sandy,0.43,1497,1.84
2.33,Maize,Black,0.91,862,1.81
8.23,Cotton,Black,0.47,1013,2.59
12.53,Rice,Clay,0.42,868,3.65
7.4,Rice,Clay,0.9,420,2.24
5.47,Wheat,Loam,0.63,1149,3.33
2.66,Cotton,Black,0.64,471,0.53
11.32,Maize,Loam,0.73,668,5.96
12.41,Millets,Clay,0.5,698,2.17
1.35,Wheat,Sandy,0.47,652,0.23
12.3,Millets,Clay,0.41,854,2.15
4.0,Wheat,Loam,0.87,494,1.44
8.66,Sugarcane,Black,0.86,1349,16.58
5.11,Rice,Clay,0.79,846,2.73
9.48,Maize,Sandy,0.87,873,5.18
14.59,Rice,Loam,0.48,679,4.56
1.39,Sugarcane,Loam,0.48,1184,1.42
14.73,Rice,Sandy,0.53,722,3.61
13.78,Cotton,Sandy,0.4,1152,3.05
2.48,Wheat,Sandy,0.63,986,0.86
8.76,Maize,Loam,0.6,558,3.17
13.59,Rice,Loam,0.81,339,3.58
3.03,Rice,Sandy,0.56,616,0.67
4.99,Rice,Clay,0.94,916,3.44
13.83,Rice,Loam,0.39,1134,5.87
8.9,Sugarcane,Sandy,0.73,1094,8.53
12.59,Rice,Sandy,0.91,752,5.51
5.13,Wheat,Clay,0.81,350,1.02
14.85,Wheat,Clay,0.79,1086,8.92
8.47,Rice,Black,0.86,1118,7.17
4.27,Cotton,Sandy,0.67,1477,2.03
3.94,Maize,Loam,0.59,1350,3.39
7.13,Rice,Sandy,0.64,1173,3.43
5.08,Millets,Sandy,0.93,1200,2.27
9.59,Cotton,Sandy,0.69,1017,3.23
5.92,Wheat,Black,0.71,460,1.49
14.04,Maize,Sandy,0.88,444,3.95
1.0,Millets,Sandy,0.33,1038,0.14
12.61,Cotton,Loam,0.75,998,6.8
12.89,Rice,Loam,0.84,589,6.12
10.83,Wheat,Loam,0.79,1265,9.09
3.86,Millets,Loam,0.4,841,0.78
9.41,Cotton,Black,0.37,1486,3.41
12.48,Maize,Clay,0.71,1267,10.1
1.41,Cotton,Loam,0.34,967,0.33
2.33,Sugarcane,Black,0.43,1172,1.94
3.11,Sugarcane,Black,0.71,531,1.93
7.37,Sugarcane,Loam,0.91,827,9.98
7.31,Rice,Loam,0.38,805,2.15
2.45,Cotton,Sandy,0.95,1408,1.57
1.3,Wheat,Loam,0.36,1163,0.46
9.54,Rice,Loam,0.84,805,6.19
4.92,Millets,Sandy,0.65,1310,1.68
11.16,Wheat,Sandy,0.64,846,3.38
13.42,Cotton,Loam,0.58,1202,6.74
6.58,Maize,Sandy,0.51,758,1.83
10.3,Sugarcane,Black,0.84,1096,15.65
11.55,Millets,Clay,0.86,1358,6.74
4.24,Sugarcane,Loam,0.66,651,3.28
5.44,Millets,Black,0.72,1456,3.14
4.63,Rice,Black,0.85,681,2.36
14.59,Millets,Sandy,0.51,710,2.11
1.28,Rice,Sandy,0.93,1055,0.8
4.3,Sugarcane,Black,0.53,699,2.63
6.05,Sugarcane,Loam,0.35,616,2.35
12.63,Sugarcane,Clay,0.71,390,5.25
6.71,Wheat,Black,0.57,905,2.67
4.27,Cotton,Loam,0.35,1392,1.5
1.29,Millets,Sandy,0.57,988,0.29
1.41,Millets,Sandy,0.59,452,0.15
14.47,Cotton,Clay,0.73,699,4.43
7.8,Millets,Loam,0.75,1369,4.81
10.2,Millets,Clay,0.78,1464,5.82
11.01,Millets,Loam,0.45,792,2.35
13.36,Wheat,Clay,0.67,732,4.59
2.1,Cotton,Loam,0.51,1179,0.91
10.55,Cotton,Loam,0.64,628,3.05
12.92,Millets,Clay,0.38,1406,3.45
4.84,Cotton,Sandy,0.67,330,0.51
1.37,Rice,Clay,0.56,773,0.47
3.95,Cotton,Sandy,0.94,1248,2.22
2.67,Sugarcane,Clay,0.94,606,2.28
14.16,Rice,Clay,0.6,1040,7.07
4.04,Maize,Loam,0.41,1456,2.6
6.96,Maize,Black,0.43,1322,3.92
5.89,Wheat,Sandy,0.43,883,1.25
7.63,Millets,Sandy,0.43,601,0.79
14.6,Rice,Loam,0.67,1398,13.13
3.59,Maize,Clay,0.67,735,1.59
7.82,Millets,Clay,0.86,511,1.72
2.16,Millets,Clay,0.5,1106,0.6
2.93,Millets,Sandy,0.81,1444,1.37
5.97,Maize,Black,0.3,329,0.58
1.28,Cotton,Sandy,0.45,1302,0.36
14.9,Millets,Clay,0.8,995,5.93
3.23,Sugarcane,Clay,0.78,398,1.5
13.44,Cotton,Sandy,0.57,1026,3.77
6.41,Rice,Sandy,0.42,640,1.1
8.29,Cotton,Sandy,0.35,1135,1.58
13.08,Maize,Clay,0.82,1452,14.02
3.5,Sugarcane,Sandy,0.87,1226,4.48
14.61,Millets,Loam,0.67,483,2.84
1.55,Millets,Loam,0.45,814,0.34
1.09,Wheat,Loam,0.32,589,0.17
13.43,Rice,Sandy,0.4,1424,4.9
9.77,Millets,Sandy,0.6,504,1.18
5.48,Sugarcane,Clay,0.92,1479,11.18
2.29,Maize,Sandy,0.86,329,0.47
6.3,Rice,Clay,0.91,483,2.22
13.96,Wheat,Black,0.73,827,6.49
12.03,Maize,Black,0.94,962,10.77
6.14,Cotton,Loam,0.64,661,1.87
2.05,Rice,Black,0.84,770,1.17
3.77,Rice,Clay,0.52,1173,1.84
12.25,Sugarcane,Loam,0.52,1104,12.66
9.62,Maize,Black,0.48,895,4.09
10.21,Maize,Black,0.33,601,2.0
12.84,Cotton,Clay,0.47,1469,5.32
14.48,Millets,Clay,0.42,494,1.5
1.75,Millets,Loam,0.64,378,0.25
14.01,Sugarcane,Black,0.57,572,7.54
2.67,Rice,Sandy,0.4,1430,0.98
5.51,Cotton,Loam,0.47,681,1.27
8.7,Millets,Loam,0.63,1500,4.93
10.43,Millets,Clay,0.74,1266,4.89
1.53,Cotton,Black,0.37,1153,0.43
12.07,Millets,Black,0.75,848,4.22
5.62,Wheat,Loam,0.49,1464,3.39
9.03,Millets,Black,0.9,354,1.58
3.85,Millets,Loam,0.32,753,0.56
10.81,Millets,Loam,0.85,667,3.68
10.93,Wheat,Sandy,0.75,1233,5.66
13.18,Sugarcane,Loam,0.6,1136,16.17
5.97,Cotton,Sandy,0.73,301,0.63
2.3,Maize,Loam,0.59,688,1.01
11.07,Sugarcane,Sandy,0.4,1163,6.18
11.9,Sugarcane,Loam,0.73,1417,22.16
4.11,Cotton,Sandy,0.56,1484,1.64
11.26,Cotton,Clay,0.71,1416,6.79
11.74,Cotton,Clay,0.93,397,2.6
14.7,Sugarcane,Clay,0.79,721,12.56
2.62,Sugarcane,Loam,0.92,1150,4.99
13.26,Rice,Black,0.62,1133,8.2
11.09,Maize,Clay,0.92,779,7.15
12.24,Millets,Loam,0.67,1275,6.27
10.4,Rice,Black,0.8,856,6.27
13.0,Maize,Clay,0.59,514,3.55
2.21,Sugarcane,Loam,0.79,1170,3.68
8.69,Cotton,Clay,0.81,1086,4.59
2.2,Maize,Clay,0.57,1195,1.35
14.67,Cotton,Black,0.86,1135,9.45
1.55,Maize,Clay,0.83,1336,1.55
4.88,Sugarcane,Black,0.46,1363,5.05
5.12,Sugarcane,Loam,0.67,832,5.14
11.88,Rice,Sandy,0.74,1013,5.7
8.72,Millets,Black,0.78,1050,3.93
8.15,Wheat,Sandy,0.59,606,1.63
6.91,Rice,Black,0.56,480,1.63
9.21,Sugarcane,Clay,0.52,1465,10.52
10.45,Rice,Black,0.82,1487,11.21
10.27,Cotton,Loam,0.33,1382,3.37
11.55,Sugarcane,Black,0.74,999,14.09
10.51,Wheat,Clay,0.49,466,1.68
14.91,Cotton,Loam,0.5,335,1.8
12.16,Rice,Loam,0.73,841,7.17
9.94,Cotton,Black,0.93,861,5.25
13.0,Maize,Clay,0.4,627,2.93
11.55,Millets,Loam,0.35,742,1.8
4.69,Millets,Sandy,0.79,1039,1.54
6.36,Maize,Clay,0.89,986,5.02
14.33,Maize,Loam,0.35,557,3.02
4.75,Rice,Sandy,0.39,345,0.41
13.23,Cotton,Black,0.51,1367,6.09
13.99,Rice,Clay,0.67,388,2.91
4.09,Millets,Clay,0.9,1245,2.29
6.39,Rice,Sandy,0.69,1263,3.56
7.65,Wheat,Sandy,0.35,453,0.68
8.05,Sugarcane,Clay,0.86,1496,15.54
12.34,Rice,Loam,0.32,918,3.48
1.31,Sugarcane,Sandy,0.6,654,0.62
14.66,Millets,Loam,0.78,379,2.6
11.29,Sugarcane,Black,0.61,1315,14.94
13.86,Millets,Black,0.83,758,4.8
11.85,Wheat,Sandy,0.77,1353,6.91
2.3,Cotton,Clay,0.57,1495,1.18
9.51,Millets,Sandy,0.69,1010,2.65
14.22,Rice,Loam,0.66,1419,12.78
10.62,Cotton,Clay,0.68,570,2.47
12.23,Wheat,Clay,0.66,424,2.4
3.8,Millets,Clay,0.69,1124,1.47
11.5,Maize,Black,0.5,1041,5.93
7.13,Sugarcane,Loam,0.47,796,4.8
11.64,Rice,Black,0.47,1122,5.4
11.38,Maize,Clay,0.58,1098,6.52
1.39,Rice,Black,0.81,469,0.46
1.93,Sugarcane,Clay,0.44,383,0.49
5.31,Cotton,Sandy,0.77,1431,2.81
6.15,Rice,Black,0.71,1141,4.38
6.69,Sugarcane,Loam,0.58,436,3.05
4.35,Millets,Loam,0.83,888,1.92
8.0,Rice,Loam,0.79,1324,8.03
13.39,Millets,Sandy,0.8,445,1.91
3.14,Millets,Clay,0.54,935,0.79
4.55,Rice,Black,0.65,1426,3.71
5.68,Millets,Clay,0.92,1319,3.45
5.22,Millets,Sandy,0.43,307,0.28
13.77,Wheat,Clay,0.3,1465,4.24
2.59,Millets,Sandy,0.58,1416,0.85
8.53,Rice,Sandy,0.74,674,2.72
13.75,Rice,Loam,0.4,796,4.2
3.82,Wheat,Loam,0.94,701,2.11
2.39,Cotton,Clay,0.59,386,0.33
2.08,Wheat,Sandy,0.88,1143,1.17
3.02,Maize,Clay,0.73,1442,2.86
10.28,Maize,Black,0.82,1119,9.34
1.43,Cotton,Loam,0.86,1412,1.25
8.95,Maize,Black,0.9,624,4.98
9.03,Cotton,Black,0.35,958,2.0
6.02,Cotton,Sandy,0.87,906,2.28
6.05,Wheat,Sandy,0.32,637,0.69
11.69,Cotton,Sandy,0.52,1341,3.91
4.79,Cotton,Sandy,0.79,1336,2.43
7.72,Maize,Sandy,0.75,809,3.37
10.27,Cotton,Sandy,0.65,417,1.34
4.23,Maize,Clay,0.66,1000,2.51
3.28,Millets,Sandy,0.83,845,0.92
5.02,Cotton,Loam,0.86,922,2.87
7.84,Sugarcane,Loam,0.95,998,13.38
6.13,Sugarcane,Black,0.39,1141,4.5
3.7,Maize,Loam,0.39,1324,2.06
11.98,Wheat,Loam,0.39,530,2.08
3.57,Sugarcane,Loam,0.88,713,4.03
3.96,Millets,Loam,0.79,1281,2.4
9.68,Wheat,Black,0.85,1340,8.49
10.44,Sugarcane,Clay,0.42,936,6.16
8.43,Maize,Black,0.52,1017,4.41
3.36,Sugarcane,Sandy,0.45,698,1.27
13.16,Millets,Clay,0.79,895,4.65
1.13,Wheat,Loam,0.69,956,0.63
14.42,Millets,Black,0.62,1451,7.13
4.42,Wheat,Clay,0.75,1430,3.32
1.46,Rice,Black,0.41,929,0.49
7.52,Wheat,Clay,0.37,301,0.59
14.79,Wheat,Loam,0.86,1241,13.26
14.22,Wheat,Loam,0.54,1031,6.65
5.28,Cotton,Sandy,0.73,1319,2.44
8.0,Cotton,Clay,0.82,1440,5.67
13.15,Maize,Sandy,0.46,1152,5.02
14.96,Sugarcane,Sandy,0.48,905,7.8
11.27,Cotton,Black,0.36,1336,3.58
7.55,Millets,Sandy,0.39,934,1.1
10.68,Millets,Clay,0.83,576,2.55
1.32,Wheat,Black,0.91,822,0.76
11.84,Sugarcane,Black,0.77,1198,18.02
6.49,Millets,Loam,0.48,545,1.02
6.88,Millets,Clay,0.64,1004,2.21
5.36,Sugarcane,Clay,0.36,1291,3.74
7.44,Maize,Black,0.48,1406,4.97
2.07,Rice,Loam,0.43,894,0.76
11.96,Sugarcane,Black,0.94,582,10.8
4.44,Millets,Clay,0.43,480,0.46
4.9,Cotton,Clay,0.67,1072,2.11
12.27,Sugarcane,Sandy,0.81,1248,14.88
5.24,Cotton,Sandy,0.53,552,0.74
1.38,Cotton,Sandy,0.47,1304,0.41
14.97,Wheat,Sandy,0.42,1378,4.85
2.82,Rice,Loam,0.45,827,1.01
10.96,Cotton,Clay,0.32,677,1.42
1.92,Rice,Black,0.91,584,0.9
2.1,Cotton,Sandy,0.8,475,0.38
14.5,Maize,Clay,0.66,1291,11.12
9.38,Rice,Black,0.47,1132,4.39
13.87,Cotton,Black,0.42,604,2.32
3.57,Millets,Clay,0.89,696,1.11
6.34,Rice,Loam,0.48,849,2.48
10.45,Sugarcane,Black,0.78,897,12.06
8.56,Rice,Black,0.8,633,3.81
3.19,Cotton,Loam,0.89,851,1.74
8.36,Wheat,Loam,0.54,1449,5.49
9.36,Sugarcane,Clay,0.48,1339,9.02
1.06,Sugarcane,Clay,0.39,1091,0.68
4.81,Maize,Sandy,0.92,943,3.0
9.73,Maize,Black,0.67,743,4.8
10.07,Millets,Sandy,0.39,955,1.5
6.04,Millets,Black,0.71,789,1.86
4.63,Wheat,Clay,0.34,600,0.66
8.25,Cotton,Black,0.31,1378,2.33
5.33,Millets,Sandy,0.62,1070,1.41
11.01,Wheat,Clay,0.53,327,1.34
9.97,Maize,Black,0.31,1107,3.39
7.14,Wheat,Clay,0.74,1428,5.28
9.01,Maize,Black,0.41,758,2.77
6.87,Wheat,Black,0.93,1254,6.17
3.48,Sugarcane,Loam,0.3,1007,1.89
12.86,Rice,Loam,0.59,1020,7.43
5.0,Millets,Sandy,0.92,854,1.57
7.64,Sugarcane,Loam,0.63,1062,9.2
4.92,Wheat,Clay,0.61,1331,2.8
12.57,Cotton,Black,0.92,819,6.25
8.49,Cotton,Loam,0.63,390,1.5
12.25,Cotton,Loam,0.7,550,3.4
6.8,Millets,Loam,0.59,507,1.22
9.7,Maize,Sandy,0.89,1123,6.98
8.05,Cotton,Sandy,0.7,607,1.64
7.8,Maize,Loam,0.84,550,3.89
10.72,Cotton,Clay,0.64,1183,4.87
12.36,Wheat,Clay,0.66,349,1.99
11.7,Sugarcane,Sandy,0.67,1467,13.8
7.01,Cotton,Loam,0.36,1210,2.2
13.07,Cotton,Loam,0.47,1284,5.68
5.63,Maize,Clay,0.44,1267,2.82
1.04,Sugarcane,Black,0.82,503,0.71
4.24,Millets,Clay,0.79,616,1.03
11.42,Wheat,Black,0.73,1155,7.41
10.32,Maize,Loam,0.63,1438,10.1
9.33,Maize,Black,0.78,607,4.37
5.46,Cotton,Clay,0.78,660,1.69
14.9,Maize,Sandy,0.57,1015,6.21
13.7,Millets,Loam,0.81,510,3.4
11.43,Cotton,Black,0.78,775,4.56
13.82,Cotton,Black,0.33,1109,3.34
4.0,Wheat,Clay,0.79,1178,2.61
1.93,Cotton,Black,0.92,1023,1.2
2.02,Wheat,Clay,0.34,435,0.21
11.27,Maize,Clay,0.42,869,3.7
12.54,Wheat,Clay,0.64,1260,7.08
14.15,Rice,Loam,0.64,1139,9.9
8.55,Cotton,Sandy,0.78,1455,4.66
12.86,Cotton,Loam,0.83,1105,8.49
6.39,Cotton,Black,0.77,1349,4.38
9.19,Sugarcane,Clay,0.46,503,3.19
2.22,Cotton,Loam,0.66,380,0.4
6.8,Sugarcane,Clay,0.75,669,5.12
12.04,Cotton,Sandy,0.71,514,2.11
13.88,Rice,Clay,0.61,802,5.43
8.33,Millets,Black,0.66,1149,3.47
11.0,Rice,Black,0.74,1453,10.41
2.85,Maize,Clay,0.63,1120,1.81
9.54,Sugarcane,Sandy,0.58,1392,9.24
13.14,Maize,Clay,0.94,1152,12.81
14.68,Cotton,Clay,0.4,334,1.18
4.36,Sugarcane,Loam,0.57,476,2.13
3.34,Maize,Loam,0.77,680,1.89
2.14,Maize,Black,0.65,1151,1.59
7.47,Wheat,Loam,0.31,1243,2.42
11.25,Rice,Clay,0.31,1020,2.85
8.2,Wheat,Black,0.88,1140,6.33
6.18,Sugarcane,Black,0.59,826,4.97
3.69,Cotton,Clay,0.73,1382,2.23
8.89,Rice,Clay,0.8,1245,7.08
6.76,Rice,Loam,0.38,500,1.23
7.55,Rice,Clay,0.69,810,3.38
9.96,Sugarcane,Clay,0.33,527,2.6
13.01,Sugarcane,Black,0.77,343,5.67
1.37,Millets,Sandy,0.8,1423,0.62
9.52,Wheat,Black,0.8,1392,8.16
3.08,Wheat,Sandy,0.57,575,0.57
8.92,Cotton,Loam,0.66,642,2.72
6.07,Millets,Black,0.59,1444,2.84
9.87,Cotton,Clay,0.38,1425,3.21
13.74,Sugarcane,Sandy,0.33,745,4.05
8.76,Wheat,Clay,0.39,1379,3.3
1.48,Millets,Sandy,0.68,1031,0.42
10.81,Rice,Loam,0.94,1027,10.02
7.49,Maize,Clay,0.33,879,1.96
4.71,Sugarcane,Loam,0.67,1346,7.65
2.44,Cotton,Sandy,0.72,1057,0.89
10.85,Sugarcane,Black,0.68,1341,16.32
2.45,Sugarcane,Black,0.54,711,1.55
11.15,Rice,Loam,0.37,1114,4.41
11.26,Rice,Sandy,0.67,1072,5.18
13.32,Cotton,Black,0.38,1274,4.26
11.23,Cotton,Loam,0.55,1417,6.3
9.27,Millets,Loam,0.42,1107,2.59
5.12,Sugarcane,Sandy,0.92,1124,6.35
4.82,Cotton,Loam,0.76,593,1.56
3.61,Sugarcane,Black,0.53,1451,4.58
1.52,Wheat,Clay,0.51,1256,0.68
14.57,Cotton,Sandy,0.94,564,3.71
2.55,Rice,Clay,0.78,1091,1.74
14.7,Cotton,Loam,0.32,1230,4.17
8.92,Wheat,Black,0.78,774,4.15
10.54,Millets,Clay,0.77,533,2.16
10.99,Maize,Loam,0.44,1435,7.49
5.64,Wheat,Loam,0.34,522,0.84
3.06,Maize,Clay,0.83,385,0.88
8.76,Sugarcane,Clay,0.42,975,5.38
13.66,Millets,Clay,0.84,857,4.92
6.86,Wheat,Loam,0.56,544,1.76
12.04,Maize,Black,0.91,1265,13.72
7.08,Wheat,Loam,0.8,677,3.22
10.11,Wheat,Black,0.76,880,5.21
2.94,Cotton,Loam,0.8,840,1.42
5.28,Millets,Loam,0.51,927,1.5
5.96,Cotton,Sandy,0.43,904,1.11
7.32,Sugarcane,Sandy,0.94,1318,10.88
7.02,Sugarcane,Sandy,0.61,641,3.29
8.68,Millets,Clay,0.6,760,1.98
12.91,Millets,Loam,0.53,733,3.01
4.75,Sugarcane,Clay,0.4,1167,3.33
6.11,Wheat,Loam,0.82,1141,4.8
12.54,Maize,Clay,0.6,916,6.2
3.39,Cotton,Sandy,0.73,490,0.58
2.43,Cotton,Clay,0.74,929,1.0
2.22,Rice,Clay,0.54,1364,1.31
10.05,Maize,Sandy,0.78,1465,8.27
1.49,Millets,Loam,0.75,1056,0.71
7.38,Rice,Clay,0.78,895,4.12
3.88,Rice,Black,0.43,741,1.09
9.76,Maize,Black,0.33,519,1.65
4.11,Maize,Loam,0.57,1136,2.87
1.01,Sugarcane,Black,0.32,958,0.51
4.92,Maize,Sandy,0.8,386,1.09
3.65,Sugarcane,Clay,0.54,1052,3.11
6.57,Sugarcane,Clay,0.71,623,4.36
10.56,Wheat,Loam,0.9,1054,8.41
11.78,Rice,Clay,0.39,631,2.32
9.83,Millets,Black,0.57,991,3.05
13.99,Rice,Clay,0.51,365,2.08
7.82,Rice,Sandy,0.44,507,1.12
11.78,Cotton,Sandy,0.34,504,0.97
10.7,Rice,Black,0.68,867,5.55
6.75,Rice,Clay,0.75,522,2.11
10.7,Cotton,Loam,0.32,1198,2.95
4.43,Wheat,Loam,0.53,983,1.94
8.8,Cotton,Sandy,0.83,673,2.36
8.27,Rice,Black,0.4,1258,3.66
5.6,Sugarcane,Clay,0.53,548,2.44
1.2,Wheat,Clay,0.74,845,0.53
7.04,Cotton,Loam,0.52,1146,3.02
5.35,Maize,Loam,0.71,1002,4.11
4.74,Rice,Loam,0.65,1490,4.41
10.67,Sugarcane,Black,0.79,1465,20.38
13.26,Wheat,Sandy,0.35,350,0.91
4.95,Rice,Sandy,0.9,412,1.17
9.2,Wheat,Black,0.67,1168,5.54
14.51,Sugarcane,Clay,0.48,535,5.59
7.77,Millets,Loam,0.48,1123,2.51
2.91,Sugarcane,Loam,0.75,493,1.94
9.7,Millets,Clay,0.53,852,2.19
7.15,Maize,Clay,0.9,604,3.5
7.84,Wheat,Sandy,0.89,832,3.25
11.21,Millets,Sandy,0.68,1016,3.1
10.16,Cotton,Clay,0.49,743,2.22
8.71,Rice,Black,0.78,835,4.99
13.13,Cotton,Black,0.58,715,3.59
2.55,Sugarcane,Loam,0.3,1312,1.81
11.24,Maize,Black,0.49,1400,7.63
7.57,Sugarcane,Clay,0.68,605,4.67
1.68,Sugarcane,Black,0.53,1110,1.63
1.36,Sugarcane,Loam,0.64,961,1.51
1.18,Cotton,Loam,0.67,470,0.27
2.92,Wheat,Clay,0.37,863,0.65
9.48,Millets,Loam,0.71,1324,5.35
10.34,Millets,Black,0.81,637,2.93
7.15,Maize,Loam,0.6,1314,6.09
11.93,Millets,Loam,0.88,669,4.21
1.91,Sugarcane,Clay,0.62,461,0.82
8.31,Cotton,Black,0.92,848,4.28
13.84,Cotton,Black,0.78,581,4.14
13.34,Wheat,Sandy,0.46,1003,3.45
12.56,Millets,Loam,0.73,435,2.39
7.62,Maize,Sandy,0.7,706,2.71
11.97,Sugarcane,Sandy,0.82,784,9.23
14.86,Cotton,Loam,0.4,1029,4.4
6.23,Sugarcane,Black,0.72,883,6.54
13.28,Cotton,Loam,0.78,936,6.98
12.42,Wheat,Black,0.42,757,3.04
13.89,Wheat,Loam,0.4,444,2.07
12.52,Rice,Sandy,0.51,498,2.04
12.21,Sugarcane,Black,0.86,1396,24.19
5.11,Rice,Black,0.41,849,1.57
7.97,Sugarcane,Clay,0.67,1346,10.78
9.58,Millets,Clay,0.62,1155,3.43
1.53,Sugarcane,Sandy,0.59,1340,1.45
11.15,Wheat,Loam,0.66,765,4.73
1.46,Wheat,Black,0.45,1203,0.61
10.03,Maize,Loam,0.44,743,3.54
4.16,Millets,Sandy,0.43,1379,0.99
12.62,Maize,Black,0.93,554,6.44
13.89,Cotton,Loam,0.67,955,6.4
13.02,Sugarcane,Clay,0.81,1152,18.22
4.85,Millets,Loam,0.49,774,1.1
5.14,Maize,Clay,0.71,1255,4.12
7.46,Rice,Sandy,0.92,529,2.32
13.54,Wheat,Loam,0.76,740,6.4
5.89,Rice,Black,0.84,1165,5.07
14.18,Millets,Black,0.31,338,0.82
9.57,Millets,Black,0.54,337,0.96
2.08,Maize,Loam,0.81,349,0.64
2.79,Millets,Sandy,0.53,1070,0.63
4.21,Sugarcane,Sandy,0.69,872,3.04
11.06,Cotton,Black,0.85,1355,8.41
7.12,Millets,Sandy,0.9,1152,2.95
9.89,Millets,Black,0.71,1000,3.86
9.58,Sugarcane,Black,0.33,360,1.88
14.36,Rice,Loam,0.42,1345,7.79
12.25,Millets,Sandy,0.56,1420,3.9
6.68,Millets,Clay,0.58,1146,2.22
10.77,Cotton,Sandy,0.42,416,0.9
13.31,Maize,Sandy,0.46,877,3.87
11.53,Maize,Clay,0.46,512,2.44
4.04,Cotton,Loam,0.84,1397,3.41
10.89,Millets,Loam,0.39,1060,2.7
14.96,Wheat,Sandy,0.46,619,2.39
7.68,Wheat,Clay,0.61,582,1.91
1.39,Rice,Clay,0.72,1328,1.06
2.63,Cotton,Black,0.88,899,1.37
1.95,Sugarcane,Clay,0.77,480,1.08
6.33,Wheat,Black,0.83,1358,5.49
13.36,Rice,Sandy,0.38,826,2.68
3.65,Millets,Black,0.4,1477,1.19
15.0,Sugarcane,Sandy,0.85,432,6.61
14.63,Millets,Sandy,0.77,578,2.6
14.15,Cotton,Clay,0.46,1100,4.3
5.49,Maize,Clay,0.58,1330,3.81
6.39,Cotton,Loam,0.88,1246,5.04
3.12,Millets,Clay,0.44,1179,0.81
2.64,Rice,Clay,0.73,1472,2.27
2.49,Rice,Sandy,0.94,1101,1.65
12.17,Sugarcane,Black,0.41,793,6.53
9.17,Sugarcane,Black,0.67,1387,14.06
8.45,Millets,Black,0.93,368,1.59
11.86,Rice,Black,0.92,907,8.71
6.59,Rice,Loam,0.69,583,2.54
3.22,Rice,Black,0.36,559,0.57
12.35,Wheat,Loam,0.47,877,4.28
10.88,Sugarcane,Black,0.35,1055,6.63
6.59,Maize,Clay,0.43,1315,3.35
12.26,Maize,Loam,0.84,350,3.89
11.77,Cotton,Black,0.79,612,3.76
2.25,Rice,Clay,0.87,448,0.7
8.03,Sugarcane,Sandy,0.66,424,2.7
8.15,Rice,Clay,0.38,813,2.01
3.27,Rice,Black,0.81,559,1.3
3.37,Sugarcane,Loam,0.81,536,2.63
14.79,Millets,Sandy,0.94,827,4.6
1.36,Rice,Loam,0.75,1442,1.41
11.91,Wheat,Sandy,0.31,1157,2.39
7.88,Rice,Sandy,0.79,1088,4.33
13.55,Rice,Sandy,0.64,1228,6.82
9.91,Maize,Sandy,0.52,744,2.76
14.27,Sugarcane,Clay,0.78,1217,20.32
7.2,Millets,Loam,0.6,775,2.01
4.98,Maize,Black,0.88,1488,6.46
8.08,Wheat,Loam,0.93,894,5.64
1.01,Sugarcane,Black,0.36,707,0.42
12.7,Millets,Loam,0.3,442,1.01
13.19,Millets,Clay,0.57,1305,4.91
7.77,Wheat,Black,0.67,651,2.61
5.26,Maize,Clay,0.61,411,1.19
6.46,Cotton,Black,0.48,1239,2.54
3.06,Cotton,Sandy,0.64,1363,1.28
3.87,Maize,Sandy,0.48,1133,1.52
13.2,Millets,Loam,0.57,859,3.88
13.44,Cotton,Sandy,0.53,469,1.6
1.87,Cotton,Clay,0.79,698,0.62
8.46,Cotton,Black,0.94,753,3.95
6.1,Millets,Clay,0.88,782,2.1
13.83,Cotton,Black,0.83,1384,10.49
3.39,Sugarcane,Sandy,0.55,807,1.81
8.29,Millets,Sandy,0.66,1454,3.18
12.5,Sugarcane,Black,0.68,441,6.19
7.96,Millets,Clay,0.45,313,0.56
3.74,Wheat,Black,0.85,1132,2.77
6.45,Millets,Clay,0.63,917,1.86
11.65,Maize,Clay,0.63,1111,7.34
8.53,Sugarcane,Clay,0.38,1370,6.66
4.44,Millets,Black,0.62,561,0.85
10.75,Maize,Black,0.44,1285,6.02
14.84,Maize,Black,0.46,347,2.35
1.85,Sugarcane,Loam,0.79,434,1.14
6.99,Sugarcane,Black,0.57,1072,7.05
9.13,Sugarcane,Loam,0.88,1219,17.63
8.28,Sugarcane,Black,0.44,683,4.11
9.39,Rice,Clay,0.58,1123,4.89
12.18,Sugarcane,Loam,0.88,1420,27.4
9.83,Cotton,Clay,0.5,925,2.73
14.35,Rice,Clay,0.73,1198,10.04
11.52,Rice,Loam,0.34,837,3.15
7.46,Cotton,Loam,0.95,1008,5.14
1.17,Sugarcane,Loam,0.69,733,1.07
9.38,Millets,Black,0.47,1129,2.74
6.63,Sugarcane,Black,0.68,618,4.6
9.23,Cotton,Sandy,0.79,960,3.36
6.48,Maize,Black,0.46,338,1.0
6.11,Cotton,Clay,0.64,411,0.96
7.37,Millets,Black,0.32,437,0.57
8.67,Cotton,Black,0.63,455,1.64
12.3,Wheat,Black,0.8,1091,8.27
10.54,Sugarcane,Clay,0.53,1170,9.8
1.19,Sugarcane,Sandy,0.84,863,1.04
9.48,Maize,Black,0.84,1109,8.74
14.01,Rice,Clay,0.71,667,5.31
4.59,Millets,Sandy,0.45,772,0.64
7.87,Rice,Black,0.65,1200,5.4
14.46,Wheat,Black,0.31,786,2.71
8.01,Rice,Sandy,0.89,1145,5.22
7.17,Cotton,Clay,0.54,435,1.01
14.9,Wheat,Black,0.75,825,7.1
13.56,Maize,Sandy,0.43,766,3.22
12.49,Maize,Loam,0.58,354,2.77
7.71,Maize,Black,0.4,1054,3.22
4.69,Rice,Loam,0.46,1403,2.91
10.2,Millets,Black,0.78,980,4.29
6.5,Wheat,Loam,0.51,424,1.18
12.64,Millets,Loam,0.6,485,2.21
5.35,Sugarcane,Clay,0.3,359,0.86
12.56,Millets,Sandy,0.69,1012,3.51
14.64,Cotton,Loam,0.72,801,6.08
14.66,Rice,Loam,0.44,413,2.56
14.02,Cotton,Clay,0.44,1270,4.7
4.45,Sugarcane,Loam,0.31,606,1.5
4.81,Wheat,Loam,0.48,1264,2.45
5.44,Sugarcane,Sandy,0.83,1163,6.3
2.38,Wheat,Sandy,0.79,1042,1.1
7.9,Rice,Clay,0.71,1118,5.02
14.21,Sugarcane,Sandy,0.87,1491,22.12
5.77,Wheat,Loam,0.67,336,1.09
3.3,Rice,Sandy,0.39,948,0.78
10.73,Wheat,Black,0.42,662,2.3
3.32,Rice,Sandy,0.53,858,0.97
9.76,Sugarcane,Black,0.79,1368,17.4
3.33,Wheat,Sandy,0.36,429,0.29
8.44,Maize,Clay,0.56,1031,4.39
8.98,Maize,Black,0.52,892,4.12
8.43,Millets,Loam,0.86,684,2.98
7.47,Rice,Black,0.92,1460,8.83
6.75,Maize,Sandy,0.71,711,2.45
11.73,Millets,Loam,0.38,589,1.58
9.8,Millets,Loam,0.66,1301,5.05
9.9,Cotton,Black,0.59,1029,3.97
8.86,Cotton,Loam,0.68,1454,6.31
1.98,Maize,Sandy,0.43,444,0.27
14.38,Cotton,Sandy,0.63,875,3.8
11.28,Rice,Clay,0.48,1099,4.76
12.89,Cotton,Loam,0.66,1171,7.17
6.67,Cotton,Sandy,0.37,302,0.36
10.71,Rice,Clay,0.69,724,4.28
10.4,Rice,Black,0.46,440,1.85
11.66,Millets,Loam,0.72,1438,7.24
4.57,Maize,Loam,0.82,961,3.89
14.54,Sugarcane,Loam,0.72,1045,19.69
8.93,Rice,Clay,0.42,772,2.32
11.23,Cotton,Loam,0.65,1029,5.41
9.88,Millets,Clay,0.51,606,1.53
9.17,Millets,Sandy,0.73,819,2.19
9.8,Millets,Loam,0.42,825,2.04
14.32,Cotton,Sandy,0.56,396,1.52
3.8,Cotton,Clay,0.45,617,0.63
9.25,Rice,Clay,0.72,310,1.65
7.19,Rice,Sandy,0.3,949,1.31
11.69,Maize,Loam,0.92,355,4.12
2.17,Sugarcane,Sandy,0.91,1485,3.52
1.36,Millets,Loam,0.49,861,0.34
9.88,Wheat,Sandy,0.66,633,2.31
2.57,Rice,Loam,0.87,1232,2.64
13.15,Millets,Sandy,0.51,598,1.6
12.32,Maize,Loam,0.47,338,2.11
14.03,Cotton,Clay,0.59,1395,6.93
2.38,Rice,Clay,0.36,305,0.21
8.44,Sugarcane,Sandy,0.82,999,8.3
6.4,Millets,Sandy,0.53,397,0.54
2.42,Rice,Sandy,0.34,363,0.19
3.68,Maize,Black,0.55,1029,2.06
7.93,Rice,Black,0.63,1362,5.99
5.25,Wheat,Sandy,0.47,354,0.49
4.85,Wheat,Loam,0.67,465,1.27
7.51,Wheat,Black,0.9,1256,6.54
9.64,Rice,Sandy,0.78,1136,5.47
1.65,Millets,Loam,0.79,320,0.25
9.77,Wheat,Sandy,0.39,1130,2.41
4.22,Millets,Sandy,0.53,1358,1.21
12.89,Maize,Clay,0.58,1049,7.06
2.69,Millets,Black,0.74,1427,1.56
4.22,Rice,Clay,0.87,1179,3.46
1.23,Sugarcane,Sandy,0.4,701,0.41
12.58,Rice,Sandy,0.34,590,1.62
12.95,Rice,Sandy,0.36,1166,3.48
8.67,Rice,Black,0.89,336,2.28
14.93,Maize,Clay,0.79,1116,11.85
1.08,Sugarcane,Sandy,0.61,1404,1.11
11.75,Millets,Black,0.6,1349,5.23
3.22,Wheat,Loam,0.58,1450,2.27
6.77,Sugarcane,Clay,0.75,1486,11.32
4.96,Cotton,Loam,0.36,659,0.85
1.9,Wheat,Clay,0.89,668,0.79
13.03,Cotton,Clay,0.56,385,1.69
12.04,Maize,Sandy,0.86,1084,8.08
11.87,Wheat,Black,0.83,1438,10.91
14.07,Cotton,Black,0.39,376,1.36
9.21,Wheat,Black,0.6,582,2.48
3.15,Millets,Loam,0.87,1190,1.96
12.08,Millets,Loam,0.68,1041,5.13
7.64,Rice,Loam,0.78,1132,6.48
7.53,Rice,Black,0.84,981,5.46
10.79,Sugarcane,Loam,0.76,1236,18.24
2.16,Sugarcane,Clay,0.57,933,1.72
6.95,Cotton,Loam,0.81,390,1.58
11.3,Wheat,Sandy,0.53,665,2.23
6.52,Wheat,Clay,0.36,478,0.79
7.55,Rice,Loam,0.95,1358,9.35
7.93,Maize,Black,0.59,879,4.07
14.53,Millets,Clay,0.83,1189,7.17
8.81,Millets,Black,0.36,477,0.83
4.6,Millets,Clay,0.86,1052,2.08
10.24,Maize,Sandy,0.95,619,4.34
1.71,Wheat,Clay,0.86,696,0.72
2.72,Maize,Clay,0.44,856,0.92
2.19,Sugarcane,Sandy,0.41,321,0.35
13.82,Sugarcane,Loam,0.4,463,4.61
10.2,Wheat,Clay,0.53,1361,5.15
14.6,Wheat,Sandy,0.37,413,1.25
5.72,Millets,Clay,0.72,892,1.84
14.59,Rice,Black,0.39,962,4.82
11.62,Maize,Sandy,0.31,916,2.38
3.66,Maize,Sandy,0.59,1124,1.75
13.84,Sugarcane,Loam,0.71,1469,25.98
9.61,Cotton,Black,0.5,633,2.01
8.59,Cotton,Sandy,0.8,890,2.94
14.41,Wheat,Sandy,0.6,1272,6.16
8.99,Cotton,Black,0.87,1226,6.33
13.96,Rice,Sandy,0.51,404,1.84
2.6,Sugarcane,Black,0.59,808,2.05
2.07,Cotton,Sandy,0.93,805,0.74
9.23,Maize,Clay,0.67,1377,7.66
7.27,Wheat,Clay,0.6,300,0.92
8.11,Millets,Black,0.53,1185,2.8
6.09,Rice,Sandy,0.74,1063,3.07
5.94,Sugarcane,Loam,0.48,965,4.95
6.43,Millets,Loam,0.43,1205,2.0
7.44,Rice,Loam,0.79,871,4.91
5.91,Millets,Sandy,0.44,1303,1.36
12.41,Rice,Clay,0.5,1016,5.04
3.02,Sugarcane,Loam,0.32,638,1.11
5.4,Wheat,Black,0.31,565,0.73
4.44,Rice,Clay,0.46,314,0.51
4.14,Rice,Black,0.72,539,1.41
4.92,Cotton,Clay,0.55,639,1.04
3.72,Wheat,Clay,0.73,762,1.45
8.1,Rice,Sandy,0.37,640,1.23
10.37,Cotton,Clay,0.49,1449,4.42
11.01,Maize,Clay,0.75,911,6.77
10.46,Millets,Clay,0.6,391,1.23
6.68,Cotton,Sandy,0.8,1380,3.54
12.65,Wheat,Clay,0.86,576,4.39
2.54,Sugarcane,Loam,0.89,961,3.91
13.3,Sugarcane,Clay,0.41,614,5.02
1.11,Rice,Clay,0.39,1479,0.51
7.84,Maize,Black,0.68,761,4.02
2.31,Millets,Black,0.62,608,0.48
7.28,Millets,Black,0.88,730,2.57
2.13,Maize,Black,0.47,1211,1.2
2.78,Millets,Black,0.41,1336,0.84
2.86,Sugarcane,Black,0.87,580,2.38
11.21,Sugarcane,Black,0.77,635,9.04
8.99,Maize,Sandy,0.33,1063,2.27
9.93,Millets,Loam,0.91,648,3.51
14.94,Sugarcane,Sandy,0.64,1377,15.8
5.83,Cotton,Black,0.43,618,1.02
12.95,Wheat,Clay,0.89,953,7.69
1.67,Cotton,Black,0.65,809,0.58
5.57,Wheat,Black,0.39,668,1.12
11.05,Wheat,Clay,0.63,1225,5.97
6.9,Millets,Loam,0.92,490,1.87
13.26,Wheat,Black,0.79,577,4.65
13.97,Wheat,Sandy,0.72,967,5.45
3.75,Sugarcane,Clay,0.52,693,2.03
6.53,Sugarcane,Loam,0.68,1357,10.85
4.56,Cotton,Loam,0.53,742,1.29
10.67,Rice,Loam,0.68,1307,9.1
11.17,Cotton,Black,0.72,1414,7.51
3.78,Cotton,Sandy,0.43,1274,0.99
4.61,Millets,Clay,0.65,346,0.52
5.14,Sugarcane,Loam,0.48,925,4.11
5.39,Rice,Black,0.35,1468,2.44
5.43,Maize,Sandy,0.71,993,2.76
2.41,Sugarcane,Loam,0.42,435,0.79
12.78,Millets,Sandy,0.93,1130,5.37
14.98,Maize,Black,0.76,818,9.22
7.69,Maize,Loam,0.56,1124,5.23
12.05,Sugarcane,Loam,0.72,495,7.73
1.46,Maize,Clay,0.32,1183,0.5
8.21,Cotton,Clay,0.69,1111,3.78
12.09,Maize,Loam,0.34,661,2.93
9.26,Sugarcane,Loam,0.62,1046,10.81
9.85,Sugarcane,Clay,0.36,1378,7.33
11.39,Maize,Loam,0.52,722,4.62
2.37,Cotton,Sandy,0.31,1479,0.52
5.14,Cotton,Black,0.5,500,0.85
5.05,Wheat,Sandy,0.83,385,0.9
3.06,Rice,Black,0.36,932,0.9
7.92,Rice,Sandy,0.93,1383,6.52
13.65,Sugarcane,Loam,0.9,624,13.8
8.66,Millets,Black,0.83,1265,5.0
11.2,Rice,Clay,0.82,1402,10.3
2.21,Rice,Sandy,0.84,641,0.76
8.28,Rice,Black,0.83,439,2.65
11.67,Rice,Sandy,0.69,885,4.56
8.23,Cotton,Loam,0.75,976,4.34
2.91,Cotton,Clay,0.62,697,0.75
14.15,Maize,Clay,0.94,667,7.98
1.37,Rice,Sandy,0.7,1084,0.67
4.44,Sugarcane,Sandy,0.72,778,2.98
13.17,Maize,Loam,0.76,1352,14.62
13.24,Sugarcane,Clay,0.32,385,2.45
2.6,Maize,Clay,0.82,811,1.56
5.84,Sugarcane,Sandy,0.59,812,3.36
14.71,Millets,Sandy,0.51,1435,4.31
6.9,Millets,Sandy,0.51,476,0.67
11.51,Maize,Black,0.41,840,3.92
13.68,Millets,Sandy,0.77,897,3.78
4.07,Wheat,Clay,0.91,1109,2.88
5.89,Millets,Clay,0.64,673,1.27
13.5,Maize,Clay,0.63,838,6.41
4.97,Wheat,Sandy,0.47,1136,1.49
10.01,Sugarcane,Clay,0.41,1166,7.18
14.2,Wheat,Black,0.85,984,9.15
2.9,Wheat,Black,0.94,845,1.77
10.33,Millets,Clay,0.3,877,1.36
14.27,Rice,Loam,0.64,1068,9.36
7.29,Cotton,Black,0.64,1186,3.65
3.13,Wheat,Loam,0.38,647,0.65
13.49,Rice,Black,0.9,860,9.19
2.39,Wheat,Clay,0.64,1461,1.56
10.95,Millets,Clay,0.62,1356,4.6
7.77,Cotton,Loam,0.73,595,2.43
4.5,Maize,Sandy,0.63,697,1.42
3.03,Sugarcane,Loam,0.69,1041,3.92
12.97,Wheat,Sandy,0.44,1223,3.91
5.08,Rice,Clay,0.79,938,3.01
8.17,Rice,Sandy,0.62,1316,4.27
12.39,Rice,Loam,0.6,1090,7.78
7.49,Wheat,Black,0.75,1192,5.16
1.54,Cotton,Loam,0.56,469,0.29
9.5,Millets,Sandy,0.85,327,1.06
12.96,Maize,Black,0.35,1456,6.54
4.68,Wheat,Clay,0.41,1244,1.67
8.83,Wheat,Black,0.82,695,3.87
1.29,Rice,Sandy,0.42,1177,0.41
2.12,Cotton,Black,0.62,1240,1.08
13.06,Maize,Black,0.72,491,4.57
7.86,Sugarcane,Sandy,0.76,496,3.56
7.73,Cotton,Clay,0.8,1275,4.73
8.91,Millets,Sandy,0.87,771,2.39
8.74,Wheat,Black,0.7,1432,6.75
3.48,Sugarcane,Sandy,0.87,1260,4.58
3.24,Maize,Black,0.44,578,0.82
8.0,Sugarcane,Loam,0.49,1232,8.69
2.53,Millets,Black,0.66,717,0.66
4.51,Sugarcane,Loam,0.74,1261,7.58
10.14,Sugarcane,Sandy,0.9,1154,12.64
10.25,Cotton,Sandy,0.47,1172,2.71
7.7,Millets,Black,0.33,893,1.25
6.15,Cotton,Loam,0.61,917,2.48
8.46,Maize,Clay,0.43,634,2.08
12.51,Millets,Clay,0.48,1007,3.02
9.58,Maize,Black,0.36,1006,3.43
9.45,Rice,Clay,0.78,343,2.02
11.41,Maize,Loam,0.56,1175,8.11
9.2,Wheat,Black,0.87,1390,8.57
11.46,Cotton,Black,0.61,1029,4.75
12.16,Maize,Black,0.47,1113,6.3
13.88,Rice,Loam,0.48,461,2.95
5.91,Wheat,Loam,0.33,575,0.94
9.46,Rice,Clay,0.72,951,5.18
10.43,Wheat,Loam,0.33,1268,3.67
11.55,Sugarcane,Loam,0.39,619,5.02
10.04,Wheat,Loam,0.66,756,4.21
4.96,Cotton,Black,0.59,1162,2.24
7.19,Cotton,Clay,0.3,340,0.44
12.35,Millets,Loam,0.7,369,1.91
6.07,Sugarcane,Loam,0.76,442,3.67
2.95,Millets,Loam,0.42,619,0.46
4.35,Cotton,Loam,0.66,1471,3.04
4.62,Wheat,Loam,0.7,1281,3.48
7.53,Rice,Black,0.92,307,1.87
5.4,Rice,Black,0.53,557,1.4
7.24,Rice,Sandy,0.65,673,2.03
12.09,Sugarcane,Black,0.73,1282,18.67
13.3,Rice,Black,0.91,533,5.68
8.48,Maize,Sandy,0.68,1328,5.51
10.14,Rice,Clay,0.84,902,6.15
3.51,Sugarcane,Clay,0.34,846,1.51
6.19,Maize,Loam,0.5,1036,3.46
11.56,Maize,Sandy,0.38,1440,4.55
10.65,Rice,Sandy,0.41,391,1.09
10.48,Rice,Sandy,0.75,779,3.92
5.52,Sugarcane,Black,0.35,956,3.05
5.04,Sugarcane,Black,0.76,1468,9.28
13.11,Cotton,Black,0.37,1201,3.84
12.53,Maize,Loam,0.81,732,8.02
13.85,Millets,Black,0.31,1355,3.2
6.43,Rice,Sandy,0.83,1233,4.21
7.59,Cotton,Black,0.69,415,1.43
10.15,Millets,Black,0.39,1485,3.23
3.67,Rice,Clay,0.92,551,1.49
10.89,Sugarcane,Sandy,0.64,942,7.88
11.27,Sugarcane,Clay,0.58,1356,13.3
9.73,Cotton,Sandy,0.65,441,1.34
12.37,Sugarcane,Black,0.66,677,9.12
13.28,Cotton,Black,0.58,1207,6.14
5.22,Millets,Sandy,0.41,1339,1.15
9.35,Cotton,Clay,0.75,470,1.98
4.62,Sugarcane,Sandy,0.8,797,3.53
5.45,Maize,Black,0.67,653,2.36
13.7,Maize,Black,0.36,548,2.68
7.79,Maize,Clay,0.62,1482,6.44
7.39,Sugarcane,Black,0.76,1111,10.3
1.02,Maize,Clay,0.43,619,0.24
9.31,Rice,Clay,0.31,302,0.7
13.13,Maize,Sandy,0.39,389,1.43
2.16,Wheat,Black,0.68,920,1.04
2.43,Maize,Sandy,0.45,1331,1.05
8.11,Sugarcane,Clay,0.63,1175,9.01
1.69,Millets,Black,0.83,1051,0.81
3.82,Rice,Loam,0.43,610,0.96
8.28,Cotton,Loam,0.3,1144,2.05
2.28,Maize,Sandy,0.88,1113,1.61
5.01,Cotton,Black,0.4,848,1.12
8.65,Millets,Black,0.36,310,0.53
10.3,Cotton,Clay,0.93,975,5.6
4.65,Rice,Loam,0.74,455,1.5
2.38,Sugarcane,Clay,0.78,1029,2.87
3.34,Wheat,Black,0.75,852,1.64
6.05,Cotton,Clay,0.73,830,2.2
3.74,Cotton,Clay,0.47,556,0.59
7.14,Maize,Clay,0.66,827,3.51
3.2,Maize,Clay,0.81,354,0.83
14.88,Wheat,Black,0.77,481,4.24
10.07,Wheat,Black,0.58,890,4.0
14.11,Millets,Black,0.43,316,1.05
9.2,Maize,Black,0.54,1434,7.05
9.93,Millets,Loam,0.93,667,3.7
13.42,Wheat,Clay,0.78,755,5.53
8.04,Wheat,Black,0.83,642,3.3
6.75,Sugarcane,Sandy,0.51,1397,5.77
12.45,Millets,Loam,0.78,1468,8.55
5.29,Rice,Sandy,0.87,1204,3.55
12.55,Cotton,Sandy,0.63,406,1.54
10.89,Maize,Black,0.64,607,4.19
8.15,Wheat,Loam,0.5,992,3.4
5.75,Maize,Loam,0.82,1223,6.23
4.47,Cotton,Black,0.65,1129,2.17
14.09,Cotton,Clay,0.57,1100,5.3
10.46,Maize,Loam,0.54,1202,7.33
14.87,Millets,Black,0.7,1271,7.28
5.79,Maize,Sandy,0.71,722,2.14
10.02,Millets,Loam,0.46,453,1.25
11.75,Sugarcane,Loam,0.41,1422,12.33
1.12,Wheat,Black,0.88,1495,1.13
5.98,Maize,Loam,0.71,467,2.14
2.81,Maize,Sandy,0.41,878,0.73
6.5,Millets,Sandy,0.75,1170,2.28
11.3,Maize,Sandy,0.67,811,4.42
3.65,Sugarcane,Loam,0.51,860,2.88
1.46,Millets,Black,0.88,1044,0.74
3.11,Rice,Black,0.68,854,1.59
14.56,Cotton,Sandy,0.66,584,2.69
10.62,Millets,Sandy,0.57,1252,3.03
7.31,Rice,Sandy,0.95,1330,5.91
6.71,Wheat,Black,0.32,1364,2.26
14.07,Cotton,Sandy,0.62,1463,6.13
7.09,Cotton,Sandy,0.39,1219,1.62
8.88,Maize,Sandy,0.79,813,4.11
7.17,Maize,Loam,0.75,1450,8.42
11.47,Wheat,Clay,0.61,1061,5.2
6.68,Maize,Clay,0.45,1234,3.34
9.93,Millets,Sandy,0.75,898,2.68
2.33,Maize,Clay,0.32,871,0.58
13.69,Rice,Loam,0.8,1324,13.92
6.82,Sugarcane,Clay,0.85,1441,12.53
11.41,Maize,Sandy,0.45,1229,4.54
2.86,Sugarcane,Clay,0.61,703,1.84
11.74,Wheat,Sandy,0.67,1393,6.14
8.17,Wheat,Clay,0.64,872,3.19
12.06,Sugarcane,Clay,0.34,1177,7.24
4.19,Maize,Sandy,0.94,382,1.08
6.01,Cotton,Loam,0.87,1462,5.5
12.95,Sugarcane,Sandy,0.4,1296,8.06
10.65,Cotton,Loam,0.56,1067,4.58
3.71,Rice,Loam,0.64,1161,2.65
3.68,Cotton,Loam,0.93,961,2.37
4.58,Millets,Sandy,0.37,999,0.68
9.72,Maize,Clay,0.77,1289,8.68
5.63,Sugarcane,Black,0.86,1187,9.48
5.71,Millets,Clay,0.68,1378,2.68
2.16,Sugarcane,Black,0.33,1386,1.63
3.35,Maize,Loam,0.87,504,1.59
13.02,Sugarcane,Black,0.54,723,8.39
14.67,Millets,Black,0.44,1023,3.63
9.97,Rice,Sandy,0.35,1320,2.95
5.67,Cotton,Black,0.86,1423,4.58
4.22,Maize,Sandy,0.32,739,0.72
13.96,Wheat,Black,0.48,869,4.48
3.8,Sugarcane,Black,0.7,446,1.96
9.23,Wheat,Sandy,0.44,420,0.96
10.89,Cotton,Sandy,0.55,1044,3.0
3.08,Wheat,Loam,0.63,1376,2.24
9.28,Rice,Black,0.36,445,1.31
14.03,Maize,Black,0.55,1382,10.56
11.64,Maize,Clay,0.76,671,5.34
6.45,Maize,Black,0.54,1028,3.54
14.52,Rice,Loam,0.37,421,2.17
12.81,Maize,Black,0.66,686,5.74
1.01,Wheat,Sandy,0.38,337,0.07
2.74,Cotton,Sandy,0.47,1455,0.9
2.2,Sugarcane,Sandy,0.6,960,1.52
10.69,Rice,Clay,0.77,780,5.14
14.93,Rice,Sandy,0.45,1382,5.94
13.13,Sugarcane,Loam,0.88,1156,24.04
11.67,Wheat,Sandy,0.82,521,2.79
11.41,Maize,Clay,0.41,1246,5.25
3.25,Rice,Sandy,0.5,518,0.54
12.07,Rice,Clay,0.68,782,5.13
10.41,Maize,Loam,0.57,994,6.37
13.93,Rice,Loam,0.82,602,6.6
2.36,Wheat,Loam,0.65,430,0.55
2.35,Maize,Sandy,0.85,531,0.76
2.58,Millets,Sandy,0.79,1024,0.83
8.67,Rice,Clay,0.93,1185,7.64
2.7,Maize,Black,0.42,1322,1.48
5.24,Cotton,Sandy,0.36,1331,1.21
9.56,Maize,Clay,0.7,408,2.46
3.22,Millets,Black,0.62,1002,1.1
8.33,Rice,Sandy,0.33,549,0.97
9.08,Cotton,Black,0.51,1312,4.01
2.44,Wheat,Black,0.35,326,0.21
10.2,Maize,Loam,0.66,664,4.83
5.09,Millets,Clay,0.38,1392,1.35
1.12,Cotton,Loam,0.93,673,0.5
9.1,Wheat,Black,0.8,1239,6.95
12.66,Wheat,Sandy,0.72,418,2.13
5.85,Maize,Black,0.61,1322,4.67
4.08,Maize,Loam,0.33,557,0.81
12.16,Wheat,Clay,0.92,1285,10.06
8.61,Millets,Black,0.58,864,2.37
1.17,Maize,Black,0.71,636,0.52
2.83,Sugarcane,Loam,0.94,769,3.68
13.9,Cotton,Black,0.95,870,7.58
10.0,Millets,Black,0.9,1208,5.98
3.86,Wheat,Sandy,0.86,1306,2.43
5.53,Wheat,Clay,0.42,446,0.73
9.94,Rice,Black,0.67,1149,6.73
13.3,Maize,Clay,0.43,576,2.96
5.04,Millets,Black,0.84,1192,2.78
2.43,Sugarcane,Clay,0.61,777,1.73
11.93,Wheat,Clay,0.76,1077,6.84
9.09,Wheat,Clay,0.76,1274,6.16
11.14,Sugarcane,Sandy,0.85,808,9.18
11.63,Rice,Sandy,0.37,537,1.48
12.26,Wheat,Black,0.85,1033,8.29
2.44,Maize,Black,0.56,1086,1.47
11.81,Millets,Loam,0.61,344,1.49
8.8,Cotton,Loam,0.42,648,1.72
9.05,Cotton,Black,0.42,336,0.84
12.8,Maize,Black,0.91,1005,11.59
10.28,Maize,Black,0.81,393,3.24
10.45,Sugarcane,Loam,0.39,444,3.26
6.23,Sugarcane,Black,0.39,787,3.16
8.93,Rice,Sandy,0.47,366,0.98
6.49,Millets,Clay,0.48,668,1.04
3.62,Rice,Clay,0.48,1157,1.61
8.07,Sugarcane,Loam,0.33,734,3.52
10.31,Maize,Sandy,0.45,742,2.48
7.69,Cotton,Loam,0.4,1242,2.75
7.0,Cotton,Sandy,0.5,572,0.96
9.36,Maize,Clay,0.84,542,3.84
7.08,Maize,Clay,0.93,1211,7.18
11.58,Maize,Black,0.4,1003,4.6
13.85,Millets,Sandy,0.39,589,1.27
9.8,Maize,Black,0.48,892,4.15
5.68,Millets,Sandy,0.55,1416,1.77
11.95,Maize,Sandy,0.92,763,6.04
8.92,Sugarcane,Clay,0.89,906,10.79
10.13,Cotton,Loam,0.57,781,3.25
1.28,Cotton,Clay,0.31,786,0.19
1.9,Wheat,Clay,0.77,583,0.6
12.56,Maize,Loam,0.3,1300,5.29
2.65,Cotton,Loam,0.49,945,0.88
11.12,Millets,Black,0.44,1002,2.7
4.65,Rice,Black,0.65,1212,3.22
13.02,Sugarcane,Loam,0.79,335,6.2
14.67,Wheat,Black,0.63,619,4.41
12.83,Rice,Loam,0.61,1227,9.22
13.69,Rice,Sandy,0.81,497,3.53
11.49,Millets,Black,0.48,1016,3.08
4.92,Sugarcane,Clay,0.9,651,4.32
3.22,Rice,Clay,0.91,681,1.6
14.84,Maize,Black,0.87,326,4.17
6.5,Wheat,Black,0.64,1378,4.41
6.47,Wheat,Black,0.78,388,1.51
3.31,Sugarcane,Black,0.51,538,1.5
3.47,Sugarcane,Sandy,0.75,1136,3.55
3.26,Cotton,Loam,0.91,1092,2.33
13.95,Rice,Sandy,0.56,661,3.3
11.6,Cotton,Clay,0.39,1018,2.76
9.26,Rice,Loam,0.69,1396,8.56
1.14,Wheat,Black,0.53,731,0.34
10.86,Maize,Clay,0.31,718,2.18
4.3,Sugarcane,Clay,0.67,1066,4.61
10.73,Maize,Clay,0.65,772,4.85
4.39,Sugarcane,Clay,0.86,1113,6.3
10.78,Cotton,Clay,0.34,530,1.17
4.77,Millets,Sandy,0.44,340,0.29
6.08,Wheat,Clay,0.6,511,1.3
12.43,Cotton,Clay,0.41,1466,4.48
6.78,Millets,Loam,0.54,576,1.27
5.1,Wheat,Loam,0.57,846,2.07
3.52,Cotton,Loam,0.76,1450,2.79
9.96,Cotton,Clay,0.81,983,4.76
10.57,Maize,Clay,0.84,1160,9.27
14.29,Maize,Black,0.86,556,6.76
2.56,Maize,Loam,0.5,602,0.83
11.51,Wheat,Black,0.69,529,3.23
9.63,Maize,Black,0.51,303,1.47
8.32,Maize,Loam,0.31,1269,3.53
3.75,Rice,Sandy,0.93,1209,2.7
4.26,Wheat,Loam,0.94,1366,4.59
2.01,Rice,Loam,0.4,1390,1.07
10.14,Rice,Clay,0.51,1267,5.24
4.17,Maize,Clay,0.54,1012,2.05
14.31,Sugarcane,Black,0.74,593,10.36
4.89,Maize,Sandy,0.88,536,1.66
11.4,Cotton,Black,0.31,944,2.2
10.63,Maize,Sandy,0.47,516,1.86
8.66,Rice,Loam,0.43,348,1.24
12.81,Rice,Clay,0.35,1050,3.77
5.25,Maize,Black,0.72,613,2.29
3.31,Wheat,Sandy,0.81,1408,2.11
2.23,Millets,Sandy,0.39,885,0.31
2.23,Cotton,Loam,0.78,451,0.56
3.33,Maize,Loam,0.62,1370,3.05
9.63,Cotton,Clay,0.72,991,4.12
7.57,Wheat,Clay,0.46,641,1.56
8.38,Millets,Sandy,0.51,1340,2.29
1.74,Millets,Black,0.37,372,0.13
8.48,Cotton,Loam,0.42,609,1.56
13.51,Millets,Black,0.61,1204,5.46
10.77,Cotton,Sandy,0.58,927,2.78
6.02,Maize,Sandy,0.41,1403,2.49
3.45,Maize,Sandy,0.38,510,0.48
13.29,Wheat,Loam,0.43,975,4.68
2.01,Maize,Black,0.79,1445,2.27
11.27,Cotton,Loam,0.31,590,1.48
6.95,Wheat,Black,0.75,327,1.31
13.69,Millets,Clay,0.68,1170,5.45
9.37,Sugarcane,Black,0.52,725,5.83
6.96,Rice,Loam,0.46,755,2.32
5.7,Maize,Clay,0.36,500,0.92
14.61,Rice,Clay,0.72,1492,12.56
3.09,Maize,Loam,0.44,596,0.88
5.61,Sugarcane,Clay,0.94,942,7.45
2.91,Maize,Clay,0.54,1117,1.58
1.19,Cotton,Sandy,0.92,775,0.41
6.34,Maize,Clay,0.34,551,1.07
11.33,Cotton,Clay,0.75,935,4.77
14.23,Millets,Sandy,0.53,500,1.51
10.36,Millets,Black,0.35,1375,2.74
2.68,Cotton,Clay,0.88,603,0.85
11.45,Maize,Black,0.65,1437,10.59
14.59,Wheat,Black,0.71,556,4.43
2.64,Millets,Clay,0.69,1035,0.94
5.39,Wheat,Black,0.66,1027,2.81
13.33,Wheat,Clay,0.87,677,5.5
8.11,Sugarcane,Loam,0.75,865,9.47
13.7,Sugarcane,Black,0.44,1066,10.6
5.66,Rice,Clay,0.8,1085,3.93
14.48,Maize,Sandy,0.63,439,2.88
11.56,Maize,Clay,0.58,478,2.88
11.96,Maize,Clay,0.35,664,2.5
12.98,Millets,Clay,0.44,547,1.56
12.24,Wheat,Loam,0.58,1333,7.95
5.6,Cotton,Clay,0.31,622,0.65
3.1,Cotton,Black,0.86,687,1.21
3.95,Rice,Sandy,0.35,1244,1.1
5.54,Millets,Sandy,0.85,1457,2.74
14.7,Cotton,Clay,0.66,642,3.74
2.18,Millets,Black,0.75,895,0.8
12.39,Sugarcane,Black,0.59,1071,12.92
10.79,Millets,Sandy,0.83,1270,4.55
10.76,Cotton,Loam,0.44,704,2.4
6.32,Rice,Clay,0.58,1006,2.95
5.38,Millets,Black,0.85,798,2.01
9.4,Rice,Black,0.4,1351,4.47
11.84,Rice,Clay,0.82,1186,9.21
11.45,Sugarcane,Clay,0.63,931,10.07
12.8,Millets,Sandy,0.36,330,0.61
11.15,Maize,Clay,0.79,660,5.23
12.97,Cotton,Clay,0.56,813,3.54
10.08,Wheat,Sandy,0.6,408,1.38
13.04,Wheat,Clay,0.57,324,1.69
8.34,Millets,Black,0.33,567,0.86
6.44,Rice,Black,0.71,1028,4.14
12.1,Rice,Loam,0.42,688,3.36
2.81,Millets,Sandy,0.62,1452,1.01
13.94,Cotton,Loam,0.54,1294,7.01
11.29,Cotton,Sandy,0.42,491,1.12
4.03,Sugarcane,Clay,0.81,753,3.69
11.87,Sugarcane,Clay,0.41,720,5.26
5.75,Rice,Loam,0.87,525,2.52
2.1,Cotton,Loam,0.4,1224,0.74
11.92,Cotton,Loam,0.31,515,1.37
1.92,Wheat,Sandy,0.74,1378,1.1
10.66,Wheat,Clay,0.32,726,1.73
8.1,Wheat,Clay,0.56,503,1.6
1.53,Maize,Sandy,0.43,1362,0.65
5.05,Wheat,Clay,0.95,1479,4.97
11.07,Cotton,Clay,0.85,388,2.19
11.9,Maize,Clay,0.39,359,1.5
12.66,Wheat,Sandy,0.32,635,1.44
1.35,Millets,Black,0.49,548,0.2
8.75,Sugarcane,Sandy,0.43,751,3.39
10.45,Rice,Sandy,0.64,599,2.56
2.73,Sugarcane,Clay,0.53,935,2.03
13.16,Cotton,Sandy,0.72,1312,5.97
9.16,Sugarcane,Loam,0.78,697,8.96
1.84,Cotton,Sandy,0.45,1402,0.56
11.01,Millets,Black,0.71,466,2.0
1.57,Millets,Sandy,0.81,373,0.19
7.54,Wheat,Black,0.65,1213,4.58
10.09,Wheat,Sandy,0.77,750,3.26
1.03,Cotton,Black,0.66,1462,0.66
6.59,Millets,Sandy,0.92,460,1.12
11.95,Rice,Sandy,0.76,345,2.01
12.85,Rice,Sandy,0.39,1475,4.73
11.4,Rice,Sandy,0.6,874,3.83
11.58,Millets,Loam,0.44,761,2.33
7.54,Wheat,Clay,0.31,914,1.5
11.03,Maize,Black,0.35,1129,4.31
4.97,Wheat,Black,0.74,806,2.28
4.93,Millets,Sandy,0.78,321,0.49
2.79,Millets,Loam,0.78,1104,1.44
8.59,Maize,Black,0.78,495,3.28
2.32,Cotton,Loam,0.9,1005,1.51
11.3,Sugarcane,Black,0.58,943,10.2
2.28,Wheat,Black,0.88,1238,1.91
4.79,Rice,Clay,0.78,325,0.97
14.86,Sugarcane,Black,0.65,944,15.04
12.11,Millets,Loam,0.7,1100,5.59
6.31,Wheat,Loam,0.64,973,3.3
2.81,Wheat,Sandy,0.5,1234,0.97
9.49,Rice,Loam,0.51,571,2.65
7.41,Millets,Black,0.47,797,1.53
8.55,Wheat,Sandy,0.87,690,2.87
8.2,Rice,Clay,0.5,479,1.57
9.17,Rice,Black,0.65,956,5.01
14.61,Maize,Sandy,0.6,877,5.54
1.18,Cotton,Sandy,0.45,527,0.13
12.05,Rice,Black,0.85,1114,10.04
3.83,Millets,Clay,0.3,541,0.31
3.61,Maize,Black,0.6,1171,2.51
11.85,Cotton,Sandy,0.31,1172,2.07
11.96,Rice,Clay,0.35,963,3.22
12.97,Maize,Sandy,0.61,645,3.67
2.7,Rice,Loam,0.83,1290,2.78
5.51,Rice,Loam,0.8,755,3.19
6.1,Wheat,Clay,0.78,1093,3.64
2.29,Millets,Clay,0.6,749,0.51
11.53,Rice,Clay,0.59,917,4.99
3.22,Maize,Black,0.86,473,1.3
5.5,Sugarcane,Loam,0.34,955,3.21
3.34,Maize,Sandy,0.9,789,1.71
6.5,Rice,Black,0.51,752,2.19
2.57,Rice,Black,0.41,1282,1.19
3.88,Cotton,Clay,0.34,704,0.56
14.9,Sugarcane,Sandy,0.84,349,5.24
11.77,Wheat,Clay,0.36,784,2.33
5.23,Cotton,Black,0.78,681,1.83
14.29,Wheat,Sandy,0.41,959,3.15
10.46,Cotton,Clay,0.64,1373,5.51
1.78,Maize,Clay,0.92,407,0.6
3.15,Maize,Sandy,0.67,323,0.49
5.1,Sugarcane,Black,0.82,673,4.64
3.67,Wheat,Clay,0.5,808,1.04
14.56,Millets,Black,0.66,714,3.77
12.7,Rice,Sandy,0.83,301,2.03
13.48,Wheat,Black,0.72,607,4.54
1.16,Millets,Clay,0.62,310,0.11
11.06,Wheat,Sandy,0.43,1339,3.57
14.93,Wheat,Loam,0.79,305,3.02
1.55,Millets,Clay,0.42,343,0.11
4.51,Rice,Loam,0.51,1192,2.63
13.16,Sugarcane,Clay,0.39,1145,8.81
12.14,Wheat,Loam,0.86,983,8.62
1.59,Sugarcane,Clay,0.37,411,0.36
14.04,Wheat,Loam,0.66,705,5.49
13.73,Rice,Sandy,0.81,1215,8.65
11.11,Rice,Loam,0.35,935,3.49
11.49,Millets,Sandy,0.35,325,0.52
13.2,Millets,Clay,0.69,909,4.14
11.54,Wheat,Loam,0.86,874,7.29
5.47,Wheat,Clay,0.47,1221,2.2
10.79,Wheat,Loam,0.5,1344,6.09
13.99,Cotton,Sandy,0.82,369,2.03
13.28,Maize,Loam,0.43,460,2.84
8.27,Sugarcane,Loam,0.8,774,9.22
2.12,Maize,Sandy,0.91,314,0.44
14.37,Wheat,Sandy,0.86,1009,6.98
3.87,Rice,Clay,0.48,517,0.77
12.31,Sugarcane,Sandy,0.53,869,6.8
10.57,Sugarcane,Sandy,0.56,948,6.73
13.57,Maize,Loam,0.49,1305,9.37
10.39,Cotton,Black,0.32,403,0.88
14.21,Maize,Loam,0.56,831,7.14
1.66,Cotton,Clay,0.58,648,0.37
9.42,Wheat,Clay,0.42,350,0.97
3.9,Millets,Loam,0.77,959,1.73
9.43,Wheat,Sandy,0.94,650,3.23
2.27,Sugarcane,Black,0.55,1303,2.68
12.57,Rice,Loam,0.31,1277,4.78
8.8,Cotton,Loam,0.53,1417,4.76
1.49,Wheat,Sandy,0.35,1488,0.43
1.08,Cotton,Clay,0.62,310,0.12
4.74,Rice,Clay,0.57,711,1.54
10.85,Wheat,Black,0.42,1475,5.18
14.29,Cotton,Loam,0.8,890,7.33
6.0,Maize,Sandy,0.36,808,1.26
1.1,Maize,Clay,0.35,511,0.18
13.28,Millets,Clay,0.76,420,2.12
11.4,Rice,Black,0.91,960,8.76
11.06,Cotton,Black,0.76,1486,8.24
3.04,Cotton,Clay,0.65,696,0.83
1.59,Rice,Black,0.87,1127,1.37
13.56,Rice,Clay,0.33,790,2.83
9.65,Wheat,Loam,0.95,682,5.25
4.84,Wheat,Loam,0.69,839,2.35
8.01,Sugarcane,Clay,0.58,1279,8.91
14.22,Cotton,Sandy,0.74,1381,6.98
12.3,Millets,Black,0.92,531,3.3
5.09,Wheat,Sandy,0.35,1213,1.21
9.19,Rice,Black,0.34,835,2.3
5.21,Millets,Clay,0.43,739,0.83
1.63,Sugarcane,Black,0.75,855,1.72
14.71,Sugarcane,Loam,0.79,586,12.26
1.99,Wheat,Loam,0.72,928,1.12
3.44,Wheat,Loam,0.68,530,1.04
7.37,Maize,Sandy,0.81,326,1.4
6.36,Cotton,Sandy,0.84,846,2.17
4.89,Wheat,Clay,0.81,634,1.76
3.69,Millets,Black,0.74,674,1.01
1.84,Wheat,Black,0.56,1406,1.12
9.25,Maize,Sandy,0.34,318,0.72
1.09,Maize,Clay,0.56,1183,0.65
10.33,Wheat,Sandy,0.85,872,4.29
6.77,Sugarcane,Loam,0.85,982,10.17
6.9,Wheat,Sandy,0.45,417,0.73
5.14,Millets,Clay,0.53,368,0.5
11.9,Wheat,Sandy,0.56,1387,5.18
6.94,Wheat,Clay,0.54,948,2.49
6.35,Rice,Sandy,0.72,725,2.12
2.85,Cotton,Sandy,0.68,1209,1.12
14.1,Millets,Clay,0.92,953,6.18
2.11,Cotton,Sandy,0.42,842,0.36
8.91,Rice,Sandy,0.45,726,1.86
11.51,Millets,Clay,0.64,1323,4.87
10.12,Cotton,Clay,0.32,627,1.22
9.23,Wheat,Clay,0.58,641,2.4
8.91,Maize,Sandy,0.48,340,1.05
3.82,Maize,Loam,0.31,1169,1.5
14.39,Wheat,Clay,0.5,715,3.6
1.99,Sugarcane,Loam,0.84,1263,3.8
1.23,Maize,Black,0.49,744,0.44
10.69,Sugarcane,Sandy,0.57,1215,8.88
10.5,Wheat,Sandy,0.57,1475,4.94
8.07,Maize,Clay,0.58,457,1.93
9.52,Sugarcane,Black,0.33,1498,7.77
9.18,Rice,Black,0.76,485,2.98
12.26,Millets,Clay,0.49,1451,4.36
13.37,Cotton,Black,0.41,1241,4.49
13.65,Sugarcane,Sandy,0.94,864,13.3
1.24,Millets,Black,0.76,489,0.25
7.12,Maize,Black,0.69,543,2.64
9.29,Cotton,Clay,0.43,1343,3.22
1.5,Wheat,Sandy,0.94,1421,1.12
7.36,Millets,Black,0.83,1010,3.39
13.85,Maize,Black,0.88,671,8.1
1.52,Cotton,Clay,0.76,669,0.46
7.64,Wheat,Sandy,0.93,1312,5.22
13.86,Maize,Clay,0.3,819,3.06
6.03,Millets,Loam,0.61,321,0.71
12.64,Millets,Loam,0.52,1074,4.24
5.92,Millets,Black,0.56,536,0.98
14.5,Maize,Loam,0.8,923,11.56
13.84,Rice,Black,0.77,370,3.47
9.39,Sugarcane,Clay,0.75,408,4.31
3.81,Maize,Sandy,0.66,1441,2.61
10.93,Millets,Loam,0.61,1200,4.8
14.4,Millets,Black,0.85,856,5.76
14.91,Wheat,Clay,0.84,326,2.86
2.08,Maize,Loam,0.63,880,1.25
6.06,Millets,Sandy,0.49,1388,1.65
9.26,Sugarcane,Black,0.33,1425,7.18
7.08,Cotton,Black,0.45,1297,2.73
8.14,Maize,Loam,0.94,1463,12.09
4.61,Rice,Sandy,0.62,1263,2.31
5.09,Wheat,Loam,0.72,527,1.62
9.68,Cotton,Sandy,0.8,1193,4.43
9.25,Wheat,Clay,0.67,1143,4.96
11.62,Sugarcane,Sandy,0.77,630,6.76
6.31,Maize,Loam,0.51,589,2.05
8.38,Cotton,Black,0.69,632,2.41
7.23,Millets,Black,0.74,1297,3.82
4.94,Maize,Sandy,0.68,870,2.1
7.75,Cotton,Loam,0.76,868,3.68
7.96,Wheat,Sandy,0.73,933,3.04
12.85,Wheat,Sandy,0.41,764,2.25
5.39,Wheat,Clay,0.37,652,0.91
1.62,Cotton,Sandy,0.74,740,0.43
11.66,Maize,Sandy,0.84,1207,8.51
5.44,Sugarcane,Clay,0.86,723,5.07
10.52,Rice,Clay,0.71,506,3.02
6.91,Sugarcane,Sandy,0.3,1111,2.76
14.24,Maize,Clay,0.48,691,4.25
8.16,Wheat,Black,0.36,1295,2.93
14.37,Millets,Sandy,0.84,331,1.6
13.2,Cotton,Black,0.78,745,5.06
14.56,Wheat,Black,0.76,1173,9.99
4.08,Sugarcane,Black,0.68,989,4.53
4.49,Wheat,Black,0.6,1494,3.1
7.72,Cotton,Loam,0.77,695,2.97
10.44,Rice,Clay,0.39,734,2.39
8.99,Maize,Sandy,0.42,1302,3.54
8.47,Millets,Clay,0.53,1238,2.78
4.96,Sugarcane,Loam,0.65,840,4.87
3.94,Rice,Black,0.74,1081,2.77
12.27,Rice,Clay,0.71,1185,8.26
14.22,Cotton,Sandy,0.78,1279,6.81
1.51,Maize,Loam,0.59,1391,1.34
7.64,Wheat,Black,0.69,1319,5.35
2.51,Sugarcane,Clay,0.62,1215,2.84
5.36,Millets,Clay,0.74,1210,2.4
2.4,Sugarcane,Clay,0.58,992,2.07
1.5,Rice,Loam,0.93,872,1.17
14.94,Sugarcane,Loam,0.84,1109,25.05
5.85,Wheat,Clay,0.47,1170,2.25
13.82,Wheat,Clay,0.49,1090,5.17
14.43,Sugarcane,Loam,0.47,1378,16.82
1.95,Rice,Loam,0.67,1159,1.45
3.62,Maize,Black,0.88,838,2.64
3.51,Rice,Loam,0.41,1143,1.58
10.39,Maize,Sandy,0.69,774,4.0
13.04,Rice,Clay,0.93,809,7.85
2.76,Rice,Black,0.51,421,0.52
4.41,Rice,Loam,0.32,645,0.87
13.4,Sugarcane,Sandy,0.88,1107,15.66
3.88,Wheat,Black,0.95,773,2.19
10.22,Millets,Black,0.68,579,2.21
6.38,Rice,Black,0.61,732,2.51
13.28,Rice,Black,0.74,1071,9.26
3.68,Maize,Sandy,0.55,520,0.76
8.79,Cotton,Sandy,0.86,443,1.61
2.4,Sugarcane,Black,0.57,666,1.5
6.26,Maize,Black,0.54,481,1.61
4.57,Rice,Sandy,0.74,980,2.12
14.49,Wheat,Loam,0.49,439,2.62
10.38,Wheat,Loam,0.86,1221,9.16
11.51,Cotton,Clay,0.73,796,4.01
3.97,Cotton,Loam,0.39,578,0.64
2.74,Millets,Sandy,0.32,883,0.31
7.52,Cotton,Loam,0.44,999,2.38
14.23,Sugarcane,Loam,0.48,545,6.7
3.11,Wheat,Clay,0.4,945,0.82
1.38,Rice,Clay,0.69,391,0.3
7.43,Cotton,Loam,0.83,1363,6.05
12.31,Wheat,Clay,0.76,669,4.38
2.68,Cotton,Clay,0.65,687,0.72
9.75,Millets,Sandy,0.93,334,1.21
1.69,Sugarcane,Clay,0.61,1179,1.82
14.71,Sugarcane,Black,0.34,1382,11.4
10.51,Wheat,Clay,0.55,1240,5.02
4.8,Sugarcane,Loam,0.46,974,3.87
9.21,Sugarcane,Loam,0.36,1046,6.24
6.72,Wheat,Sandy,0.33,890,1.11
11.3,Rice,Clay,0.34,548,1.68
2.3,Sugarcane,Clay,0.3,344,0.36
14.17,Wheat,Loam,0.35,835,3.48
6.45,Sugarcane,Clay,0.67,400,2.59
7.02,Wheat,Clay,0.31,710,1.08
5.85,Millets,Loam,0.71,909,2.27
12.21,Cotton,Clay,0.36,1244,3.28
13.72,Cotton,Clay,0.72,1017,6.03
7.5,Rice,Sandy,0.37,1469,2.61
11.56,Wheat,Black,0.51,1161,5.27
9.36,Cotton,Loam,0.45,1390,4.22
13.48,Cotton,Black,0.94,1390,11.62
2.56,Wheat,Black,0.3,1127,0.67
12.44,Wheat,Black,0.66,1180,7.46
2.14,Wheat,Black,0.72,999,1.19
8.7,Millets,Loam,0.84,347,1.52
12.19,Sugarcane,Loam,0.59,348,4.51
8.89,Maize,Clay,0.58,599,2.78
13.86,Rice,Black,0.31,811,3.07
4.37,Rice,Clay,0.4,608,0.85
14.19,Millets,Sandy,0.71,978,3.94
1.24,Maize,Clay,0.73,1259,1.03
8.09,Sugarcane,Loam,0.68,509,5.04
1.26,Wheat,Loam,0.84,409,0.36
8.47,Cotton,Sandy,0.53,540,1.16
5.34,Millets,Sandy,0.92,1019,2.0
9.03,Cotton,Black,0.38,531,1.2
5.08,Cotton,Black,0.83,553,1.54
12.27,Sugarcane,Clay,0.64,594,7.0
4.78,Cotton,Black,0.52,651,1.07
7.18,Sugarcane,Black,0.4,1268,6.01
12.43,Cotton,Sandy,0.81,920,4.45
11.71,Rice,Loam,0.68,494,3.78
9.48,Sugarcane,Loam,0.73,542,6.75
10.75,Millets,Loam,0.71,1189,5.45
6.03,Rice,Sandy,0.67,1251,3.23
10.66,Maize,Clay,0.64,398,2.44
3.35,Rice,Sandy,0.85,1222,2.23
11.19,Millets,Sandy,0.57,725,1.85
2.8,Maize,Black,0.65,1390,2.5
7.95,Maize,Sandy,0.85,444,2.16
9.81,Millets,Clay,0.9,327,1.44
6.83,Maize,Black,0.83,959,5.38
13.74,Sugarcane,Sandy,0.47,339,2.63
4.64,Wheat,Black,0.49,1048,1.83
4.16,Sugarcane,Loam,0.41,873,2.68
9.1,Sugarcane,Clay,0.52,990,7.03
9.62,Maize,Loam,0.4,498,2.07
1.8,Wheat,Loam,0.81,1075,1.32
9.91,Maize,Black,0.86,754,6.36
3.62,Sugarcane,Sandy,0.47,1291,2.64
4.48,Cotton,Clay,0.49,1477,1.95
6.63,Maize,Loam,0.69,766,3.78
7.27,Rice,Loam,0.84,875,5.13
10.05,Millets,Clay,0.39,1268,2.48
10.45,Maize,Clay,0.39,879,3.22
7.97,Cotton,Black,0.75,1201,4.74
2.21,Millets,Loam,0.69,506,0.46
13.27,Rice,Black,0.43,589,2.96
6.69,Maize,Sandy,0.51,1099,2.7
12.32,Rice,Sandy,0.43,369,1.25
11.4,Cotton,Loam,0.94,1191,9.19
13.92,Sugarcane,Loam,0.45,832,9.38
14.29,Sugarcane,Clay,0.86,551,10.16
7.48,Sugarcane,Loam,0.56,1308,9.86
10.26,Cotton,Sandy,0.44,1218,2.64
7.01,Rice,Black,0.91,1420,7.97
8.62,Cotton,Sandy,0.67,593,1.64
4.38,Maize,Black,0.39,1471,2.49
2.99,Maize,Black,0.46,344,0.47
8.87,Rice,Sandy,0.79,848,3.8
1.15,Cotton,Clay,0.7,1145,0.55
4.36,Sugarcane,Black,0.58,660,2.75
1.85,Maize,Clay,0.67,709,0.79
7.34,Cotton,Clay,0.7,1199,3.7
11.42,Millets,Sandy,0.65,1007,2.99
9.46,Millets,Black,0.31,385,0.62
12.26,Wheat,Loam,0.4,653,2.69
11.34,Sugarcane,Sandy,0.32,809,3.52
12.4,Rice,Loam,0.73,1117,9.71
13.99,Rice,Clay,0.44,797,3.92
12.74,Rice,Sandy,0.43,1234,4.33
6.29,Rice,Clay,0.61,573,1.76
9.07,Sugarcane,Black,0.68,1461,14.87
12.32,Rice,Clay,0.69,1223,8.32
2.44,Wheat,Clay,0.72,1442,1.77
6.7,Maize,Clay,0.82,1030,5.09
1.44,Wheat,Black,0.91,1491,1.5
8.74,Cotton,Clay,0.63,778,2.57
3.99,Sugarcane,Black,0.88,949,5.5
11.28,Sugarcane,Black,0.94,1495,26.16
6.15,Millets,Clay,0.82,965,2.43
9.26,Millets,Sandy,0.86,1184,3.77
4.75,Rice,Sandy,0.66,753,1.51
8.44,Millets,Sandy,0.57,1324,2.55
8.64,Cotton,Loam,0.9,1425,7.98
1.35,Cotton,Black,0.46,554,0.23
7.99,Cotton,Sandy,0.65,1211,3.02
6.36,Wheat,Clay,0.73,858,2.79
8.26,Rice,Black,0.81,320,1.88
1.04,Cotton,Loam,0.57,1361,0.58
10.34,Wheat,Sandy,0.85,510,2.51
6.36,Sugarcane,Clay,0.76,1009,7.32
14.29,Maize,Black,0.34,1201,5.78
13.52,Millets,Loam,0.62,650,3.27
14.89,Sugarcane,Black,0.9,790,17.47
6.74,Cotton,Loam,0.46,1467,3.27
6.25,Sugarcane,Loam,0.67,676,5.1
14.54,Cotton,Black,0.41,456,1.79
11.49,Sugarcane,Loam,0.61,884,11.15
1.05,Millets,Clay,0.6,1369,0.43
2.21,Cotton,Clay,0.89,852,1.01
6.61,Rice,Black,0.86,964,4.82
1.67,Sugarcane,Loam,0.41,544,0.67
12.01,Maize,Black,0.86,757,7.74
10.86,Sugarcane,Clay,0.87,544,7.71
10.56,Millets,Clay,0.48,591,1.5
2.26,Wheat,Sandy,0.86,1416,1.54
13.24,Sugarcane,Loam,0.64,817,12.46
10.32,Wheat,Loam,0.94,689,5.61
10.53,Rice,Black,0.32,994,2.95
9.34,Rice,Black,0.68,673,3.76
6.28,Maize,Sandy,0.7,937,2.97
6.02,Rice,Clay,0.78,599,2.25
4.33,Rice,Sandy,0.58,615,0.99
5.08,Millets,Sandy,0.52,1089,1.15
4.1,Sugarcane,Loam,0.54,1449,5.77
12.7,Sugarcane,Black,0.9,851,16.05
13.22,Millets,Loam,0.67,1349,7.17
3.06,Cotton,Black,0.81,925,1.51
10.72,Sugarcane,Clay,0.88,423,5.99
12.73,Millets,Clay,0.64,904,3.68
9.48,Cotton,Black,0.82,592,3.04
12.34,Sugarcane,Sandy,0.6,642,5.7
2.69,Cotton,Black,0.47,940,0.78
10.01,Wheat,Clay,0.62,1226,5.33
11.18,Sugarcane,Loam,0.5,1405,14.14
3.41,Cotton,Black,0.54,916,1.11
9.21,Cotton,Clay,0.54,706,2.11
5.95,Millets,Sandy,0.46,574,0.63
6.57,Rice,Black,0.72,669,2.78
5.46,Millets,Loam,0.63,1299,2.68
8.65,Maize,Loam,0.66,631,3.89
2.62,Millets,Black,0.93,1080,1.45
11.93,Rice,Loam,0.7,1487,11.92
9.54,Wheat,Clay,0.51,1320,4.5
13.27,Wheat,Black,0.52,1429,7.59
5.36,Millets,Clay,0.64,1060,1.82
8.1,Millets,Sandy,0.63,1150,2.35
12.61,Sugarcane,Black,0.5,502,5.22
3.24,Wheat,Clay,0.88,985,1.97
2.41,Maize,Black,0.53,1109,1.4
4.61,Maize,Clay,0.63,337,0.88
10.71,Wheat,Loam,0.41,637,2.35
11.15,Sugarcane,Loam,0.6,1028,12.38
2.32,Rice,Black,0.5,1489,1.52
4.35,Sugarcane,Loam,0.43,364,1.23
9.45,Maize,Sandy,0.37,1116,2.81
2.14,Maize,Sandy,0.46,450,0.32
1.2,Maize,Loam,0.48,1279,0.8
8.52,Millets,Loam,0.71,739,2.68
4.73,Cotton,Black,0.75,1054,2.47
7.24,Cotton,Loam,0.66,1160,3.99
2.35,Sugarcane,Clay,0.88,325,1.01
12.63,Millets,Clay,0.33,613,1.28
12.32,Sugarcane,Loam,0.61,1079,14.6
13.15,Cotton,Clay,0.53,503,2.1
6.71,Cotton,Clay,0.53,830,1.77
11.32,Millets,Sandy,0.32,905,1.31
8.41,Cotton,Loam,0.57,426,1.47
10.33,Sugarcane,Sandy,0.76,867,8.17
10.25,Cotton,Clay,0.6,1264,4.66
9.99,Maize,Sandy,0.66,1199,5.69
5.17,Maize,Sandy,0.79,390,1.15
7.99,Rice,Clay,0.61,543,2.12
7.49,Millets,Black,0.64,1314,3.46
3.51,Rice,Sandy,0.79,657,1.17
12.34,Wheat,Sandy,0.67,1088,5.04
9.52,Wheat,Clay,0.46,861,2.64
5.47,Cotton,Black,0.89,495,1.59
2.75,Sugarcane,Loam,0.58,699,2.01
13.42,Rice,Loam,0.46,624,3.7
11.96,Maize,Clay,0.76,425,3.48
14.7,Rice,Clay,0.62,655,4.78
6.64,Wheat,Clay,0.51,499,1.18
13.07,Wheat,Sandy,0.8,751,4.4
5.21,Cotton,Loam,0.38,905,1.29
13.87,Rice,Loam,0.44,1291,7.56
1.89,Maize,Clay,0.92,1426,2.23
1.84,Cotton,Sandy,0.79,1144,0.8
11.89,Millets,Loam,0.77,959,5.27
11.72,Millets,Loam,0.39,738,2.02
4.3,Millets,Loam,0.68,1055,1.85
11.72,Wheat,Sandy,0.62,1373,5.59
4.94,Cotton,Loam,0.87,1465,4.53
2.26,Maize,Loam,0.63,1254,1.93
14.48,Millets,Black,0.37,644,1.9
9.45,Millets,Clay,0.48,323,0.73
10.16,Cotton,Sandy,0.81,835,3.3
11.37,Maize,Loam,0.85,1122,11.71
9.37,Cotton,Clay,0.64,1091,3.93
11.95,Sugarcane,Clay,0.85,322,4.91
6.62,Millets,Black,0.43,422,0.66
12.08,Cotton,Sandy,0.69,1234,4.94
12.55,Sugarcane,Sandy,0.42,1237,7.82
13.45,Sugarcane,Loam,0.88,1006,21.43
9.56,Wheat,Loam,0.93,1370,10.23
11.09,Rice,Loam,0.8,647,5.51
4.29,Cotton,Clay,0.65,346,0.58
4.53,Rice,Clay,0.81,854,2.51
10.46,Rice,Loam,0.44,1044,4.61
15.0,Wheat,Sandy,0.46,485,1.87
2.97,Millets,Loam,0.48,706,0.6
1.93,Sugarcane,Black,0.3,443,0.42
3.61,Maize,Clay,0.84,885,2.42
7.28,Sugarcane,Clay,0.66,1442,10.39
7.39,Cotton,Loam,0.72,310,1.19
6.36,Cotton,Black,0.89,1392,5.2
10.73,Millets,Black,0.66,303,1.18
12.37,Millets,Clay,0.79,368,1.8
4.32,Rice,Clay,0.79,450,1.23
4.95,Sugarcane,Sandy,0.41,1361,3.31
6.46,Rice,Clay,0.66,1083,3.69
12.07,Millets,Loam,0.66,1356,6.48
14.81,Wheat,Sandy,0.52,1017,4.39
13.58,Rice,Black,0.74,517,4.57
8.54,Millets,Black,0.38,984,1.76
4.4,Maize,Loam,0.95,324,1.46
3.19,Cotton,Sandy,0.42,1314,0.85
14.89,Millets,Loam,0.42,1403,5.26
14.28,Maize,Sandy,0.73,399,2.99
5.65,Rice,Black,0.54,759,2.04
12.28,Maize,Sandy,0.9,1481,11.78
7.22,Rice,Clay,0.46,514,1.37
11.31,Wheat,Loam,0.36,1166,3.99
12.42,Cotton,Loam,0.4,556,1.99
14.59,Millets,Black,0.35,811,2.28
14.41,Rice,Black,0.63,1453,11.61
3.59,Rice,Clay,0.41,1260,1.48
9.21,Rice,Black,0.36,1352,3.94
14.51,Sugarcane,Sandy,0.49,960,8.19
8.09,Wheat,Sandy,0.41,400,0.74
1.45,Cotton,Clay,0.92,986,0.79
3.27,Rice,Loam,0.41,582,0.75
2.22,Maize,Loam,0.49,879,1.03
3.73,Sugarcane,Black,0.83,553,2.82
9.29,Rice,Black,0.88,1005,7.23
9.92,Wheat,Black,0.8,1058,6.47
2.97,Rice,Loam,0.31,628,0.56
8.35,Sugarcane,Black,0.78,1165,12.52
3.69,Cotton,Sandy,0.39,307,0.21
11.45,Cotton,Sandy,0.61,929,3.11
14.82,Cotton,Loam,0.57,897,5.46
7.17,Cotton,Black,0.62,874,2.56
7.4,Millets,Black,0.85,379,1.31
2.42,Maize,Black,0.84,993,2.0
8.05,Wheat,Clay,0.36,1168,2.37
2.75,Cotton,Clay,0.74,381,0.47
7.34,Wheat,Black,0.65,1017,3.74
4.82,Sugarcane,Loam,0.8,1296,9.0
9.31,Sugarcane,Clay,0.53,1011,7.48
3.06,Rice,Loam,0.68,733,1.46
7.97,Wheat,Black,0.81,765,3.8
9.53,Maize,Black,0.72,996,6.77
4.73,Sugarcane,Black,0.47,1276,4.68
7.11,Wheat,Sandy,0.42,471,0.79
6.42,Millets,Black,0.35,634,0.78
13.95,Wheat,Black,0.38,484,1.98
10.45,Sugarcane,Loam,0.53,937,9.34
11.22,Sugarcane,Sandy,0.36,591,2.86
12.65,Cotton,Loam,0.61,743,4.13
13.97,Millets,Loam,0.55,328,1.51
13.08,Cotton,Loam,0.85,1106,8.85
5.17,Wheat,Loam,0.53,1368,3.15
3.25,Wheat,Sandy,0.42,852,0.65
10.79,Maize,Black,0.81,547,4.73
2.54,Rice,Sandy,0.85,1463,2.02
14.89,Wheat,Loam,0.84,819,8.6
12.72,Millets,Clay,0.46,1026,3.0
6.66,Rice,Sandy,0.81,983,3.39
12.77,Millets,Black,0.39,987,2.7
9.24,Sugarcane,Black,0.82,1262,15.78
10.0,Wheat,Sandy,0.5,829,2.32
14.58,Cotton,Loam,0.88,515,4.76
1.85,Cotton,Loam,0.6,336,0.27
4.48,Wheat,Sandy,0.36,613,0.55
11.44,Millets,Loam,0.53,459,1.67
9.41,Sugarcane,Sandy,0.35,1495,5.91
3.77,Rice,Clay,0.71,773,1.66
11.15,Millets,Black,0.48,608,1.79
14.0,Wheat,Black,0.84,1421,12.87
9.52,Cotton,Black,0.35,475,1.04
5.07,Maize,Black,0.91,733,3.35
11.69,Cotton,Black,0.43,1319,4.38
14.39,Millets,Loam,0.62,795,4.26
9.32,Rice,Black,0.48,794,3.13
10.56,Sugarcane,Clay,0.34,1006,5.42
5.51,Millets,Sandy,0.9,503,1.0
11.39,Maize,Clay,0.51,372,1.94
11.63,Cotton,Black,0.38,475,1.39
11.86,Cotton,Sandy,0.4,1067,2.43
3.39,Wheat,Loam,0.84,1151,2.75
10.41,Millets,Black,0.63,1396,5.04
1.42,Millets,Loam,0.65,1288,0.71
6.71,Millets,Black,0.39,748,1.08
11.31,Maize,Black,0.85,628,5.98
1.43,Rice,Black,0.83,575,0.6
7.02,Millets,Sandy,0.67,1163,2.19
10.91,Sugarcane,Clay,0.94,370,5.69
14.81,Wheat,Black,0.39,540,2.4
1.71,Millets,Black,0.91,1308,1.12
3.92,Millets,Black,0.38,360,0.29
5.31,Rice,Sandy,0.83,801,2.26
10.19,Rice,Black,0.9,1123,9.06
6.18,Maize,Sandy,0.61,1050,2.85
4.08,Sugarcane,Loam,0.85,1070,6.68
11.67,Cotton,Loam,0.6,534,2.69
3.53,Millets,Loam,0.37,733,0.57
8.19,Maize,Loam,0.41,1112,4.03
3.88,Millets,Sandy,0.38,348,0.21
8.03,Maize,Loam,0.45,1314,5.13
14.87,Sugarcane,Black,0.62,449,6.83
9.65,Maize,Clay,0.39,832,2.82
7.61,Millets,Clay,0.49,1474,2.75
11.91,Wheat,Loam,0.73,1367,9.98
4.8,Maize,Black,0.4,623,1.18
6.89,Cotton,Clay,0.45,457,0.85
10.3,Sugarcane,Clay,0.59,1486,13.55
13.7,Maize,Clay,0.5,353,2.18
6.22,Cotton,Sandy,0.63,446,0.84
4.45,Maize,Sandy,0.74,991,2.35
5.01,Rice,Loam,0.66,393,1.25
12.11,Rice,Clay,0.79,1040,7.96
1.55,Wheat,Black,0.79,1340,1.26
4.81,Rice,Black,0.93,328,1.29
14.83,Wheat,Black,0.71,1106,8.97
14.35,Maize,Loam,0.38,758,4.46
2.55,Wheat,Sandy,0.6,580,0.5
12.94,Sugarcane,Clay,0.79,1268,19.44
12.15,Millets,Black,0.58,322,1.25
3.22,Rice,Black,0.58,870,1.43
5.54,Millets,Black,0.65,844,1.67
15.0,Sugarcane,Clay,0.57,335,4.3
11.34,Wheat,Loam,0.69,507,3.33
1.62,Sugarcane,Black,0.93,1250,3.11
6.86,Sugarcane,Clay,0.34,1143,4.0
6.43,Cotton,Loam,0.47,979,2.13
14.69,Millets,Clay,0.7,411,2.11
6.61,Rice,Loam,0.89,668,3.77
5.09,Sugarcane,Sandy,0.56,976,3.34
12.61,Wheat,Loam,0.65,1489,10.25
2.1,Millets,Sandy,0.51,1171,0.5
3.82,Wheat,Loam,0.75,880,2.12
11.21,Cotton,Clay,0.67,672,3.03
6.97,Sugarcane,Clay,0.88,664,6.11
13.61,Maize,Sandy,0.38,925,3.44
9.08,Rice,Black,0.33,897,2.37
4.66,Wheat,Loam,0.54,1181,2.5
1.47,Maize,Sandy,0.41,367,0.16
3.79,Rice,Loam,0.59,869,1.87
5.87,Rice,Clay,0.87,1234,5.04
2.42,Cotton,Sandy,0.69,499,0.4
5.89,Sugarcane,Loam,0.69,325,2.38
4.18,Millets,Black,0.75,1356,2.34
7.62,Maize,Black,0.36,1245,3.38
6.03,Cotton,Loam,0.75,822,2.68
7.15,Millets,Loam,0.8,822,2.82
4.27,Sugarcane,Black,0.44,1436,4.45
12.6,Maize,Loam,0.65,1227,10.85
3.58,Millets,Sandy,0.75,547,0.59
4.54,Rice,Clay,0.78,1425,4.04
3.29,Cotton,Loam,0.34,520,0.42
8.54,Sugarcane,Sandy,0.39,893,3.57
2.66,Cotton,Loam,0.85,1136,1.85
2.85,Wheat,Clay,0.66,373,0.49
5.48,Maize,Sandy,0.47,1214,2.25
2.06,Maize,Clay,0.78,802,1.16
14.38,Wheat,Sandy,0.79,1005,6.39
8.56,Rice,Sandy,0.83,357,1.62
14.57,Cotton,Black,0.7,689,4.64
4.84,Rice,Sandy,0.32,1134,1.12
9.55,Cotton,Loam,0.54,962,3.57
10.58,Rice,Clay,0.48,1257,5.11
2.16,Rice,Loam,0.66,443,0.61
9.58,Maize,Clay,0.46,1199,4.76
12.19,Maize,Black,0.49,640,3.78
4.54,Millets,Loam,0.85,1127,2.61
10.52,Maize,Clay,0.92,565,4.92
3.98,Maize,Black,0.79,546,1.7
11.64,Millets,Black,0.51,698,2.28
9.15,Cotton,Black,0.62,1280,4.79
10.69,Maize,Loam,0.35,792,3.2
10.95,Sugarcane,Black,0.95,464,7.96
12.23,Rice,Black,0.67,1028,7.41
3.04,Wheat,Black,0.86,1205,2.43
13.11,Wheat,Sandy,0.53,1086,4.23
3.66,Rice,Black,0.71,1038,2.37
3.1,Cotton,Loam,0.85,1008,1.91
14.0,Sugarcane,Loam,0.7,306,5.4
6.89,Maize,Black,0.81,1056,5.83
9.08,Rice,Clay,0.66,598,2.87
14.18,Rice,Loam,0.86,902,10.56
2.27,Millets,Clay,0.78,704,0.62
12.37,Wheat,Clay,0.49,301,1.28
10.02,Cotton,Sandy,0.65,1259,3.94
4.96,Maize,Black,0.48,1098,2.59
3.75,Maize,Black,0.84,1281,3.99
4.96,Wheat,Black,0.47,1226,2.2
5.1,Millets,Black,0.81,1384,3.14
1.49,Sugarcane,Sandy,0.46,670,0.55
11.27,Rice,Clay,0.68,1236,7.58
12.69,Maize,Sandy,0.61,428,2.39
11.99,Millets,Loam,0.64,577,2.66
11.72,Millets,Loam,0.78,341,1.87
2.53,Maize,Black,0.5,887,1.11
10.41,Wheat,Loam,0.77,895,6.03
12.28,Wheat,Loam,0.67,690,4.77
11.56,Rice,Black,0.66,647,4.34
6.62,Millets,Clay,0.66,558,1.22
9.91,Cotton,Loam,0.42,1323,3.96
9.49,Sugarcane,Clay,0.32,524,2.39
3.58,Sugarcane,Black,0.62,747,2.74
9.2,Maize,Clay,0.51,1093,4.62
10.22,Maize,Sandy,0.39,338,0.97
7.6,Wheat,Sandy,0.71,333,1.01
2.1,Millets,Sandy,0.6,1392,0.7
13.3,Sugarcane,Black,0.81,1464,26.02
5.74,Sugarcane,Sandy,0.66,908,4.13
5.64,Cotton,Sandy,0.37,1426,1.43
14.72,Millets,Sandy,0.51,1078,3.24
3.58,Wheat,Sandy,0.31,340,0.21
7.17,Sugarcane,Black,0.43,459,2.33
11.94,Millets,Black,0.94,847,5.23
6.5,Rice,Black,0.91,1196,6.23
11.25,Rice,Sandy,0.52,894,3.35
6.87,Rice,Sandy,0.63,392,1.09
2.95,Millets,Loam,0.46,613,0.5
2.91,Millets,Sandy,0.79,1080,0.99
14.75,Sugarcane,Loam,0.4,888,9.43
4.97,Maize,Clay,0.38,432,0.73
14.3,Sugarcane,Loam,0.36,1382,12.81
13.87,Rice,Loam,0.81,1200,12.94
3.83,Wheat,Loam,0.52,1451,2.43
12.16,Rice,Loam,0.72,1314,11.04
4.9,Millets,Black,0.65,1157,2.03
11.5,Cotton,Loam,0.7,532,3.08
5.84,Maize,Sandy,0.93,681,2.66
13.35,Wheat,Loam,0.79,797,7.06
5.15,Cotton,Clay,0.44,611,0.83
2.68,Rice,Sandy,0.42,1288,0.93
6.63,Maize,Clay,0.63,1242,4.67
5.32,Maize,Loam,0.44,647,1.64
12.99,Cotton,Clay,0.57,1084,4.82
1.57,Rice,Black,0.92,1426,1.81
14.15,Millets,Loam,0.9,1024,7.82
13.01,Millets,Clay,0.95,1083,6.69
5.63,Rice,Black,0.57,513,1.45
6.37,Sugarcane,Sandy,0.5,306,1.17
4.38,Rice,Clay,0.73,1182,3.02
12.48,Rice,Black,0.58,960,6.12
10.57,Rice,Clay,0.94,1421,11.3
5.03,Rice,Black,0.63,993,2.77
11.13,Maize,Loam,0.72,310,2.68
4.86,Cotton,Clay,0.87,1025,2.6
5.2,Sugarcane,Sandy,0.74,1280,5.91
3.87,Sugarcane,Sandy,0.52,1129,2.73
8.08,Sugarcane,Sandy,0.85,1446,11.92
7.91,Sugarcane,Black,0.79,1418,14.62
5.96,Cotton,Clay,0.34,1115,1.36
3.65,Rice,Black,0.74,724,1.72
1.3,Millets,Sandy,0.68,1007,0.36
10.08,Millets,Loam,0.74,874,3.91
2.02,Millets,Sandy,0.34,468,0.13
14.08,Millets,Sandy,0.67,973,3.67
8.49,Rice,Black,0.4,898,2.68
4.83,Maize,Loam,0.38,324,0.64
9.64,Millets,Black,0.75,735,2.92
9.39,Cotton,Sandy,0.77,1358,4.71
11.51,Sugarcane,Sandy,0.36,890,4.43
7.71,Maize,Black,0.71,1237,6.7
8.81,Maize,Sandy,0.44,649,1.81
6.41,Cotton,Black,0.52,307,0.68
6.71,Wheat,Clay,0.73,1227,4.21
2.66,Rice,Sandy,0.91,1323,2.05
2.34,Wheat,Sandy,0.64,305,0.26
9.34,Maize,Sandy,0.34,761,1.74
6.88,Cotton,Clay,0.44,402,0.73
10.42,Millets,Sandy,0.4,671,1.12
4.74,Cotton,Clay,0.68,1142,2.21
2.56,Millets,Black,0.81,1055,1.2
2.46,Wheat,Sandy,0.67,882,0.81
12.26,Wheat,Black,0.51,1347,6.49
4.64,Sugarcane,Sandy,0.83,632,2.92
3.3,Maize,Loam,0.4,1037,1.48
3.01,Rice,Clay,0.5,1043,1.26
6.31,Maize,Loam,0.94,1413,9.05
1.73,Wheat,Sandy,0.34,691,0.23
6.17,Rice,Black,0.65,1375,4.85
2.57,Sugarcane,Clay,0.62,785,1.88
14.19,Sugarcane,Black,0.51,1278,15.26
11.09,Sugarcane,Loam,0.4,611,4.88
1.72,Maize,Clay,0.62,1056,1.01
10.35,Sugarcane,Loam,0.34,722,4.57
7.25,Rice,Sandy,0.56,330,0.86
2.25,Rice,Black,0.84,632,1.05
2.43,Sugarcane,Loam,0.62,640,1.74
11.36,Maize,Clay,0.79,1062,8.58
14.88,Rice,Sandy,0.59,317,1.78
2.63,Rice,Clay,0.93,1273,2.49
13.6,Maize,Clay,0.62,532,4.04
13.46,Cotton,Clay,0.91,523,3.84
8.12,Cotton,Clay,0.73,441,1.57
6.53,Millets,Loam,0.82,766,2.46
5.3,Maize,Clay,0.44,935,1.96
8.04,Maize,Clay,0.83,310,1.86
2.79,Rice,Clay,0.6,658,0.88
1.94,Cotton,Black,0.9,1463,1.69
4.88,Rice,Sandy,0.92,1163,3.34
6.99,Millets,Clay,0.32,771,0.86
11.16,Maize,Clay,0.87,1445,12.63
14.27,Wheat,Sandy,0.41,636,2.08
14.76,Sugarcane,Black,0.63,506,7.76
6.67,Maize,Clay,0.44,770,2.03
10.79,Cotton,Sandy,0.81,518,2.17
12.49,Maize,Sandy,0.38,1005,3.43
4.52,Rice,Sandy,0.5,427,0.62
11.88,Millets,Clay,0.37,701,1.54
12.87,Rice,Sandy,0.73,388,2.33
8.18,Sugarcane,Loam,0.69,564,5.73
2.79,Cotton,Loam,0.41,529,0.44
4.43,Maize,Sandy,0.55,1323,2.32
5.25,Wheat,Loam,0.47,581,1.2
5.22,Sugarcane,Black,0.83,357,2.55
14.42,Rice,Clay,0.59,451,3.07
11.18,Rice,Sandy,0.6,1209,5.19
10.34,Rice,Black,0.37,961,3.24
6.06,Rice,Clay,0.76,1020,3.76
11.59,Sugarcane,Clay,0.7,1466,17.84
13.47,Rice,Sandy,0.61,561,2.95
2.41,Maize,Black,0.33,525,0.41
7.13,Sugarcane,Loam,0.78,711,7.12
5.79,Wheat,Sandy,0.7,543,1.23
8.64,Maize,Sandy,0.38,887,2.1
8.61,Wheat,Black,0.92,1304,7.95
5.46,Millets,Black,0.44,1272,1.68
4.82,Wheat,Sandy,0.84,1274,2.89
5.32,Maize,Loam,0.73,927,3.89
9.1,Rice,Clay,0.87,985,6.24
1.7,Wheat,Sandy,0.86,572,0.47
11.48,Wheat,Clay,0.64,899,4.62
14.69,Sugarcane,Sandy,0.47,546,4.52
11.45,Rice,Black,0.77,1362,10.57
4.4,Maize,Black,0.85,372,1.38
8.55,Maize,Black,0.55,887,4.13
6.38,Sugarcane,Black,0.56,561,3.31
12.71,Cotton,Sandy,0.7,666,2.84
1.38,Rice,Black,0.67,680,0.55
11.78,Cotton,Black,0.4,805,2.5
13.27,Wheat,Loam,0.67,1076,8.04
9.15,Wheat,Clay,0.53,773,2.62
5.97,Rice,Black,0.33,407,0.71
6.43,Rice,Black,0.58,927,3.04
3.13,Rice,Loam,0.44,646,0.85
3.6,Sugarcane,Loam,0.92,1348,8.04
7.72,Millets,Black,0.46,1417,2.77
6.36,Maize,Sandy,0.4,1477,2.71
3.35,Cotton,Sandy,0.32,1286,0.66
9.5,Cotton,Sandy,0.55,950,2.38
3.05,Sugarcane,Loam,0.62,626,2.13
4.16,Wheat,Black,0.33,445,0.47
13.54,Rice,Black,0.58,333,2.3
7.42,Wheat,Loam,0.76,1327,6.29
9.43,Maize,Clay,0.33,1289,3.61
11.69,Millets,Sandy,0.91,822,3.5
12.83,Wheat,Loam,0.36,1499,5.82
13.5,Sugarcane,Clay,0.33,1336,8.93
11.21,Cotton,Black,0.84,417,2.59
9.59,Sugarcane,Black,0.75,1117,13.26
14.97,Rice,Clay,0.73,722,6.31
4.44,Wheat,Sandy,0.51,921,1.17
2.35,Rice,Clay,0.63,1125,1.33
8.83,Maize,Clay,0.87,932,6.44
9.15,Millets,Loam,0.44,845,2.04
2.8,Cotton,Black,0.94,833,1.45
9.07,Cotton,Loam,0.64,942,3.94
10.43,Wheat,Clay,0.67,444,2.17
11.26,Millets,Clay,0.32,1223,2.2
9.86,Cotton,Clay,0.41,979,2.37
14.38,Wheat,Sandy,0.4,1064,3.43
6.72,Wheat,Clay,0.76,724,2.59
12.18,Sugarcane,Sandy,0.69,983,9.91
14.61,Cotton,Black,0.45,831,3.61
11.2,Millets,Clay,0.73,1333,5.45
7.6,Millets,Clay,0.73,1418,3.93
4.3,Cotton,Clay,0.59,533,0.81
9.81,Cotton,Clay,0.68,937,3.75
5.29,Cotton,Clay,0.39,1492,1.85
1.29,Cotton,Clay,0.4,631,0.2
10.26,Cotton,Black,0.54,1068,3.91
1.98,Wheat,Black,0.34,1245,0.65
11.71,Wheat,Clay,0.36,1477,4.36
8.47,Cotton,Black,0.51,777,2.22
14.52,Wheat,Loam,0.47,561,3.22
11.44,Maize,Clay,0.46,1419,6.72
11.23,Millets,Loam,0.88,576,3.42
14.72,Wheat,Sandy,0.56,1325,6.12
1.08,Maize,Sandy,0.68,1452,0.77
2.76,Maize,Sandy,0.76,518,0.78
1.49,Maize,Loam,0.37,966,0.58
3.62,Cotton,Clay,0.37,1321,1.06
5.96,Wheat,Clay,0.33,547,0.75
13.19,Rice,Black,0.67,531,4.13
3.58,Wheat,Loam,0.49,1497,2.21
1.41,Cotton,Loam,0.89,448,0.4
1.35,Maize,Black,0.71,867,0.82
14.77,Wheat,Sandy,0.62,316,1.62
11.07,Millets,Black,0.86,1497,7.84
13.05,Millets,Loam,0.49,847,3.25
4.7,Maize,Black,0.38,1180,2.09
5.78,Sugarcane,Black,0.93,464,4.12
11.52,Millets,Black,0.37,763,1.79
5.48,Cotton,Sandy,0.33,545,0.47
4.18,Maize,Sandy,0.84,745,1.88
7.44,Maize,Clay,0.63,1354,5.71
6.83,Millets,Black,0.86,939,3.03
9.58,Maize,Sandy,0.81,1071,5.98
2.07,Sugarcane,Black,0.79,889,2.4
6.22,Sugarcane,Loam,0.47,350,1.84
11.0,Maize,Sandy,0.78,1084,6.7
8.53,Wheat,Loam,0.46,642,2.12
5.44,Rice,Loam,0.76,869,3.45
11.86,Sugarcane,Loam,0.31,1323,8.76
9.67,Maize,Loam,0.48,1317,6.6
3.5,Rice,Black,0.56,967,1.67
11.5,Maize,Sandy,0.32,1406,3.73
11.35,Millets,Loam,0.63,420,1.8
4.18,Cotton,Sandy,0.65,407,0.53
4.77,Sugarcane,Loam,0.6,1163,5.99
3.53,Cotton,Black,0.77,341,0.61
10.29,Maize,Clay,0.59,501,2.74
4.16,Rice,Sandy,0.84,1188,2.66
6.67,Maize,Clay,0.44,537,1.42
13.36,Sugarcane,Loam,0.47,1294,14.63
2.6,Millets,Loam,0.36,748,0.42
10.2,Cotton,Black,0.33,1076,2.39
7.63,Maize,Clay,0.65,1456,6.5
13.64,Rice,Clay,0.89,887,8.61
8.24,Sugarcane,Sandy,0.62,681,4.17
5.96,Rice,Sandy,0.66,1007,2.54
2.47,Wheat,Sandy,0.59,618,0.5
8.81,Wheat,Black,0.59,1229,4.92
14.29,Wheat,Loam,0.93,1450,16.19
1.11,Sugarcane,Black,0.66,776,0.94
9.57,Cotton,Clay,0.53,430,1.31
9.71,Rice,Clay,0.88,459,3.14
10.29,Maize,Black,0.93,649,6.15
4.09,Maize,Loam,0.37,1426,2.33
1.22,Sugarcane,Black,0.88,622,1.1
14.71,Sugarcane,Clay,0.66,1131,16.47
13.98,Maize,Sandy,0.9,1425,12.91
13.03,Millets,Loam,0.32,405,1.01
6.9,Cotton,Loam,0.44,377,0.82
3.05,Millets,Black,0.35,1256,0.74
1.96,Wheat,Clay,0.59,468,0.38
10.87,Maize,Black,0.49,411,2.17
11.78,Sugarcane,Black,0.58,1291,14.55
2.75,Cotton,Loam,0.8,637,1.01
2.27,Wheat,Clay,0.42,959,0.64
9.68,Sugarcane,Sandy,0.37,406,1.74
12.84,Wheat,Black,0.71,626,4.39
8.55,Maize,Sandy,0.78,1406,6.75
3.68,Wheat,Sandy,0.38,896,0.7
7.94,Rice,Clay,0.43,1114,3.04
12.34,Cotton,Sandy,0.43,842,2.14
4.44,Millets,Loam,0.46,1073,1.31
14.16,Maize,Black,0.38,453,2.41
13.88,Rice,Clay,0.71,627,4.94
14.59,Wheat,Clay,0.43,415,1.82
1.83,Millets,Sandy,0.38,1305,0.36
9.89,Maize,Clay,0.83,1479,10.93
8.53,Cotton,Loam,0.91,1310,7.32
12.55,Rice,Sandy,0.62,1155,5.75
5.54,Sugarcane,Loam,0.39,1360,5.29
14.29,Millets,Loam,0.95,956,7.79
7.46,Sugarcane,Clay,0.32,417,1.49
5.2,Cotton,Black,0.64,657,1.44
1.69,Wheat,Loam,0.42,914,0.54
7.26,Cotton,Sandy,0.8,1067,2.97
7.92,Cotton,Clay,0.48,1128,2.57
5.63,Rice,Clay,0.43,936,1.81
12.39,Maize,Sandy,0.58,1285,6.65
3.22,Rice,Clay,0.37,999,0.95
11.3,Wheat,Black,0.79,322,2.21
11.73,Rice,Black,0.83,1010,8.65
2.67,Millets,Clay,0.9,400,0.48
14.91,Wheat,Black,0.86,1378,13.61
12.42,Sugarcane,Black,0.34,1204,8.39
6.95,Sugarcane,Sandy,0.75,686,4.29
13.41,Sugarcane,Sandy,0.54,337,2.93
9.94,Sugarcane,Sandy,0.62,947,7.0
13.04,Cotton,Clay,0.58,430,1.95
1.64,Sugarcane,Sandy,0.91,987,1.77
6.33,Sugarcane,Black,0.44,1160,5.33
7.78,Rice,Sandy,0.59,374,1.1
9.02,Millets,Sandy,0.72,646,1.68
12.43,Cotton,Sandy,0.94,441,2.47
11.95,Wheat,Loam,0.3,1354,4.08
4.31,Rice,Loam,0.4,692,1.15
14.5,Cotton,Sandy,0.63,1295,5.68
9.42,Maize,Sandy,0.76,888,4.58
3.79,Millets,Black,0.42,1249,1.09
14.99,Wheat,Black,0.37,562,2.4
10.88,Cotton,Loam,0.49,1137,4.36
6.78,Maize,Black,0.87,628,3.67
14.04,Maize,Black,0.56,910,7.08
1.29,Millets,Clay,0.31,1105,0.22
12.15,Sugarcane,Loam,0.47,1049,10.78
4.16,Sugarcane,Clay,0.43,498,1.34
7.13,Millets,Black,0.82,1121,3.6
5.22,Rice,Loam,0.41,428,0.88
2.21,Millets,Black,0.66,601,0.48
14.1,Rice,Black,0.48,911,5.43
4.45,Millets,Clay,0.44,770,0.75
8.8,Cotton,Clay,0.74,631,2.47
10.02,Rice,Black,0.77,1325,9.0
14.15,Millets,Loam,0.66,427,2.39
12.84,Maize,Black,0.79,1330,13.36
5.17,Cotton,Loam,0.55,1128,2.31
10.52,Millets,Sandy,0.51,963,2.07
11.59,Wheat,Clay,0.83,521,3.51
13.39,Maize,Sandy,0.89,867,7.44
8.95,Maize,Black,0.45,1251,4.99
13.66,Sugarcane,Sandy,0.34,519,2.89
12.45,Millets,Clay,0.62,391,1.51
1.54,Rice,Black,0.93,425,0.54
3.03,Cotton,Black,0.79,1450,2.29
6.53,Cotton,Loam,0.72,1278,4.33
7.98,Cotton,Black,0.7,563,2.08
7.13,Maize,Loam,0.81,547,3.41
8.37,Sugarcane,Sandy,0.32,997,3.2
3.59,Maize,Black,0.52,821,1.52
13.04,Wheat,Loam,0.77,868,7.32
4.83,Wheat,Black,0.67,724,1.8
14.17,Cotton,Clay,0.68,1363,7.88
10.79,Maize,Black,0.81,610,5.28
12.74,Maize,Clay,0.32,730,2.68
3.24,Millets,Clay,0.39,864,0.55
6.66,Sugarcane,Sandy,0.31,1452,3.6
4.83,Cotton,Black,0.89,1187,3.37
9.71,Cotton,Sandy,0.53,1104,2.73
13.52,Cotton,Sandy,0.93,464,2.8
14.25,Wheat,Sandy,0.91,571,4.15
4.97,Maize,Sandy,0.93,1080,3.59
9.53,Millets,Sandy,0.8,317,0.97
9.08,Sugarcane,Loam,0.5,826,6.75
2.68,Wheat,Black,0.67,1250,1.73
4.96,Cotton,Loam,0.4,839,1.2
4.86,Cotton,Loam,0.44,504,0.78
1.11,Wheat,Black,0.51,988,0.43
4.99,Sugarcane,Clay,0.8,799,4.78
13.66,Wheat,Sandy,0.72,1202,6.62
6.96,Cotton,Sandy,0.72,1410,3.39
4.93,Maize,Clay,0.77,999,3.41
4.1,Rice,Black,0.44,1189,1.89
1.35,Cotton,Clay,0.83,543,0.37
12.69,Millets,Clay,0.31,355,0.7
11.26,Rice,Sandy,0.39,1189,3.34
14.28,Rice,Loam,0.45,517,3.19
10.14,Millets,Black,0.77,1031,4.43
11.26,Rice,Sandy,0.82,475,2.81
12.6,Millets,Sandy,0.33,827,1.38
7.08,Sugarcane,Sandy,0.93,997,7.88
10.45,Maize,Loam,0.93,702,7.37
8.17,Cotton,Loam,0.34,462,0.92
3.4,Wheat,Clay,0.77,941,1.72
6.38,Maize,Black,0.66,1067,4.45
5.6,Millets,Sandy,0.76,519,0.88
2.57,Maize,Loam,0.57,903,1.43
7.76,Millets,Clay,0.58,434,0.98
13.6,Rice,Clay,0.91,827,8.19
11.57,Rice,Sandy,0.45,1114,3.71
14.93,Rice,Sandy,0.63,1062,6.39
5.21,Wheat,Sandy,0.62,635,1.15
13.31,Maize,Clay,0.95,1278,14.54
2.13,Cotton,Clay,0.76,1292,1.25
8.74,Maize,Black,0.57,321,1.58
13.45,Wheat,Sandy,0.8,922,5.56
9.0,Millets,Sandy,0.56,839,1.69
6.39,Cotton,Clay,0.43,1281,2.11
6.64,Wheat,Black,0.61,763,2.38
7.13,Wheat,Loam,0.8,1018,4.88
2.7,Maize,Clay,0.68,501,0.83
1.17,Wheat,Sandy,0.37,920,0.22
1.15,Rice,Sandy,0.85,363,0.23
13.5,Sugarcane,Black,0.73,1354,22.02
11.52,Rice,Loam,0.6,917,6.08
13.28,Rice,Clay,0.86,1230,11.24
1.22,Millets,Loam,0.74,636,0.34
4.97,Sugarcane,Loam,0.35,512,1.6
1.84,Maize,Black,0.61,939,1.04
5.69,Maize,Loam,0.67,1473,6.06
11.31,Wheat,Black,0.42,440,1.61
10.63,Cotton,Clay,0.61,667,2.6
1.33,Wheat,Black,0.65,1439,0.96
4.86,Maize,Clay,0.86,983,3.7
4.6,Sugarcane,Sandy,0.68,749,2.81
3.21,Maize,Loam,0.36,1233,1.54
2.01,Sugarcane,Sandy,0.63,492,0.75
10.84,Maize,Sandy,0.5,1169,4.56
11.31,Wheat,Loam,0.87,517,4.27
12.28,Wheat,Loam,0.52,1325,7.11
8.22,Millets,Black,0.9,1357,5.52
12.36,Sugarcane,Black,0.43,743,6.52
1.73,Wheat,Sandy,0.88,415,0.35
14.01,Sugarcane,Loam,0.67,710,12.0
4.23,Sugarcane,Sandy,0.87,960,4.24
8.36,Millets,Loam,0.45,1281,2.89
7.6,Sugarcane,Black,0.37,1269,5.89
10.78,Maize,Sandy,0.82,309,1.97
3.81,Maize,Sandy,0.51,1141,1.6
9.64,Rice,Sandy,0.33,493,1.0
9.55,Maize,Black,0.72,554,3.77
12.66,Rice,Sandy,0.63,467,2.38
10.94,Sugarcane,Sandy,0.8,1015,10.66
12.06,Sugarcane,Clay,0.73,1482,19.57
7.72,Sugarcane,Sandy,0.77,1001,7.14
6.01,Wheat,Clay,0.4,1255,2.11
5.38,Cotton,Sandy,0.34,1029,0.9
3.85,Maize,Sandy,0.59,549,0.9
8.81,Wheat,Loam,0.92,306,2.08
12.28,Rice,Loam,0.4,887,4.18
8.26,Millets,Clay,0.3,357,0.44
13.34,Cotton,Loam,0.76,1360,9.93
12.37,Cotton,Sandy,0.3,362,0.64
14.21,Rice,Sandy,0.95,1221,10.55
9.24,Rice,Black,0.68,1385,7.66
13.04,Wheat,Sandy,0.44,388,1.25
2.12,Cotton,Black,0.88,1375,1.69
9.42,Millets,Sandy,0.37,886,1.24
8.08,Wheat,Sandy,0.46,885,1.84
2.83,Cotton,Sandy,0.85,1119,1.29
1.16,Sugarcane,Loam,0.39,797,0.65
4.0,Sugarcane,Loam,0.31,807,1.8
12.52,Maize,Black,0.74,409,3.75
5.48,Cotton,Black,0.51,939,1.73
8.76,Maize,Sandy,0.4,653,1.65
11.11,Cotton,Black,0.4,1333,3.91
5.18,Cotton,Black,0.74,970,2.45
12.73,Wheat,Loam,0.61,1128,7.36
11.99,Cotton,Loam,0.48,781,3.24
2.53,Maize,Sandy,0.83,1389,2.1
9.36,Sugarcane,Clay,0.45,1152,7.28
5.79,Rice,Loam,0.58,443,1.43
14.2,Rice,Loam,0.91,376,4.66
5.51,Cotton,Black,0.54,710,1.39
6.54,Millets,Clay,0.65,564,1.2
11.21,Cotton,Sandy,0.79,1252,5.32
14.62,Rice,Sandy,0.66,771,4.76
5.47,Sugarcane,Clay,0.45,734,2.71
9.43,Rice,Clay,0.39,570,1.68
12.32,Rice,Black,0.9,581,5.67
9.93,Sugarcane,Loam,0.77,459,6.32
5.55,Millets,Clay,0.72,775,1.55
7.96,Maize,Sandy,0.65,426,1.59
7.6,Wheat,Loam,0.32,1050,2.15
7.64,Millets,Black,0.77,982,3.18
10.8,Sugarcane,Loam,0.46,403,3.6
14.14,Wheat,Loam,0.82,1060,10.32
13.14,Maize,Loam,0.4,993,5.64
10.78,Millets,Sandy,0.92,932,3.7
12.53,Wheat,Clay,0.75,1054,6.93
4.02,Rice,Loam,0.92,1368,4.86
7.65,Rice,Black,0.38,1272,3.25
8.75,Rice,Sandy,0.69,601,2.32
3.36,Cotton,Clay,0.65,1258,1.65
2.98,Millets,Loam,0.61,1151,1.26
3.39,Sugarcane,Black,0.37,1128,2.33
13.9,Sugarcane,Clay,0.39,356,2.89
2.43,Cotton,Sandy,0.89,1128,1.17
3.55,Millets,Black,0.7,1321,1.81
11.88,Cotton,Clay,0.72,1302,6.68
11.35,Rice,Sandy,0.46,526,1.76
4.32,Cotton,Sandy,0.64,358,0.48
7.77,Maize,Loam,0.3,1093,2.75
2.62,Millets,Loam,0.74,945,1.1
9.59,Wheat,Loam,0.9,1451,10.52
7.22,Cotton,Loam,0.59,573,1.76
6.64,Rice,Clay,0.47,878,2.19
8.74,Rice,Clay,0.5,1090,3.81
14.3,Cotton,Loam,0.51,786,4.13
7.8,Wheat,Black,0.4,450,1.08
7.98,Rice,Loam,0.34,1471,3.83
5.82,Rice,Sandy,0.89,926,3.07
8.55,Cotton,Clay,0.55,693,1.96
13.58,Wheat,Black,0.79,1109,9.16
1.33,Millets,Black,0.3,829,0.18
11.31,Sugarcane,Clay,0.95,434,6.99
5.76,Wheat,Black,0.69,820,2.51
2.96,Maize,Black,0.69,654,1.32
12.38,Rice,Clay,0.77,498,3.8
10.09,Maize,Black,0.64,1361,8.7
12.29,Wheat,Loam,0.92,366,3.48
12.69,Rice,Sandy,0.51,1451,6.01
11.95,Rice,Black,0.34,570,2.04
1.39,Millets,Black,0.88,320,0.22
4.02,Maize,Clay,0.73,745,1.97
3.9,Millets,Sandy,0.52,835,0.68
3.32,Maize,Sandy,0.31,827,0.61
8.42,Wheat,Clay,0.64,718,2.71
8.13,Sugarcane,Loam,0.83,1151,13.98
11.22,Wheat,Loam,0.32,776,2.34
1.41,Cotton,Sandy,0.44,689,0.21
10.03,Maize,Loam,0.44,1241,5.91
8.93,Millets,Loam,0.5,842,2.26
11.07,Wheat,Loam,0.53,733,3.61
5.17,Rice,Sandy,0.75,1411,3.5
9.7,Maize,Clay,0.3,1415,3.71
11.68,Maize,Black,0.34,803,3.16
2.08,Rice,Loam,0.3,1013,0.61
10.69,Sugarcane,Black,0.46,1258,10.21
7.83,Maize,Black,0.48,1445,5.38
3.75,Millets,Black,0.48,796,0.79
14.01,Cotton,Loam,0.47,597,2.83
5.78,Rice,Loam,0.94,1326,6.92
4.88,Millets,Black,0.46,1408,1.74
14.67,Millets,Clay,0.35,469,1.2
13.31,Rice,Loam,0.77,1056,10.39
11.87,Sugarcane,Loam,0.81,1182,20.46
1.13,Cotton,Clay,0.6,456,0.19
2.91,Cotton,Black,0.43,604,0.5
14.1,Wheat,Sandy,0.92,1048,7.61
14.63,Maize,Loam,0.51,353,2.84
10.53,Rice,Loam,0.54,923,5.04
12.32,Cotton,Sandy,0.88,747,3.89
2.59,Millets,Black,0.47,1228,0.82
14.02,Maize,Sandy,0.78,1092,8.6
3.56,Rice,Loam,0.74,598,1.51
1.95,Maize,Black,0.44,342,0.29
13.3,Cotton,Sandy,0.85,500,2.71
2.0,Rice,Black,0.44,1172,0.91
10.92,Sugarcane,Black,0.82,1307,19.31
12.87,Maize,Loam,0.92,607,7.76
6.86,Wheat,Clay,0.39,590,1.1
5.52,Sugarcane,Sandy,0.37,905,2.22
12.3,Cotton,Clay,0.67,945,4.67
11.83,Sugarcane,Black,0.45,1226,10.77
6.66,Maize,Sandy,0.71,554,1.89
4.01,Cotton,Sandy,0.4,1173,0.9
6.13,Cotton,Clay,0.82,530,1.6
1.8,Wheat,Sandy,0.52,802,0.42
12.58,Cotton,Loam,0.9,346,2.82
3.4,Cotton,Black,0.33,414,0.31
13.46,Cotton,Sandy,0.6,351,1.36
6.18,Maize,Loam,0.86,1110,6.37
1.55,Maize,Clay,0.47,1360,0.89
11.16,Wheat,Sandy,0.76,1500,7.12
11.59,Rice,Sandy,0.74,1201,6.59
13.0,Wheat,Sandy,0.63,712,3.27
8.31,Sugarcane,Loam,0.63,1232,11.61
5.75,Rice,Black,0.84,994,4.22
2.01,Rice,Clay,0.87,346,0.48
7.2,Maize,Black,0.48,1469,5.03
9.84,Millets,Clay,0.54,438,1.16
6.6,Rice,Black,0.86,1118,5.58
3.52,Wheat,Clay,0.53,1252,1.64
14.02,Sugarcane,Sandy,0.89,781,11.69
6.8,Sugarcane,Black,0.84,1206,11.37
7.51,Wheat,Clay,0.33,307,0.53
3.76,Maize,Black,0.53,899,1.77
5.53,Millets,Black,0.61,576,1.07
7.07,Cotton,Clay,0.83,1064,3.75
9.15,Wheat,Black,0.65,804,3.68
7.08,Sugarcane,Loam,0.68,736,6.38
3.93,Cotton,Clay,0.43,425,0.43
8.13,Millets,Clay,0.48,937,1.83
5.5,Sugarcane,Clay,0.79,341,2.22
2.14,Wheat,Clay,0.79,1195,1.41
12.09,Cotton,Sandy,0.55,502,1.6
3.59,Wheat,Clay,0.44,485,0.54
9.94,Rice,Loam,0.6,615,3.52
14.5,Sugarcane,Clay,0.85,1212,22.41
8.19,Wheat,Loam,0.7,1413,6.8
8.37,Rice,Sandy,0.91,589,2.87
6.44,Wheat,Black,0.53,446,1.17
8.38,Maize,Clay,0.48,502,1.82
1.55,Wheat,Sandy,0.7,633,0.38
14.6,Maize,Sandy,0.53,387,2.16
1.35,Millets,Black,0.42,687,0.21
1.29,Maize,Sandy,0.55,1101,0.56
9.91,Maize,Loam,0.68,1439,10.47
14.98,Cotton,Sandy,0.63,902,4.09
5.63,Rice,Clay,0.38,1446,2.47
2.96,Wheat,Loam,0.46,1261,1.44
6.36,Wheat,Sandy,0.43,473,0.72
14.18,Cotton,Sandy,0.3,365,0.75
12.87,Wheat,Loam,0.33,1183,4.22
3.73,Rice,Clay,0.71,455,0.96
13.11,Rice,Clay,0.84,416,3.66
6.57,Sugarcane,Clay,0.72,1210,8.59
2.05,Wheat,Black,0.7,997,1.1
1.28,Maize,Clay,0.82,773,0.73
6.95,Rice,Loam,0.95,1013,6.42
10.96,Sugarcane,Black,0.55,649,6.46
11.65,Rice,Black,0.62,1168,7.42
10.35,Millets,Black,0.6,922,3.15
11.06,Rice,Black,0.55,426,2.28
4.92,Millets,Clay,0.73,590,1.06
12.29,Maize,Clay,0.57,433,2.73
7.42,Sugarcane,Loam,0.95,851,10.8
7.31,Wheat,Loam,0.8,909,4.47
1.56,Wheat,Loam,0.84,486,0.53
14.86,Rice,Loam,0.67,825,7.89
9.03,Cotton,Clay,0.6,1025,3.33
8.49,Sugarcane,Loam,0.66,1264,12.75
11.99,Rice,Sandy,0.93,1269,9.06
13.62,Maize,Sandy,0.54,422,2.23
14.25,Maize,Loam,0.39,962,5.77
11.26,Cotton,Loam,0.37,365,1.09
10.28,Wheat,Loam,0.52,985,4.42
1.73,Rice,Loam,0.76,778,0.98
14.08,Wheat,Sandy,0.55,1443,6.26
4.37,Sugarcane,Loam,0.78,632,3.88
11.38,Maize,Loam,0.36,644,2.85
10.39,Wheat,Loam,0.94,1387,11.38
10.21,Cotton,Loam,0.69,598,3.03
12.61,Cotton,Black,0.79,913,6.0
10.78,Millets,Sandy,0.92,450,1.79
12.88,Sugarcane,Clay,0.7,791,10.7
13.98,Maize,Loam,0.87,1306,17.16
5.64,Maize,Loam,0.6,948,3.46
12.17,Millets,Black,0.45,727,2.19
6.98,Rice,Sandy,0.43,1089,2.09
8.06,Maize,Sandy,0.51,349,1.03
9.81,Maize,Loam,0.58,826,5.08
1.7,Rice,Loam,0.53,990,0.86
2.03,Rice,Black,0.84,909,1.36
8.88,Cotton,Clay,0.58,1463,4.52
12.68,Rice,Black,0.52,741,4.3
12.33,Sugarcane,Clay,0.8,686,10.15
13.66,Millets,Black,0.45,944,3.19
10.54,Maize,Black,0.58,346,2.09
1.98,Millets,Sandy,0.48,1123,0.43
9.56,Rice,Sandy,0.73,628,2.8
11.58,Wheat,Clay,0.88,1157,8.25
11.66,Sugarcane,Sandy,0.92,786,10.12
2.2,Maize,Loam,0.85,396,0.8
4.66,Wheat,Sandy,0.32,1447,1.21
2.71,Wheat,Clay,0.7,466,0.62
9.97,Cotton,Sandy,0.61,759,2.22
13.9,Rice,Sandy,0.74,436,2.87
10.66,Cotton,Loam,0.76,530,3.09
11.75,Rice,Sandy,0.59,1062,4.71
8.99,Wheat,Clay,0.86,789,4.27
2.02,Wheat,Clay,0.77,1110,1.21
12.18,Cotton,Black,0.86,486,3.36
10.99,Sugarcane,Sandy,0.92,905,10.98
3.26,Cotton,Sandy,0.5,796,0.62
2.02,Rice,Sandy,0.84,907,0.98
1.66,Sugarcane,Clay,0.61,956,1.45
2.23,Millets,Black,0.47,708,0.41
6.66,Maize,Black,0.5,1202,3.96
5.93,Sugarcane,Clay,0.76,735,4.97
13.57,Millets,Black,0.85,884,5.61
11.07,Sugarcane,Sandy,0.94,1137,14.2
8.9,Rice,Black,0.64,323,1.62
8.46,Millets,Loam,0.76,858,3.31
3.93,Maize,Loam,0.62,1075,2.83
6.99,Cotton,Black,0.67,503,1.55
3.14,Maize,Loam,0.62,373,0.78
10.37,Wheat,Black,0.53,474,2.01
9.52,Wheat,Loam,0.32,738,1.89
12.43,Cotton,Sandy,0.45,1102,2.96
13.73,Millets,Clay,0.88,1029,6.22
7.94,Rice,Sandy,0.42,1110,2.37
1.42,Wheat,Black,0.36,356,0.14
2.05,Millets,Clay,0.77,650,0.51
5.78,Cotton,Clay,0.31,915,0.98
2.82,Wheat,Clay,0.56,1256,1.39
6.7,Rice,Black,0.66,495,1.93
7.77,Wheat,Sandy,0.75,816,2.66
13.51,Rice,Clay,0.62,1368,9.17
5.59,Millets,Clay,0.65,691,1.26
7.95,Rice,Clay,0.46,320,0.94
10.76,Sugarcane,Sandy,0.64,1185,9.79
13.13,Rice,Black,0.74,966,8.26
7.78,Sugarcane,Clay,0.31,994,3.6
10.38,Sugarcane,Loam,0.72,869,11.69
8.19,Cotton,Clay,0.86,918,3.88
1.21,Sugarcane,Black,0.64,654,0.84
4.38,Rice,Clay,0.56,1280,2.51
11.33,Millets,Loam,0.67,744,3.39
3.27,Wheat,Clay,0.5,1368,1.57
6.63,Maize,Sandy,0.54,687,1.77
8.75,Wheat,Loam,0.73,958,5.14
2.82,Sugarcane,Clay,0.87,1040,3.83
1.73,Cotton,Sandy,0.35,629,0.18
8.23,Millets,Sandy,0.54,1479,2.63
1.37,Wheat,Sandy,0.92,926,0.65
6.88,Sugarcane,Black,0.37,380,1.6
13.28,Sugarcane,Black,0.65,1156,16.46
7.02,Rice,Sandy,0.55,1452,3.59
7.49,Cotton,Black,0.53,567,1.49
1.28,Rice,Clay,0.73,1050,0.78
5.07,Rice,Loam,0.63,1460,4.48
5.34,Maize,Loam,0.93,490,2.63
1.33,Maize,Loam,0.77,1230,1.36
13.16,Rice,Black,0.44,1013,5.16
10.66,Sugarcane,Black,0.31,953,5.2
5.19,Maize,Sandy,0.83,1483,4.6
2.4,Cotton,Sandy,0.34,818,0.32
12.1,Cotton,Clay,0.56,610,2.48
5.02,Rice,Black,0.38,870,1.46
12.81,Sugarcane,Loam,0.62,859,12.28
7.88,Maize,Clay,0.37,626,1.64
14.98,Rice,Black,0.7,733,6.76
7.5,Maize,Loam,0.76,1171,7.21
10.91,Wheat,Sandy,0.79,698,3.37
9.68,Rice,Clay,0.64,818,4.05
10.81,Sugarcane,Sandy,0.32,637,2.64
1.25,Cotton,Loam,0.58,975,0.51
2.37,Sugarcane,Loam,0.51,851,1.85
11.69,Rice,Clay,0.75,1384,9.71
4.69,Maize,Loam,0.79,365,1.46
8.5,Wheat,Loam,0.46,791,2.6
3.05,Wheat,Black,0.72,825,1.4
11.21,Cotton,Loam,0.85,354,2.43
3.75,Maize,Loam,0.89,661,2.38
3.98,Sugarcane,Clay,0.7,815,3.41
12.19,Millets,Sandy,0.61,323,0.96
1.21,Wheat,Sandy,0.68,1481,0.68
12.76,Cotton,Loam,0.85,1242,9.7
11.95,Millets,Sandy,0.37,1058,1.87
1.11,Sugarcane,Sandy,0.36,842,0.4
14.02,Sugarcane,Clay,0.75,744,11.73
3.37,Wheat,Sandy,0.8,1249,1.89
10.2,Cotton,Black,0.62,510,2.13
13.08,Rice,Loam,0.84,905,9.55
11.59,Rice,Clay,0.51,1246,5.89
2.14,Maize,Loam,0.67,464,0.72
11.43,Sugarcane,Loam,0.36,913,6.76
3.85,Maize,Sandy,0.49,878,1.19
3.05,Rice,Clay,0.52,380,0.48
10.75,Maize,Loam,0.45,1121,5.86
9.2,Maize,Black,0.4,1391,5.07
13.75,Maize,Loam,0.45,789,5.27
1.8,Cotton,Sandy,0.79,967,0.66
13.03,Millets,Loam,0.85,911,6.05
8.54,Rice,Clay,0.77,1165,6.13
4.59,Maize,Sandy,0.53,996,1.74
8.37,Cotton,Loam,0.87,941,4.93
14.36,Millets,Black,0.34,1044,2.8
11.18,Cotton,Clay,0.56,394,1.48
6.55,Maize,Sandy,0.46,361,0.78
14.58,Millets,Loam,0.63,722,3.98
13.99,Cotton,Clay,0.54,1178,5.34
7.39,Wheat,Loam,0.45,945,2.64
4.99,Maize,Clay,0.53,1341,3.19
10.85,Cotton,Sandy,0.39,926,1.88
7.55,Maize,Black,0.56,504,2.11
9.76,Sugarcane,Black,0.44,363,2.57
5.53,Wheat,Sandy,0.38,528,0.62
3.24,Millets,Sandy,0.82,956,1.02
12.43,Millets,Clay,0.61,940,3.56
12.0,Sugarcane,Clay,0.67,562,6.78
10.57,Wheat,Loam,0.42,586,2.19
7.32,Sugarcane,Clay,0.34,593,2.21
10.1,Maize,Sandy,0.56,1079,4.39
1.07,Wheat,Clay,0.81,1347,0.82
1.93,Maize,Clay,0.69,475,0.57
4.09,Rice,Clay,0.57,1246,2.32
14.49,Sugarcane,Loam,0.94,336,8.24
12.69,Maize,Black,0.79,424,4.21
14.3,Wheat,Clay,0.76,506,3.85
14.04,Maize,Sandy,0.7,880,6.23
8.48,Cotton,Clay,0.4,488,0.99
1.88,Wheat,Sandy,0.8,1129,0.95
6.98,Sugarcane,Loam,0.49,1131,6.96
2.91,Rice,Black,0.91,532,1.24
2.42,Cotton,Clay,0.45,517,0.34
3.55,Maize,Black,0.31,820,0.89
2.25,Millets,Sandy,0.74,698,0.46
11.52,Rice,Sandy,0.95,773,5.41
14.03,Sugarcane,Black,0.36,716,5.97
7.34,Wheat,Sandy,0.67,820,2.26
1.6,Maize,Clay,0.56,942,0.76
8.73,Maize,Loam,0.84,1395,11.05
8.85,Sugarcane,Black,0.73,1029,10.97
14.3,Wheat,Loam,0.67,875,7.04
9.45,Rice,Sandy,0.75,666,3.02
5.0,Rice,Clay,0.64,1488,3.81
8.57,Sugarcane,Clay,0.56,590,4.25
3.75,Maize,Sandy,0.62,742,1.24
10.2,Rice,Clay,0.53,1083,4.68
13.84,Wheat,Black,0.4,1045,4.45
1.18,Sugarcane,Black,0.83,677,1.09
1.33,Wheat,Clay,0.47,827,0.36
12.28,Sugarcane,Sandy,0.59,916,7.96
14.92,Cotton,Clay,0.53,499,2.37
2.84,Millets,Clay,0.88,1190,1.49
6.09,Sugarcane,Black,0.44,795,3.51
4.77,Millets,Sandy,0.5,664,0.63
10.54,Millets,Black,0.56,1336,4.34
3.83,Wheat,Clay,0.84,466,1.05
9.27,Millets,Loam,0.8,825,3.67
8.84,Sugarcane,Loam,0.87,924,12.79
8.21,Cotton,Black,0.3,1171,1.9
12.11,Maize,Loam,0.64,1438,12.04
9.79,Wheat,Black,0.39,508,1.49
5.04,Rice,Loam,0.89,1132,4.87
5.6,Rice,Loam,0.65,591,2.07
6.42,Cotton,Loam,0.55,738,1.88
11.27,Millets,Clay,0.86,881,4.27
4.11,Sugarcane,Clay,0.91,1424,7.99
12.4,Maize,Black,0.33,1115,4.52
8.1,Cotton,Clay,0.34,672,1.11
9.07,Cotton,Clay,0.55,521,1.56
12.77,Millets,Sandy,0.6,1045,3.2
7.18,Maize,Black,0.72,1354,6.93
12.52,Sugarcane,Clay,0.8,672,10.1
10.5,Millets,Sandy,0.78,1191,3.9
2.22,Cotton,Sandy,0.3,1168,0.37
11.23,Cotton,Loam,0.9,1099,8.0
12.77,Rice,Clay,0.37,648,2.45
6.23,Rice,Black,0.32,483,0.85
6.29,Sugarcane,Sandy,0.9,1080,7.34
8.56,Maize,Clay,0.33,495,1.26
14.3,Rice,Sandy,0.36,471,1.55
14.98,Maize,Loam,0.49,1108,8.78
11.92,Rice,Sandy,0.78,1121,6.67
11.97,Wheat,Clay,0.74,803,4.98
8.25,Cotton,Clay,0.6,1235,3.67
14.66,Sugarcane,Black,0.86,636,13.23
2.46,Rice,Sandy,0.86,613,0.83
3.62,Millets,Black,0.74,1289,1.9
12.96,Rice,Clay,0.95,811,7.99
5.75,Millets,Sandy,0.89,322,0.66
12.48,Millets,Black,0.81,328,1.82
5.01,Millets,Black,0.44,865,1.05
14.7,Sugarcane,Black,0.64,912,14.16
14.5,Maize,Clay,0.83,642,6.95
1.42,Rice,Loam,0.8,783,0.85
3.07,Rice,Black,0.66,1263,2.25
11.63,Rice,Loam,0.89,1045,10.38
8.63,Millets,Loam,0.52,883,2.38
7.57,Maize,Sandy,0.72,1386,5.44
5.48,Rice,Clay,0.64,1465,4.11
1.09,Wheat,Clay,0.83,1444,0.91
11.38,Rice,Clay,0.68,968,5.99
5.39,Cotton,Clay,0.73,1313,3.1
13.52,Wheat,Sandy,0.45,1360,4.63
6.69,Maize,Loam,0.77,1276,7.1
6.53,Cotton,Clay,0.43,565,0.95
4.85,Rice,Loam,0.45,941,1.97
14.52,Cotton,Sandy,0.46,864,2.77
8.5,Rice,Clay,0.36,1430,3.5
3.15,Millets,Clay,0.75,933,1.1
2.23,Maize,Clay,0.9,339,0.61
13.51,Maize,Black,0.67,448,4.01
4.95,Cotton,Black,0.31,628,0.64
13.25,Rice,Loam,0.87,984,10.89
6.75,Wheat,Sandy,0.58,721,1.58
4.77,Rice,Sandy,0.84,668,1.71
4.17,Millets,Clay,0.72,374,0.56
12.04,Millets,Sandy,0.66,702,2.23
5.6,Sugarcane,Clay,0.93,508,3.97
2.97,Maize,Sandy,0.47,765,0.77
6.55,Millets,Black,0.86,1300,4.03
4.87,Maize,Black,0.79,479,1.82
6.45,Wheat,Clay,0.57,1203,3.1
4.71,Millets,Clay,0.64,1151,1.73
14.06,Maize,Loam,0.76,350,4.04
8.36,Cotton,Clay,0.32,1254,2.01
3.15,Rice,Sandy,0.43,319,0.28
4.7,Cotton,Clay,0.32,1454,1.31
3.75,Cotton,Loam,0.51,856,1.18
5.34,Maize,Clay,0.76,1278,4.67
4.79,Wheat,Sandy,0.64,1181,2.03
6.42,Cotton,Black,0.44,891,1.66
11.53,Cotton,Clay,0.51,962,3.39
4.94,Rice,Black,0.58,1342,3.38
9.66,Rice,Loam,0.62,1332,7.66
9.01,Maize,Sandy,0.77,1306,6.52
12.26,Millets,Clay,0.6,1022,3.76
7.37,Rice,Sandy,0.71,1242,4.16
11.65,Millets,Sandy,0.55,355,0.91
7.86,Sugarcane,Black,0.68,812,7.16
3.16,Wheat,Black,0.78,935,1.77
9.23,Sugarcane,Clay,0.46,373,2.38
7.09,Sugarcane,Black,0.32,1463,5.48
9.12,Sugarcane,Loam,0.94,1019,15.72
5.94,Wheat,Loam,0.38,718,1.36
13.06,Cotton,Loam,0.72,1022,6.92
9.81,Cotton,Sandy,0.65,330,1.01
11.76,Wheat,Sandy,0.39,1070,2.75
10.86,Wheat,Clay,0.35,1430,3.8
3.48,Millets,Black,0.94,810,1.46
4.99,Sugarcane,Sandy,0.94,446,2.51
9.74,Sugarcane,Clay,0.47,1483,10.18
9.44,Sugarcane,Loam,0.68,1201,13.88
12.43,Millets,Loam,0.8,908,5.42
12.96,Rice,Loam,0.73,1029,9.35
11.03,Millets,Sandy,0.84,542,2.01
6.51,Sugarcane,Black,0.47,804,4.06
7.96,Cotton,Loam,0.3,1071,1.84
12.86,Millets,Loam,0.9,1022,7.1
7.9,Sugarcane,Loam,0.34,1338,6.47
5.89,Millets,Sandy,0.54,1015,1.29
11.18,Wheat,Loam,0.53,1399,6.96
13.31,Rice,Loam,0.46,572,3.36
12.69,Millets,Loam,0.79,692,4.16
5.24,Millets,Sandy,0.32,430,0.29
4.63,Maize,Black,0.49,500,1.12
13.4,Wheat,Loam,0.74,997,8.3
3.93,Cotton,Clay,0.43,912,0.92
8.89,Wheat,Sandy,0.58,1451,4.19
12.09,Wheat,Loam,0.47,1437,6.86
5.35,Millets,Sandy,0.86,370,0.68
10.51,Rice,Clay,0.94,997,7.88
14.7,Wheat,Black,0.4,1147,5.19
8.29,Cotton,Clay,0.4,1227,2.44
3.08,Wheat,Clay,0.83,1090,1.95
6.46,Wheat,Sandy,0.6,760,1.65
13.41,Rice,Sandy,0.59,401,2.03
12.63,Maize,Clay,0.71,1492,12.04
4.62,Wheat,Sandy,0.33,358,0.31
1.39,Wheat,Clay,0.48,575,0.27
11.03,Maize,Clay,0.75,1128,8.4
2.97,Wheat,Sandy,0.43,1093,0.78
8.0,Millets,Clay,0.39,1002,1.56
3.21,Millets,Black,0.34,1024,0.61
14.86,Millets,Sandy,0.32,915,1.74
7.99,Cotton,Loam,0.51,870,2.55
2.78,Sugarcane,Loam,0.77,544,2.1
7.48,Wheat,Clay,0.47,933,2.3
8.83,Sugarcane,Sandy,0.52,697,3.84
9.05,Wheat,Black,0.39,697,1.89
5.59,Sugarcane,Black,0.57,339,1.78
3.07,Cotton,Black,0.76,1379,2.12
8.86,Sugarcane,Loam,0.35,721,4.02
3.99,Maize,Clay,0.82,457,1.35
11.32,Rice,Clay,0.9,469,3.82
13.29,Sugarcane,Loam,0.7,879,14.72
3.22,Rice,Loam,0.37,1406,1.61
4.65,Maize,Loam,0.73,757,2.78
5.27,Wheat,Sandy,0.34,1303,1.31
1.03,Maize,Loam,0.61,889,0.6
6.92,Rice,Sandy,0.33,859,1.26
1.32,Millets,Loam,0.8,1194,0.76
5.74,Rice,Loam,0.75,659,2.72
7.58,Cotton,Sandy,0.39,411,0.58
11.35,Wheat,Clay,0.51,1199,4.86
1.12,Wheat,Sandy,0.49,1462,0.45
7.0,Wheat,Loam,0.82,1199,5.78
5.0,Wheat,Clay,0.4,1051,1.47
10.1,Rice,Clay,0.89,1440,10.36
4.9,Rice,Loam,0.52,368,0.9
5.96,Millets,Black,0.84,1148,3.16
9.88,Maize,Black,0.51,405,2.02
9.39,Millets,Sandy,0.46,1279,2.21
1.36,Sugarcane,Loam,0.54,1072,1.42
4.93,Millets,Loam,0.52,580,0.89
14.02,Millets,Loam,0.55,467,2.16
4.95,Sugarcane,Black,0.32,1298,3.39
10.34,Millets,Sandy,0.62,472,1.21
11.24,Maize,Clay,0.62,792,4.97
14.62,Sugarcane,Sandy,0.4,1016,7.13
9.92,Rice,Clay,0.88,392,2.74
14.37,Maize,Sandy,0.83,1026,8.81
4.05,Cotton,Clay,0.77,1106,2.07
13.41,Cotton,Sandy,0.59,343,1.3
7.1,Wheat,Clay,0.75,649,2.42
14.23,Rice,Loam,0.64,1345,11.76
12.12,Sugarcane,Black,0.47,539,5.07
8.18,Wheat,Clay,0.72,1309,5.4
4.79,Millets,Loam,0.82,1198,2.82
6.32,Maize,Sandy,0.7,551,1.76
2.39,Sugarcane,Loam,0.73,1376,4.32
1.35,Millets,Sandy,0.58,618,0.19
13.07,Sugarcane,Black,0.38,1406,11.52
9.18,Cotton,Clay,0.42,403,0.93
2.44,Sugarcane,Clay,0.86,456,1.44
11.37,Millets,Sandy,0.93,365,1.54
3.41,Maize,Sandy,0.88,837,1.81
14.76,Millets,Black,0.83,972,6.55
4.96,Rice,Sandy,0.41,1223,1.59
12.18,Rice,Clay,0.35,414,1.41
14.74,Sugarcane,Loam,0.48,1144,14.57
9.51,Sugarcane,Loam,0.32,1465,8.02
9.92,Cotton,Loam,0.58,1074,4.45
13.92,Wheat,Sandy,0.42,1246,4.08
7.89,Millets,Sandy,0.7,1039,2.3
14.03,Wheat,Black,0.86,611,5.68
14.87,Millets,Clay,0.49,781,2.85
12.05,Wheat,Loam,0.74,699,5.24
12.4,Rice,Black,0.71,504,3.9
14.07,Rice,Sandy,0.69,327,2.03
5.14,Wheat,Sandy,0.66,695,1.32
2.92,Rice,Loam,0.75,1020,2.14
9.69,Maize,Clay,0.5,1407,6.14
4.36,Rice,Black,0.53,654,1.33
9.76,Rice,Loam,0.83,535,4.16
7.24,Millets,Clay,0.85,670,2.06
10.99,Rice,Clay,0.86,1333,10.08
5.4,Cotton,Sandy,0.77,840,1.68
6.56,Cotton,Loam,0.73,1290,4.45
9.38,Cotton,Black,0.83,1401,7.2
5.33,Wheat,Loam,0.69,726,2.24
6.76,Millets,Loam,0.34,1255,1.73
3.24,Cotton,Black,0.31,851,0.56
3.61,Rice,Clay,0.56,879,1.42
4.74,Rice,Sandy,0.47,1199,1.71
14.23,Rice,Clay,0.8,772,7.03
3.79,Rice,Clay,0.66,1066,2.13
11.49,Cotton,Black,0.72,916,5.0
4.27,Maize,Black,0.78,787,2.59
13.86,Wheat,Loam,0.46,1006,5.39
4.2,Rice,Loam,0.51,1001,2.06
2.88,Sugarcane,Sandy,0.62,529,1.13
8.42,Millets,Loam,0.6,1117,3.39
14.57,Rice,Sandy,0.64,673,4.02
13.33,Sugarcane,Black,0.64,870,12.25
7.97,Rice,Black,0.94,736,4.85
9.7,Maize,Loam,0.7,1243,9.12
3.97,Rice,Black,0.31,445,0.48
3.61,Maize,Sandy,0.31,1178,0.95
10.25,Rice,Black,0.4,1489,5.37
3.41,Sugarcane,Black,0.53,511,1.52
3.02,Maize,Sandy,0.5,480,0.52
4.09,Rice,Loam,0.8,1139,3.58
12.91,Rice,Clay,0.46,632,3.0
6.02,Cotton,Sandy,0.37,861,0.92
7.6,Cotton,Clay,0.72,1372,4.5
7.78,Cotton,Clay,0.31,1057,1.53
13.43,Rice,Loam,0.91,1200,14.08
4.09,Maize,Loam,0.33,1025,1.49
7.32,Sugarcane,Black,0.81,323,3.16
1.04,Wheat,Loam,0.49,733,0.31
4.51,Maize,Sandy,0.65,1119,2.36
8.4,Wheat,Loam,0.71,1260,6.31
10.14,Rice,Loam,0.7,1431,9.75
9.66,Rice,Clay,0.85,852,5.6
3.45,Cotton,Loam,0.38,666,0.63
5.3,Cotton,Sandy,0.53,447,0.6
14.47,Millets,Clay,0.69,1064,5.31
5.98,Wheat,Sandy,0.41,1107,1.52
3.92,Millets,Sandy,0.49,1063,0.82
7.06,Millets,Sandy,0.6,799,1.35
14.73,Maize,Loam,0.34,1481,8.01
12.49,Sugarcane,Clay,0.64,661,7.93
7.39,Rice,Loam,0.53,1249,4.7
10.61,Sugarcane,Clay,0.35,963,5.36
6.61,Cotton,Clay,0.78,448,1.39
8.23,Rice,Black,0.84,465,2.83
4.06,Millets,Sandy,0.33,335,0.18
10.11,Wheat,Sandy,0.42,724,1.72
7.03,Cotton,Black,0.4,897,1.66
1.99,Sugarcane,Black,0.41,364,0.49
10.77,Rice,Loam,0.52,1366,7.34
13.39,Cotton,Sandy,0.55,532,1.88
5.98,Rice,Clay,0.95,419,1.9
12.82,Maize,Sandy,0.63,815,4.74
2.35,Rice,Clay,0.67,1184,1.49
5.34,Sugarcane,Clay,0.46,316,1.16
7.15,Maize,Clay,0.79,579,2.94
8.59,Maize,Black,0.78,685,4.54
4.74,Cotton,Black,0.62,1144,2.22
11.89,Millets,Loam,0.66,1110,5.23
3.02,Maize,Loam,0.78,1491,3.79
13.07,Sugarcane,Clay,0.68,1491,19.88
6.55,Millets,Loam,0.46,828,1.5
4.9,Millets,Black,0.89,489,1.17
11.36,Rice,Sandy,0.56,754,3.07
4.83,Maize,Sandy,0.67,672,1.57
8.02,Cotton,Loam,0.94,1223,6.64
5.55,Millets,Black,0.69,1012,2.13
9.73,Cotton,Loam,0.85,849,5.06
10.77,Rice,Loam,0.57,960,5.66
1.57,Rice,Loam,0.88,466,0.62
11.82,Rice,Loam,0.74,361,3.03
2.08,Millets,Loam,0.7,1078,0.94
7.37,Millets,Sandy,0.67,1185,2.34
14.84,Maize,Loam,0.33,1293,6.84
12.9,Sugarcane,Loam,0.43,660,6.59
10.53,Cotton,Black,0.81,727,4.09
9.83,Millets,Sandy,0.54,504,1.07
10.6,Cotton,Loam,0.83,471,2.98
1.65,Sugarcane,Sandy,0.57,1156,1.3
13.58,Rice,Clay,0.39,1140,4.83
7.56,Millets,Sandy,0.74,516,1.15
13.39,Millets,Clay,0.52,1458,5.08
7.1,Cotton,Clay,0.4,466,0.79
1.02,Rice,Black,0.93,719,0.6
2.9,Rice,Clay,0.78,574,1.04
1.71,Wheat,Sandy,0.56,1335,0.72
10.21,Wheat,Loam,0.62,373,1.98
12.46,Millets,Clay,0.88,414,2.27
12.67,Cotton,Black,0.41,782,2.68
3.25,Maize,Sandy,0.42,952,0.94
8.8,Sugarcane,Loam,0.54,1132,9.68
7.81,Rice,Clay,0.61,938,3.57
5.15,Wheat,Sandy,0.8,1442,3.33
8.24,Millets,Black,0.56,1378,3.5
3.51,Millets,Loam,0.65,708,0.97
6.13,Maize,Black,0.82,1460,7.27
14.04,Cotton,Clay,0.83,344,2.41
12.67,Rice,Clay,0.62,1118,7.03
1.19,Rice,Loam,0.67,580,0.44
1.43,Cotton,Loam,0.83,584,0.5
9.42,Maize,Loam,0.92,971,9.09
10.32,Rice,Black,0.38,563,1.94
5.33,Millets,Black,0.84,876,2.16
7.53,Wheat,Sandy,0.64,1119,3.02
3.95,Cotton,Black,0.36,1224,1.15
4.28,Millets,Clay,0.31,1419,0.94
10.28,Wheat,Loam,0.87,977,7.34
14.29,Sugarcane,Loam,0.93,579,13.85
11.8,Millets,Sandy,0.88,1374,5.71
14.3,Wheat,Sandy,0.77,1222,7.54
13.85,Sugarcane,Loam,0.58,846,12.23
8.79,Cotton,Loam,0.38,405,0.97
5.11,Rice,Clay,0.35,399,0.57
2.89,Millets,Clay,0.8,1006,1.16
10.69,Maize,Black,0.48,759,3.86
14.1,Cotton,Clay,0.31,354,0.93
6.65,Millets,Black,0.41,603,0.9
4.34,Cotton,Clay,0.79,594,1.22
1.17,Millets,Sandy,0.32,692,0.1
12.65,Millets,Loam,0.95,443,3.19
11.36,Rice,Loam,0.35,1492,5.69
3.25,Wheat,Sandy,0.87,912,1.44
4.41,Millets,Sandy,0.92,793,1.29
11.46,Millets,Black,0.57,1409,5.06
8.74,Millets,Loam,0.7,1109,4.07
10.95,Maize,Loam,0.63,513,3.82
4.62,Cotton,Loam,0.5,474,0.79
11.0,Rice,Loam,0.82,1215,10.52
14.87,Millets,Black,0.82,307,2.06
8.09,Rice,Loam,0.92,1488,10.63
8.57,Rice,Clay,0.9,334,2.06
11.02,Millets,Loam,0.86,1410,8.02
3.13,Maize,Clay,0.67,1051,1.98
1.25,Sugarcane,Loam,0.59,1200,1.59
4.55,Millets,Clay,0.44,559,0.56
10.88,Maize,Loam,0.86,942,9.52
11.88,Wheat,Sandy,0.51,1467,4.98
12.84,Rice,Black,0.59,493,3.29
6.04,Cotton,Black,0.4,965,1.54
8.7,Maize,Black,0.88,1377,10.44
6.98,Maize,Loam,0.52,1492,5.85
5.69,Wheat,Clay,0.82,1467,4.79
11.97,Cotton,Clay,0.34,303,0.74
12.13,Sugarcane,Clay,0.42,518,3.96
13.23,Millets,Loam,0.43,1241,4.24
2.4,Sugarcane,Black,0.78,532,1.64
3.58,Millets,Clay,0.48,1176,1.01
8.53,Cotton,Loam,0.83,795,4.05
13.2,Sugarcane,Black,0.52,1370,15.52
12.89,Maize,Clay,0.51,1072,6.34
4.64,Cotton,Black,0.47,673,0.97
5.48,Cotton,Sandy,0.67,669,1.18
7.13,Maize,Black,0.86,846,5.14
8.48,Rice,Sandy,0.44,396,0.95
8.06,Wheat,Sandy,0.68,958,2.94
3.9,Wheat,Loam,0.62,481,0.98
6.94,Wheat,Black,0.65,916,3.18
9.54,Millets,Sandy,0.49,969,1.81
4.15,Wheat,Black,0.41,994,1.3
2.2,Millets,Clay,0.82,337,0.3
12.31,Millets,Sandy,0.4,381,0.75
3.97,Cotton,Loam,0.59,1047,1.77
8.38,Millets,Sandy,0.41,680,0.93
7.7,Rice,Loam,0.44,1330,4.33
6.67,Maize,Loam,0.59,492,2.09
1.94,Sugarcane,Black,0.53,550,0.93
10.27,Wheat,Black,0.87,1040,7.16
6.18,Sugarcane,Clay,0.84,517,4.03
8.98,Sugarcane,Clay,0.94,424,5.37
5.87,Cotton,Loam,0.56,1265,2.99
13.61,Rice,Loam,0.72,442,4.16
5.05,Cotton,Sandy,0.31,949,0.71
2.58,Wheat,Sandy,0.4,767,0.44
7.47,Maize,Sandy,0.36,339,0.66
1.84,Cotton,Clay,0.9,1132,1.12
13.84,Wheat,Sandy,0.76,954,5.62
10.49,Millets,Black,0.46,859,2.28
7.92,Sugarcane,Sandy,0.92,995,8.7
6.41,Maize,Clay,0.88,635,3.22
13.59,Cotton,Sandy,0.35,1005,2.29
11.8,Millets,Black,0.5,736,2.39
1.25,Cotton,Clay,0.44,418,0.14
9.56,Cotton,Black,0.62,791,3.09
9.53,Wheat,Loam,0.43,1170,4.03
10.6,Millets,Sandy,0.32,445,0.6
6.42,Cotton,Clay,0.8,467,1.44
14.0,Millets,Sandy,0.66,945,3.49
4.95,Wheat,Black,0.45,855,1.47
14.89,Maize,Loam,0.86,395,5.46
11.92,Millets,Loam,0.73,415,2.17
2.51,Maize,Clay,0.46,530,0.55
4.41,Maize,Sandy,0.34,525,0.57
12.29,Rice,Loam,0.6,1080,7.65
7.71,Millets,Loam,0.33,790,1.21
5.65,Rice,Clay,0.65,822,2.42
9.29,Wheat,Loam,0.82,850,5.44
7.95,Cotton,Loam,0.87,1435,7.15
5.16,Rice,Sandy,0.42,688,0.95
8.88,Millets,Clay,0.39,819,1.42
4.15,Wheat,Sandy,0.95,1245,2.75
6.98,Wheat,Loam,0.57,559,1.87
7.85,Wheat,Loam,0.69,435,1.98
9.15,Sugarcane,Black,0.93,1393,19.56
4.8,Maize,Clay,0.85,322,1.18
1.92,Sugarcane,Clay,0.48,907,1.25
5.5,Wheat,Black,0.92,1317,5.13
4.15,Sugarcane,Clay,0.7,836,3.64
10.43,Wheat,Loam,0.71,1058,6.58
5.9,Wheat,Clay,0.49,373,0.75
2.15,Sugarcane,Sandy,0.89,708,1.63
14.2,Cotton,Black,0.43,651,2.62
12.17,Cotton,Sandy,0.34,625,1.24
4.69,Maize,Sandy,0.37,441,0.55
12.71,Millets,Sandy,0.94,317,1.51
9.08,Maize,Black,0.36,1314,4.25
14.68,Rice,Clay,0.71,959,8.0
8.52,Sugarcane,Black,0.94,483,6.38
11.95,Rice,Black,0.81,584,4.97
8.56,Wheat,Loam,0.57,672,2.75
11.57,Sugarcane,Loam,0.55,1014,11.61
9.59,Rice,Loam,0.76,489,3.42
9.4,Cotton,Black,0.6,565,2.1
8.63,Wheat,Black,0.5,325,1.08
8.19,Wheat,Sandy,0.48,794,1.75
4.59,Maize,Clay,0.5,705,1.46
7.12,Sugarcane,Sandy,0.9,805,6.19
6.14,Cotton,Loam,0.36,579,0.92
10.12,Millets,Clay,0.82,481,2.0
13.28,Cotton,Sandy,0.42,1058,2.83
10.17,Maize,Clay,0.38,468,1.63
1.82,Cotton,Black,0.63,398,0.3
9.98,Sugarcane,Clay,0.7,715,7.49
9.35,Rice,Clay,0.55,357,1.47
1.37,Millets,Loam,0.48,701,0.28
13.74,Sugarcane,Loam,0.94,714,16.6
3.31,Millets,Black,0.94,1045,1.79
4.5,Maize,Loam,0.73,932,3.31
5.2,Maize,Clay,0.32,1204,1.8
5.28,Millets,Loam,0.91,496,1.43
5.15,Cotton,Loam,0.55,1206,2.46
9.59,Wheat,Black,0.46,398,1.35
9.54,Millets,Sandy,0.82,525,1.64
9.55,Wheat,Loam,0.6,767,3.69
5.38,Sugarcane,Clay,0.89,806,5.79
13.12,Wheat,Black,0.59,972,5.79
7.19,Cotton,Clay,0.36,765,1.19
4.76,Cotton,Sandy,0.85,962,1.87
6.42,Rice,Black,0.88,1242,6.17
7.62,Millets,Loam,0.8,1383,5.06
1.41,Millets,Loam,0.63,366,0.2
4.01,Millets,Sandy,0.8,1037,1.33
2.8,Wheat,Loam,0.88,408,0.84
9.38,Wheat,Black,0.59,1380,5.88
3.53,Cotton,Clay,0.79,911,1.52
7.3,Sugarcane,Sandy,0.52,403,1.84
3.12,Millets,Sandy,0.94,1313,1.54
6.11,Maize,Clay,0.45,795,1.97
13.49,Rice,Sandy,0.87,865,6.5
13.95,Rice,Black,0.46,1132,6.39
4.71,Wheat,Loam,0.94,1241,4.62
5.89,Wheat,Clay,0.77,708,2.25
8.25,Wheat,Loam,0.95,476,3.13
4.54,Millets,Clay,0.64,561,0.82
13.71,Maize,Clay,0.88,1179,12.8
8.74,Millets,Black,0.78,1164,4.36
7.5,Wheat,Black,0.4,1139,2.63
4.63,Sugarcane,Clay,0.34,691,1.63
14.63,Wheat,Black,0.31,1308,4.57
9.06,Sugarcane,Clay,0.4,983,5.34
10.37,Maize,Sandy,0.74,409,2.26
13.46,Cotton,Black,0.82,359,2.62
10.3,Wheat,Sandy,0.71,1254,5.14
14.49,Millets,Loam,0.76,1288,8.51
7.75,Millets,Loam,0.65,1154,3.49
11.53,Maize,Black,0.61,1257,8.75
14.33,Sugarcane,Sandy,0.61,947,9.93
3.13,Rice,Clay,0.49,658,0.81
14.85,Cotton,Black,0.33,607,1.96
7.55,Sugarcane,Clay,0.69,544,4.25
2.98,Millets,Sandy,0.33,724,0.28
8.15,Cotton,Clay,0.92,1118,5.03
6.03,Maize,Black,0.72,1404,6.03
10.49,Rice,Sandy,0.41,1312,3.61
10.7,Rice,Clay,0.45,509,1.96
12.67,Wheat,Loam,0.33,856,3.01
10.94,Wheat,Clay,0.33,877,2.22
1.34,Cotton,Loam,0.31,809,0.24
6.58,Cotton,Black,0.91,1193,4.71
14.28,Wheat,Loam,0.55,504,3.33
10.81,Cotton,Clay,0.9,1108,6.47
4.53,Rice,Clay,0.75,1114,3.03
10.55,Sugarcane,Clay,0.91,1309,18.85
9.24,Sugarcane,Clay,0.71,636,6.26
3.32,Millets,Sandy,0.43,681,0.39
13.33,Millets,Black,0.84,683,4.21
11.21,Maize,Sandy,0.48,841,3.26
7.46,Millets,Black,0.73,861,2.58
2.31,Rice,Loam,0.64,852,1.21
13.48,Cotton,Clay,0.54,1081,4.72
14.39,Cotton,Sandy,0.72,1458,7.25
13.55,Sugarcane,Clay,0.57,1352,15.66
4.81,Sugarcane,Sandy,0.72,1214,5.05
1.01,Millets,Sandy,0.74,579,0.17
6.79,Rice,Clay,0.39,697,1.48
6.92,Maize,Black,0.78,1344,7.18
5.72,Sugarcane,Clay,0.87,950,7.09
12.65,Cotton,Sandy,0.56,444,1.51
6.65,Cotton,Clay,0.86,1417,4.86
9.84,Rice,Sandy,0.44,1203,3.33
2.85,Rice,Loam,0.64,670,1.17
11.64,Cotton,Black,0.42,1443,4.66
6.79,Cotton,Sandy,0.94,776,2.38
3.65,Cotton,Clay,0.81,1066,1.89
5.96,Rice,Black,0.44,1104,2.55
13.32,Sugarcane,Clay,0.81,792,12.82
13.29,Wheat,Clay,0.82,1107,8.44
12.12,Wheat,Loam,0.89,1033,9.36
5.8,Wheat,Loam,0.4,1478,2.88
1.4,Wheat,Black,0.94,1351,1.37
8.45,Rice,Clay,0.73,327,1.61
4.86,Maize,Loam,0.63,1202,3.97
14.28,Millets,Black,0.86,617,4.17
11.49,Rice,Black,0.83,627,5.26
9.57,Wheat,Clay,0.57,864,3.3
1.29,Maize,Black,0.72,550,0.51
10.18,Maize,Black,0.7,338,2.38
9.89,Maize,Loam,0.5,891,4.76
9.39,Millets,Black,0.77,420,1.67
11.91,Wheat,Black,0.86,808,6.37
13.22,Sugarcane,Clay,0.87,1191,20.55
11.5,Wheat,Clay,0.64,976,5.03
10.81,Maize,Loam,0.62,652,4.72
1.3,Millets,Clay,0.92,635,0.38
1.55,Maize,Clay,0.39,1294,0.7
9.62,Wheat,Loam,0.73,624,3.68
14.25,Millets,Loam,0.68,795,4.62
11.85,Maize,Black,0.42,1357,6.69
14.53,Sugarcane,Sandy,0.41,1055,7.54
8.95,Cotton,Black,0.66,559,2.18
10.49,Maize,Black,0.81,1154,9.71
7.11,Sugarcane,Loam,0.78,914,9.12
13.76,Sugarcane,Loam,0.47,1492,17.37
7.45,Sugarcane,Sandy,0.53,889,4.21
4.96,Maize,Loam,0.72,1022,3.94
1.09,Wheat,Clay,0.65,1493,0.74
11.8,Rice,Black,0.72,706,5.28
4.6,Cotton,Sandy,0.33,305,0.22
6.3,Rice,Sandy,0.66,622,1.66
5.68,Rice,Loam,0.34,380,0.7
3.14,Wheat,Clay,0.72,924,1.46
13.35,Millets,Black,0.44,998,3.22
3.89,Wheat,Clay,0.63,848,1.45
6.42,Rice,Clay,0.89,506,2.31
13.19,Rice,Clay,0.62,481,3.15
8.09,Wheat,Loam,0.58,682,2.69
7.5,Wheat,Clay,0.63,1337,4.42
10.38,Wheat,Black,0.93,1006,7.48
12.95,Millets,Clay,0.58,608,2.28
12.34,Wheat,Black,0.65,1073,6.63
13.48,Sugarcane,Black,0.64,934,13.3
13.39,Sugarcane,Loam,0.88,799,16.95
6.57,Maize,Loam,0.54,938,3.59
9.25,Cotton,Sandy,0.62,565,1.56
11.27,Cotton,Black,0.41,1141,3.48
5.77,Maize,Loam,0.93,1271,7.37
9.92,Millets,Sandy,0.4,334,0.53
13.65,Cotton,Clay,0.33,531,1.44
5.15,Millets,Sandy,0.64,742,0.98
2.64,Cotton,Loam,0.46,1301,1.14
3.65,Rice,Loam,0.54,1459,2.76
1.11,Rice,Loam,0.83,449,0.4
10.03,Cotton,Clay,0.46,836,2.31
11.54,Millets,Loam,0.55,1499,5.71
8.23,Millets,Loam,0.87,300,1.29
10.33,Rice,Clay,0.47,1429,5.55
6.82,Maize,Sandy,0.36,691,1.22
11.87,Maize,Clay,0.75,916,7.34
6.11,Wheat,Black,0.38,458,0.82
9.4,Rice,Sandy,0.95,1213,6.93
10.81,Maize,Black,0.46,578,2.85
8.68,Sugarcane,Loam,0.68,1499,15.93
14.7,Maize,Sandy,0.81,1265,10.84
5.46,Wheat,Black,0.82,1343,4.63
11.66,Sugarcane,Clay,0.4,508,3.55
1.29,Wheat,Loam,0.57,402,0.25
1.53,Cotton,Clay,0.62,760,0.43
7.46,Maize,Black,0.73,519,2.8
2.0,Rice,Sandy,0.34,1360,0.59
14.39,Wheat,Sandy,0.75,1019,6.16
10.68,Cotton,Loam,0.51,320,1.25
13.06,Maize,Loam,0.32,1337,6.03
3.37,Millets,Black,0.92,877,1.5
11.28,Sugarcane,Sandy,0.64,1473,12.76
12.53,Maize,Clay,0.44,705,3.5
13.44,Cotton,Loam,0.37,1042,3.73
11.88,Rice,Loam,0.55,921,5.78
11.29,Millets,Black,0.71,692,3.05
9.42,Maize,Black,0.48,515,2.31
9.78,Millets,Sandy,0.82,1275,4.09
11.6,Rice,Sandy,0.59,445,1.95
14.33,Sugarcane,Clay,0.69,1454,21.57
2.03,Maize,Loam,0.59,871,1.13
4.41,Rice,Black,0.4,1171,1.82
13.14,Rice,Loam,0.82,1039,10.75
11.17,Maize,Sandy,0.91,855,6.26
1.83,Sugarcane,Clay,0.88,1362,3.29
5.47,Wheat,Clay,0.85,450,1.46
5.03,Cotton,Sandy,0.63,1006,1.53
3.97,Millets,Loam,0.57,1010,1.37
7.44,Maize,Black,0.57,343,1.44
7.09,Sugarcane,Clay,0.84,442,3.95
11.27,Cotton,Sandy,0.46,1152,2.87
6.89,Sugarcane,Clay,0.33,1288,4.39
13.69,Cotton,Loam,0.34,1446,4.85
1.83,Cotton,Sandy,0.8,418,0.29
2.23,Cotton,Clay,0.79,735,0.78
7.3,Cotton,Loam,0.48,1437,3.63
3.45,Sugarcane,Black,0.89,1233,6.25
7.39,Maize,Sandy,0.89,582,2.76
5.53,Wheat,Black,0.42,437,0.78
12.86,Cotton,Black,0.35,1087,3.23
6.07,Rice,Sandy,0.31,497,0.6
9.35,Sugarcane,Clay,0.58,1144,9.31
9.95,Wheat,Clay,0.79,794,4.37
5.15,Wheat,Loam,0.42,554,1.01
7.45,Maize,Black,0.39,1043,3.0
9.79,Sugarcane,Loam,0.45,1128,8.94
14.1,Wheat,Loam,0.72,1387,11.83
8.49,Maize,Black,0.8,1409,9.47
2.61,Sugarcane,Loam,0.59,522,1.45
8.34,Maize,Sandy,0.52,462,1.44
11.18,Maize,Clay,0.37,1281,4.77
4.81,Cotton,Clay,0.66,1486,2.83
14.4,Wheat,Sandy,0.48,639,2.47
4.28,Maize,Loam,0.64,809,2.39
4.97,Cotton,Sandy,0.3,1043,0.75
5.62,Maize,Black,0.93,343,1.77
1.28,Sugarcane,Black,0.31,483,0.32
10.72,Maize,Black,0.3,306,0.97
6.81,Cotton,Clay,0.83,608,2.06
13.63,Maize,Black,0.93,1443,18.11
10.06,Millets,Sandy,0.46,485,0.9
2.79,Millets,Clay,0.47,1302,0.85
1.94,Maize,Black,0.63,952,1.15
2.23,Millets,Black,0.87,790,0.84
9.3,Rice,Sandy,0.55,1416,4.64
6.9,Wheat,Sandy,0.69,424,1.13
1.36,Wheat,Sandy,0.42,368,0.12
5.54,Sugarcane,Sandy,0.38,970,2.45
8.14,Rice,Sandy,0.93,553,2.68
13.22,Millets,Sandy,0.55,492,1.43
14.62,Maize,Clay,0.47,1073,6.64
9.56,Millets,Loam,0.48,1271,3.5
13.17,Wheat,Loam,0.57,1365,8.61
9.05,Maize,Clay,0.38,1231,3.81
7.15,Maize,Loam,0.81,431,2.7
9.55,Sugarcane,Loam,0.87,1161,17.36
14.55,Maize,Sandy,0.57,1238,7.39
12.91,Sugarcane,Loam,0.59,1453,19.92
8.0,Wheat,Black,0.4,931,2.29
2.43,Millets,Black,0.84,726,0.82
11.46,Sugarcane,Sandy,0.65,1082,9.67
14.19,Sugarcane,Loam,0.86,1046,22.98
14.66,Cotton,Clay,0.37,784,2.55
3.04,Wheat,Sandy,0.52,1051,0.93
8.89,Sugarcane,Loam,0.89,1252,17.83
8.99,Sugarcane,Sandy,0.49,970,5.13
4.47,Maize,Black,0.57,1305,3.29
4.14,Maize,Loam,0.82,1259,4.62
2.21,Cotton,Black,0.51,384,0.29
10.47,Maize,Clay,0.3,1151,3.25
8.34,Wheat,Black,0.43,348,0.96
7.36,Rice,Black,0.63,675,2.75
6.49,Maize,Clay,0.56,592,1.94
12.83,Maize,Sandy,0.82,910,6.89
14.61,Maize,Sandy,0.73,1050,8.06
5.93,Cotton,Loam,0.68,1485,4.31
12.84,Rice,Black,0.89,1175,11.82
3.29,Millets,Sandy,0.66,1171,1.02
1.67,Wheat,Sandy,0.71,1357,0.9
4.55,Maize,Black,0.95,1063,4.55
12.07,Sugarcane,Clay,0.6,642,6.97
5.07,Millets,Black,0.37,861,0.89
14.53,Rice,Loam,0.45,354,2.22
6.36,Millets,Sandy,0.38,1491,1.44
7.44,Cotton,Clay,0.74,1098,3.63
4.82,Rice,Clay,0.8,828,2.55
1.73,Rice,Sandy,0.79,334,0.29
8.61,Wheat,Clay,0.37,956,2.13
14.22,Rice,Clay,0.49,572,3.19
14.0,Rice,Clay,0.51,458,2.62
1.7,Sugarcane,Loam,0.46,439,0.62
5.8,Maize,Clay,0.64,1267,4.23
14.03,Sugarcane,Clay,0.56,319,3.76
12.42,Sugarcane,Sandy,0.74,1150,12.68
7.25,Rice,Black,0.82,1089,5.7
3.7,Rice,Black,0.57,564,1.05
6.01,Cotton,Loam,0.79,987,3.37
7.66,Sugarcane,Sandy,0.71,1363,8.9
2.01,Maize,Sandy,0.7,555,0.56
8.3,Wheat,Black,0.4,1377,3.52
5.92,Sugarcane,Sandy,0.57,1177,4.77
5.92,Sugarcane,Sandy,0.84,1044,6.23
10.94,Rice,Black,0.31,1390,4.15
13.83,Maize,Sandy,0.58,1040,6.01
2.85,Sugarcane,Loam,0.86,962,4.24
7.97,Millets,Clay,0.54,415,0.89
10.64,Wheat,Clay,0.64,1390,6.63
3.17,Millets,Clay,0.79,1178,1.48
10.48,Millets,Black,0.47,1161,3.15
3.48,Sugarcane,Clay,0.57,603,1.79
3.59,Maize,Loam,0.52,380,0.77
5.91,Sugarcane,Sandy,0.83,1314,7.73
13.23,Sugarcane,Black,0.86,339,6.36
10.53,Sugarcane,Black,0.42,354,2.58
14.22,Sugarcane,Black,0.48,458,5.16
6.66,Wheat,Sandy,0.31,519,0.6
7.29,Maize,Loam,0.88,665,4.61
13.12,Wheat,Clay,0.88,1090,8.81
7.07,Wheat,Loam,0.87,496,2.56
14.53,Rice,Black,0.79,1032,10.42
3.08,Cotton,Clay,0.59,1168,1.27
11.68,Wheat,Black,0.55,865,4.28
2.6,Maize,Loam,0.57,576,0.92
9.62,Wheat,Loam,0.43,572,1.99
5.18,Rice,Loam,0.68,308,1.04
10.46,Rice,Black,0.79,402,2.92
8.23,Sugarcane,Clay,0.39,1318,6.35
6.37,Maize,Clay,0.86,1196,5.9
10.21,Sugarcane,Loam,0.46,577,4.88
5.42,Rice,Black,0.53,1147,2.9
13.27,Maize,Clay,0.55,982,6.45
6.98,Rice,Sandy,0.6,1208,3.24
8.59,Maize,Clay,0.87,345,2.32
10.21,Wheat,Black,0.65,1360,6.95
8.47,Millets,Clay,0.44,1273,2.37
3.63,Millets,Loam,0.58,1420,1.79
1.28,Sugarcane,Clay,0.8,490,0.75
14.77,Millets,Black,0.93,506,3.82
7.01,Sugarcane,Clay,0.36,1379,5.22
4.69,Sugarcane,Loam,0.87,1013,7.44
13.81,Rice,Loam,0.51,496,3.35
3.24,Sugarcane,Sandy,0.94,913,3.34
8.7,Wheat,Loam,0.79,1073,6.19
8.98,Wheat,Sandy,0.3,1337,2.02
14.51,Cotton,Loam,0.78,1168,9.52
10.76,Cotton,Black,0.51,1142,4.14
10.92,Maize,Clay,0.64,1232,7.75
2.04,Maize,Black,0.39,1187,0.93
14.5,Millets,Clay,0.61,435,1.92
2.8,Wheat,Clay,0.88,961,1.66
1.03,Rice,Sandy,0.75,1025,0.51
11.26,Rice,Sandy,0.4,570,1.64
2.19,Rice,Black,0.56,623,0.67
1.69,Maize,Clay,0.78,331,0.39
1.1,Sugarcane,Black,0.84,1169,1.78
4.42,Rice,Clay,0.35,1295,1.6
2.91,Wheat,Loam,0.6,795,1.17
4.97,Sugarcane,Clay,0.31,609,1.41
14.81,Rice,Clay,0.77,834,7.61
11.01,Maize,Loam,0.87,487,5.04
11.38,Rice,Clay,0.41,898,3.35
6.84,Millets,Loam,0.44,455,0.82
2.88,Millets,Sandy,0.32,1431,0.53
4.41,Maize,Clay,0.48,1205,2.3
6.29,Rice,Loam,0.51,658,2.03
13.11,Sugarcane,Sandy,0.49,1080,8.33
14.35,Millets,Sandy,0.48,545,1.5
5.08,Maize,Loam,0.68,729,2.72
11.79,Sugarcane,Clay,0.62,369,4.05
6.07,Rice,Black,0.48,1399,3.59
9.01,Maize,Black,0.73,640,4.17
13.75,Maize,Loam,0.8,935,11.11
5.23,Rice,Sandy,0.52,831,1.45
12.24,Rice,Clay,0.81,443,3.51
1.57,Rice,Black,0.53,458,0.34
4.28,Sugarcane,Sandy,0.3,714,1.1
14.68,Rice,Loam,0.42,636,3.76
1.25,Maize,Clay,0.79,340,0.3
6.55,Wheat,Black,0.94,614,2.91
14.47,Wheat,Clay,0.74,1367,10.25
7.32,Maize,Sandy,0.67,1196,4.22
9.44,Cotton,Black,0.67,412,1.72
6.96,Wheat,Clay,0.48,798,1.87
14.75,Millets,Black,0.58,398,1.87
3.78,Cotton,Black,0.85,1358,2.88
4.93,Wheat,Clay,0.86,577,1.71
13.48,Wheat,Loam,0.92,1457,15.18
11.6,Millets,Sandy,0.78,758,2.74
7.87,Millets,Loam,0.84,495,1.96
4.64,Millets,Sandy,0.6,1010,1.12
4.98,Millets,Loam,0.64,1097,2.1
8.82,Wheat,Sandy,0.52,713,1.83
10.52,Wheat,Black,0.36,1358,3.96
2.26,Wheat,Loam,0.56,1136,1.21
8.76,Sugarcane,Clay,0.38,1355,6.77
8.17,Millets,Loam,0.39,1303,2.49
1.27,Sugarcane,Loam,0.7,1402,2.24
9.52,Maize,Clay,0.65,740,4.12
7.42,Millets,Sandy,0.68,574,1.16
2.42,Wheat,Clay,0.56,1013,0.96
3.4,Rice,Sandy,0.71,1358,2.1
6.7,Rice,Sandy,0.38,315,0.51
12.58,Millets,Loam,0.76,838,4.81
6.89,Millets,Black,0.77,455,1.33
1.88,Cotton,Sandy,0.59,879,0.47
3.13,Cotton,Loam,0.38,952,0.82
4.18,Maize,Black,0.85,657,2.31
14.11,Sugarcane,Clay,0.92,547,10.65
14.58,Sugarcane,Sandy,0.52,1488,13.54
2.14,Maize,Sandy,0.8,891,1.1
8.86,Millets,Black,0.87,465,1.97
6.55,Millets,Sandy,0.81,1361,2.89
11.79,Sugarcane,Clay,0.87,1048,16.12
13.58,Maize,Black,0.58,850,6.63
12.83,Millets,Black,0.47,1067,3.54
14.77,Cotton,Sandy,0.76,682,3.67
2.77,Wheat,Loam,0.86,1436,2.87
5.07,Sugarcane,Black,0.35,1457,4.27
10.23,Cotton,Loam,0.77,1443,8.18
11.33,Rice,Black,0.66,1416,9.32
11.65,Wheat,Black,0.57,1135,5.8
9.4,Cotton,Loam,0.32,697,1.51
5.93,Rice,Black,0.63,1181,3.88
11.74,Cotton,Black,0.68,1410,7.43
8.49,Cotton,Black,0.75,366,1.54
10.47,Millets,Clay,0.85,1232,5.48
4.46,Maize,Sandy,0.31,854,0.85
11.37,Rice,Loam,0.62,361,2.44
3.63,Cotton,Black,0.41,913,0.9
1.15,Rice,Sandy,0.64,976,0.46
7.25,Millets,Sandy,0.46,1196,1.6
6.9,Rice,Black,0.59,762,2.73
3.35,Rice,Sandy,0.88,1091,2.06
10.08,Maize,Sandy,0.58,1364,5.74
3.23,Cotton,Loam,0.64,1486,2.21
13.58,Millets,Loam,0.41,1152,3.85
12.3,Maize,Black,0.83,526,5.32
11.52,Rice,Loam,0.89,461,4.54
5.8,Millets,Clay,0.55,325,0.52
11.6,Wheat,Sandy,0.76,899,4.44
5.49,Sugarcane,Clay,0.62,434,2.22
6.7,Cotton,Loam,0.32,1086,1.68
6.36,Sugarcane,Sandy,0.63,1249,6.01
9.23,Cotton,Loam,0.71,663,3.13
1.53,Sugarcane,Sandy,0.9,1425,2.35
4.72,Millets,Clay,0.46,1427,1.55
5.77,Millets,Sandy,0.79,378,0.69
14.5,Wheat,Loam,0.75,726,6.63
2.66,Cotton,Black,0.91,1283,2.05
3.43,Maize,Clay,0.4,487,0.6
5.59,Maize,Black,0.38,924,1.94
4.12,Wheat,Black,0.9,1443,4.12
14.65,Wheat,Loam,0.51,1454,9.13
3.84,Rice,Black,0.67,783,1.77
12.24,Millets,Black,0.31,1327,2.77
1.67,Maize,Black,0.57,1056,1.0
1.64,Sugarcane,Sandy,0.46,1360,1.23
11.65,Millets,Black,0.35,768,1.72
9.4,Rice,Loam,0.5,1078,4.86
11.26,Rice,Loam,0.44,1424,6.77
6.92,Cotton,Clay,0.43,919,1.64
10.2,Millets,Sandy,0.5,890,1.82
2.23,Sugarcane,Black,0.35,1163,1.5
13.36,Millets,Loam,0.39,601,1.88
13.28,Maize,Sandy,0.84,1249,10.03
13.16,Rice,Clay,0.38,894,3.58
13.73,Rice,Clay,0.7,1409,10.83
3.76,Sugarcane,Loam,0.84,1002,5.7
5.77,Rice,Clay,0.83,937,3.59
7.56,Millets,Clay,0.73,1079,2.98
6.61,Rice,Clay,0.52,861,2.37
7.37,Cotton,Sandy,0.69,1154,2.82
8.17,Wheat,Loam,0.67,363,1.67
13.22,Millets,Clay,0.51,1051,3.54
13.84,Wheat,Black,0.51,769,4.18
12.99,Sugarcane,Clay,0.5,450,4.38
12.57,Millets,Black,0.35,1335,3.23
5.77,Millets,Loam,0.63,323,0.7
12.43,Wheat,Loam,0.94,971,9.53
8.96,Cotton,Black,0.48,803,2.28
4.26,Millets,Sandy,0.94,1366,2.19
13.69,Sugarcane,Clay,0.37,609,4.63
12.44,Wheat,Black,0.3,937,2.69
5.18,Maize,Loam,0.79,352,1.56
7.91,Maize,Clay,0.91,784,5.08
3.75,Wheat,Sandy,0.6,1236,1.56
2.93,Maize,Loam,0.47,1096,1.63
1.88,Sugarcane,Clay,0.52,788,1.16
7.26,Cotton,Loam,0.51,1416,3.77
8.92,Rice,Clay,0.31,796,1.76
11.66,Wheat,Black,0.44,486,1.92
6.91,Wheat,Clay,0.5,908,2.2
11.04,Sugarcane,Sandy,0.54,1400,10.02
4.01,Rice,Sandy,0.63,485,0.78
11.12,Maize,Black,0.9,1249,12.37
14.09,Millets,Loam,0.72,334,2.03
6.24,Maize,Sandy,0.67,373,1.12
5.06,Millets,Sandy,0.82,975,1.62
11.1,Cotton,Sandy,0.58,431,1.33
9.07,Millets,Clay,0.93,1126,4.75
12.13,Maize,Black,0.56,418,2.81
14.61,Sugarcane,Sandy,0.9,1279,20.18
13.22,Cotton,Sandy,0.91,1065,6.15
3.77,Maize,Sandy,0.9,1428,3.49
14.94,Maize,Clay,0.91,872,10.67
3.13,Millets,Black,0.52,696,0.62
8.06,Rice,Black,0.81,738,4.24
3.35,Millets,Clay,0.44,817,0.6
5.45,Cotton,Black,0.44,593,0.94
4.48,Rice,Black,0.46,801,1.45
6.28,Wheat,Clay,0.58,1193,3.04
9.95,Cotton,Loam,0.48,1146,3.94
4.28,Millets,Loam,0.53,1408,1.92
7.9,Maize,Sandy,0.89,1091,5.52
12.27,Cotton,Loam,0.83,1393,10.21
14.0,Cotton,Sandy,0.41,527,1.45
3.2,Cotton,Loam,0.34,633,0.5
5.24,Cotton,Loam,0.44,1035,1.72
14.13,Wheat,Loam,0.64,1062,8.07
9.89,Cotton,Loam,0.45,747,2.39
7.7,Millets,Loam,0.86,1349,5.36
7.21,Cotton,Loam,0.82,805,3.43
6.48,Wheat,Black,0.93,1438,6.67
5.18,Maize,Loam,0.62,814,2.82
3.47,Sugarcane,Clay,0.61,771,2.45
2.03,Maize,Loam,0.47,462,0.48
7.12,Wheat,Loam,0.44,1282,3.37
5.02,Cotton,Loam,0.7,507,1.28
9.42,Wheat,Sandy,0.62,1277,4.18
5.61,Wheat,Loam,0.86,680,2.76
3.65,Millets,Loam,0.59,1407,1.82
3.29,Sugarcane,Clay,0.94,368,1.71
11.49,Sugarcane,Sandy,0.55,358,2.71
3.34,Rice,Clay,0.63,1016,1.71
2.52,Cotton,Loam,0.32,1019,0.59
8.92,Millets,Loam,0.55,1286,3.79
6.65,Millets,Black,0.41,1407,2.11
8.27,Sugarcane,Clay,0.7,1092,9.48
11.93,Cotton,Sandy,0.34,884,1.72
14.25,Rice,Clay,0.58,1137,7.52
12.44,Sugarcane,Clay,0.7,337,4.4
2.81,Millets,Clay,0.35,1452,0.71
13.5,Sugarcane,Clay,0.76,1119,17.22
10.92,Rice,Black,0.84,1425,11.5
12.39,Sugarcane,Clay,0.9,1231,20.59
1.51,Millets,Clay,0.9,580,0.39
13.69,Sugarcane,Black,0.87,413,8.12
1.88,Cotton,Black,0.41,470,0.24
11.52,Millets,Clay,0.34,686,1.34
2.27,Maize,Loam,0.38,420,0.39
9.35,Millets,Loam,0.57,674,2.16
1.59,Rice,Loam,0.4,1384,0.85
12.98,Rice,Black,0.79,1246,11.24
11.89,Rice,Sandy,0.71,1288,6.96
5.58,Cotton,Clay,0.53,1412,2.51
9.77,Rice,Sandy,0.31,332,0.64
14.92,Millets,Black,0.64,911,4.78
13.46,Maize,Black,0.87,701,8.13
1.62,Rice,Sandy,0.72,747,0.56
7.05,Wheat,Sandy,0.84,609,2.02
12.86,Rice,Loam,0.74,1283,11.72
8.78,Millets,Clay,0.31,1205,1.64
3.8,Sugarcane,Sandy,0.73,769,2.56
8.98,Maize,Loam,0.6,452,2.63
11.23,Millets,Sandy,0.37,1226,2.04
4.49,Millets,Loam,0.65,1343,2.35
7.41,Cotton,Black,0.36,1324,2.33
2.19,Maize,Clay,0.73,1138,1.64
2.85,Millets,Black,0.88,652,0.9
7.86,Wheat,Loam,0.92,1036,6.29
14.96,Cotton,Sandy,0.76,731,3.99
6.59,Millets,Loam,0.78,985,3.04
1.48,Sugarcane,Clay,0.69,600,0.92
5.17,Millets,Loam,0.69,839,1.8
10.93,Cotton,Clay,0.31,1098,2.23
12.32,Cotton,Sandy,0.32,861,1.63
11.45,Cotton,Black,0.3,1488,3.37
7.85,Maize,Black,0.45,748,2.62
5.81,Cotton,Clay,0.45,570,0.89
5.23,Millets,Black,0.32,826,0.76
5.46,Wheat,Sandy,0.76,569,1.32
4.73,Wheat,Loam,0.44,1494,2.61
13.87,Rice,Sandy,0.88,634,4.95
11.01,Rice,Sandy,0.65,479,2.19
7.37,Wheat,Sandy,0.44,755,1.37
10.25,Sugarcane,Black,0.87,1036,15.24
7.61,Cotton,Clay,0.94,844,3.62
9.74,Rice,Clay,0.37,724,2.09
8.66,Cotton,Clay,0.92,1221,5.84
10.21,Sugarcane,Sandy,0.91,1383,15.42
11.89,Wheat,Black,0.73,804,5.37
11.5,Cotton,Sandy,0.66,522,1.9
12.98,Millets,Clay,0.35,788,1.79
14.58,Cotton,Black,0.46,921,4.08
7.27,Cotton,Loam,0.92,1134,5.46
11.78,Wheat,Clay,0.45,694,2.58
12.77,Sugarcane,Sandy,0.89,307,4.19
3.99,Cotton,Clay,0.94,1117,2.51
6.45,Millets,Sandy,0.42,1347,1.46
8.81,Cotton,Loam,0.61,1467,5.68
10.15,Cotton,Black,0.68,631,2.87
12.92,Cotton,Sandy,0.3,1326,2.47
12.96,Maize,Sandy,0.39,1071,3.9
2.97,Sugarcane,Sandy,0.6,1123,2.4
10.16,Rice,Sandy,0.8,1133,5.89
6.07,Cotton,Sandy,0.94,678,1.86
9.99,Millets,Loam,0.53,1221,3.88
12.95,Sugarcane,Loam,0.53,1236,15.27
12.49,Wheat,Loam,0.73,942,7.21
9.96,Rice,Black,0.64,307,1.72
1.08,Wheat,Sandy,0.87,1477,0.78
4.94,Cotton,Sandy,0.95,1294,2.91
7.29,Maize,Black,0.81,1155,6.75
2.73,Maize,Clay,0.41,705,0.71
8.84,Cotton,Black,0.82,1320,6.32
7.7,Rice,Loam,0.52,564,2.17
12.22,Millets,Clay,0.55,1103,3.71
5.96,Maize,Clay,0.56,794,2.39
9.24,Wheat,Clay,0.52,1215,4.09
3.86,Sugarcane,Clay,0.47,968,2.63
1.63,Wheat,Black,0.89,724,0.81
10.09,Wheat,Loam,0.94,595,4.74
13.18,Rice,Loam,0.37,808,3.78
6.1,Sugarcane,Black,0.88,870,7.71
6.88,Maize,Loam,0.7,895,4.66
14.41,Millets,Clay,0.69,603,3.0
14.55,Rice,Loam,0.5,747,5.22
6.4,Rice,Clay,0.66,1146,3.87
12.22,Wheat,Loam,0.32,1256,4.13
3.18,Cotton,Sandy,0.61,1376,1.28
1.35,Millets,Clay,0.78,948,0.5
11.12,Cotton,Clay,0.5,1264,4.22
1.12,Maize,Clay,0.33,309,0.1
1.62,Rice,Loam,0.31,1471,0.71
8.52,Wheat,Sandy,0.9,781,3.35
11.02,Sugarcane,Clay,0.31,677,3.47
10.77,Rice,Loam,0.51,1441,7.6
6.29,Sugarcane,Black,0.91,590,5.57
11.32,Rice,Black,0.39,1062,4.13
11.09,Maize,Black,0.68,1330,9.93
12.65,Sugarcane,Clay,0.51,1236,11.96
7.69,Rice,Clay,0.94,1337,7.73
2.55,Wheat,Clay,0.88,443,0.7
13.15,Sugarcane,Sandy,0.58,872,7.98
1.44,Millets,Loam,0.64,824,0.46
7.78,Sugarcane,Clay,0.93,1210,13.13
8.1,Wheat,Loam,0.31,835,1.76
7.44,Cotton,Black,0.56,1104,3.04
6.39,Rice,Sandy,0.75,864,2.65
14.96,Rice,Loam,0.33,808,3.83
14.96,Sugarcane,Sandy,0.56,540,5.43
9.41,Wheat,Sandy,0.58,500,1.53
4.85,Maize,Sandy,0.6,326,0.68
6.72,Wheat,Black,0.68,553,1.95
8.17,Sugarcane,Clay,0.9,320,3.53
4.53,Cotton,Clay,0.38,700,0.72
8.22,Rice,Loam,0.59,771,3.59
14.6,Maize,Clay,0.83,773,8.43
12.15,Wheat,Black,0.85,555,4.41
4.93,Sugarcane,Clay,0.62,709,3.25
9.16,Cotton,Loam,0.9,1371,8.14
7.61,Maize,Loam,0.74,1396,8.49
6.66,Rice,Sandy,0.84,1139,4.08
1.39,Maize,Loam,0.66,1081,1.07
14.12,Sugarcane,Sandy,0.73,733,9.07
2.63,Millets,Loam,0.49,1358,1.05
6.94,Cotton,Loam,0.71,770,2.73
4.41,Millets,Sandy,0.76,441,0.59
9.08,Sugarcane,Sandy,0.42,1369,6.26
1.29,Maize,Clay,0.54,1077,0.68
14.38,Rice,Black,0.46,764,4.45
5.58,Cotton,Loam,0.64,306,0.79
5.05,Rice,Loam,0.91,503,2.22
6.27,Rice,Clay,0.63,738,2.33
12.35,Maize,Sandy,0.34,1005,3.04
2.67,Sugarcane,Sandy,0.47,987,1.49
12.53,Rice,Black,0.84,366,3.39
2.58,Cotton,Black,0.75,1325,1.69
5.13,Rice,Clay,0.78,347,1.11
13.69,Maize,Sandy,0.74,673,4.91
9.28,Wheat,Loam,0.79,1307,8.05
9.62,Maize,Clay,0.77,644,4.29
13.04,Maize,Sandy,0.68,907,5.79
3.51,Maize,Sandy,0.63,748,1.19
6.25,Cotton,Sandy,0.91,809,2.21
14.28,Cotton,Sandy,0.8,1056,5.79
12.07,Wheat,Loam,0.48,534,2.6
3.43,Sugarcane,Clay,0.61,442,1.39
14.72,Sugarcane,Sandy,0.43,1167,8.86
13.76,Sugarcane,Sandy,0.94,664,10.31
3.62,Sugarcane,Sandy,0.62,681,1.83
6.25,Wheat,Clay,0.73,1188,3.79
7.08,Millets,Clay,0.7,878,2.18
10.47,Wheat,Black,0.71,1435,8.21
7.43,Cotton,Black,0.93,678,3.09
6.15,Sugarcane,Loam,0.8,446,3.95
2.41,Cotton,Black,0.49,1112,0.87
4.11,Millets,Sandy,0.81,791,1.05
10.27,Wheat,Clay,0.63,1131,5.12
8.96,Wheat,Black,0.41,1091,3.09
14.37,Cotton,Sandy,0.75,1059,5.48
8.94,Wheat,Sandy,0.42,838,1.76
6.86,Wheat,Loam,0.41,1338,3.16
11.06,Cotton,Clay,0.89,1094,6.46
7.91,Rice,Loam,0.57,922,3.99
7.27,Millets,Loam,0.32,1077,1.5
13.97,Millets,Clay,0.71,938,4.65
10.85,Rice,Clay,0.71,689,4.25
13.47,Rice,Sandy,0.77,1439,9.55
14.04,Sugarcane,Black,0.79,1242,22.73
8.34,Rice,Clay,0.83,405,2.24
9.35,Cotton,Loam,0.61,348,1.43
11.09,Sugarcane,Loam,0.87,1107,19.23
7.52,Wheat,Black,0.56,599,1.94
13.25,Maize,Sandy,0.32,1353,4.13
6.59,Maize,Loam,0.45,465,1.49
13.46,Wheat,Sandy,0.94,1277,9.05
4.53,Wheat,Loam,0.4,476,0.72
2.92,Cotton,Loam,0.67,1359,1.91
13.91,Maize,Sandy,0.61,689,4.21
9.37,Sugarcane,Sandy,0.9,573,5.8
8.21,Rice,Black,0.33,629,1.5
9.55,Maize,Clay,0.58,1289,6.43
11.84,Maize,Black,0.86,386,3.89
14.55,Cotton,Sandy,0.65,576,2.61
7.17,Millets,Clay,0.65,756,1.76
3.68,Rice,Sandy,0.59,717,1.0
2.88,Sugarcane,Sandy,0.82,580,1.64
12.26,Rice,Sandy,0.6,976,4.59
7.97,Wheat,Sandy,0.73,892,2.91
1.9,Wheat,Black,0.8,890,1.04
8.39,Sugarcane,Loam,0.53,480,3.84
7.31,Millets,Loam,0.95,1178,4.91
6.89,Sugarcane,Clay,0.42,1018,4.42
2.88,Rice,Loam,0.54,1321,1.97
7.12,Rice,Clay,0.31,1369,2.42
5.98,Millets,Loam,0.67,1065,2.56
8.08,Maize,Clay,0.56,1342,5.47
8.97,Cotton,Black,0.77,791,3.61
7.3,Wheat,Sandy,0.83,997,3.38
9.8,Maize,Clay,0.33,773,2.25
3.2,Maize,Sandy,0.56,1331,1.72
7.38,Maize,Loam,0.82,400,2.61
3.49,Wheat,Clay,0.73,703,1.25
4.72,Sugarcane,Sandy,0.31,554,0.97
6.06,Millets,Black,0.63,1437,3.02
11.04,Wheat,Black,0.36,1093,3.34
5.81,Cotton,Sandy,0.47,436,0.57
14.04,Wheat,Sandy,0.44,781,2.7
2.3,Maize,Clay,0.53,408,0.45
8.99,Millets,Clay,0.73,368,1.21
11.14,Maize,Clay,0.34,1286,4.38
11.67,Maize,Sandy,0.64,1366,7.35
10.79,Wheat,Clay,0.51,1435,5.53
9.69,Wheat,Black,0.88,374,2.46
7.84,Cotton,Clay,0.38,1441,2.58
14.41,Maize,Loam,0.68,1094,11.58
14.36,Wheat,Black,0.35,496,1.92
9.22,Sugarcane,Clay,0.56,892,6.91
3.24,Cotton,Clay,0.39,921,0.7
4.92,Wheat,Black,0.89,344,1.16
10.32,Maize,Black,0.51,1001,5.22
7.96,Cotton,Sandy,0.57,1336,2.91
6.44,Maize,Black,0.38,664,1.61
3.37,Sugarcane,Black,0.8,1035,4.6
8.05,Rice,Clay,0.7,338,1.52
13.4,Maize,Black,0.51,397,2.69
5.48,Wheat,Loam,0.94,649,2.81
1.35,Millets,Sandy,0.54,1019,0.3
5.93,Millets,Black,0.93,567,1.72
14.84,Wheat,Clay,0.89,883,8.16
13.93,Rice,Loam,0.48,996,6.39
12.34,Maize,Black,0.74,308,2.78
5.08,Cotton,Black,0.77,521,1.35
6.86,Rice,Loam,0.5,1169,3.85
14.85,Wheat,Sandy,0.66,1284,7.05
2.82,Wheat,Sandy,0.92,561,0.82
9.59,Maize,Clay,0.53,695,3.18
4.69,Rice,Sandy,0.8,1328,3.19
4.23,Sugarcane,Sandy,0.65,350,1.15
11.58,Rice,Clay,0.92,1084,9.24
1.94,Maize,Loam,0.7,1434,2.1
12.06,Maize,Clay,0.3,651,2.12
3.93,Cotton,Loam,0.41,706,0.82
7.56,Millets,Sandy,0.79,1087,2.6
8.33,Maize,Loam,0.55,382,1.89
14.58,Millets,Clay,0.77,528,2.96
1.07,Sugarcane,Black,0.71,1126,1.41
7.5,Millets,Clay,0.55,667,1.38
4.14,Maize,Black,0.59,511,1.24
5.57,Maize,Sandy,0.5,1100,2.21
1.26,Rice,Sandy,0.51,1403,0.58
1.32,Cotton,Loam,0.52,356,0.18
4.85,Wheat,Clay,0.47,1304,2.08
6.21,Sugarcane,Sandy,0.39,898,2.61
2.45,Millets,Black,0.7,647,0.61
5.68,Maize,Clay,0.68,825,2.87
5.74,Cotton,Loam,0.71,1346,3.95
9.6,Wheat,Clay,0.39,1154,3.02
8.38,Rice,Sandy,0.83,1018,4.53
9.95,Sugarcane,Black,0.78,816,10.45
7.9,Sugarcane,Loam,0.45,1389,8.89
5.0,Sugarcane,Sandy,0.74,1495,6.64
1.72,Rice,Loam,0.94,1101,1.71
9.61,Sugarcane,Loam,0.81,658,9.22
7.6,Wheat,Sandy,0.59,1322,3.32
14.79,Cotton,Loam,0.32,1214,4.14
1.55,Rice,Black,0.72,904,0.89
10.59,Millets,Black,0.91,1191,6.31
4.89,Wheat,Loam,0.69,876,2.48
7.33,Wheat,Black,0.31,1096,1.92
5.21,Rice,Sandy,0.47,708,1.11
14.61,Maize,Loam,0.59,1100,10.24
2.25,Maize,Loam,0.71,845,1.46
7.98,Rice,Black,0.54,842,3.19
6.78,Sugarcane,Black,0.89,826,8.22
3.12,Rice,Black,0.69,759,1.44
9.24,Rice,Loam,0.61,623,3.37
1.87,Cotton,Black,0.57,1124,0.79
11.46,Wheat,Clay,0.75,1329,8.0
14.64,Millets,Sandy,0.49,743,2.13
12.61,Cotton,Sandy,0.85,475,2.44
12.4,Maize,Sandy,0.49,1117,4.89
9.15,Rice,Black,0.52,695,2.91
11.73,Rice,Black,0.76,1035,8.12
11.51,Maize,Loam,0.93,541,6.25
3.01,Sugarcane,Clay,0.74,340,1.14
12.1,Sugarcane,Black,0.32,386,2.47
1.58,Maize,Loam,0.86,785,1.15
3.87,Cotton,Loam,0.65,1205,2.18
2.97,Cotton,Clay,0.77,561,0.77
13.2,Maize,Loam,0.5,359,2.56
7.65,Millets,Black,0.44,1023,1.89
5.47,Cotton,Clay,0.67,611,1.34
14.22,Rice,Loam,0.82,369,4.13
1.38,Sugarcane,Clay,0.38,1260,0.99
3.68,Wheat,Black,0.35,921,0.91
6.97,Wheat,Loam,0.79,487,2.25
5.35,Rice,Black,0.59,1174,3.26
5.52,Cotton,Loam,0.35,920,1.28
9.56,Wheat,Clay,0.86,505,2.91
9.27,Sugarcane,Sandy,0.7,497,3.87
7.28,Cotton,Sandy,0.52,359,0.65
12.84,Rice,Sandy,0.42,1371,4.73
13.85,Wheat,Black,0.44,1087,5.1
2.34,Sugarcane,Sandy,0.81,743,1.69
2.69,Wheat,Black,0.95,592,1.16
12.24,Wheat,Clay,0.94,732,5.9
6.1,Sugarcane,Sandy,0.7,454,2.33
3.79,Cotton,Sandy,0.38,523,0.36
3.02,Rice,Sandy,0.47,920,0.84
11.25,Maize,Loam,0.54,500,3.28
6.97,Maize,Sandy,0.78,1221,4.78
13.54,Cotton,Sandy,0.58,1190,4.49
4.95,Sugarcane,Sandy,0.42,494,1.23
2.83,Maize,Loam,0.46,1022,1.44
14.78,Cotton,Sandy,0.42,1094,3.26
6.85,Sugarcane,Sandy,0.85,925,6.46
6.35,Sugarcane,Sandy,0.38,1431,4.14
4.62,Cotton,Loam,0.37,1130,1.39
7.43,Sugarcane,Clay,0.6,1359,9.09
2.99,Millets,Sandy,0.58,662,0.46
3.78,Cotton,Clay,0.4,304,0.28
3.48,Maize,Black,0.7,300,0.72
12.5,Millets,Sandy,0.81,1338,5.42
1.68,Millets,Clay,0.45,1444,0.55
10.53,Maize,Black,0.37,1126,4.34
12.11,Maize,Black,0.73,1273,11.14
6.18,Sugarcane,Loam,0.56,667,4.16
12.67,Millets,Sandy,0.33,1269,2.12
11.0,Maize,Clay,0.37,756,2.77
5.22,Cotton,Sandy,0.45,916,1.03
3.04,Millets,Sandy,0.88,615,0.66
9.1,Maize,Loam,0.79,1125,8.73
6.29,Cotton,Sandy,0.57,448,0.77
4.86,Cotton,Black,0.37,873,1.04
8.91,Maize,Sandy,0.49,758,2.38
4.67,Wheat,Sandy,0.45,348,0.41
13.04,Cotton,Loam,0.49,1194,5.49
8.74,Rice,Loam,0.5,1373,5.76
12.26,Rice,Loam,0.67,1464,11.54
11.13,Cotton,Clay,0.77,849,4.37
3.85,Millets,Clay,0.88,1195,2.02
8.89,Wheat,Sandy,0.46,377,0.86
14.16,Cotton,Sandy,0.53,901,3.25
1.6,Sugarcane,Black,0.93,425,1.04
10.59,Sugarcane,Loam,0.7,1344,17.93
4.58,Rice,Clay,0.32,712,0.83
5.37,Sugarcane,Black,0.72,596,3.8
1.14,Wheat,Black,0.79,1062,0.74
9.6,Maize,Black,0.78,1123,8.32
7.75,Maize,Sandy,0.91,728,3.7
14.7,Cotton,Clay,0.66,856,4.98
7.36,Rice,Black,0.51,749,2.47
11.57,Wheat,Sandy,0.42,333,0.91
7.04,Maize,Loam,0.73,1124,6.24
13.48,Sugarcane,Clay,0.54,1186,12.95
6.33,Cotton,Sandy,0.76,868,2.0
12.4,Rice,Loam,0.46,1253,6.86
3.34,Wheat,Black,0.79,985,2.0
12.3,Cotton,Black,0.4,839,2.72
7.01,Wheat,Sandy,0.52,645,1.32
13.4,Wheat,Black,0.7,659,4.76
5.38,Rice,Sandy,0.42,357,0.52
13.57,Sugarcane,Sandy,0.46,1059,7.93
7.32,Sugarcane,Black,0.35,817,3.45
8.22,Maize,Loam,0.58,721,3.71
4.34,Millets,Black,0.31,400,0.3
1.23,Cotton,Sandy,0.77,1297,0.59
14.73,Rice,Black,0.47,601,3.66
7.67,Rice,Black,0.61,703,2.89
8.79,Maize,Sandy,0.92,1353,7.88
9.8,Sugarcane,Clay,0.54,1063,8.44
9.48,Rice,Black,0.78,1147,7.46
3.59,Cotton,Loam,0.45,1179,1.37
2.02,Rice,Black,0.46,995,0.81
11.08,Wheat,Loam,0.36,1319,4.42
9.08,Rice,Black,0.58,351,1.63
2.82,Rice,Sandy,0.64,879,1.02
11.52,Millets,Sandy,0.5,589,1.36
13.41,Wheat,Loam,0.63,1083,7.69
14.75,Cotton,Sandy,0.37,571,1.5
7.59,Cotton,Loam,0.33,1413,2.55
9.72,Cotton,Loam,0.84,1485,8.73
13.49,Sugarcane,Loam,0.82,1277,25.43
14.22,Millets,Black,0.37,1142,3.3
14.39,Wheat,Loam,0.79,845,8.07
7.73,Millets,Clay,0.53,838,1.72
13.4,Millets,Black,0.37,742,2.02
11.54,Cotton,Sandy,0.46,650,1.66
3.21,Rice,Sandy,0.54,1395,1.55
9.7,Maize,Clay,0.44,1396,5.36
11.03,Wheat,Sandy,0.78,318,1.53
7.7,Wheat,Sandy,0.55,921,2.18
14.75,Millets,Black,0.65,397,2.09
7.91,Maize,Black,0.78,1023,6.25
9.9,Sugarcane,Loam,0.32,958,5.46
1.95,Sugarcane,Loam,0.88,1043,3.22
6.47,Wheat,Clay,0.59,1029,2.75
14.89,Maize,Sandy,0.5,1182,6.34
2.91,Sugarcane,Sandy,0.38,333,0.44
8.09,Wheat,Clay,0.92,672,3.5
11.33,Rice,Sandy,0.43,1013,3.16
12.34,Wheat,Sandy,0.31,717,1.54
8.62,Maize,Clay,0.33,796,2.04
9.44,Wheat,Black,0.68,451,2.23
13.47,Cotton,Clay,0.89,1289,9.27
13.99,Rice,Clay,0.6,408,2.74
4.97,Maize,Black,0.9,1086,4.81
10.33,Millets,Sandy,0.38,350,0.55
4.11,Rice,Loam,0.34,1207,1.62
10.25,Sugarcane,Loam,0.6,1242,13.75
13.01,Cotton,Clay,0.59,717,3.3
14.58,Maize,Clay,0.68,635,5.67
11.96,Sugarcane,Black,0.45,750,6.66
12.57,Cotton,Black,0.88,1479,10.8
12.14,Sugarcane,Loam,0.81,660,11.68
3.71,Maize,Loam,0.57,1327,3.03
9.82,Wheat,Black,0.44,1457,4.85
3.96,Sugarcane,Loam,0.61,1222,5.31
12.42,Sugarcane,Loam,0.39,664,5.79
4.75,Millets,Clay,0.35,702,0.58
9.41,Millets,Loam,0.54,1172,3.57
3.51,Rice,Loam,0.55,1124,2.08
7.24,Cotton,Sandy,0.55,396,0.76
5.22,Wheat,Clay,0.86,1449,4.55
14.89,Millets,Sandy,0.76,424,1.92
2.13,Millets,Sandy,0.34,1319,0.38
4.46,Rice,Black,0.54,472,1.0
9.33,Cotton,Sandy,0.72,329,1.06
3.29,Rice,Sandy,0.45,497,0.47
13.45,Maize,Sandy,0.72,576,4.02
8.51,Maize,Sandy,0.92,433,2.44
1.53,Sugarcane,Clay,0.69,756,1.2
13.89,Cotton,Loam,0.93,1253,11.65
3.31,Rice,Loam,0.93,355,1.05
13.7,Rice,Black,0.51,499,3.07
5.97,Maize,Sandy,0.69,1161,3.44
14.48,Rice,Clay,0.89,1425,14.69
8.95,Maize,Clay,0.48,984,3.8
1.3,Sugarcane,Clay,0.44,1262,1.08
1.48,Rice,Black,0.92,1189,1.42
6.06,Maize,Clay,0.77,797,3.35
9.54,Wheat,Loam,0.68,818,4.46
1.67,Millets,Loam,0.74,1477,1.1
7.99,Millets,Clay,0.67,981,2.63
2.93,Sugarcane,Sandy,0.55,1094,2.12
4.35,Sugarcane,Clay,0.78,806,4.1
7.41,Sugarcane,Sandy,0.68,676,4.09
4.36,Wheat,Loam,0.79,545,1.58
1.52,Maize,Loam,0.78,1379,1.77
2.23,Wheat,Clay,0.74,676,0.78
9.34,Rice,Sandy,0.64,1228,4.7
10.78,Rice,Loam,0.93,1483,14.27
6.21,Wheat,Black,0.58,1132,3.14
9.86,Sugarcane,Sandy,0.55,876,5.7
13.68,Cotton,Loam,0.67,824,5.44
9.63,Maize,Black,0.95,1337,12.11
8.35,Wheat,Black,0.58,404,1.51
9.78,Cotton,Loam,0.72,1444,7.32
11.22,Maize,Clay,0.55,744,4.13
2.28,Cotton,Loam,0.45,911,0.67
11.24,Rice,Black,0.32,590,1.87
1.53,Millets,Black,0.83,1440,1.01
1.11,Sugarcane,Black,0.76,832,1.16
6.44,Wheat,Black,0.42,534,1.11
14.86,Maize,Clay,0.3,1462,5.87
14.35,Wheat,Sandy,0.75,870,5.24
9.28,Millets,Loam,0.47,916,2.4
6.06,Cotton,Clay,0.38,451,0.62
8.35,Sugarcane,Sandy,0.78,573,4.48
12.23,Cotton,Black,0.83,1199,8.03
2.07,Millets,Sandy,0.58,1257,0.6
3.33,Rice,Loam,0.34,1016,1.1
14.38,Sugarcane,Clay,0.85,787,14.43
13.46,Cotton,Sandy,0.55,1230,4.37
3.17,Rice,Clay,0.38,773,0.74
3.02,Millets,Clay,0.75,1296,1.47
6.72,Cotton,Clay,0.59,1482,3.53
14.65,Wheat,Loam,0.73,859,7.72
4.72,Sugarcane,Sandy,0.58,1194,3.92
12.34,Millets,Sandy,0.48,1093,2.59
1.06,Wheat,Sandy,0.56,915,0.3
10.9,Wheat,Sandy,0.73,1073,4.78
12.5,Maize,Clay,0.65,1156,8.45
1.16,Cotton,Clay,0.43,770,0.23
10.83,Maize,Clay,0.89,856,7.43
6.3,Sugarcane,Loam,0.63,1271,9.08
10.63,Maize,Loam,0.92,999,10.55
10.96,Cotton,Loam,0.81,413,2.64
13.27,Millets,Black,0.8,1122,6.55
3.96,Sugarcane,Loam,0.35,549,1.37
11.14,Wheat,Sandy,0.78,1316,6.4
11.95,Rice,Loam,0.92,447,4.72
9.21,Maize,Sandy,0.37,881,2.16
12.3,Wheat,Clay,0.57,923,4.53
4.79,Wheat,Black,0.33,1374,1.67
3.45,Cotton,Clay,0.48,1135,1.13
14.51,Maize,Loam,0.61,352,3.36
13.74,Wheat,Clay,0.41,1283,5.06
14.02,Millets,Sandy,0.34,1004,1.91
4.96,Cotton,Loam,0.79,494,1.39
3.79,Rice,Clay,0.9,383,1.05
1.06,Millets,Clay,0.58,1200,0.37
10.35,Rice,Sandy,0.76,417,2.1
8.18,Cotton,Clay,0.4,1485,2.92
8.62,Maize,Sandy,0.94,1249,7.29
4.82,Cotton,Black,0.35,1217,1.36
13.81,Sugarcane,Black,0.83,362,6.85
1.58,Cotton,Clay,0.83,1231,0.97
2.64,Cotton,Loam,0.51,1350,1.31
2.29,Wheat,Clay,0.58,1136,1.06
3.53,Sugarcane,Loam,0.43,1476,4.03
2.39,Wheat,Loam,0.8,787,1.26
5.79,Rice,Sandy,0.42,769,1.2
4.32,Wheat,Loam,0.37,486,0.65
11.37,Cotton,Loam,0.54,1365,6.03
10.62,Rice,Black,0.41,1136,4.35
9.79,Rice,Loam,0.58,859,4.68
6.98,Sugarcane,Clay,0.3,465,1.46
13.56,Wheat,Clay,0.77,1479,10.81
12.32,Maize,Sandy,0.32,675,1.92
13.76,Cotton,Loam,0.89,1464,12.91
1.06,Wheat,Black,0.4,704,0.23
6.01,Cotton,Black,0.42,555,0.92
3.03,Wheat,Loam,0.93,823,1.95
13.73,Wheat,Sandy,0.82,695,4.38
11.59,Millets,Sandy,0.86,749,2.99
14.9,Millets,Sandy,0.8,1382,6.59
1.61,Millets,Loam,0.66,640,0.41
1.39,Rice,Black,0.59,320,0.23
12.75,Rice,Black,0.83,1249,11.63
7.78,Sugarcane,Clay,0.93,1436,15.59
13.41,Wheat,Loam,0.89,1038,10.41
1.7,Millets,Black,0.91,1248,1.06
5.59,Maize,Clay,0.75,982,3.71
6.49,Rice,Black,0.9,1211,6.22
5.15,Cotton,Black,0.85,1326,3.83
8.96,Wheat,Loam,0.34,1226,3.14
13.45,Cotton,Black,0.53,1031,4.85
13.54,Rice,Sandy,0.43,633,2.36
9.65,Maize,Sandy,0.51,907,3.21
3.02,Wheat,Clay,0.3,844,0.54
1.09,Millets,Clay,0.63,1385,0.48
7.98,Rice,Loam,0.41,660,2.07
13.93,Maize,Clay,0.87,348,3.8
4.44,Maize,Clay,0.32,504,0.64
12.43,Rice,Clay,0.82,1025,8.36
7.19,Sugarcane,Black,0.72,634,5.42
3.96,Rice,Black,0.39,1100,1.49
9.29,Maize,Clay,0.52,1194,5.19
6.08,Rice,Clay,0.34,482,0.8
2.47,Rice,Clay,0.38,328,0.25
1.95,Sugarcane,Sandy,0.93,1230,2.68
7.38,Cotton,Black,0.87,949,4.02
12.27,Maize,Loam,0.77,958,9.78
4.38,Sugarcane,Sandy,0.51,1290,3.46
4.87,Cotton,Black,0.33,1007,1.07
11.2,Maize,Clay,0.69,1321,9.19
4.48,Cotton,Loam,0.59,585,1.11
9.22,Rice,Clay,0.84,856,5.3
4.9,Maize,Clay,0.35,1484,2.29
10.67,Wheat,Loam,0.6,400,2.15
8.59,Millets,Clay,0.4,1011,1.74
10.7,Millets,Clay,0.58,317,0.98
7.02,Rice,Loam,0.75,923,4.67
14.7,Cotton,Loam,0.58,672,4.13
2.82,Cotton,Black,0.71,1137,1.5
12.02,Wheat,Loam,0.83,1412,11.83
13.29,Millets,Sandy,0.73,302,1.17
8.43,Cotton,Sandy,0.46,879,1.64
10.71,Cotton,Loam,0.89,920,6.31
3.58,Rice,Sandy,0.41,854,0.8
7.94,Wheat,Sandy,0.5,1265,2.81
8.03,Sugarcane,Sandy,0.56,1193,6.44
2.65,Rice,Loam,0.89,719,1.63
3.86,Wheat,Clay,0.77,505,1.05
14.48,Wheat,Black,0.57,1080,6.86
3.66,Rice,Sandy,0.4,639,0.6
9.23,Rice,Clay,0.78,606,3.49
6.34,Maize,Sandy,0.62,1293,3.66
12.26,Sugarcane,Black,0.89,676,12.17
5.06,Wheat,Black,0.87,816,2.77
5.99,Cotton,Clay,0.5,1424,2.56
12.13,Sugarcane,Loam,0.35,697,5.33
11.8,Rice,Clay,0.33,1083,3.37
5.95,Wheat,Black,0.86,621,2.45
3.57,Cotton,Sandy,0.67,587,0.67
10.26,Millets,Loam,0.87,959,5.14
9.22,Millets,Clay,0.55,1417,3.59
9.2,Maize,Loam,0.45,327,1.46
10.23,Rice,Black,0.67,476,2.87
13.15,Sugarcane,Clay,0.81,903,14.43
6.23,Sugarcane,Black,0.4,1211,4.98
10.03,Sugarcane,Sandy,0.74,668,5.95
5.02,Rice,Sandy,0.58,1187,2.21
5.41,Cotton,Loam,0.82,436,1.39
2.25,Cotton,Black,0.92,533,0.73
3.53,Cotton,Clay,0.61,326,0.42
10.3,Wheat,Black,0.63,1162,5.81
7.73,Maize,Sandy,0.56,742,2.31
8.36,Rice,Clay,0.64,378,1.62
1.52,Sugarcane,Loam,0.75,1245,2.55
10.64,Maize,Clay,0.38,707,2.57
1.5,Millets,Clay,0.47,716,0.25
13.73,Sugarcane,Loam,0.36,300,2.67
6.82,Rice,Black,0.56,1292,4.34
8.31,Wheat,Clay,0.5,763,2.22
13.52,Millets,Sandy,0.58,1008,3.16
9.26,Sugarcane,Black,0.68,399,4.15
12.7,Maize,Sandy,0.49,919,4.12
14.77,Wheat,Loam,0.41,1053,5.36
6.95,Rice,Loam,0.59,756,2.98
14.21,Cotton,Sandy,0.66,1129,5.08
1.65,Maize,Sandy,0.46,662,0.36
2.22,Millets,Clay,0.7,762,0.59
11.72,Sugarcane,Black,0.3,779,4.52
6.24,Millets,Sandy,0.51,920,1.17
6.87,Cotton,Sandy,0.33,970,1.06
13.55,Wheat,Loam,0.75,491,4.19
10.16,Wheat,Clay,0.89,1380,8.73
10.76,Maize,Clay,0.57,770,4.25
5.61,Sugarcane,Black,0.63,470,2.74
9.36,Cotton,Loam,0.82,1415,7.82
12.68,Wheat,Sandy,0.58,525,2.16
3.66,Sugarcane,Loam,0.78,1410,7.25
7.05,Cotton,Sandy,0.95,1412,4.54
3.28,Maize,Clay,0.56,1314,2.17
5.4,Cotton,Black,0.65,1481,3.43
9.51,Millets,Loam,0.54,767,2.36
10.56,Sugarcane,Sandy,0.47,1324,7.89
7.31,Wheat,Loam,0.91,1112,6.21
2.39,Maize,Black,0.38,1031,0.93
4.93,Sugarcane,Sandy,0.4,305,0.72
8.14,Rice,Sandy,0.85,601,2.66
2.55,Sugarcane,Black,0.9,442,1.67
10.71,Maize,Clay,0.38,773,2.83
3.56,Sugarcane,Loam,0.5,737,2.36
7.98,Millets,Black,0.86,806,3.04
7.43,Cotton,Black,0.92,1332,6.01
5.01,Cotton,Black,0.54,892,1.59
2.67,Maize,Black,0.38,650,0.65
14.08,Millets,Clay,0.71,361,1.8
5.04,Millets,Clay,0.61,693,1.07
5.86,Cotton,Clay,0.63,1126,2.49
14.47,Maize,Clay,0.39,807,4.1
10.9,Sugarcane,Black,0.89,796,12.74
11.37,Rice,Black,0.89,807,7.19
8.09,Maize,Clay,0.31,969,2.19
6.85,Rice,Black,0.53,924,2.95
5.88,Maize,Sandy,0.54,645,1.47
7.19,Rice,Black,0.47,1346,4.0
6.46,Cotton,Clay,0.51,633,1.25
14.82,Maize,Sandy,0.62,590,3.9
10.78,Sugarcane,Clay,0.75,559,6.78
6.89,Cotton,Black,0.35,705,1.12
2.58,Cotton,Clay,0.62,1021,0.98
7.5,Rice,Loam,0.84,669,4.05
5.86,Wheat,Clay,0.55,325,0.73
2.52,Sugarcane,Sandy,0.31,574,0.54
4.28,Cotton,Black,0.78,313,0.69
3.66,Millets,Loam,0.78,389,0.67
6.23,Millets,Clay,0.77,1150,2.76
9.06,Sugarcane,Black,0.9,422,5.68
3.89,Rice,Clay,0.83,688,1.78
10.3,Cotton,Sandy,0.85,421,1.77
11.45,Wheat,Clay,0.94,829,6.25
1.52,Wheat,Loam,0.42,824,0.44
12.01,Millets,Clay,0.57,384,1.31
4.78,Cotton,Black,0.6,623,1.18
4.59,Cotton,Sandy,0.61,338,0.45
7.79,Rice,Black,0.33,1396,3.16
4.48,Cotton,Clay,0.33,1150,1.02
14.2,Wheat,Sandy,0.63,387,1.94
5.94,Maize,Black,0.65,1281,4.9
10.79,Rice,Loam,0.73,1400,10.59
3.63,Rice,Clay,0.46,1106,1.48
1.69,Rice,Loam,0.68,1194,1.32
2.6,Sugarcane,Sandy,0.46,541,0.78
11.65,Maize,Sandy,0.46,1233,4.76
11.46,Maize,Loam,0.71,999,8.78
6.9,Millets,Sandy,0.54,764,1.14
8.29,Millets,Loam,0.73,743,2.7
14.58,Wheat,Loam,0.41,676,3.39
12.02,Maize,Clay,0.69,689,5.14
13.55,Wheat,Loam,0.49,1474,8.22
13.16,Cotton,Sandy,0.9,645,3.67
3.93,Millets,Black,0.44,1368,1.3
11.58,Cotton,Clay,0.78,746,4.04
4.8,Rice,Black,0.31,303,0.4
13.09,Millets,Loam,0.75,337,1.99
1.57,Millets,Sandy,0.46,611,0.18
7.38,Maize,Clay,0.84,853,4.76
8.21,Sugarcane,Black,0.87,1360,16.03
3.98,Maize,Black,0.66,1312,3.41
3.93,Cotton,Sandy,0.81,1120,1.71
14.21,Maize,Loam,0.43,1484,9.79
13.53,Millets,Black,0.39,768,2.23
14.87,Rice,Sandy,0.5,671,3.19
4.28,Sugarcane,Clay,0.38,644,1.57
10.96,Wheat,Black,0.84,1082,7.67
8.55,Rice,Loam,0.58,406,1.93
2.86,Maize,Loam,0.67,895,1.85
12.11,Sugarcane,Black,0.89,807,14.35
10.79,Maize,Black,0.51,1428,7.78
14.61,Cotton,Loam,0.31,1291,4.21
1.24,Wheat,Sandy,0.66,987,0.45
11.76,Millets,Loam,0.36,1410,3.58
12.97,Rice,Black,0.64,1471,10.75
3.05,Rice,Sandy,0.9,1484,2.61
4.55,Wheat,Clay,0.44,1152,1.61
3.07,Sugarcane,Loam,0.45,583,1.45
13.92,Sugarcane,Loam,0.32,529,4.24
4.95,Wheat,Black,0.3,1197,1.37
4.81,Millets,Sandy,0.42,1070,0.86
8.71,Millets,Loam,0.85,1466,6.51
3.24,Rice,Sandy,0.72,872,1.3
12.46,Rice,Sandy,0.72,750,4.31
11.35,Rice,Sandy,0.71,1051,5.42
13.49,Sugarcane,Black,0.69,392,6.02
3.95,Millets,Loam,0.45,798,0.85
2.57,Millets,Loam,0.37,469,0.27
3.48,Millets,Sandy,0.32,1273,0.57
11.05,Wheat,Sandy,0.39,717,1.73
8.94,Millets,Clay,0.38,406,0.69
4.46,Rice,Loam,0.43,377,0.69
7.24,Cotton,Black,0.45,731,1.57
11.18,Maize,Loam,0.81,452,4.42
2.18,Rice,Black,0.77,906,1.34
7.95,Sugarcane,Sandy,0.84,482,3.86
2.48,Sugarcane,Loam,0.77,1356,4.66
1.3,Maize,Clay,0.65,1277,0.97
11.28,Cotton,Loam,0.45,645,2.36
11.86,Wheat,Loam,0.81,998,8.05
9.96,Rice,Clay,0.7,896,5.0
9.44,Wheat,Clay,0.91,1044,6.28
13.18,Rice,Clay,0.45,483,2.29
8.52,Wheat,Clay,0.83,1297,6.42
2.88,Wheat,Sandy,0.88,993,1.41
4.4,Cotton,Black,0.64,1441,2.68
14.03,Cotton,Clay,0.84,803,5.68
1.16,Rice,Sandy,0.76,591,0.33
6.58,Rice,Sandy,0.82,1254,4.33
10.93,Rice,Clay,0.66,951,5.49
9.14,Cotton,Black,0.85,683,3.5
14.32,Cotton,Clay,0.51,574,2.52
13.98,Sugarcane,Sandy,0.56,1210,11.37
9.12,Cotton,Black,0.67,844,3.4
10.67,Sugarcane,Clay,0.45,1144,8.24
1.43,Millets,Loam,0.93,985,0.79
11.15,Maize,Clay,0.86,734,6.33
1.16,Rice,Clay,0.42,945,0.37
8.62,Cotton,Clay,0.62,979,3.14
6.79,Maize,Black,0.86,449,2.6
14.55,Sugarcane,Black,0.74,882,15.67
5.12,Millets,Black,0.78,1256,2.76
5.86,Maize,Black,0.67,1282,4.98
12.06,Maize,Sandy,0.6,1249,6.51
2.33,Sugarcane,Clay,0.85,506,1.5
14.22,Rice,Loam,0.36,1472,7.23
12.55,Wheat,Loam,0.45,776,3.68
9.57,Sugarcane,Sandy,0.78,1350,12.09
9.25,Sugarcane,Loam,0.88,964,14.12
9.28,Cotton,Loam,0.45,1293,3.89
5.77,Rice,Black,0.49,330,0.82
2.75,Cotton,Black,0.75,391,0.53
6.22,Maize,Loam,0.68,1393,6.36
8.69,Cotton,Loam,0.64,967,3.87
10.41,Sugarcane,Loam,0.79,1202,17.79
10.65,Sugarcane,Sandy,0.81,693,7.17
5.62,Cotton,Black,0.49,1286,2.34
13.96,Cotton,Sandy,0.32,1042,2.23
4.0,Sugarcane,Sandy,0.63,961,2.91
6.24,Cotton,Black,0.77,1323,4.2
4.97,Millets,Loam,0.93,645,1.79
10.01,Maize,Sandy,0.68,730,3.58
2.83,Cotton,Loam,0.9,571,1.05
4.82,Cotton,Clay,0.48,319,0.44
2.59,Millets,Sandy,0.82,984,0.84
5.84,Maize,Loam,0.83,596,3.12
5.67,Rice,Sandy,0.83,1201,3.62
1.72,Maize,Clay,0.76,662,0.78
5.17,Cotton,Clay,0.72,1270,2.84
5.89,Millets,Loam,0.4,780,1.1
12.65,Cotton,Black,0.47,612,2.4
4.18,Sugarcane,Loam,0.41,1117,3.45
13.8,Wheat,Loam,0.9,559,5.83
11.32,Sugarcane,Black,0.93,1496,25.99
6.57,Rice,Loam,0.8,596,3.01
11.69,Cotton,Black,0.82,853,5.4
6.48,Millets,Clay,0.36,746,0.87
7.66,Cotton,Clay,0.39,577,1.03
7.78,Rice,Black,0.91,616,3.84
9.02,Wheat,Black,0.82,1334,7.6
13.64,Cotton,Loam,0.65,531,3.39
1.05,Sugarcane,Black,0.76,1331,1.75
13.31,Rice,Loam,0.51,497,3.24
2.9,Rice,Black,0.34,807,0.7
8.26,Maize,Sandy,0.33,930,1.83
10.29,Rice,Clay,0.4,1397,4.6
5.82,Rice,Black,0.4,1444,2.96
11.05,Wheat,Loam,0.53,1071,5.27
1.66,Rice,Clay,0.73,334,0.32
6.96,Wheat,Sandy,0.76,352,1.04
12.92,Rice,Sandy,0.82,1318,8.94
9.03,Rice,Loam,0.49,481,2.04
10.6,Wheat,Sandy,0.64,316,1.2
14.57,Rice,Loam,0.45,1340,8.43
12.69,Sugarcane,Black,0.58,894,10.86
2.01,Sugarcane,Black,0.9,608,1.81
6.23,Millets,Clay,0.82,1074,2.74
7.4,Sugarcane,Clay,0.9,1227,12.26
14.29,Cotton,Sandy,0.71,1278,6.22
1.0,Maize,Loam,0.61,317,0.21
14.35,Millets,Clay,0.36,1085,2.8
1.0,Rice,Sandy,0.62,646,0.26
1.22,Rice,Loam,0.81,979,0.93
1.3,Millets,Clay,0.51,1347,0.45
4.35,Cotton,Sandy,0.55,1216,1.4
13.36,Wheat,Loam,0.89,943,9.42
1.3,Maize,Black,0.92,641,0.76
14.85,Millets,Sandy,0.47,1357,3.79
7.84,Maize,Black,0.46,690,2.46
13.76,Maize,Clay,0.79,949,9.28
13.75,Cotton,Clay,0.65,567,3.04
4.79,Wheat,Clay,0.38,1196,1.52
14.14,Wheat,Sandy,0.54,730,3.12
3.92,Wheat,Sandy,0.85,1316,2.46
2.51,Sugarcane,Black,0.75,1345,4.18
13.33,Millets,Black,0.31,580,1.32
8.99,Rice,Sandy,0.89,558,2.86
2.04,Millets,Black,0.64,868,0.62
1.48,Maize,Sandy,0.51,1401,0.76
13.77,Cotton,Loam,0.46,815,3.72
6.23,Wheat,Sandy,0.37,1428,1.84
9.42,Millets,Clay,0.83,658,2.57
2.59,Sugarcane,Loam,0.31,614,0.89
12.03,Sugarcane,Black,0.65,937,12.09
3.21,Sugarcane,Clay,0.7,807,2.72
1.94,Millets,Black,0.6,723,0.46
7.22,Wheat,Sandy,0.57,559,1.29
9.84,Millets,Loam,0.49,1030,2.98
5.41,Wheat,Loam,0.43,1072,2.09
6.53,Rice,Sandy,0.93,632,2.46
1.92,Cotton,Clay,0.64,1092,0.81
6.87,Wheat,Loam,0.9,832,4.32
10.68,Millets,Black,0.32,972,1.83
12.9,Cotton,Loam,0.86,407,3.25
3.14,Maize,Loam,0.39,735,0.97
13.49,Sugarcane,Sandy,0.48,457,3.55
11.73,Cotton,Black,0.62,599,2.88
14.89,Millets,Loam,0.74,470,3.11
12.92,Cotton,Sandy,0.45,560,1.56
14.64,Rice,Sandy,0.38,569,2.03
6.45,Cotton,Black,0.44,797,1.49
1.52,Cotton,Black,0.38,1333,0.51
10.82,Millets,Sandy,0.67,777,2.25
7.2,Millets,Black,0.79,1298,4.06
2.26,Maize,Clay,0.43,707,0.62
3.68,Maize,Black,0.58,545,1.15
2.83,Maize,Clay,0.92,819,1.92
13.38,Maize,Sandy,0.77,1345,9.98
9.77,Cotton,Black,0.51,1394,4.58
11.44,Wheat,Sandy,0.94,1034,6.23
9.0,Cotton,Loam,0.66,499,2.13
5.79,Sugarcane,Black,0.73,1003,6.99
7.36,Millets,Sandy,0.77,643,1.46
5.39,Sugarcane,Sandy,0.47,537,1.63
2.26,Maize,Loam,0.58,1166,1.65
11.27,Rice,Clay,0.82,771,5.7
10.8,Sugarcane,Sandy,0.87,755,8.51
7.67,Wheat,Clay,0.92,994,4.91
9.36,Sugarcane,Black,0.44,1081,7.35
4.76,Rice,Sandy,0.38,469,0.54
13.99,Millets,Loam,0.53,862,3.83
8.2,Cotton,Sandy,0.56,883,1.95
13.17,Cotton,Loam,0.95,498,4.49
8.87,Rice,Sandy,0.83,1130,5.32
3.55,Sugarcane,Sandy,0.64,1360,3.71
9.92,Maize,Black,0.59,1366,7.91
2.12,Wheat,Clay,0.5,1010,0.75
7.29,Maize,Loam,0.75,788,4.65
1.49,Rice,Loam,0.53,722,0.55
5.46,Cotton,Clay,0.52,1383,2.36
5.55,Millets,Black,0.75,675,1.55
2.9,Sugarcane,Clay,0.93,1294,5.23
5.39,Rice,Sandy,0.37,1417,1.81
14.94,Maize,Black,0.79,638,7.45
5.37,Wheat,Clay,0.92,1250,4.32
13.55,Rice,Black,0.84,1185,11.87
6.28,Rice,Loam,0.88,874,4.64
12.69,Sugarcane,Sandy,0.32,1202,5.86
12.32,Wheat,Clay,0.53,969,4.43
10.4,Rice,Sandy,0.48,768,2.45
8.0,Maize,Clay,0.46,1190,3.94
3.78,Cotton,Loam,0.55,631,0.94
8.09,Cotton,Sandy,0.35,577,0.78
12.6,Cotton,Sandy,0.68,734,3.02
8.28,Rice,Clay,0.41,784,2.13
9.46,Sugarcane,Black,0.41,564,3.61
12.27,Sugarcane,Black,0.43,864,7.52
14.03,Cotton,Sandy,0.61,450,1.85
12.34,Sugarcane,Clay,0.32,946,5.6
12.02,Sugarcane,Black,0.83,1194,19.65
5.36,Sugarcane,Black,0.31,1349,3.7
5.08,Sugarcane,Black,0.5,917,3.84
7.95,Sugarcane,Black,0.47,1189,7.33
11.28,Maize,Sandy,0.54,976,4.28
6.38,Sugarcane,Sandy,0.33,578,1.46
3.31,Maize,Black,0.35,946,1.08
9.99,Maize,Loam,0.36,347,1.35
6.53,Sugarcane,Loam,0.51,707,4.24
3.97,Maize,Clay,0.32,1264,1.45
10.88,Maize,Clay,0.62,446,2.71
8.58,Millets,Sandy,0.85,1189,3.47
9.74,Rice,Clay,0.86,388,2.6
4.97,Wheat,Sandy,0.39,412,0.45
4.79,Sugarcane,Loam,0.46,1494,5.93
4.25,Millets,Black,0.75,1354,2.37
11.91,Cotton,Loam,0.39,1370,4.58
11.17,Cotton,Loam,0.52,983,4.11
7.56,Millets,Loam,0.32,766,1.11
11.37,Maize,Black,0.63,766,5.43
7.71,Maize,Loam,0.39,350,1.14
11.54,Millets,Clay,0.47,884,2.4
11.95,Wheat,Loam,0.34,995,3.4
8.16,Rice,Sandy,0.92,1059,5.09
6.25,Maize,Clay,0.56,453,1.43
11.58,Rice,Black,0.85,1091,9.45
14.26,Wheat,Loam,0.36,371,1.6
11.19,Rice,Loam,0.82,391,3.44
13.23,Rice,Sandy,0.35,1210,3.59
3.2,Rice,Loam,0.81,1443,3.59
10.29,Maize,Loam,0.38,1202,5.08
1.4,Rice,Loam,0.88,398,0.47
5.84,Sugarcane,Loam,0.82,704,6.07
12.7,Millets,Black,0.88,927,5.7
3.32,Rice,Sandy,0.95,775,1.56
3.98,Cotton,Clay,0.53,571,0.72
3.75,Maize,Loam,0.7,1383,3.92
1.01,Sugarcane,Sandy,0.89,961,1.04
14.67,Maize,Sandy,0.89,681,6.4
14.75,Maize,Black,0.47,761,5.22
9.83,Wheat,Clay,0.87,1048,6.27
2.62,Sugarcane,Clay,0.31,1292,1.57
9.93,Sugarcane,Sandy,0.42,1027,5.14
4.68,Millets,Sandy,0.68,852,1.08
1.65,Sugarcane,Sandy,0.8,554,0.88
3.77,Wheat,Loam,0.78,1338,3.3
7.09,Cotton,Sandy,0.85,1179,3.41
14.06,Millets,Loam,0.68,511,2.93
12.42,Millets,Black,0.48,1420,4.66
8.86,Cotton,Sandy,0.66,1245,3.49
9.63,Millets,Loam,0.84,1266,6.14
9.65,Wheat,Sandy,0.33,336,0.6
1.68,Cotton,Sandy,0.5,389,0.16
13.2,Wheat,Sandy,0.86,1211,7.7
10.61,Millets,Clay,0.35,1253,2.33
11.57,Maize,Clay,0.54,557,3.13
11.29,Rice,Loam,0.35,1048,3.98
14.74,Sugarcane,Clay,0.88,1139,22.16
9.91,Wheat,Loam,0.75,418,2.61
5.8,Sugarcane,Loam,0.77,724,5.82
5.59,Cotton,Clay,0.63,721,1.52
7.53,Maize,Loam,0.9,1122,8.21
8.78,Wheat,Sandy,0.6,1428,4.21
6.07,Sugarcane,Sandy,0.65,1372,6.5
6.75,Rice,Black,0.35,466,0.97
2.92,Maize,Loam,0.81,1364,3.48
6.36,Wheat,Clay,0.68,773,2.34
11.62,Cotton,Black,0.46,389,1.37
1.98,Rice,Clay,0.69,1314,1.44
1.24,Wheat,Loam,0.69,359,0.26
7.25,Wheat,Loam,0.33,1054,2.12
12.22,Sugarcane,Sandy,0.44,608,3.92
3.95,Millets,Clay,0.68,732,0.98
10.22,Sugarcane,Clay,0.65,789,7.86
2.44,Millets,Loam,0.35,968,0.5
14.49,Maize,Clay,0.3,1174,4.59
8.23,Millets,Loam,0.37,1468,2.68
5.36,Millets,Black,0.51,1224,1.84
13.43,Cotton,Sandy,0.76,969,4.75
1.77,Millets,Sandy,0.6,1471,0.62
4.31,Sugarcane,Loam,0.94,918,6.69
3.79,Wheat,Sandy,0.88,998,1.86
10.49,Millets,Loam,0.3,1188,2.24
13.94,Sugarcane,Sandy,0.38,1426,9.06
5.53,Maize,Loam,0.33,1365,2.69
7.59,Sugarcane,Black,0.32,637,2.55
14.93,Wheat,Loam,0.85,1360,14.5
8.26,Cotton,Clay,0.74,702,2.57
11.86,Millets,Sandy,0.66,881,2.76
12.02,Maize,Black,0.89,1395,14.77
7.0,Rice,Sandy,0.41,1144,2.1
7.61,Cotton,Black,0.35,877,1.54
2.52,Maize,Sandy,0.41,986,0.73
8.44,Millets,Clay,0.76,955,3.06
9.08,Cotton,Clay,0.54,1437,4.23
2.88,Sugarcane,Clay,0.59,1348,3.44
6.22,Sugarcane,Sandy,0.34,1392,3.53
14.82,Maize,Clay,0.74,1057,10.43
6.0,Millets,Clay,0.64,720,1.38
14.82,Cotton,Sandy,0.64,1267,5.77
8.85,Maize,Sandy,0.91,547,3.17
12.68,Wheat,Loam,0.9,663,6.36
8.86,Cotton,Black,0.35,1490,3.05
13.08,Millets,Clay,0.66,1017,4.39
13.97,Maize,Clay,0.56,1399,9.85
10.52,Wheat,Sandy,0.58,318,1.09
1.36,Millets,Loam,0.62,861,0.44
12.43,Wheat,Sandy,0.31,320,0.69
14.63,Sugarcane,Sandy,0.77,1335,18.05
2.69,Wheat,Sandy,0.76,1338,1.53
5.39,Wheat,Sandy,0.5,785,1.18
9.36,Wheat,Clay,0.55,750,2.7
14.12,Cotton,Clay,0.78,1411,9.32
9.61,Wheat,Loam,0.59,449,2.14
13.26,Wheat,Black,0.64,657,4.29
3.01,Rice,Sandy,0.71,1485,2.03
10.75,Sugarcane,Loam,0.37,1158,8.29
6.39,Maize,Clay,0.38,1259,2.75
6.7,Millets,Black,0.35,475,0.61
2.32,Maize,Loam,0.82,501,1.03
10.64,Millets,Loam,0.7,1361,6.08
11.66,Maize,Loam,0.46,991,5.74
7.19,Rice,Clay,0.88,1464,7.41
9.69,Cotton,Black,0.65,1478,6.14
5.46,Maize,Clay,0.37,1329,2.42
12.9,Cotton,Loam,0.89,1129,9.33
2.51,Wheat,Loam,0.65,471,0.65
10.4,Cotton,Loam,0.32,631,1.51
2.11,Cotton,Black,0.46,720,0.46
5.86,Millets,Clay,0.57,640,1.07
10.27,Wheat,Clay,0.83,487,2.91
11.26,Millets,Sandy,0.89,1133,4.54
12.2,Millets,Black,0.77,605,3.13
9.44,Wheat,Loam,0.3,756,1.8
13.9,Sugarcane,Black,0.44,527,5.32
5.92,Maize,Sandy,0.51,903,1.96
3.16,Cotton,Loam,0.43,677,0.66
11.68,Cotton,Loam,0.78,1229,8.06
8.84,Cotton,Black,0.72,354,1.49
2.46,Rice,Black,0.78,1427,2.41
12.51,Rice,Loam,0.63,320,2.42
1.03,Cotton,Loam,0.41,1046,0.32
14.17,Cotton,Black,0.33,1444,4.46
2.64,Cotton,Loam,0.72,949,1.3
14.38,Sugarcane,Black,0.32,602,4.57
10.4,Cotton,Clay,0.92,403,2.31
5.3,Rice,Loam,0.43,837,1.83
14.07,Millets,Sandy,0.81,1349,6.15
12.23,Sugarcane,Black,0.83,408,6.83
3.65,Wheat,Black,0.72,1364,2.76
1.48,Rice,Black,0.62,435,0.35
7.94,Sugarcane,Black,0.91,354,4.22
6.2,Maize,Loam,0.34,1423,3.24
4.59,Sugarcane,Clay,0.72,1252,6.21
8.25,Cotton,Clay,0.55,932,2.54
4.09,Millets,Clay,0.71,764,1.11
5.14,Cotton,Sandy,0.68,986,1.65
12.83,Rice,Loam,0.92,940,10.65
10.54,Rice,Black,0.79,921,6.75
7.35,Wheat,Clay,0.82,854,3.6
13.62,Sugarcane,Sandy,0.82,380,5.09
7.7,Wheat,Clay,0.42,975,2.21
5.14,Cotton,Sandy,0.75,838,1.55
6.84,Sugarcane,Loam,0.58,1405,10.03
6.01,Sugarcane,Loam,0.43,1261,5.87
14.84,Millets,Black,0.47,818,3.14
7.28,Maize,Loam,0.37,1098,3.19
13.73,Sugarcane,Black,0.64,505,7.32
7.81,Cotton,Loam,0.31,465,0.81
4.41,Rice,Clay,0.47,1329,2.2
8.05,Rice,Black,0.63,532,2.37
4.3,Cotton,Loam,0.64,618,1.22
4.72,Sugarcane,Sandy,0.7,940,3.73
10.62,Maize,Loam,0.92,949,10.01
13.86,Millets,Loam,0.7,548,3.19
14.44,Millets,Clay,0.5,1311,4.73
6.46,Wheat,Black,0.38,1048,1.98
8.73,Wheat,Black,0.93,608,3.8
8.71,Sugarcane,Sandy,0.8,670,5.6
1.85,Rice,Loam,0.82,1496,2.18
7.99,Maize,Loam,0.59,1412,7.19
12.13,Maize,Clay,0.65,880,6.24
12.98,Rice,Sandy,0.39,1074,3.48
7.24,Rice,Loam,0.65,907,4.1
14.71,Cotton,Sandy,0.83,1107,6.49
5.59,Maize,Black,0.4,345,0.76
12.3,Maize,Sandy,0.41,433,1.57
5.52,Wheat,Loam,0.77,400,1.43
13.98,Wheat,Loam,0.44,1193,6.16
2.42,Wheat,Loam,0.94,1076,2.06
3.39,Millets,Black,0.69,1042,1.34
2.69,Maize,Clay,0.35,1136,0.96
4.03,Millets,Clay,0.74,1442,2.15
8.31,Wheat,Clay,0.36,1157,2.42
3.53,Sugarcane,Clay,0.39,1420,2.93
12.39,Sugarcane,Black,0.73,302,4.51
6.19,Maize,Loam,0.56,1266,4.74
3.07,Wheat,Clay,0.62,506,0.67
8.0,Cotton,Sandy,0.3,1136,1.31
8.04,Cotton,Black,0.79,500,2.1
4.76,Sugarcane,Clay,0.41,916,2.68
1.2,Rice,Clay,0.6,464,0.27
11.58,Sugarcane,Clay,0.6,1374,14.32
2.14,Cotton,Black,0.69,792,0.77
5.93,Cotton,Loam,0.31,1262,1.67
2.69,Wheat,Sandy,0.56,1077,0.91
4.61,Cotton,Loam,0.4,327,0.43
7.45,Wheat,Loam,0.91,768,4.37
14.01,Rice,Loam,0.79,875,9.3
4.7,Wheat,Sandy,0.65,699,1.2
3.55,Sugarcane,Loam,0.81,1064,5.51
3.52,Millets,Loam,0.32,1176,0.79
9.42,Rice,Clay,0.47,818,2.9
13.73,Wheat,Black,0.74,1419,11.1
7.72,Maize,Black,0.6,484,2.22
4.28,Millets,Black,0.74,1443,2.51
1.94,Sugarcane,Black,0.41,1390,1.82
3.11,Maize,Loam,0.59,308,0.61
4.42,Maize,Clay,0.74,384,1.13
8.86,Wheat,Sandy,0.49,363,0.88
8.17,Sugarcane,Loam,0.3,1254,5.53
4.65,Cotton,Loam,0.83,685,1.9
3.45,Millets,Sandy,0.35,1147,0.55
5.63,Millets,Sandy,0.39,1093,0.96
12.35,Rice,Sandy,0.84,1380,9.16
1.01,Rice,Clay,0.75,905,0.55
4.29,Wheat,Loam,0.67,897,2.17
7.63,Cotton,Loam,0.7,381,1.47
13.43,Sugarcane,Sandy,0.42,1496,10.13
14.18,Rice,Loam,0.91,1491,18.47
12.08,Wheat,Black,0.35,468,1.52
11.09,Sugarcane,Black,0.92,427,7.19
6.71,Cotton,Clay,0.32,1370,1.76
1.56,Rice,Black,0.7,657,0.63
13.38,Rice,Loam,0.62,748,5.96
3.23,Cotton,Black,0.55,847,0.99
7.75,Rice,Clay,0.52,639,2.06
4.82,Rice,Clay,0.3,1165,1.35
10.23,Wheat,Clay,0.94,679,4.57
8.99,Millets,Black,0.49,764,1.85
9.67,Cotton,Loam,0.9,522,3.27
4.41,Rice,Clay,0.35,1186,1.46
4.24,Sugarcane,Black,0.95,1483,9.86
10.09,Maize,Clay,0.46,1177,4.92
10.38,Maize,Black,0.78,1000,8.02
9.33,Maize,Black,0.86,981,7.79
2.72,Millets,Sandy,0.61,966,0.64
12.12,Millets,Black,0.33,1329,2.92
13.3,Cotton,Sandy,0.36,1018,2.34
10.71,Maize,Black,0.37,535,2.1
11.02,Maize,Sandy,0.65,489,2.52
3.68,Rice,Clay,0.48,1472,2.08
2.91,Millets,Black,0.87,1028,1.43
14.68,Wheat,Black,0.43,1078,5.24
3.97,Millets,Black,0.68,801,1.19
14.28,Maize,Loam,0.7,467,5.04
5.18,Maize,Black,0.44,1350,3.05
13.41,Maize,Clay,0.44,1244,6.61
14.86,Cotton,Loam,0.51,495,2.7
4.48,Wheat,Loam,0.39,622,0.91
4.04,Rice,Black,0.86,823,2.52
3.34,Maize,Loam,0.4,1054,1.52
12.83,Sugarcane,Loam,0.62,682,9.77
8.17,Sugarcane,Black,0.78,1367,14.37
7.92,Wheat,Sandy,0.53,502,1.18
11.8,Rice,Black,0.81,1284,10.8
10.7,Maize,Black,0.32,1286,4.36
7.08,Sugarcane,Black,0.87,944,9.59
6.38,Rice,Black,0.91,818,4.18
2.65,Maize,Black,0.8,424,0.89
10.66,Maize,Clay,0.59,1326,7.51
5.07,Cotton,Loam,0.38,631,0.88
12.58,Millets,Clay,0.32,1429,2.88
3.01,Rice,Sandy,0.88,1001,1.7
4.54,Rice,Clay,0.7,414,1.05
3.33,Cotton,Black,0.57,1319,1.65
5.12,Sugarcane,Black,0.6,1058,5.36
14.23,Rice,Clay,0.54,1029,6.33
4.44,Wheat,Black,0.61,393,0.82
9.81,Sugarcane,Loam,0.43,332,2.52
9.4,Sugarcane,Clay,0.82,394,4.56
5.14,Maize,Sandy,0.34,668,0.84
8.93,Rice,Black,0.5,474,1.86
6.87,Sugarcane,Sandy,0.57,1420,6.67
8.66,Cotton,Loam,0.88,1302,7.14
11.58,Millets,Black,0.51,1096,3.56
11.39,Cotton,Sandy,0.8,1019,4.46
14.34,Millets,Loam,0.68,937,5.48
7.23,Cotton,Clay,0.64,1050,2.92
6.44,Wheat,Clay,0.4,995,1.79
5.62,Cotton,Black,0.3,900,1.0
8.82,Sugarcane,Loam,0.82,1310,17.05
6.05,Sugarcane,Clay,0.65,806,4.75
3.03,Rice,Black,0.71,1132,2.14
13.21,Wheat,Clay,0.49,333,1.51
9.08,Wheat,Clay,0.61,1396,5.41
4.33,Sugarcane,Black,0.4,1408,4.02
1.44,Maize,Clay,0.91,1256,1.48
7.73,Rice,Sandy,0.7,366,1.27
12.67,Sugarcane,Clay,0.51,626,6.07
8.21,Millets,Loam,0.51,321,0.81
2.33,Cotton,Sandy,0.63,1470,1.04
1.12,Maize,Loam,0.87,1098,1.16
7.39,Maize,Loam,0.37,651,1.92
10.14,Cotton,Black,0.53,583,2.07
3.33,Cotton,Loam,0.7,945,1.59
4.68,Wheat,Loam,0.74,1487,4.33
12.26,Rice,Sandy,0.58,551,2.51
7.5,Rice,Loam,0.77,862,4.78
11.32,Maize,Clay,0.94,346,3.31
8.37,Rice,Sandy,0.64,738,2.53
2.47,Wheat,Loam,0.63,679,0.89
4.43,Wheat,Loam,0.79,1243,3.65
9.31,Cotton,Black,0.75,1236,5.7
2.27,Millets,Black,0.88,1086,1.19
10.54,Sugarcane,Loam,0.46,1495,13.05
7.83,Cotton,Sandy,0.76,1036,2.96
1.55,Wheat,Clay,0.32,856,0.3
6.72,Maize,Clay,0.53,1488,4.77
11.93,Millets,Loam,0.81,936,5.43
12.56,Maize,Loam,0.66,826,7.39
8.46,Sugarcane,Clay,0.36,734,3.35
8.18,Millets,Sandy,0.61,928,1.85
12.98,Rice,Sandy,0.43,1500,5.36
8.29,Sugarcane,Sandy,0.9,1472,13.18
10.3,Maize,Loam,0.62,953,6.57
10.11,Cotton,Black,0.85,1143,6.48
8.05,Sugarcane,Clay,0.84,1439,14.6
2.11,Maize,Loam,0.71,1431,2.32
13.9,Wheat,Clay,0.39,1389,5.27
7.06,Sugarcane,Clay,0.6,896,5.69
11.84,Sugarcane,Sandy,0.62,651,5.73
12.69,Millets,Black,0.33,923,2.13
3.91,Sugarcane,Clay,0.69,1411,5.71
11.26,Millets,Black,0.95,640,3.77
8.27,Rice,Loam,0.46,895,3.27
4.25,Cotton,Clay,0.52,1168,1.55
5.24,Maize,Sandy,0.57,1125,2.42
13.13,Millets,Black,0.9,446,2.9
8.78,Sugarcane,Loam,0.85,1233,16.56
14.6,Rice,Black,0.67,412,3.55
7.94,Sugarcane,Sandy,0.53,963,4.86
2.67,Wheat,Loam,0.45,1358,1.37
6.68,Maize,Sandy,0.64,1237,3.81
12.81,Rice,Loam,0.37,888,4.04
4.54,Cotton,Clay,0.82,799,1.78
7.91,Rice,Clay,0.77,509,2.48
13.13,Wheat,Sandy,0.61,1333,5.98
14.59,Wheat,Black,0.67,967,7.28
14.95,Cotton,Black,0.95,576,5.4
1.01,Rice,Black,0.49,1180,0.51
7.89,Cotton,Clay,0.74,328,1.15
4.45,Sugarcane,Loam,0.87,510,3.55
3.69,Sugarcane,Clay,0.72,406,1.62
7.43,Wheat,Sandy,0.34,697,0.99
11.8,Sugarcane,Black,0.4,796,6.2
9.65,Maize,Clay,0.51,687,3.04
4.16,Maize,Black,0.73,1460,4.39
4.79,Millets,Clay,0.76,842,1.53
9.01,Sugarcane,Sandy,0.47,593,3.01
5.53,Wheat,Loam,0.59,707,1.94
13.0,Cotton,Loam,0.54,1248,6.31
6.18,Millets,Sandy,0.53,1138,1.49
4.6,Cotton,Clay,0.44,697,0.85
7.91,Cotton,Sandy,0.34,1180,1.52
13.53,Rice,Black,0.85,689,6.97
11.23,Sugarcane,Sandy,0.47,929,5.88
7.08,Sugarcane,Sandy,0.65,758,4.19
12.81,Cotton,Clay,0.33,1092,2.77
11.31,Cotton,Sandy,0.65,933,3.29
3.62,Millets,Black,0.55,668,0.73
7.09,Sugarcane,Sandy,0.64,1013,5.52
2.08,Wheat,Clay,0.44,1429,0.92
11.42,Cotton,Sandy,0.78,1277,5.46
4.49,Cotton,Black,0.45,563,0.75
6.45,Sugarcane,Sandy,0.73,1214,6.86
1.37,Maize,Loam,0.79,678,0.79
7.32,Rice,Black,0.33,819,1.74
12.97,Millets,Loam,0.49,879,3.35
3.82,Wheat,Loam,0.64,929,1.91
11.7,Millets,Clay,0.63,1379,5.08
3.71,Cotton,Clay,0.62,556,0.77
3.31,Maize,Black,0.46,335,0.5
10.72,Wheat,Loam,0.63,604,3.43
7.53,Cotton,Loam,0.48,1238,3.22
3.17,Millets,Loam,0.38,1037,0.75
10.6,Rice,Clay,0.69,1340,7.84
1.29,Wheat,Clay,0.37,909,0.3
10.16,Cotton,Loam,0.44,525,1.69
11.58,Cotton,Sandy,0.95,1214,6.41
10.19,Maize,Sandy,0.59,1083,4.69
12.5,Cotton,Sandy,0.38,1309,2.98
13.74,Sugarcane,Loam,0.37,1388,12.7
3.01,Rice,Sandy,0.88,480,0.81
12.03,Sugarcane,Clay,0.31,535,2.99
14.0,Rice,Black,0.48,1402,8.29
14.53,Millets,Black,0.66,1325,6.99
10.64,Wheat,Black,0.67,1029,5.65
7.28,Sugarcane,Black,0.77,1451,13.42
9.95,Maize,Loam,0.57,1400,8.58
11.89,Cotton,Loam,0.84,1354,9.74
13.81,Wheat,Black,0.77,1336,10.94
5.13,Wheat,Sandy,0.86,820,2.03
8.38,Sugarcane,Sandy,0.37,1262,4.7
13.08,Millets,Loam,0.77,848,5.12
8.26,Sugarcane,Clay,0.52,1021,6.58
14.56,Wheat,Black,0.7,1296,10.17
6.25,Maize,Loam,0.39,1191,3.14
2.88,Rice,Clay,0.75,1403,2.42
7.8,Millets,Black,0.59,608,1.54
3.11,Rice,Loam,0.8,572,1.37
6.89,Millets,Sandy,0.4,893,0.98
10.74,Maize,Clay,0.89,1278,10.99
11.72,Rice,Clay,0.48,530,2.39
10.24,Wheat,Black,0.69,1164,6.33
4.13,Sugarcane,Clay,0.76,612,2.88
6.96,Rice,Sandy,0.4,1072,1.91
6.83,Sugarcane,Black,0.63,650,4.61
7.06,Millets,Black,0.65,1051,2.65
12.81,Cotton,Black,0.52,1328,5.84
6.14,Cotton,Loam,0.66,1188,3.47
8.08,Sugarcane,Clay,0.71,965,8.3
3.03,Wheat,Clay,0.49,375,0.39
2.58,Millets,Clay,0.64,637,0.53
9.74,Sugarcane,Black,0.62,1245,12.41
7.11,Sugarcane,Sandy,0.93,1300,10.32
2.54,Rice,Loam,0.67,340,0.56
10.22,Wheat,Clay,0.62,603,2.67
10.81,Cotton,Loam,0.36,390,1.09
6.09,Cotton,Clay,0.33,488,0.59
12.02,Wheat,Black,0.87,1297,10.44
1.84,Wheat,Clay,0.44,851,0.48
8.18,Wheat,Clay,0.44,854,2.15
6.49,Millets,Sandy,0.92,620,1.48
5.71,Wheat,Black,0.47,342,0.71
7.66,Millets,Clay,0.91,1180,4.11
12.23,Sugarcane,Loam,0.86,446,8.44
10.83,Sugarcane,Sandy,0.8,443,4.61
12.42,Cotton,Loam,0.6,1207,6.48
2.01,Maize,Clay,0.81,428,0.63
10.78,Cotton,Clay,0.87,1209,6.8
1.17,Millets,Sandy,0.44,1484,0.31
1.6,Sugarcane,Sandy,0.65,450,0.56
11.84,Maize,Black,0.4,1355,6.35
1.68,Millets,Clay,0.53,361,0.16
7.35,Cotton,Sandy,0.95,946,3.17
13.83,Cotton,Clay,0.43,1210,4.32
14.7,Sugarcane,Black,0.87,1288,27.18
10.61,Cotton,Loam,0.77,525,3.09
1.54,Maize,Clay,0.77,628,0.67
7.26,Maize,Black,0.65,1287,6.01
4.62,Millets,Sandy,0.69,452,0.58
6.01,Maize,Sandy,0.83,1336,4.8
13.4,Maize,Loam,0.66,1275,12.18
2.67,Maize,Loam,0.5,998,1.44
5.71,Sugarcane,Clay,0.67,652,3.74
13.93,Maize,Clay,0.85,549,5.85
1.74,Millets,Black,0.52,529,0.26
5.03,Sugarcane,Black,0.83,677,4.66
7.32,Cotton,Black,0.33,671,1.07
10.12,Sugarcane,Sandy,0.42,776,3.96
1.61,Maize,Clay,0.58,415,0.35
10.6,Sugarcane,Sandy,0.69,789,6.92
8.66,Sugarcane,Black,0.91,635,8.26
8.11,Wheat,Clay,0.53,795,2.39
12.16,Rice,Clay,0.72,1446,10.13
6.9,Wheat,Sandy,0.59,1431,3.26
3.98,Cotton,Loam,0.37,917,0.97
7.62,Wheat,Black,0.89,787,4.11
5.57,Rice,Loam,0.8,444,1.9
9.45,Wheat,Clay,0.89,361,2.13
9.72,Maize,Black,0.95,1072,9.8
10.59,Millets,Black,0.5,795,2.32
10.23,Rice,Black,0.47,823,3.48
9.47,Millets,Clay,0.4,935,1.77
14.94,Rice,Sandy,0.68,847,5.51
14.39,Sugarcane,Sandy,0.67,995,11.51
6.46,Maize,Clay,0.77,1463,6.55
7.59,Sugarcane,Loam,0.92,561,7.05
9.13,Sugarcane,Loam,0.94,465,7.18
12.33,Millets,Loam,0.65,1232,5.92
13.94,Millets,Clay,0.59,1286,5.29
12.53,Rice,Clay,0.52,1372,7.15
7.99,Cotton,Sandy,0.86,1108,3.65
11.88,Rice,Loam,0.95,1049,11.37
5.38,Rice,Black,0.82,613,2.38
6.9,Wheat,Clay,0.49,583,1.38
13.78,Sugarcane,Loam,0.54,866,11.6
11.87,Maize,Loam,0.45,839,4.84
5.88,Wheat,Black,0.56,811,2.06
6.23,Wheat,Loam,0.39,439,0.9
2.78,Rice,Clay,0.81,957,1.72
5.07,Cotton,Sandy,0.63,1491,2.29
6.18,Sugarcane,Black,0.56,1115,6.37
7.17,Sugarcane,Black,0.87,872,8.98
5.13,Cotton,Clay,0.92,472,1.34
2.96,Maize,Loam,0.81,687,1.78
1.13,Maize,Sandy,0.9,1458,1.07
6.17,Rice,Sandy,0.6,707,1.68
2.72,Maize,Loam,0.73,1412,3.03
6.54,Maize,Loam,0.83,1167,6.84
6.72,Maize,Black,0.73,457,2.22
2.93,Wheat,Clay,0.7,587,0.84
12.07,Rice,Black,0.41,1043,4.54
14.51,Maize,Clay,0.59,354,2.73
2.01,Millets,Sandy,0.7,651,0.37
2.21,Millets,Loam,0.56,355,0.26
13.88,Sugarcane,Loam,0.8,329,6.58
6.77,Wheat,Black,0.47,537,1.32
12.15,Rice,Loam,0.51,1463,8.7
13.02,Rice,Loam,0.6,900,6.75
14.41,Cotton,Clay,0.55,1399,6.65
13.34,Sugarcane,Loam,0.84,1033,20.84
11.61,Sugarcane,Loam,0.3,377,2.36
1.97,Millets,Clay,0.6,766,0.45
4.22,Rice,Sandy,0.76,864,1.77
1.21,Rice,Clay,0.76,1181,0.87
9.63,Sugarcane,Clay,0.48,627,4.35
6.26,Millets,Loam,0.77,1234,3.57
5.35,Millets,Sandy,0.74,1491,2.36
9.61,Maize,Sandy,0.79,1106,6.05
7.18,Millets,Loam,0.44,984,1.87
7.07,Rice,Black,0.62,1285,4.96
13.94,Wheat,Sandy,0.6,875,4.1
7.28,Wheat,Loam,0.84,1197,6.15
4.01,Rice,Black,0.72,1073,2.73
6.39,Rice,Loam,0.5,310,0.95
2.56,Rice,Black,0.8,1433,2.58
4.53,Maize,Sandy,0.49,1436,2.29
5.33,Sugarcane,Loam,0.49,722,3.39
14.79,Sugarcane,Loam,0.4,1319,14.05
14.5,Rice,Clay,0.67,911,7.08
10.04,Wheat,Clay,0.86,753,4.55
5.73,Millets,Sandy,0.8,1079,1.98
3.64,Wheat,Loam,0.61,437,0.82
13.93,Millets,Black,0.32,313,0.77
1.93,Wheat,Sandy,0.4,1286,0.56
8.71,Maize,Sandy,0.48,1089,3.28
13.85,Wheat,Black,0.68,1196,8.67
13.42,Wheat,Clay,0.56,1413,7.43
11.4,Millets,Sandy,0.92,652,2.74
3.24,Sugarcane,Black,0.65,529,1.84
10.42,Cotton,Black,0.81,377,2.1
5.41,Cotton,Clay,0.33,412,0.44
13.32,Wheat,Loam,0.51,1030,5.88
11.33,Cotton,Sandy,0.6,359,1.17
6.0,Wheat,Black,0.74,1244,4.25
6.23,Rice,Black,0.77,1054,4.45
13.41,Maize,Clay,0.79,334,3.18
14.01,Cotton,Loam,0.48,1481,7.17
11.2,Wheat,Clay,0.36,463,1.31
9.6,Rice,Sandy,0.71,1198,5.23
7.33,Maize,Sandy,0.92,1334,6.48
4.98,Millets,Sandy,0.6,777,0.93
6.11,Sugarcane,Sandy,0.31,1007,2.29
12.78,Cotton,Sandy,0.42,460,1.19
2.86,Rice,Clay,0.83,332,0.63
1.62,Millets,Sandy,0.93,454,0.27
4.86,Wheat,Black,0.71,1144,3.04
10.61,Sugarcane,Sandy,0.62,694,5.48
1.16,Cotton,Black,0.63,1154,0.56
3.52,Maize,Clay,0.43,975,1.33
10.2,Cotton,Clay,0.5,595,1.82
8.62,Millets,Loam,0.6,588,1.82
1.27,Wheat,Loam,0.43,532,0.24
7.87,Millets,Sandy,0.52,955,1.56
8.23,Cotton,Clay,0.57,393,1.11
9.89,Cotton,Black,0.32,1387,2.9
14.97,Maize,Black,0.92,942,12.84
6.34,Wheat,Loam,0.31,329,0.54
10.16,Maize,Clay,0.67,495,3.03
5.2,Sugarcane,Loam,0.44,738,3.04
12.35,Cotton,Sandy,0.61,795,2.87
11.99,Rice,Loam,0.6,692,4.78
9.55,Millets,Clay,0.36,588,1.01
1.3,Wheat,Clay,0.9,1066,0.87
14.46,Sugarcane,Black,0.91,1459,31.68
9.23,Rice,Loam,0.31,920,2.53
14.93,Sugarcane,Clay,0.39,831,7.26
6.71,Sugarcane,Sandy,0.46,920,3.41
10.01,Millets,Black,0.71,1254,4.9
14.29,Rice,Clay,0.75,367,3.15
10.12,Wheat,Loam,0.5,604,2.57
7.88,Cotton,Sandy,0.3,1184,1.34
4.19,Wheat,Black,0.4,799,1.03
3.64,Millets,Clay,0.9,638,1.05
8.03,Maize,Clay,0.35,791,2.0
10.66,Sugarcane,Sandy,0.95,627,7.62
9.44,Sugarcane,Clay,0.39,1308,7.22
7.94,Wheat,Loam,0.35,964,2.25
14.79,Sugarcane,Loam,0.49,608,7.93
6.98,Maize,Black,0.9,1339,8.33
12.67,Millets,Clay,0.56,1463,5.19
8.92,Maize,Loam,0.44,419,1.78
6.62,Maize,Black,0.78,1015,5.19
5.64,Millets,Loam,0.38,909,1.17
5.9,Sugarcane,Clay,0.63,1471,8.2
6.15,Rice,Loam,0.87,642,3.3
2.45,Maize,Clay,0.64,439,0.62
11.44,Maize,Sandy,0.43,705,2.5
12.39,Wheat,Loam,0.66,752,5.17
7.19,Millets,Loam,0.56,1454,3.51
7.53,Wheat,Black,0.84,493,2.4
13.53,Rice,Loam,0.64,330,2.74
6.54,Cotton,Loam,0.46,1141,2.47
2.75,Maize,Black,0.58,512,0.81
4.22,Wheat,Clay,0.74,1314,2.87
9.03,Rice,Black,0.57,358,1.62
7.32,Millets,Black,0.89,1386,4.97
7.23,Wheat,Sandy,0.45,1274,2.32
10.66,Wheat,Clay,0.51,1462,5.56
14.37,Cotton,Clay,0.71,699,4.28
12.22,Wheat,Loam,0.53,1070,5.82
6.32,Millets,Black,0.67,1477,3.44
11.13,Sugarcane,Clay,0.55,1394,12.8
3.31,Maize,Black,0.57,830,1.55
8.26,Sugarcane,Loam,0.38,890,5.03
4.1,Rice,Loam,0.64,433,1.09
7.0,Cotton,Black,0.91,1138,4.78
2.22,Cotton,Loam,0.9,622,0.89
14.59,Cotton,Black,0.46,1074,4.76
3.91,Millets,Sandy,0.44,1254,0.86
2.06,Cotton,Black,0.63,1178,1.01
8.14,Millets,Sandy,0.81,956,2.52
5.62,Wheat,Clay,0.35,658,0.91
6.46,Millets,Loam,0.54,355,0.74
11.06,Millets,Clay,0.62,1354,4.64
9.77,Wheat,Sandy,0.6,1362,4.47
9.0,Maize,Black,0.94,1247,10.44
2.62,Rice,Black,0.6,1238,1.71
6.66,Millets,Black,0.38,1032,1.44
14.53,Sugarcane,Sandy,0.91,503,7.98
11.64,Millets,Sandy,0.68,1455,4.61
10.66,Rice,Clay,0.79,935,6.3
6.28,Wheat,Loam,0.85,448,2.01
14.46,Maize,Sandy,0.4,1211,5.04
6.84,Sugarcane,Sandy,0.84,489,3.37
3.73,Rice,Black,0.73,652,1.56
8.08,Cotton,Clay,0.51,551,1.36
5.54,Millets,Loam,0.36,1232,1.47
12.52,Rice,Clay,0.52,1174,6.11
3.25,Wheat,Clay,0.79,313,0.56
11.38,Sugarcane,Loam,0.52,377,4.02
6.76,Sugarcane,Black,0.94,539,5.65
8.54,Cotton,Sandy,0.38,1362,2.12
3.95,Maize,Loam,0.32,912,1.24
9.77,Maize,Clay,0.69,843,5.11
12.83,Rice,Clay,0.68,1223,8.54
8.53,Rice,Sandy,0.69,354,1.33
14.58,Millets,Sandy,0.41,325,0.78
6.05,Millets,Black,0.92,326,1.0
6.06,Sugarcane,Black,0.68,1048,7.13
13.24,Wheat,Clay,0.63,764,4.46
4.6,Cotton,Sandy,0.58,658,0.84
6.23,Cotton,Clay,0.93,1458,5.07
12.01,Millets,Loam,0.86,350,2.17
2.55,Wheat,Sandy,0.36,742,0.38
8.21,Millets,Clay,0.85,1143,3.99
4.69,Sugarcane,Black,0.34,683,1.8
8.95,Sugarcane,Black,0.89,360,4.73
9.54,Maize,Loam,0.34,1259,4.41
4.34,Cotton,Sandy,0.5,1352,1.41
7.17,Maize,Clay,0.5,1346,4.34
5.33,Rice,Loam,0.44,1446,3.26
2.3,Millets,Sandy,0.95,1008,0.88
12.74,Maize,Loam,0.73,1460,14.66
5.88,Millets,Loam,0.68,1399,3.36
6.58,Maize,Clay,0.62,777,2.85
3.18,Wheat,Sandy,0.37,1377,0.91
2.49,Wheat,Loam,0.47,1384,1.36
13.74,Maize,Sandy,0.53,1032,5.41
2.63,Sugarcane,Sandy,0.64,406,0.82
4.59,Rice,Loam,0.89,1166,4.57
11.46,Maize,Loam,0.73,1291,11.66
4.59,Millets,Black,0.34,511,0.44
7.27,Rice,Loam,0.81,1461,8.26
12.06,Wheat,Clay,0.41,1472,5.09
9.71,Millets,Black,0.37,336,0.66
8.36,Cotton,Black,0.31,1301,2.23
10.17,Millets,Black,0.44,847,2.08
4.69,Maize,Clay,0.38,1256,2.01
11.86,Millets,Clay,0.62,524,1.93
2.11,Wheat,Black,0.7,566,0.64
12.5,Sugarcane,Loam,0.79,1179,20.96
8.06,Millets,Loam,0.93,1256,5.65
11.32,Maize,Black,0.72,1384,11.17
7.57,Maize,Loam,0.76,1225,7.61
3.2,Maize,Black,0.42,629,0.84
3.48,Sugarcane,Black,0.75,731,3.15
14.42,Rice,Black,0.51,575,3.72
3.38,Rice,Clay,0.74,1008,2.02
13.5,Millets,Black,0.39,432,1.25
9.7,Millets,Sandy,0.49,773,1.47
10.8,Cotton,Black,0.44,1090,3.42
12.13,Wheat,Loam,0.3,1378,4.21
13.44,Maize,Black,0.31,769,3.17
4.58,Wheat,Sandy,0.74,1127,2.14
10.9,Sugarcane,Sandy,0.72,1393,13.12
14.42,Millets,Clay,0.83,1248,7.47
11.85,Maize,Sandy,0.49,1467,6.13
13.93,Maize,Clay,0.9,394,4.45
9.21,Millets,Sandy,0.67,1226,3.03
8.37,Maize,Loam,0.34,937,2.88
12.15,Cotton,Loam,0.3,1071,2.81
14.89,Millets,Clay,0.79,327,1.92
1.26,Rice,Black,0.44,762,0.37
2.21,Maize,Black,0.55,1432,1.72
10.53,Millets,Clay,0.75,1472,5.81
11.62,Cotton,Clay,0.69,844,4.06
4.97,Wheat,Sandy,0.86,910,2.18
7.87,Wheat,Loam,0.51,846,2.85
9.08,Millets,Sandy,0.51,948,1.76
14.74,Sugarcane,Clay,0.95,1105,23.21
9.48,Maize,Sandy,0.65,667,2.96
12.08,Maize,Loam,0.35,1174,5.36
5.85,Cotton,Clay,0.58,1153,2.35
10.52,Maize,Clay,0.32,892,2.7
13.37,Sugarcane,Loam,0.69,1037,17.22
10.6,Wheat,Clay,0.76,1200,6.77
14.15,Cotton,Black,0.57,1199,6.38
11.93,Maize,Black,0.35,895,3.7
10.12,Rice,Clay,0.75,1311,7.96
12.95,Rice,Clay,0.74,1417,10.86
12.24,Millets,Clay,0.31,935,1.77
12.56,Cotton,Sandy,0.53,870,2.78
11.22,Sugarcane,Clay,0.49,836,6.89
7.67,Rice,Clay,0.68,869,3.63
14.06,Cotton,Black,0.78,1087,7.87
12.77,Millets,Clay,0.34,454,0.99
14.27,Cotton,Black,0.73,1146,7.88
7.22,Cotton,Black,0.46,374,0.82
6.61,Rice,Clay,0.6,615,1.95
5.23,Rice,Sandy,0.74,992,2.46
11.45,Maize,Clay,0.51,832,4.37
7.76,Maize,Loam,0.79,658,4.36
7.66,Wheat,Clay,0.75,515,2.07
3.93,Rice,Loam,0.7,1140,3.01
13.7,Maize,Sandy,0.38,736,2.76
13.34,Sugarcane,Clay,0.7,467,6.54
14.25,Rice,Clay,0.31,550,1.94
8.34,Millets,Sandy,0.36,880,1.06
5.75,Sugarcane,Sandy,0.4,871,2.4
6.41,Sugarcane,Loam,0.52,824,4.94
11.96,Maize,Black,0.4,819,3.88
5.63,Sugarcane,Black,0.9,795,6.65
3.68,Sugarcane,Loam,0.53,712,2.5
6.89,Sugarcane,Loam,0.83,1463,15.06
4.77,Wheat,Sandy,0.36,1462,1.41
1.5,Millets,Sandy,0.85,749,0.38
12.98,Millets,Black,0.92,636,4.18
5.66,Cotton,Loam,0.94,933,3.57
6.54,Wheat,Clay,0.41,426,0.8
9.38,Sugarcane,Sandy,0.5,1469,8.27
4.62,Millets,Loam,0.57,1009,1.59
4.87,Maize,Black,0.82,564,2.23
14.51,Wheat,Clay,0.61,767,4.75
11.02,Rice,Sandy,0.77,358,1.94
1.68,Sugarcane,Clay,0.52,741,0.97
10.5,Wheat,Black,0.63,1389,7.07
12.13,Rice,Black,0.57,1331,8.1
5.53,Maize,Black,0.39,686,1.46
3.27,Maize,Sandy,0.3,1358,0.96
14.5,Wheat,Loam,0.6,641,4.68
13.02,Millets,Clay,0.38,665,1.65
12.04,Maize,Loam,0.92,1173,14.03
13.19,Wheat,Black,0.4,1082,4.4
7.46,Wheat,Black,0.33,1050,1.99
7.6,Maize,Loam,0.88,725,5.24
3.01,Cotton,Black,0.62,1312,1.62
13.27,Sugarcane,Clay,0.71,1289,18.22
1.67,Rice,Loam,0.53,721,0.61
1.45,Rice,Clay,0.53,1215,0.75
7.28,Sugarcane,Clay,0.45,689,3.39
1.41,Cotton,Loam,0.72,616,0.45
11.49,Sugarcane,Loam,0.31,1376,8.82
7.44,Wheat,Black,0.64,531,1.95
1.05,Maize,Black,0.71,420,0.31
3.07,Millets,Sandy,0.64,399,0.31
5.8,Cotton,Clay,0.54,1169,2.2
5.22,Millets,Sandy,0.47,1072,1.05
11.62,Millets,Black,0.49,410,1.28
7.35,Wheat,Clay,0.81,952,3.97
12.61,Millets,Sandy,0.78,540,2.12
6.04,Rice,Sandy,0.41,491,0.78
7.04,Rice,Clay,0.32,1015,1.83
9.18,Maize,Sandy,0.84,1087,6.04
6.06,Wheat,Loam,0.71,1207,4.36
7.95,Rice,Sandy,0.7,748,2.66
2.14,Maize,Sandy,0.3,345,0.16
2.69,Cotton,Clay,0.56,1138,1.03
4.5,Sugarcane,Loam,0.78,1083,6.84
7.5,Cotton,Loam,0.77,1000,4.16
11.96,Wheat,Clay,0.59,550,2.72
7.82,Millets,Sandy,0.54,1194,2.02
4.2,Cotton,Loam,0.33,387,0.39
13.62,Wheat,Black,0.9,598,5.64
9.32,Wheat,Loam,0.57,1266,5.65
3.79,Cotton,Loam,0.92,1181,2.96
7.0,Millets,Sandy,0.7,1465,2.87
13.63,Sugarcane,Clay,0.6,869,10.66
14.53,Cotton,Loam,0.32,1316,4.41
13.39,Rice,Loam,0.78,872,8.74
7.24,Millets,Sandy,0.38,1255,1.38
6.92,Wheat,Black,0.36,486,0.93
8.48,Millets,Loam,0.58,459,1.35
2.61,Wheat,Sandy,0.94,1050,1.44
14.6,Rice,Sandy,0.55,767,3.94
5.47,Wheat,Loam,0.54,711,1.76
8.3,Sugarcane,Clay,0.32,1006,4.01
6.03,Rice,Clay,0.46,338,0.75
14.9,Maize,Clay,0.31,1365,5.67
7.68,Sugarcane,Black,0.38,639,3.08
8.6,Wheat,Sandy,0.85,1042,4.27
10.89,Maize,Black,0.53,1454,8.31
3.76,Rice,Sandy,0.32,960,0.74
11.44,Cotton,Clay,0.74,388,1.97
1.38,Cotton,Sandy,0.8,658,0.35
9.81,Cotton,Loam,0.67,515,2.44
5.22,Cotton,Black,0.43,1336,1.98
1.66,Sugarcane,Black,0.69,1393,2.63
3.61,Rice,Clay,0.93,533,1.43
12.33,Sugarcane,Loam,0.38,367,3.1
12.53,Rice,Clay,0.41,361,1.48
11.75,Wheat,Black,0.39,996,3.51
7.44,Sugarcane,Sandy,0.47,1127,4.73
11.6,Rice,Loam,0.4,927,4.13
5.89,Rice,Sandy,0.42,922,1.46
5.98,Wheat,Clay,0.66,1245,3.44
14.44,Sugarcane,Clay,0.59,663,8.47
14.15,Maize,Black,0.7,455,4.46
14.69,Wheat,Clay,0.41,1177,4.96
8.96,Cotton,Sandy,0.59,1138,2.89
14.8,Cotton,Loam,0.46,1151,5.64
12.61,Sugarcane,Clay,0.9,746,12.7
9.3,Maize,Loam,0.87,638,5.58
7.92,Sugarcane,Black,0.73,989,9.43
12.06,Millets,Clay,0.59,1241,4.42
10.82,Millets,Sandy,0.49,963,2.04
11.47,Rice,Clay,0.77,683,4.83
1.31,Millets,Clay,0.91,665,0.4
7.58,Wheat,Black,0.9,1137,5.97
10.52,Sugarcane,Clay,0.87,674,9.25
9.69,Sugarcane,Loam,0.7,645,7.88
12.71,Cotton,Sandy,0.57,900,3.13
12.01,Cotton,Loam,0.71,1494,9.17
9.31,Sugarcane,Sandy,0.59,486,3.2
7.17,Sugarcane,Clay,0.85,1238,11.32
11.07,Wheat,Loam,0.92,1277,10.92
5.14,Maize,Clay,0.53,1284,3.15
4.17,Sugarcane,Black,0.7,556,2.68
14.49,Rice,Sandy,0.41,1491,5.67
11.22,Sugarcane,Clay,0.7,1121,13.21
9.4,Rice,Clay,0.42,1172,3.7
3.87,Rice,Loam,0.66,1014,2.49
7.97,Wheat,Black,0.63,760,2.94
14.89,Sugarcane,Black,0.58,1196,17.04
8.15,Rice,Black,0.69,1085,5.37
5.0,Millets,Black,0.31,816,0.7
1.37,Maize,Black,0.42,1256,0.72
10.2,Millets,Clay,0.7,1486,5.31
12.26,Sugarcane,Sandy,0.44,534,3.46
1.18,Wheat,Loam,0.61,534,0.32
4.5,Sugarcane,Sandy,0.47,1360,3.45
6.79,Maize,Sandy,0.87,748,3.18
3.98,Sugarcane,Black,0.78,749,3.84
12.75,Maize,Clay,0.44,537,2.71
5.72,Sugarcane,Clay,0.5,987,4.23
14.19,Millets,Loam,0.44,909,3.41
3.81,Wheat,Clay,0.7,1191,2.22
14.4,Cotton,Sandy,0.57,419,1.65
3.3,Sugarcane,Black,0.39,1469,3.12
5.59,Cotton,Loam,0.39,1168,1.83
14.99,Sugarcane,Black,0.66,1317,21.5
5.67,Rice,Black,0.64,1489,4.75
5.12,Millets,Black,0.7,1072,2.11
14.6,Cotton,Clay,0.48,978,4.11
1.1,Rice,Sandy,0.61,918,0.39
14.8,Millets,Sandy,0.92,1024,5.58
11.42,Maize,Loam,0.42,1330,6.89
4.27,Millets,Black,0.55,709,0.92
5.19,Maize,Sandy,0.88,1226,4.03
4.43,Wheat,Sandy,0.57,973,1.38
14.96,Rice,Clay,0.89,1148,12.23
8.85,Maize,Loam,0.66,906,5.72
12.92,Millets,Black,0.46,789,2.58
10.69,Maize,Loam,0.5,426,2.46
12.12,Millets,Loam,0.52,561,2.12
12.01,Rice,Sandy,0.56,1358,5.85
13.44,Sugarcane,Black,0.54,957,11.46
5.09,Rice,Black,0.45,1248,2.52
10.29,Cotton,Clay,0.81,958,4.79
13.18,Cotton,Black,0.42,491,1.79
12.07,Wheat,Loam,0.85,978,8.43
11.62,Rice,Black,0.55,343,1.93
11.72,Maize,Sandy,0.65,906,4.97
8.82,Cotton,Black,0.81,1149,5.42
4.83,Wheat,Clay,0.38,318,0.41
6.36,Cotton,Loam,0.75,505,1.73
6.68,Sugarcane,Black,0.81,1430,12.77
1.63,Millets,Loam,0.78,1044,0.8
6.14,Cotton,Black,0.57,699,1.61
14.84,Millets,Sandy,0.33,634,1.24
11.02,Wheat,Sandy,0.3,1447,2.68
10.07,Rice,Black,0.8,1308,9.27
3.69,Rice,Sandy,0.81,1420,2.72
2.33,Cotton,Sandy,0.47,314,0.17
2.14,Rice,Loam,0.52,555,0.59
12.85,Sugarcane,Black,0.78,921,15.23
1.32,Maize,Clay,0.64,1379,1.05
13.4,Wheat,Loam,0.6,1050,7.09
3.55,Sugarcane,Loam,0.34,747,1.62
1.24,Wheat,Clay,0.62,693,0.37
2.79,Maize,Clay,0.53,1429,1.9
8.13,Sugarcane,Clay,0.86,499,5.23
1.25,Rice,Clay,0.76,1302,0.99
6.57,Millets,Black,0.81,956,2.8
2.49,Millets,Loam,0.62,537,0.5
10.86,Millets,Loam,0.3,1129,2.21
6.81,Cotton,Loam,0.91,1061,4.73
13.96,Millets,Loam,0.86,434,3.13
9.99,Maize,Sandy,0.49,1387,4.89
13.93,Maize,Loam,0.61,1364,12.52
12.54,Sugarcane,Loam,0.41,864,8.0
6.58,Maize,Sandy,0.61,970,2.8
1.7,Millets,Sandy,0.83,664,0.37
5.29,Millets,Clay,0.57,1011,1.52
6.66,Millets,Black,0.52,691,1.32
4.07,Wheat,Clay,0.68,749,1.45
9.74,Millets,Black,0.55,843,2.48
6.99,Millets,Loam,0.56,1008,2.37
8.15,Wheat,Sandy,0.83,747,2.83
10.01,Maize,Sandy,0.41,915,2.7
6.52,Sugarcane,Loam,0.38,1095,4.88
3.07,Wheat,Sandy,0.48,1449,1.2
10.79,Rice,Black,0.89,506,4.28
3.11,Wheat,Loam,0.78,364,0.74
7.82,Sugarcane,Loam,0.9,1111,14.07
12.36,Wheat,Clay,0.37,1025,3.28
6.41,Maize,Loam,0.82,1247,7.08
11.82,Maize,Loam,0.81,1315,13.6
5.03,Wheat,Loam,0.95,956,3.84
7.85,Cotton,Loam,0.87,1041,5.12
9.28,Millets,Black,0.4,1320,2.69
9.4,Wheat,Sandy,0.95,1030,5.15
13.59,Millets,Clay,0.42,594,1.7
2.75,Cotton,Loam,0.68,1038,1.4
9.29,Cotton,Sandy,0.87,1049,4.07
5.17,Sugarcane,Clay,0.8,732,4.54
9.01,Millets,Black,0.54,946,2.53
14.41,Millets,Black,0.57,453,2.05
12.69,Cotton,Clay,0.89,860,5.83
12.76,Sugarcane,Sandy,0.42,728,4.68
8.24,Maize,Sandy,0.55,433,1.41
11.87,Rice,Loam,0.91,507,5.26
2.65,Cotton,Clay,0.3,629,0.3
8.6,Wheat,Black,0.32,755,1.6
10.48,Sugarcane,Sandy,0.75,1163,10.97
5.74,Maize,Sandy,0.48,340,0.67
8.68,Sugarcane,Loam,0.5,813,6.35
5.21,Sugarcane,Clay,0.74,465,2.69
4.47,Sugarcane,Loam,0.33,556,1.48
11.81,Rice,Black,0.64,337,2.24
9.84,Cotton,Sandy,0.63,402,1.2
1.3,Cotton,Black,0.47,347,0.14
7.09,Maize,Sandy,0.4,677,1.38
6.1,Cotton,Black,0.44,1178,2.09
6.91,Maize,Clay,0.71,1497,6.61
6.7,Wheat,Sandy,0.56,1180,2.48
13.39,Rice,Loam,0.85,1118,12.22
11.35,Sugarcane,Loam,0.49,449,4.49
5.83,Sugarcane,Clay,0.91,811,6.45
8.73,Wheat,Clay,0.58,1014,3.59
9.98,Millets,Black,0.94,899,4.64
3.66,Cotton,Sandy,0.55,1319,1.27
3.78,Millets,Black,0.75,1076,1.68
1.1,Millets,Loam,0.69,1098,0.5
3.14,Wheat,Loam,0.86,1079,2.45
9.19,Sugarcane,Clay,0.81,531,5.93
6.97,Sugarcane,Clay,0.39,1167,4.76
14.17,Cotton,Loam,0.75,1393,10.66
11.04,Cotton,Black,0.35,846,2.16
13.96,Sugarcane,Loam,0.73,1307,23.97
4.2,Rice,Clay,0.72,1500,3.63
4.81,Millets,Sandy,0.4,1428,1.1
7.35,Cotton,Loam,0.33,1309,2.29
6.73,Rice,Black,0.81,666,3.19
5.57,Millets,Clay,0.88,927,2.27
2.19,Sugarcane,Sandy,0.54,1263,1.79
12.26,Wheat,Black,0.43,301,1.22
7.28,Cotton,Sandy,0.39,583,0.79
8.25,Wheat,Sandy,0.32,1461,2.16
4.34,Wheat,Black,0.87,1239,3.6
8.37,Rice,Black,0.61,1040,4.67
10.25,Wheat,Sandy,0.76,1021,4.45
12.37,Cotton,Black,0.68,1027,5.7
2.19,Millets,Loam,0.61,346,0.28
6.88,Sugarcane,Black,0.88,1236,12.35
4.16,Sugarcane,Loam,0.41,555,1.7
4.36,Rice,Black,0.32,1466,1.8
3.11,Rice,Black,0.9,435,1.07
1.97,Rice,Black,0.85,925,1.36
12.16,Millets,Loam,0.94,1151,7.89
10.74,Maize,Clay,0.52,810,4.07
13.87,Sugarcane,Black,0.38,761,6.62
3.49,Sugarcane,Loam,0.93,1329,7.76
8.75,Maize,Sandy,0.35,647,1.43
8.32,Rice,Sandy,0.33,763,1.34
12.41,Wheat,Clay,0.45,352,1.38
14.82,Wheat,Sandy,0.87,566,4.09
5.25,Sugarcane,Sandy,0.63,406,1.61
3.18,Sugarcane,Sandy,0.45,1392,2.39
11.9,Sugarcane,Black,0.8,1217,19.12
6.28,Cotton,Clay,0.39,584,0.86
3.4,Maize,Sandy,0.73,912,1.63
7.52,Wheat,Clay,0.6,600,1.9
4.28,Cotton,Black,0.32,997,0.9
9.32,Cotton,Sandy,0.48,334,0.72
5.92,Cotton,Black,0.8,836,2.61
4.33,Sugarcane,Black,0.56,353,1.41
6.34,Maize,Black,0.65,1188,4.85
11.34,Wheat,Clay,0.49,979,3.81
4.01,Maize,Loam,0.4,303,0.52
5.47,Millets,Clay,0.63,1478,2.55
11.45,Wheat,Clay,0.89,1079,7.7
1.57,Wheat,Sandy,0.44,512,0.2
11.63,Sugarcane,Sandy,0.94,1219,15.99
3.99,Rice,Black,0.5,367,0.64
12.79,Wheat,Clay,0.74,1122,7.43
11.5,Cotton,Clay,0.59,477,1.94
6.61,Maize,Black,0.36,647,1.52
7.82,Maize,Sandy,0.93,413,2.16
13.97,Wheat,Black,0.56,948,5.71
1.44,Cotton,Loam,0.48,310,0.15
8.2,Rice,Black,0.87,1023,6.42
4.69,Rice,Loam,0.89,416,1.67
10.67,Sugarcane,Sandy,0.87,483,5.38
11.2,Wheat,Black,0.46,442,1.75
10.94,Sugarcane,Loam,0.79,491,7.64
14.8,Wheat,Clay,0.51,1150,6.08
10.95,Maize,Loam,0.38,439,1.97
4.67,Rice,Black,0.32,432,0.57
5.1,Millets,Clay,0.62,497,0.79
5.43,Wheat,Clay,0.77,848,2.48
1.28,Wheat,Black,0.9,1232,1.09
10.0,Maize,Black,0.8,345,2.73
2.51,Wheat,Clay,0.38,940,0.63
1.57,Millets,Black,0.47,1334,0.54
6.3,Millets,Clay,0.73,388,0.89
7.34,Wheat,Clay,0.39,541,1.08
8.49,Cotton,Sandy,0.6,1384,3.38
4.4,Rice,Black,0.87,603,2.03
7.35,Millets,Black,0.72,1017,2.96
5.21,Rice,Black,0.41,1254,2.36
5.68,Cotton,Sandy,0.49,1070,1.43
5.99,Sugarcane,Clay,0.87,1348,10.54
1.87,Cotton,Sandy,0.83,1186,0.88
4.31,Wheat,Clay,0.93,1082,3.04
9.61,Cotton,Loam,0.54,422,1.58
1.6,Maize,Clay,0.72,647,0.67
10.63,Maize,Black,0.51,1029,5.52
9.62,Maize,Loam,0.49,1240,6.31
1.4,Wheat,Clay,0.77,746,0.56
10.7,Millets,Sandy,0.73,1078,3.37
3.47,Sugarcane,Black,0.89,498,2.54
11.81,Maize,Black,0.63,972,7.16
3.42,Cotton,Sandy,0.69,491,0.56
14.52,Sugarcane,Black,0.52,850,10.59
3.94,Millets,Clay,0.57,720,0.81
10.66,Maize,Loam,0.4,774,3.56
7.16,Cotton,Black,0.65,816,2.51
10.8,Millets,Loam,0.36,386,0.9
8.32,Wheat,Loam,0.82,715,4.1
13.3,Rice,Loam,0.92,500,5.87
12.33,Cotton,Clay,0.57,840,3.54
3.49,Sugarcane,Clay,0.52,938,2.55
8.63,Wheat,Loam,0.45,1346,4.39
8.74,Maize,Loam,0.73,932,6.42
1.25,Rice,Sandy,0.56,765,0.34
14.23,Cotton,Loam,0.65,1006,6.7
2.25,Cotton,Sandy,0.93,410,0.41
6.17,Wheat,Sandy,0.71,1301,3.19
5.96,Sugarcane,Loam,0.61,1378,9.02
1.2,Rice,Sandy,0.55,765,0.32
6.08,Sugarcane,Black,0.55,387,2.14
8.83,Sugarcane,Sandy,0.52,1330,7.33
1.07,Millets,Sandy,0.4,556,0.1
12.86,Wheat,Loam,0.59,959,6.11
5.06,Cotton,Black,0.93,358,1.11
12.6,Maize,Sandy,0.6,401,2.18
11.66,Sugarcane,Sandy,0.88,1273,15.67
2.15,Maize,Loam,0.3,430,0.3
4.88,Maize,Loam,0.73,1427,5.49
14.78,Rice,Clay,0.81,1416,13.56
10.33,Millets,Clay,0.85,1053,4.62
5.33,Cotton,Clay,0.75,1185,2.84
8.05,Rice,Clay,0.75,546,2.64
7.88,Millets,Black,0.5,741,1.61
14.5,Maize,Clay,0.94,1236,15.16
11.42,Wheat,Sandy,0.81,864,4.48
3.12,Maize,Loam,0.4,1061,1.43
9.74,Rice,Sandy,0.4,1152,2.87
11.71,Wheat,Sandy,0.4,814,2.14
2.38,Millets,Black,0.81,659,0.7
14.54,Rice,Loam,0.6,580,4.86
9.55,Rice,Loam,0.73,1344,8.99
14.48,Sugarcane,Black,0.46,588,6.46
4.23,Wheat,Loam,0.47,527,0.88
14.13,Wheat,Clay,0.94,1220,11.34
11.01,Wheat,Sandy,0.32,354,0.7
12.01,Wheat,Sandy,0.58,758,2.96
5.69,Maize,Black,0.69,603,2.34
9.27,Rice,Sandy,0.87,641,3.31
2.27,Sugarcane,Sandy,0.42,745,0.85
1.87,Rice,Black,0.45,941,0.7
14.71,Millets,Sandy,0.76,311,1.39
11.27,Cotton,Loam,0.48,352,1.37
9.54,Rice,Loam,0.84,1438,11.06
3.02,Wheat,Sandy,0.81,482,0.66
11.95,Cotton,Loam,0.89,393,3.01
3.81,Millets,Black,0.87,782,1.43
9.26,Rice,Loam,0.72,1140,7.3
11.44,Millets,Black,0.63,683,2.71
4.28,Maize,Sandy,0.67,1098,2.27
12.41,Cotton,Black,0.53,443,1.92
2.5,Rice,Clay,0.46,999,0.92
13.13,Millets,Loam,0.93,1454,10.65
12.7,Sugarcane,Clay,0.4,329,2.51
8.87,Millets,Clay,0.61,517,1.4
3.78,Wheat,Clay,0.61,636,1.03
7.56,Millets,Black,0.65,930,2.51
10.2,Wheat,Loam,0.63,354,1.91
7.63,Millets,Loam,0.48,958,2.11
6.58,Sugarcane,Sandy,0.75,1136,6.73
1.66,Rice,Black,0.77,637,0.72
14.05,Millets,Black,0.84,811,5.26
11.59,Cotton,Clay,0.58,1274,5.14
8.4,Millets,Black,0.81,536,2.01
5.88,Millets,Sandy,0.92,900,1.95
3.09,Cotton,Black,0.58,779,0.92
9.4,Sugarcane,Clay,0.78,947,10.42
13.58,Cotton,Black,0.57,1067,5.45
14.13,Maize,Black,0.88,1086,13.37
14.81,Cotton,Black,0.36,625,2.2
7.17,Millets,Sandy,0.7,1145,2.3
7.87,Wheat,Loam,0.88,1030,5.99
9.91,Maize,Black,0.35,1280,4.4
9.44,Millets,Loam,0.9,941,4.8
6.63,Millets,Loam,0.67,886,2.36
5.63,Rice,Sandy,0.55,1412,2.8
13.75,Millets,Black,0.34,1174,3.02
13.48,Rice,Clay,0.63,826,5.61
4.07,Wheat,Loam,0.73,1226,3.06
13.76,Millets,Black,0.35,1289,3.41
8.45,Cotton,Clay,0.68,1367,4.71
2.94,Cotton,Sandy,0.67,436,0.41
14.41,Maize,Black,0.86,753,9.24
8.0,Sugarcane,Loam,0.78,340,3.82
6.64,Wheat,Loam,0.54,1412,4.25
8.65,Cotton,Loam,0.81,1324,6.68
12.83,Cotton,Clay,0.44,1487,5.04
4.65,Sugarcane,Clay,0.63,550,2.42
9.8,Millets,Clay,0.36,666,1.17
8.43,Sugarcane,Black,0.95,479,6.33
8.64,Sugarcane,Loam,0.66,1279,13.13
6.21,Cotton,Black,0.66,744,2.01
9.14,Wheat,Black,0.81,412,2.35
11.04,Millets,Black,0.34,1369,2.83
10.29,Cotton,Clay,0.93,1304,7.49
14.88,Sugarcane,Clay,0.94,721,15.13
4.32,Cotton,Clay,0.93,676,1.63
10.36,Maize,Sandy,0.84,773,4.84
6.1,Millets,Clay,0.57,555,0.96
6.14,Millets,Clay,0.46,664,0.94
2.89,Maize,Sandy,0.82,1054,1.8
5.72,Rice,Loam,0.74,1094,4.45
5.7,Wheat,Loam,0.95,560,2.55
3.48,Maize,Sandy,0.69,1312,2.27
13.14,Maize,Black,0.38,985,4.87
7.46,Sugarcane,Sandy,0.66,593,3.5
4.08,Cotton,Clay,0.42,788,0.81
14.53,Sugarcane,Sandy,0.91,1061,16.83
12.06,Rice,Clay,0.82,1064,8.42
4.52,Millets,Sandy,0.77,401,0.56
13.54,Cotton,Sandy,0.56,883,3.21
12.76,Rice,Loam,0.35,748,3.21
10.25,Maize,Black,0.38,338,1.3
3.18,Cotton,Sandy,0.51,712,0.55
2.5,Rice,Clay,0.81,1186,1.92
9.3,Wheat,Sandy,0.66,1319,4.53
11.77,Wheat,Clay,0.36,1254,3.72
14.38,Wheat,Black,0.38,389,1.64
14.33,Rice,Sandy,0.92,708,5.97
6.25,Millets,Clay,0.39,1391,1.7
5.45,Rice,Loam,0.81,525,2.22
8.66,Sugarcane,Sandy,0.76,919,7.26
11.06,Rice,Black,0.32,903,2.81
14.49,Millets,Sandy,0.51,462,1.37
4.37,Millets,Clay,0.31,725,0.49
13.48,Rice,Clay,0.52,714,4.0
14.28,Cotton,Black,0.72,337,2.29
5.76,Wheat,Sandy,0.87,1330,3.73
14.56,Sugarcane,Clay,0.48,607,6.36
6.55,Rice,Sandy,0.92,863,3.33
13.98,Wheat,Loam,0.38,471,2.1
5.15,Maize,Sandy,0.95,956,3.37
11.05,Sugarcane,Sandy,0.36,891,4.25
3.77,Maize,Loam,0.59,1221,2.93
3.55,Maize,Loam,0.5,1136,2.18
14.57,Wheat,Loam,0.8,1208,11.83
14.19,Millets,Clay,0.7,1106,5.49
10.76,Rice,Loam,0.71,376,2.76
8.3,Rice,Loam,0.66,1448,7.61
11.36,Wheat,Black,0.56,1280,6.27
4.81,Wheat,Sandy,0.92,584,1.45
6.74,Cotton,Loam,0.71,1032,3.56
6.93,Millets,Clay,0.87,536,1.62
10.01,Millets,Sandy,0.58,1481,3.44
6.44,Rice,Sandy,0.4,804,1.33
9.44,Millets,Black,0.76,875,3.45
9.71,Maize,Loam,0.44,908,4.19
9.9,Millets,Black,0.58,1090,3.44
8.74,Millets,Clay,0.83,1316,4.77
13.71,Cotton,Clay,0.69,669,3.8
1.39,Sugarcane,Loam,0.47,1446,1.7
7.37,Wheat,Clay,0.77,1171,4.65
8.8,Cotton,Clay,0.72,603,2.29
2.06,Millets,Loam,0.66,313,0.26
13.84,Sugarcane,Clay,0.79,655,10.74
13.02,Maize,Clay,0.91,755,8.05
2.76,Millets,Clay,0.68,418,0.39
9.61,Sugarcane,Sandy,0.69,1480,11.78
3.6,Millets,Clay,0.48,590,0.51
2.91,Millets,Black,0.75,637,0.76
12.33,Rice,Loam,0.92,320,3.48
12.27,Maize,Sandy,0.56,1159,5.73
6.65,Maize,Black,0.58,1406,5.37
10.39,Cotton,Loam,0.51,1105,4.22
3.5,Rice,Sandy,0.77,702,1.21
3.62,Wheat,Black,0.79,470,1.03
1.79,Millets,Clay,0.93,973,0.81
4.41,Cotton,Loam,0.79,1093,2.74
4.73,Rice,Loam,0.39,722,1.28
14.99,Wheat,Loam,0.61,1342,10.31
14.09,Wheat,Clay,0.61,321,1.93
4.23,Wheat,Sandy,0.79,846,1.58
10.58,Wheat,Clay,0.74,859,4.71
2.15,Wheat,Loam,0.49,820,0.73
5.1,Millets,Loam,0.72,908,2.0
1.67,Sugarcane,Black,0.88,680,1.65
4.55,Maize,Loam,0.46,426,0.96
14.41,Wheat,Clay,0.93,453,4.25
4.32,Wheat,Loam,0.72,439,1.15
10.43,Millets,Sandy,0.79,475,1.57
12.76,Cotton,Clay,0.78,776,4.63
4.19,Cotton,Loam,0.68,308,0.63
5.72,Wheat,Clay,0.76,401,1.22
13.57,Wheat,Black,0.75,787,6.17
7.86,Millets,Loam,0.57,1478,3.97
5.53,Maize,Loam,0.32,1335,2.55
4.09,Millets,Sandy,0.6,1322,1.3
13.13,Rice,Black,0.46,1367,7.27
11.55,Rice,Clay,0.71,434,2.85
11.4,Rice,Black,0.57,818,4.68
3.75,Wheat,Loam,0.91,1012,2.9
2.71,Rice,Loam,0.88,437,1.0
9.77,Sugarcane,Loam,0.72,582,7.37
9.25,Wheat,Sandy,0.47,1294,3.15
11.86,Millets,Clay,0.51,646,1.95
14.33,Sugarcane,Black,0.35,1368,11.32
2.89,Millets,Loam,0.31,957,0.51
10.72,Sugarcane,Sandy,0.75,1293,12.47
11.71,Cotton,Sandy,0.73,680,2.79
8.65,Rice,Black,0.51,563,2.19
13.47,Cotton,Loam,0.94,817,7.45
12.2,Sugarcane,Sandy,0.88,1084,13.97
14.57,Millets,Loam,0.85,1145,8.51
8.61,Cotton,Loam,0.39,342,0.83
8.21,Wheat,Clay,0.8,600,2.76
12.77,Sugarcane,Sandy,0.87,1091,14.55
6.58,Rice,Clay,0.37,1455,2.83
3.15,Rice,Clay,0.49,1310,1.62
3.43,Wheat,Black,0.85,1392,3.12
1.13,Maize,Sandy,0.55,529,0.24
14.17,Millets,Sandy,0.58,1380,4.54
4.52,Sugarcane,Clay,0.83,387,2.18
8.15,Rice,Sandy,0.81,1367,5.78
1.73,Cotton,Black,0.91,453,0.47
9.14,Wheat,Loam,0.73,1028,5.76
12.66,Wheat,Sandy,0.48,1158,3.94
5.53,Cotton,Loam,0.84,655,2.19
5.18,Rice,Loam,0.7,909,3.16
8.76,Cotton,Clay,0.77,666,2.7
8.55,Millets,Sandy,0.52,780,1.39
12.1,Millets,Clay,0.76,581,2.67
13.79,Sugarcane,Clay,0.61,1086,13.7
14.51,Cotton,Sandy,0.79,435,2.39
9.6,Rice,Black,0.81,853,5.84
13.25,Maize,Sandy,0.67,761,4.86
6.92,Sugarcane,Black,0.47,385,2.07
8.67,Wheat,Clay,0.85,1040,5.36
11.52,Maize,Clay,0.39,1130,4.57
8.96,Millets,Loam,0.89,394,1.89
10.31,Maize,Sandy,0.4,394,1.17
10.07,Sugarcane,Clay,0.93,847,11.9
6.86,Wheat,Black,0.65,591,2.03
3.77,Sugarcane,Sandy,0.65,1138,3.35
2.29,Wheat,Sandy,0.8,832,0.85
1.38,Maize,Clay,0.91,508,0.57
13.75,Sugarcane,Clay,0.38,971,7.61
10.66,Rice,Clay,0.55,923,4.33
2.62,Rice,Clay,0.44,584,0.54
8.53,Wheat,Clay,0.36,1061,2.28
14.66,Maize,Clay,0.31,1149,4.7
2.16,Sugarcane,Clay,0.45,965,1.41
8.75,Cotton,Loam,0.72,1059,4.8
7.75,Sugarcane,Sandy,0.57,1464,7.76
2.6,Rice,Black,0.92,325,0.68
4.98,Wheat,Clay,0.54,367,0.69
14.77,Millets,Sandy,0.49,748,2.17
4.07,Millets,Black,0.8,1253,2.24
11.68,Cotton,Sandy,0.75,1148,4.83
10.85,Maize,Black,0.85,601,5.49
11.42,Rice,Sandy,0.44,908,2.92
2.67,Wheat,Sandy,0.36,1150,0.62
9.7,Sugarcane,Clay,0.49,326,2.32
6.45,Sugarcane,Loam,0.81,1417,13.33
7.61,Sugarcane,Black,0.58,1483,10.8
7.48,Sugarcane,Sandy,0.48,307,1.32
13.98,Wheat,Loam,0.61,477,3.42
12.33,Sugarcane,Sandy,0.74,882,9.66
3.41,Cotton,Sandy,0.32,1185,0.62
13.9,Wheat,Sandy,0.46,440,1.58
5.44,Cotton,Clay,0.4,1155,1.51
2.43,Rice,Black,0.76,1289,2.09
10.78,Cotton,Clay,0.8,1315,6.8
5.4,Wheat,Loam,0.67,569,1.73
6.96,Rice,Black,0.92,1490,8.4
2.83,Rice,Clay,0.51,791,0.91
5.66,Maize,Sandy,0.46,491,0.92
13.67,Wheat,Loam,0.47,1212,6.54
5.99,Sugarcane,Sandy,0.37,855,2.27
9.03,Millets,Loam,0.7,1279,4.85
6.82,Millets,Sandy,0.67,1157,2.11
7.58,Sugarcane,Sandy,0.72,1024,6.71
1.68,Maize,Black,0.44,1213,0.89
6.93,Cotton,Loam,0.52,1077,2.79
13.23,Sugarcane,Loam,0.56,768,10.24
10.82,Rice,Black,0.46,756,3.31
6.09,Sugarcane,Sandy,0.56,886,3.63
12.78,Maize,Black,0.7,352,3.12
9.68,Sugarcane,Clay,0.58,692,5.83
4.17,Cotton,Clay,0.38,724,0.69
1.1,Wheat,Sandy,0.49,418,0.13
8.23,Cotton,Clay,0.42,1082,2.24
7.36,Rice,Loam,0.4,1311,3.71
2.7,Wheat,Clay,0.41,1441,1.12
8.67,Maize,Black,0.35,1234,3.71
10.11,Rice,Loam,0.44,852,3.64
11.24,Maize,Loam,0.74,403,3.62
6.84,Rice,Black,0.37,546,1.22
11.96,Maize,Clay,0.7,664,5.0
7.22,Wheat,Clay,0.37,840,1.57
3.65,Sugarcane,Clay,0.77,1367,5.76
2.1,Cotton,Black,0.78,1072,1.16
8.59,Maize,Black,0.79,977,6.56
14.81,Sugarcane,Black,0.78,1288,24.55
6.03,Millets,Clay,0.43,470,0.61
11.96,Wheat,Black,0.8,339,2.5
2.95,Maize,Black,0.83,521,1.26
10.19,Sugarcane,Clay,0.61,311,2.9
5.21,Maize,Black,0.36,401,0.74
3.14,Wheat,Loam,0.33,1260,1.1
8.17,Cotton,Sandy,0.48,390,0.73
2.67,Cotton,Black,0.41,1324,0.96
8.0,Wheat,Clay,0.31,1084,1.88
5.0,Cotton,Loam,0.94,473,1.6
6.09,Sugarcane,Black,0.47,979,4.62
10.96,Cotton,Loam,0.46,573,2.08
12.2,Rice,Sandy,0.86,509,3.42
14.54,Maize,Clay,0.75,732,7.18
14.67,Rice,Sandy,0.88,662,5.47
3.99,Maize,Clay,0.66,813,1.93
7.67,Maize,Clay,0.45,303,0.94
8.5,Rice,Sandy,0.6,982,3.21
12.47,Wheat,Sandy,0.51,398,1.42
5.15,Millets,Clay,0.34,600,0.53
2.68,Rice,Clay,0.45,1215,1.17
9.57,Millets,Black,0.72,1403,5.32
12.3,Sugarcane,Black,0.51,630,6.52
1.22,Cotton,Clay,0.7,1166,0.6
9.5,Maize,Black,0.36,1341,4.54
1.99,Millets,Loam,0.61,634,0.46
13.42,Cotton,Black,0.73,397,2.57
11.54,Maize,Clay,0.34,1400,4.94
1.13,Maize,Sandy,0.51,1288,0.53
3.64,Maize,Sandy,0.42,441,0.49
8.77,Maize,Clay,0.74,1303,7.61
10.13,Cotton,Loam,0.32,459,1.07
11.94,Rice,Sandy,0.32,558,1.36
2.91,Rice,Loam,0.31,420,0.36
6.89,Rice,Loam,0.57,1185,4.47
9.17,Wheat,Clay,0.46,586,1.73
4.95,Rice,Loam,0.61,437,1.27
9.41,Maize,Black,0.67,820,5.12
12.36,Millets,Sandy,0.82,1187,4.81
14.14,Millets,Clay,0.54,378,1.44
13.97,Maize,Clay,0.78,854,8.38
9.22,Wheat,Black,0.89,929,5.87
8.86,Rice,Loam,0.82,529,3.69
9.24,Millets,Clay,0.62,741,2.12
3.06,Rice,Clay,0.93,365,0.83
5.33,Sugarcane,Clay,0.72,699,4.02
10.69,Sugarcane,Black,0.34,1277,7.66
5.05,Cotton,Sandy,0.91,810,1.79
10.55,Maize,Black,0.67,528,3.69
10.44,Cotton,Black,0.74,1476,7.53
14.64,Millets,Black,0.81,427,2.78
7.93,Cotton,Black,0.35,928,1.7
8.52,Wheat,Sandy,0.67,387,1.24
1.71,Cotton,Sandy,0.75,300,0.18
13.96,Millets,Loam,0.84,481,3.38
11.17,Sugarcane,Black,0.9,697,11.56
7.45,Cotton,Clay,0.8,639,2.29
9.24,Sugarcane,Loam,0.54,1480,13.29
3.46,Maize,Black,0.83,1292,3.67
4.58,Millets,Clay,0.88,1029,2.07
1.97,Millets,Clay,0.74,1213,0.88
4.2,Wheat,Clay,0.5,954,1.4
14.2,Maize,Sandy,0.44,1330,5.98
11.48,Sugarcane,Black,0.41,932,7.24
8.69,Millets,Black,0.77,365,1.34
12.87,Wheat,Loam,0.63,641,4.37
9.44,Rice,Black,0.36,414,1.24
8.06,Wheat,Black,0.42,1173,3.06
5.2,Maize,Black,0.32,925,1.52
12.2,Sugarcane,Black,0.82,522,8.62
11.91,Maize,Black,0.85,917,9.19
6.84,Sugarcane,Sandy,0.89,305,2.23
14.35,Sugarcane,Sandy,0.4,1163,8.01
14.17,Rice,Loam,0.88,1160,13.89
9.01,Cotton,Black,0.89,446,2.36
4.24,Maize,Black,0.53,1293,2.88
9.42,Millets,Loam,0.52,888,2.61
11.84,Sugarcane,Black,0.72,1251,17.6
14.04,Cotton,Loam,0.95,439,4.22
3.76,Maize,Black,0.9,983,3.29
11.0,Sugarcane,Clay,0.53,1493,13.06
12.49,Sugarcane,Loam,0.33,480,3.56
4.6,Maize,Clay,0.65,1478,3.98
9.55,Millets,Sandy,0.59,1177,2.65
9.67,Millets,Sandy,0.54,306,0.64
13.2,Wheat,Sandy,0.31,878,2.01
4.12,Cotton,Sandy,0.47,887,0.82
13.83,Cotton,Sandy,0.35,473,1.1
6.6,Wheat,Clay,0.71,1041,3.41
5.07,Maize,Clay,0.93,811,3.44
10.59,Maize,Black,0.73,898,6.87
3.41,Rice,Clay,0.31,418,0.35
2.65,Wheat,Clay,0.34,879,0.55
13.57,Rice,Loam,0.45,334,1.96
7.6,Rice,Sandy,0.65,1405,4.44
8.46,Wheat,Loam,0.56,938,3.73
8.52,Rice,Loam,0.91,350,2.61
7.4,Cotton,Loam,0.46,669,1.64
2.87,Wheat,Clay,0.66,797,1.06
8.49,Millets,Clay,0.73,720,2.23
13.54,Wheat,Sandy,0.51,1080,4.18
11.5,Wheat,Clay,0.82,872,5.76
6.58,Wheat,Black,0.68,528,1.82
14.98,Rice,Sandy,0.6,1393,8.01
2.75,Maize,Black,0.63,1094,1.88
1.2,Millets,Clay,0.91,446,0.24
12.54,Wheat,Black,0.57,1171,6.44
5.29,Wheat,Sandy,0.82,1170,2.84
8.6,Millets,Clay,0.46,533,1.05
11.85,Sugarcane,Sandy,0.52,1192,8.81
4.11,Sugarcane,Black,0.84,842,4.8
4.68,Maize,Sandy,0.5,423,0.71
1.32,Cotton,Loam,0.53,903,0.45
2.42,Rice,Clay,0.76,995,1.46
2.44,Cotton,Sandy,0.47,544,0.3
14.19,Sugarcane,Loam,0.35,799,7.14
6.79,Rice,Loam,0.54,1343,4.73
7.55,Sugarcane,Black,0.35,522,2.28
5.28,Rice,Sandy,0.49,703,1.16
3.48,Rice,Clay,0.67,1036,1.93
2.42,Cotton,Loam,0.69,598,0.72
6.97,Sugarcane,Loam,0.63,1373,10.85
5.76,Wheat,Clay,0.78,496,1.56
8.56,Sugarcane,Black,0.31,650,2.85
11.05,Cotton,Loam,0.86,370,2.53
9.43,Maize,Sandy,0.38,750,1.94
7.01,Maize,Black,0.66,553,2.53
4.49,Sugarcane,Clay,0.35,1310,3.09
12.5,Cotton,Sandy,0.79,1331,6.31
7.54,Wheat,Clay,0.81,822,3.51
1.6,Sugarcane,Clay,0.94,1309,2.95
1.96,Maize,Clay,0.86,377,0.57
13.0,Millets,Sandy,0.42,1261,2.75
2.56,Millets,Loam,0.81,801,1.0
10.62,Wheat,Clay,0.51,1409,5.34
12.67,Cotton,Clay,0.66,467,2.34
4.94,Sugarcane,Black,0.5,684,2.79
11.3,Millets,Clay,0.66,987,3.68
12.64,Millets,Loam,0.74,1206,6.77
13.05,Millets,Loam,0.7,1410,7.73
2.0,Rice,Black,0.75,794,1.05
1.52,Sugarcane,Loam,0.79,712,1.54
10.27,Rice,Clay,0.32,799,2.1
5.92,Millets,Loam,0.44,591,0.92
11.81,Maize,Clay,0.75,1033,8.23
2.11,Maize,Black,0.67,814,1.14
8.97,Rice,Sandy,0.58,930,3.1
13.34,Cotton,Clay,0.76,968,5.89
8.97,Rice,Black,0.66,1048,5.46
3.45,Sugarcane,Loam,0.76,1363,6.43
6.69,Sugarcane,Black,0.82,478,4.33
6.57,Cotton,Clay,0.83,1268,4.15
1.49,Rice,Loam,0.62,740,0.66
4.19,Cotton,Loam,0.71,698,1.5
10.77,Sugarcane,Sandy,0.69,1384,12.34
12.09,Wheat,Sandy,0.64,449,1.95
2.26,Cotton,Black,0.61,656,0.6
14.44,Wheat,Black,0.94,997,10.42
10.11,Millets,Black,0.87,975,4.72
8.37,Millets,Sandy,0.74,418,1.04
3.68,Maize,Loam,0.85,705,2.38
12.33,Cotton,Clay,0.66,685,3.34
5.34,Millets,Sandy,0.74,905,1.43
3.03,Wheat,Loam,0.84,1390,2.97
6.12,Wheat,Clay,0.71,460,1.4
3.31,Wheat,Clay,0.65,1083,1.63
8.4,Wheat,Clay,0.5,1440,4.23
3.61,Maize,Sandy,0.88,962,2.2
9.73,Wheat,Loam,0.41,660,2.21
5.11,Cotton,Sandy,0.87,1199,2.56
1.66,Cotton,Sandy,0.68,1237,0.67
5.32,Cotton,Clay,0.92,1149,3.37
12.46,Millets,Black,0.9,368,2.27
2.87,Rice,Clay,0.75,683,1.18
6.31,Rice,Sandy,0.7,506,1.43
1.05,Wheat,Loam,0.51,1357,0.61
6.09,Cotton,Loam,0.93,636,2.59
3.12,Rice,Clay,0.65,1477,2.4
2.28,Cotton,Clay,0.6,1150,0.94
13.28,Sugarcane,Black,0.7,309,4.74
2.33,Wheat,Black,0.37,1240,0.82
12.4,Millets,Black,0.75,365,1.87
8.83,Cotton,Sandy,0.33,346,0.48
1.93,Millets,Loam,0.82,1087,1.03
4.26,Maize,Loam,0.4,461,0.85
4.5,Rice,Loam,0.42,1433,2.6
9.4,Sugarcane,Sandy,0.81,591,5.4
3.9,Wheat,Sandy,0.31,1094,0.74
4.57,Maize,Sandy,0.41,617,0.83
4.47,Sugarcane,Clay,0.48,1477,4.75
6.77,Wheat,Loam,0.62,698,2.46
2.04,Wheat,Loam,0.56,1213,1.16
3.82,Sugarcane,Clay,0.39,766,1.71
2.7,Sugarcane,Clay,0.93,411,1.55
3.37,Wheat,Black,0.64,1236,2.05
12.73,Rice,Black,0.52,470,2.74
6.67,Sugarcane,Loam,0.75,947,8.53
13.42,Millets,Sandy,0.48,790,2.04
3.8,Millets,Loam,0.75,947,1.62
13.42,Rice,Black,0.83,323,3.17
8.75,Maize,Black,0.9,691,5.39
6.34,Cotton,Black,0.92,366,1.41
14.05,Maize,Loam,0.38,1274,7.35
14.21,Millets,Sandy,0.57,706,2.29
6.22,Rice,Loam,0.6,1286,4.61
7.52,Wheat,Black,0.74,778,3.33
1.41,Rice,Clay,0.46,557,0.29
4.44,Millets,Sandy,0.59,801,0.84
6.01,Sugarcane,Clay,0.73,1065,7.01
2.35,Sugarcane,Black,0.68,1385,3.65
12.06,Wheat,Clay,0.76,442,2.84
4.75,Millets,Black,0.64,1024,1.71
1.99,Maize,Black,0.91,545,0.98
3.35,Wheat,Sandy,0.51,1102,1.05
11.65,Wheat,Loam,0.34,1369,4.55
3.18,Cotton,Loam,0.4,591,0.54
4.73,Cotton,Clay,0.84,549,1.31
3.54,Cotton,Sandy,0.55,1224,1.14
6.26,Cotton,Black,0.52,880,1.89
6.87,Wheat,Black,0.66,764,2.67
13.27,Sugarcane,Black,0.49,1035,11.1
5.71,Cotton,Sandy,0.79,588,1.27
7.49,Cotton,Clay,0.92,1129,4.67
11.72,Millets,Black,0.73,648,3.05
6.52,Sugarcane,Clay,0.61,895,5.34
3.28,Sugarcane,Clay,0.77,610,2.31
5.71,Cotton,Sandy,0.86,1303,3.07
3.97,Millets,Black,0.45,620,0.61
3.53,Cotton,Sandy,0.6,1500,1.52
6.81,Sugarcane,Loam,0.93,585,6.67
10.91,Rice,Black,0.53,775,3.94
14.02,Cotton,Black,0.62,1273,7.3
9.64,Millets,Black,0.8,502,2.13
12.81,Rice,Loam,0.38,1354,6.33
5.08,Sugarcane,Loam,0.34,725,2.25
10.9,Maize,Loam,0.47,1212,6.71
2.09,Rice,Clay,0.42,538,0.38
13.26,Cotton,Clay,0.55,516,2.26
14.69,Millets,Clay,0.93,1473,10.06
6.06,Maize,Loam,0.54,887,3.13
6.12,Cotton,Clay,0.95,1380,4.81
10.12,Rice,Clay,0.52,1434,6.04
9.92,Maize,Black,0.65,1413,9.02
9.31,Maize,Clay,0.81,567,3.85
11.13,Wheat,Clay,0.4,1328,4.14
10.35,Sugarcane,Loam,0.48,507,4.53
8.73,Cotton,Sandy,0.6,1058,2.66
3.68,Maize,Black,0.84,942,2.88
4.91,Cotton,Loam,0.47,1018,1.69
4.98,Wheat,Black,0.35,446,0.6
4.5,Maize,Black,0.38,1297,2.2
1.17,Millets,Loam,0.82,1084,0.62
3.56,Maize,Clay,0.91,1053,3.07
6.9,Sugarcane,Clay,0.33,852,2.91
4.67,Cotton,Loam,0.46,575,0.89
9.85,Wheat,Black,0.49,1380,5.13
11.75,Maize,Black,0.45,1273,6.66
11.67,Cotton,Loam,0.46,689,2.66
12.54,Sugarcane,Clay,0.84,713,11.27
11.66,Millets,Sandy,0.89,1032,4.28
10.03,Millets,Loam,0.32,867,1.67
12.17,Sugarcane,Sandy,0.38,1096,6.08
6.28,Cotton,Loam,0.49,928,2.06
13.55,Millets,Sandy,0.59,416,1.33
11.35,Wheat,Sandy,0.91,1356,7.84
12.66,Millets,Loam,0.76,1118,6.45
1.08,Sugarcane,Sandy,0.89,543,0.63
5.11,Cotton,Clay,0.85,1447,3.77
6.01,Wheat,Sandy,0.6,1459,2.95
8.37,Millets,Loam,0.91,1051,4.8
12.1,Wheat,Clay,0.35,755,2.24
4.74,Cotton,Clay,0.9,515,1.32
4.89,Rice,Clay,0.54,740,1.56
10.0,Rice,Sandy,0.75,706,3.39
7.93,Rice,Black,0.91,454,2.88
3.02,Cotton,Black,0.83,481,0.8
8.55,Wheat,Clay,0.44,1296,3.41
5.73,Rice,Clay,0.69,895,2.83
12.9,Cotton,Loam,0.82,1045,7.96
14.61,Rice,Black,0.35,1254,5.64
4.11,Rice,Loam,0.77,927,2.82
8.52,Maize,Clay,0.84,580,3.74
3.35,Sugarcane,Clay,0.71,440,1.57
7.98,Maize,Sandy,0.66,1021,3.87
12.63,Maize,Loam,0.94,1239,15.89
9.96,Wheat,Clay,0.89,697,4.32
12.69,Millets,Clay,0.88,775,4.33
1.08,Wheat,Clay,0.89,742,0.5
11.45,Wheat,Clay,0.67,412,2.21
6.39,Wheat,Clay,0.82,595,2.18
2.02,Maize,Loam,0.43,1399,1.31
5.6,Maize,Loam,0.37,860,1.92
9.67,Wheat,Loam,0.68,834,4.61
10.63,Maize,Black,0.52,355,1.94
14.75,Maize,Sandy,0.43,1266,5.78
12.91,Rice,Sandy,0.43,578,2.05
7.99,Cotton,Clay,0.67,1234,3.96
12.06,Cotton,Loam,0.59,810,4.15
11.14,Rice,Loam,0.78,675,5.63
6.5,Millets,Loam,0.32,543,0.68
12.86,Maize,Sandy,0.37,1429,4.9
14.41,Wheat,Black,0.68,551,4.16
14.62,Sugarcane,Sandy,0.48,910,7.66
3.05,Maize,Loam,0.63,355,0.74
4.6,Rice,Loam,0.81,750,2.68
3.9,Rice,Clay,0.94,300,0.88
14.86,Wheat,Clay,0.62,1391,8.97
6.94,Maize,Sandy,0.62,1305,4.04
14.16,Rice,Black,0.66,1242,10.21
14.12,Wheat,Black,0.93,794,8.03
6.01,Wheat,Black,0.74,630,2.16
11.38,Maize,Clay,0.94,1045,10.06
8.45,Millets,Black,0.61,1148,3.25
1.21,Maize,Loam,0.64,675,0.56
1.6,Rice,Sandy,0.46,814,0.38
11.35,Cotton,Black,0.94,543,3.82
4.85,Sugarcane,Sandy,0.66,302,1.16
7.83,Maize,Loam,0.93,1058,8.32
12.14,Sugarcane,Sandy,0.6,681,5.95
2.71,Sugarcane,Black,0.34,1354,2.06
12.5,Maize,Loam,0.7,423,4.0
11.12,Millets,Sandy,0.42,603,1.13
10.52,Millets,Loam,0.65,951,3.9
2.47,Cotton,Loam,0.37,432,0.28
9.98,Millets,Clay,0.78,686,2.67
1.1,Cotton,Loam,0.4,1309,0.41
5.88,Rice,Loam,0.55,1037,3.22
10.35,Wheat,Clay,0.59,997,4.26
4.15,Millets,Clay,0.56,1044,1.21
2.59,Sugarcane,Black,0.6,930,2.38
3.48,Cotton,Clay,0.83,1295,2.24
2.7,Maize,Sandy,0.34,392,0.26
10.73,Sugarcane,Loam,0.85,1082,17.76
14.51,Wheat,Loam,0.35,1347,5.75
6.74,Cotton,Clay,0.4,438,0.71
2.97,Sugarcane,Black,0.37,617,1.12
2.06,Maize,Black,0.61,358,0.45
8.1,Rice,Black,0.54,676,2.6
5.25,Rice,Sandy,0.5,368,0.62
7.08,Maize,Black,0.91,513,3.27
14.16,Millets,Sandy,0.55,784,2.44
6.32,Sugarcane,Sandy,0.56,639,2.71
10.59,Rice,Clay,0.42,1272,4.53
6.65,Millets,Black,0.32,999,1.17
5.87,Maize,Loam,0.38,625,1.51
9.91,Maize,Sandy,0.68,1348,6.54
9.13,Wheat,Clay,0.46,1166,3.43
13.15,Maize,Black,0.37,1310,6.31
6.42,Millets,Loam,0.33,1240,1.58
9.98,Wheat,Clay,0.4,1407,3.93
14.95,Cotton,Loam,0.5,660,3.55
14.66,Cotton,Loam,0.68,785,5.63
13.18,Wheat,Black,0.63,542,3.47
12.21,Wheat,Loam,0.61,700,4.38
12.95,Rice,Clay,0.31,732,2.35
14.73,Maize,Sandy,0.43,626,2.85
3.93,Cotton,Sandy,0.82,564,0.87
1.71,Maize,Sandy,0.94,574,0.66
11.87,Wheat,Clay,0.72,1341,8.02
9.5,Wheat,Black,0.6,1264,5.55
1.22,Wheat,Black,0.44,567,0.23
2.29,Millets,Black,0.69,978,0.85
12.36,Millets,Loam,0.59,847,3.71
8.07,Maize,Black,0.47,1427,5.36
6.44,Rice,Clay,0.55,1119,3.17
9.13,Millets,Loam,0.33,882,1.59
14.38,Millets,Loam,0.32,1349,3.72
4.29,Rice,Clay,0.52,1022,1.82
9.47,Wheat,Loam,0.64,838,4.27
14.18,Wheat,Sandy,0.59,1398,6.55
11.69,Rice,Black,0.41,960,4.05
2.46,Rice,Loam,0.56,596,0.79
2.58,Millets,Loam,0.74,768,0.88
7.96,Maize,Clay,0.57,1085,4.43
2.3,Rice,Sandy,0.59,869,0.75
14.68,Rice,Black,0.79,1149,11.73
6.09,Rice,Sandy,0.55,786,1.68
4.67,Sugarcane,Clay,0.46,481,1.55
3.9,Maize,Loam,0.6,1331,3.36
1.04,Millets,Loam,0.69,381,0.16
3.25,Sugarcane,Clay,0.95,1055,4.89
7.49,Rice,Loam,0.69,1449,7.19
7.4,Cotton,Clay,0.95,671,2.83
8.52,Maize,Clay,0.7,314,1.69
8.4,Sugarcane,Loam,0.89,736,9.9
3.39,Wheat,Loam,0.57,914,1.48
14.78,Cotton,Black,0.49,365,1.74
13.67,Maize,Loam,0.85,1450,18.2
6.51,Sugarcane,Black,0.61,634,4.15
10.08,Wheat,Black,0.3,1179,2.75
6.88,Millets,Loam,0.92,434,1.65
4.76,Cotton,Clay,0.42,1319,1.58
14.95,Sugarcane,Loam,0.33,1383,12.28
9.31,Sugarcane,Loam,0.53,1108,9.84
14.76,Wheat,Black,0.63,991,7.1
5.15,Sugarcane,Black,0.65,1078,5.95
3.65,Cotton,Sandy,0.46,453,0.37
1.38,Wheat,Clay,0.51,1224,0.6
6.88,Cotton,Loam,0.49,573,1.39
7.14,Rice,Loam,0.32,750,1.65
1.12,Millets,Clay,0.56,398,0.12
3.88,Sugarcane,Sandy,0.66,1060,3.26
9.53,Rice,Sandy,0.84,1140,5.84
11.98,Rice,Loam,0.48,1254,6.92
13.99,Wheat,Black,0.41,745,3.29
10.18,Sugarcane,Black,0.5,355,2.98
6.28,Maize,Loam,0.31,1189,2.5
5.77,Sugarcane,Black,0.63,1458,8.74
5.79,Rice,Black,0.78,659,2.62
4.44,Millets,Clay,0.52,497,0.57
9.17,Wheat,Loam,0.85,1212,7.94
6.01,Maize,Clay,0.91,1111,5.47
6.87,Sugarcane,Clay,0.48,808,4.0
5.99,Maize,Black,0.39,1310,3.03
14.32,Wheat,Black,0.84,603,5.59
13.48,Sugarcane,Clay,0.71,1253,17.99
9.35,Cotton,Loam,0.79,923,4.91
6.32,Maize,Clay,0.93,735,3.89
12.71,Sugarcane,Sandy,0.47,1426,10.22
11.3,Rice,Sandy,0.78,842,4.75
7.61,Maize,Black,0.86,477,3.09
11.38,Wheat,Black,0.59,569,2.94
1.88,Wheat,Clay,0.64,990,0.83
10.01,Maize,Clay,0.89,1450,11.63
14.44,Maize,Clay,0.4,1354,7.04
12.84,Sugarcane,Sandy,0.83,1217,15.56
10.89,Rice,Loam,0.91,1323,12.59
3.47,Wheat,Loam,0.95,1295,3.59
10.44,Millets,Black,0.79,1395,6.33
7.91,Millets,Clay,0.38,1245,1.87
7.11,Cotton,Black,0.95,902,4.02
4.54,Sugarcane,Sandy,0.74,1371,5.53
7.75,Cotton,Loam,0.84,479,2.25
6.6,Wheat,Black,0.62,755,2.38
5.04,Maize,Sandy,0.59,1172,2.51
5.46,Cotton,Black,0.87,466,1.46
4.45,Rice,Clay,0.43,1186,1.82
11.89,Millets,Black,0.8,1355,7.09
6.27,Wheat,Clay,0.92,597,2.41
4.11,Cotton,Sandy,0.31,1273,0.78
3.88,Millets,Sandy,0.71,544,0.6
9.43,Maize,Black,0.92,990,8.5
1.08,Maize,Loam,0.88,1390,1.43
7.3,Rice,Loam,0.91,898,5.73
6.07,Millets,Sandy,0.44,530,0.57
12.57,Cotton,Sandy,0.79,904,4.31
10.97,Sugarcane,Sandy,0.76,435,4.35
4.45,Cotton,Loam,0.83,537,1.43
10.6,Millets,Clay,0.9,840,4.01
2.35,Cotton,Black,0.43,555,0.37
1.81,Sugarcane,Clay,0.37,480,0.48
14.81,Cotton,Black,0.88,1007,8.66
9.5,Rice,Black,0.65,443,2.41
13.03,Millets,Loam,0.83,924,6.0
8.25,Wheat,Black,0.81,691,3.56
1.95,Cotton,Clay,0.78,1158,1.06
8.71,Cotton,Loam,0.37,1317,3.06
5.1,Sugarcane,Clay,0.38,472,1.37
7.12,Millets,Clay,0.47,878,1.47
1.98,Sugarcane,Clay,0.81,389,0.94
5.73,Millets,Clay,0.72,324,0.67
7.06,Wheat,Loam,0.74,937,4.11
6.63,Cotton,Black,0.84,565,2.08
7.91,Maize,Black,0.77,742,4.47
1.7,Millets,Black,0.42,344,0.14
4.84,Millets,Loam,0.54,1410,2.21
1.82,Maize,Clay,0.76,543,0.68
3.61,Cotton,Black,0.83,1186,2.35
5.9,Maize,Black,0.38,1309,2.91
9.93,Sugarcane,Black,0.8,1187,15.56
6.95,Cotton,Clay,0.39,943,1.53
9.06,Rice,Sandy,0.71,788,3.24
11.08,Maize,Sandy,0.86,575,3.94
11.17,Rice,Sandy,0.57,1262,5.14
4.01,Wheat,Clay,0.61,573,0.98
2.58,Sugarcane,Black,0.72,1166,3.57
1.53,Cotton,Clay,0.85,1326,1.03
12.64,Rice,Black,0.9,1175,11.76
12.99,Cotton,Loam,0.38,976,3.47
12.31,Millets,Clay,0.92,1018,5.76
11.86,Rice,Sandy,0.62,1122,5.28
1.89,Millets,Black,0.84,521,0.45
2.07,Sugarcane,Loam,0.53,548,1.08
4.07,Cotton,Black,0.55,635,0.94
6.15,Maize,Sandy,0.63,1160,3.24
5.96,Sugarcane,Clay,0.33,1447,4.27
12.36,Sugarcane,Loam,0.84,615,11.49
11.11,Cotton,Loam,0.88,734,5.17
8.73,Cotton,Loam,0.48,1297,3.91
10.06,Maize,Loam,0.54,1292,7.58
13.02,Cotton,Loam,0.38,382,1.36
8.0,Maize,Black,0.36,351,1.0
6.07,Maize,Loam,0.71,739,3.44
14.68,Rice,Sandy,0.37,522,1.81
3.11,Cotton,Loam,0.84,630,1.18
4.16,Cotton,Clay,0.57,753,1.07
10.19,Millets,Black,0.33,1425,2.64
5.2,Maize,Black,0.43,1416,3.13
3.44,Millets,Sandy,0.89,1197,1.47
11.53,Wheat,Loam,0.43,1048,4.36
1.43,Cotton,Loam,0.79,427,0.35
2.38,Wheat,Clay,0.44,668,0.49
4.78,Sugarcane,Black,0.88,1042,7.23
7.77,Cotton,Black,0.4,749,1.54
11.97,Maize,Clay,0.93,388,3.89
10.54,Sugarcane,Clay,0.43,698,4.75
14.16,Wheat,Sandy,0.36,1125,3.21
4.58,Sugarcane,Loam,0.53,554,2.42
3.72,Maize,Sandy,0.34,311,0.28
6.38,Sugarcane,Loam,0.4,562,2.58
1.98,Cotton,Loam,0.77,1356,1.49
3.15,Cotton,Black,0.47,612,0.6
14.1,Millets,Loam,0.56,520,2.46
14.64,Sugarcane,Loam,0.35,378,3.49
3.36,Wheat,Clay,0.82,937,1.81
11.56,Sugarcane,Loam,0.8,1435,23.89
5.45,Maize,Black,0.94,506,2.57
10.01,Cotton,Loam,0.7,874,4.41
12.94,Wheat,Clay,0.58,905,4.75
12.43,Maize,Black,0.76,590,5.52
6.11,Millets,Black,0.54,1214,2.2
9.43,Sugarcane,Sandy,0.7,602,4.77
7.09,Millets,Black,0.7,339,0.93
7.53,Cotton,Clay,0.83,318,1.19
9.82,Cotton,Black,0.66,1184,5.06
7.89,Cotton,Sandy,0.51,886,1.71
10.03,Rice,Loam,0.31,1379,4.12
6.22,Rice,Sandy,0.78,656,2.04
4.16,Rice,Loam,0.62,712,1.76
4.17,Sugarcane,Sandy,0.46,1313,3.02
8.86,Cotton,Black,0.44,316,0.81
8.4,Rice,Loam,0.48,323,1.25
7.05,Sugarcane,Loam,0.32,1010,4.1
3.21,Cotton,Loam,0.66,1372,2.09
11.79,Cotton,Loam,0.72,1494,9.13
14.76,Wheat,Sandy,0.91,535,4.02
8.52,Sugarcane,Clay,0.75,662,6.35
8.23,Maize,Sandy,0.93,920,5.07
5.53,Sugarcane,Sandy,0.64,785,3.33
1.05,Millets,Sandy,0.81,946,0.32
6.94,Millets,Clay,0.32,1413,1.57
5.94,Cotton,Black,0.32,778,0.98
2.11,Rice,Black,0.62,1190,1.37
3.86,Maize,Sandy,0.76,1256,2.65
7.08,Rice,Loam,0.9,1267,7.75
2.58,Sugarcane,Loam,0.54,408,1.02
5.04,Cotton,Black,0.82,1044,2.85
5.01,Wheat,Black,0.77,1438,4.27
13.2,Maize,Sandy,0.6,1167,6.65
7.55,Sugarcane,Sandy,0.68,707,4.36
2.53,Rice,Clay,0.93,1426,2.68
13.9,Millets,Clay,0.87,1172,7.09
3.06,Maize,Sandy,0.69,511,0.78
7.15,Millets,Clay,0.9,1414,4.55
7.93,Millets,Black,0.93,617,2.5
12.71,Millets,Loam,0.65,766,3.8
11.34,Millets,Clay,0.51,638,1.84
9.61,Wheat,Black,0.59,1143,4.99
11.29,Rice,Clay,0.91,1182,9.71
2.9,Cotton,Black,0.36,1190,0.82
4.13,Cotton,Clay,0.91,421,0.95
13.78,Cotton,Loam,0.52,1402,7.23
8.49,Rice,Clay,0.76,1220,6.3
9.35,Maize,Loam,0.48,632,3.06
3.6,Maize,Loam,0.48,776,1.45
13.31,Cotton,Sandy,0.67,1002,4.29
11.47,Millets,Black,0.68,1335,5.73
10.98,Rice,Black,0.84,1067,8.66
5.76,Cotton,Black,0.3,1197,1.37
10.38,Rice,Black,0.46,1160,4.87
6.76,Wheat,Clay,0.73,1271,4.39
12.43,Millets,Loam,0.47,1132,3.97
9.44,Millets,Black,0.94,1008,4.92
3.53,Cotton,Clay,0.66,766,1.07
12.96,Millets,Sandy,0.87,754,3.4
11.55,Rice,Loam,0.93,519,5.35
11.35,Rice,Sandy,0.4,1362,3.96
3.26,Sugarcane,Loam,0.42,1284,3.16
3.49,Sugarcane,Sandy,0.68,503,1.43
11.82,Millets,Black,0.85,812,4.49
8.73,Cotton,Clay,0.87,1050,4.78
5.25,Maize,Sandy,0.54,975,1.99
4.49,Wheat,Black,0.42,745,1.08
13.27,Cotton,Clay,0.32,443,1.13
9.79,Sugarcane,Sandy,0.73,751,6.44
1.98,Rice,Black,0.88,704,1.08
3.11,Rice,Loam,0.81,1456,3.52
10.62,Millets,Sandy,0.33,464,0.65
2.79,Wheat,Black,0.79,510,0.87
14.82,Sugarcane,Loam,0.34,897,8.14
5.77,Millets,Loam,0.37,375,0.48
2.19,Cotton,Loam,0.45,998,0.71
14.07,Rice,Sandy,0.62,1482,8.27
13.54,Millets,Loam,0.68,548,3.03
13.45,Wheat,Black,0.46,1175,5.6
7.46,Cotton,Sandy,0.31,1430,1.59
12.74,Cotton,Sandy,0.73,1440,6.43
9.2,Rice,Loam,0.9,970,7.71
7.53,Millets,Loam,0.62,1110,3.11
5.42,Cotton,Black,0.55,322,0.63
14.29,Sugarcane,Sandy,0.78,900,12.04
10.93,Cotton,Loam,0.77,1141,6.91
12.88,Millets,Black,0.56,1285,5.1
5.2,Millets,Clay,0.42,787,0.86
7.03,Millets,Loam,0.33,1159,1.61
3.58,Cotton,Clay,0.36,1080,0.84
3.58,Cotton,Clay,0.4,1107,0.95
12.49,Wheat,Clay,0.8,452,3.16
14.53,Rice,Black,0.71,596,5.41
13.92,Cotton,Black,0.67,1130,6.96
13.95,Maize,Clay,0.34,665,2.84
7.59,Maize,Loam,0.88,674,4.86
1.63,Sugarcane,Sandy,0.31,431,0.26
11.92,Wheat,Sandy,0.61,1323,5.39
12.86,Maize,Clay,0.63,762,5.56
1.04,Maize,Black,0.84,1329,1.15
13.41,Maize,Loam,0.81,1088,12.76
8.01,Millets,Sandy,0.89,1084,3.09
2.71,Millets,Clay,0.38,650,0.33
6.51,Millets,Black,0.74,1325,3.51
6.92,Rice,Black,0.31,634,1.2
8.66,Maize,Sandy,0.32,517,1.03
6.97,Sugarcane,Black,0.38,521,2.28
2.7,Rice,Black,0.87,474,0.98
11.72,Cotton,Clay,0.31,420,0.92
11.53,Maize,Clay,0.6,664,4.13
14.63,Cotton,Sandy,0.31,1135,2.47
7.04,Sugarcane,Clay,0.54,1390,7.93
4.73,Sugarcane,Clay,0.94,650,4.34
14.24,Sugarcane,Black,0.71,1200,20.02
9.37,Millets,Loam,0.78,753,3.3
12.46,Maize,Loam,0.64,644,5.55
9.66,Sugarcane,Black,0.92,513,7.52
10.75,Maize,Black,0.89,892,8.45
10.31,Maize,Clay,0.35,949,3.08
12.55,Maize,Sandy,0.58,1368,7.17
4.58,Wheat,Black,0.71,1205,3.02
6.53,Maize,Clay,0.64,908,3.42
3.33,Wheat,Black,0.38,687,0.67
7.88,Cotton,Clay,0.5,1297,3.07
9.2,Wheat,Clay,0.33,1390,2.95
3.21,Wheat,Clay,0.9,884,1.79
8.67,Cotton,Black,0.84,860,4.13
3.28,Wheat,Black,0.43,886,0.96
3.07,Maize,Sandy,0.54,1340,1.6
13.74,Sugarcane,Sandy,0.47,1067,8.27
14.87,Sugarcane,Clay,0.48,1480,15.85
9.19,Sugarcane,Black,0.65,504,4.97
6.88,Maize,Loam,0.32,994,2.36
4.49,Cotton,Clay,0.73,409,0.8
9.83,Sugarcane,Clay,0.5,1139,8.4
1.71,Rice,Clay,0.72,1346,1.33
9.02,Cotton,Black,0.59,1394,4.9
13.99,Cotton,Black,0.94,1101,9.56
6.46,Cotton,Sandy,0.47,1492,2.17
13.51,Maize,Sandy,0.67,1418,9.24
6.24,Millets,Sandy,0.48,1021,1.22
9.66,Wheat,Black,0.95,1199,8.47
3.49,Cotton,Clay,0.35,1013,0.74
10.96,Wheat,Sandy,0.84,886,4.57
6.51,Sugarcane,Sandy,0.33,653,1.68
9.14,Maize,Black,0.73,363,2.4
6.22,Wheat,Black,0.45,1283,2.77
14.35,Sugarcane,Sandy,0.85,1457,21.33
10.6,Rice,Clay,0.83,325,2.29
3.74,Maize,Black,0.46,782,1.33
11.05,Sugarcane,Sandy,0.78,552,5.71
6.05,Maize,Black,0.91,688,3.75
7.73,Millets,Sandy,0.73,459,1.04
1.24,Millets,Clay,0.45,526,0.15
1.8,Cotton,Loam,0.53,797,0.55
6.64,Maize,Sandy,0.52,1384,3.44
10.15,Millets,Clay,0.47,704,1.68
6.21,Wheat,Clay,0.46,899,1.8
11.79,Sugarcane,Loam,0.51,1421,15.38
3.4,Cotton,Black,0.88,397,0.78
14.47,Sugarcane,Sandy,0.69,597,7.15
3.45,Millets,Sandy,0.83,1292,1.48
2.69,Millets,Loam,0.36,1486,0.86
10.91,Maize,Loam,0.53,1323,8.26
8.73,Rice,Clay,0.33,1396,3.22
3.42,Maize,Sandy,0.3,342,0.25
6.28,Millets,Black,0.74,672,1.72
7.07,Millets,Clay,0.59,1274,2.66
10.32,Cotton,Sandy,0.4,964,1.91
13.21,Maize,Black,0.48,901,5.66
1.88,Maize,Loam,0.87,370,0.65
5.03,Sugarcane,Clay,0.37,520,1.45
2.21,Cotton,Black,0.86,994,1.25
3.91,Sugarcane,Clay,0.64,759,2.85
5.89,Maize,Sandy,0.81,571,1.96
9.44,Millets,Sandy,0.73,1470,4.05
13.66,Millets,Loam,0.92,1004,7.57
1.31,Sugarcane,Clay,0.94,953,1.76
13.59,Maize,Clay,0.94,972,11.18
12.09,Millets,Sandy,0.59,316,0.9
10.02,Wheat,Sandy,0.44,409,1.01
2.43,Millets,Black,0.47,890,0.56
5.99,Wheat,Black,0.65,918,2.75
3.14,Millets,Clay,0.87,1162,1.59
5.72,Rice,Clay,0.53,1480,3.59
11.0,Millets,Loam,0.31,807,1.65
12.12,Cotton,Sandy,0.93,1186,6.42
6.64,Millets,Sandy,0.48,320,0.41
12.23,Sugarcane,Clay,0.45,862,7.12
5.91,Maize,Sandy,0.36,832,1.27
6.87,Maize,Black,0.31,844,1.78
10.31,Millets,Black,0.72,806,3.29
13.97,Rice,Loam,0.75,468,4.71
9.86,Wheat,Loam,0.38,813,2.56
5.61,Wheat,Clay,0.4,960,1.51
3.53,Maize,Loam,0.78,1091,3.24
8.97,Rice,Loam,0.55,1017,4.82
5.69,Sugarcane,Black,0.48,1328,5.98
4.37,Maize,Sandy,0.92,824,2.39
6.77,Rice,Black,0.57,655,2.22
7.27,Sugarcane,Loam,0.64,428,3.58
12.47,Millets,Black,0.38,1086,2.83
13.72,Rice,Black,0.41,921,4.56
8.93,Millets,Clay,0.72,753,2.42
4.03,Rice,Clay,0.3,1049,1.01
14.44,Millets,Clay,0.79,758,4.32
13.38,Millets,Clay,0.38,1419,3.61
14.07,Millets,Sandy,0.8,478,2.15
9.44,Wheat,Black,0.48,608,2.12
8.61,Wheat,Loam,0.92,1097,7.3
2.68,Maize,Sandy,0.81,1166,1.82
11.31,Maize,Loam,0.4,542,2.65
2.6,Millets,Sandy,0.58,1191,0.72
8.31,Rice,Sandy,0.83,1493,6.59
10.54,Maize,Clay,0.46,322,1.41
10.33,Maize,Black,0.33,712,2.4
14.54,Sugarcane,Sandy,0.49,1405,12.01
8.89,Wheat,Black,0.43,1104,3.25
4.37,Maize,Sandy,0.88,914,2.53
3.79,Wheat,Clay,0.58,662,1.02
12.13,Wheat,Sandy,0.64,500,2.17
8.59,Millets,Loam,0.62,761,2.43
11.09,Wheat,Black,0.53,676,3.06
11.52,Millets,Loam,0.46,515,1.64
10.0,Millets,Black,0.66,346,1.26
6.31,Cotton,Sandy,0.6,933,1.7
11.37,Maize,Black,0.34,1383,5.29
10.54,Maize,Loam,0.73,776,6.45
10.06,Maize,Sandy,0.93,571,3.85
3.75,Millets,Sandy,0.53,1472,1.17
9.34,Millets,Black,0.45,323,0.75
3.1,Wheat,Loam,0.81,336,0.71
13.35,Rice,Loam,0.48,634,3.9
2.92,Wheat,Black,0.47,851,0.9
11.47,Millets,Loam,0.8,545,3.0
9.64,Rice,Sandy,0.44,498,1.35
4.8,Wheat,Black,0.52,1280,2.46
13.71,Wheat,Loam,0.36,660,2.74
1.01,Rice,Black,0.83,617,0.46
12.75,Cotton,Loam,0.65,1276,7.61
10.56,Rice,Sandy,0.46,902,2.8
11.57,Millets,Clay,0.31,706,1.27
7.47,Rice,Black,0.46,529,1.6
14.96,Sugarcane,Black,0.95,1482,34.75
10.26,Millets,Sandy,0.51,683,1.43
6.48,Millets,Black,0.63,1206,2.71
5.99,Rice,Loam,0.72,1096,4.54
6.88,Maize,Sandy,0.87,1353,5.83
12.45,Cotton,Black,0.59,317,1.54
9.49,Cotton,Sandy,0.45,586,1.2
10.59,Rice,Clay,0.52,514,2.26
12.62,Wheat,Loam,0.47,1091,5.44
3.6,Maize,Sandy,0.93,472,1.14
9.59,Sugarcane,Sandy,0.79,848,7.71
12.58,Rice,Black,0.9,410,4.08
3.2,Wheat,Sandy,0.76,1082,1.47
14.86,Cotton,Black,0.56,1115,6.12
14.92,Maize,Loam,0.71,365,4.18
10.19,Maize,Sandy,0.62,886,4.03
8.51,Wheat,Sandy,0.5,550,1.31
4.85,Millets,Clay,0.46,510,0.57
4.03,Cotton,Black,0.39,845,0.88
3.63,Rice,Clay,0.36,1455,1.52
10.07,Millets,Loam,0.88,1010,5.37
7.45,Cotton,Sandy,0.51,678,1.24
6.96,Cotton,Sandy,0.84,1379,3.87
13.14,Millets,Sandy,0.8,585,2.46
4.04,Maize,Black,0.65,1102,2.86
10.44,Millets,Black,0.68,906,3.54
11.67,Sugarcane,Loam,0.59,476,5.9
3.27,Sugarcane,Sandy,0.42,879,1.45
2.42,Millets,Clay,0.64,1092,0.85
10.71,Maize,Loam,0.75,705,6.12
2.16,Rice,Loam,0.79,883,1.45
4.06,Cotton,Black,0.5,643,0.86
8.42,Maize,Loam,0.71,308,1.99
8.82,Millets,Clay,0.82,1306,4.72
7.66,Sugarcane,Sandy,0.63,607,3.52
6.67,Millets,Loam,0.51,489,1.0
14.03,Cotton,Sandy,0.4,368,0.99
13.01,Maize,Loam,0.67,521,4.9
11.37,Rice,Sandy,0.88,1327,8.5
2.12,Sugarcane,Loam,0.51,992,1.93
4.37,Maize,Loam,0.45,1293,2.75
4.56,Maize,Black,0.44,1089,2.16
14.67,Millets,Loam,0.72,529,3.35
3.76,Cotton,Sandy,0.58,1071,1.12
13.17,Wheat,Sandy,0.49,1056,3.82
13.93,Millets,Sandy,0.49,1038,2.83
8.2,Maize,Clay,0.59,1103,4.8
6.07,Millets,Clay,0.86,622,1.62
7.9,Wheat,Clay,0.48,1379,3.66
4.83,Maize,Black,0.65,726,2.26
10.61,Wheat,Loam,0.45,1216,4.88
4.79,Rice,Loam,0.87,1014,4.06
1.38,Maize,Black,0.49,787,0.53
2.9,Millets,Clay,0.59,853,0.73
12.2,Cotton,Clay,0.58,1102,4.68
8.89,Sugarcane,Loam,0.8,1432,18.33
13.81,Wheat,Loam,0.8,1115,10.35
2.28,Rice,Clay,0.91,1328,2.2
8.88,Sugarcane,Clay,0.86,659,7.55
5.09,Rice,Loam,0.79,760,2.93
7.25,Maize,Loam,0.37,475,1.38
4.14,Sugarcane,Loam,0.85,1205,7.63
3.78,Millets,Black,0.87,1157,2.09
4.05,Millets,Sandy,0.4,1449,0.94
8.24,Sugarcane,Clay,0.43,953,5.07
10.4,Maize,Clay,0.54,1112,5.62
4.48,Cotton,Sandy,0.76,827,1.35
12.84,Cotton,Sandy,0.79,892,4.34
1.07,Cotton,Black,0.43,1298,0.39
2.27,Maize,Loam,0.46,519,0.59
1.34,Cotton,Black,0.61,1426,0.77
5.41,Sugarcane,Clay,0.87,353,2.49
10.81,Maize,Clay,0.32,514,1.6
3.55,Cotton,Sandy,0.68,985,1.14
5.02,Sugarcane,Black,0.56,535,2.48
2.3,Cotton,Loam,0.83,595,0.82
9.23,Cotton,Black,0.84,1494,7.64
14.64,Wheat,Clay,0.51,1278,6.68
10.24,Maize,Black,0.8,1050,8.52
9.74,Sugarcane,Sandy,0.93,1229,13.36
11.03,Wheat,Clay,0.83,1306,8.37
12.17,Cotton,Loam,0.88,1130,8.71
3.87,Wheat,Loam,0.87,703,1.99
5.81,Rice,Black,0.41,1148,2.41
8.09,Maize,Black,0.66,574,3.03
2.31,Sugarcane,Black,0.53,878,1.77
13.95,Rice,Black,0.91,362,4.04
4.56,Cotton,Black,0.91,1106,3.03
4.54,Maize,Clay,0.36,891,1.31
13.91,Wheat,Black,0.7,835,6.26
13.04,Wheat,Loam,0.41,529,2.38
8.66,Rice,Sandy,0.7,795,3.08
10.86,Sugarcane,Clay,0.76,1370,16.96
6.91,Wheat,Sandy,0.76,748,2.2
8.57,Wheat,Loam,0.67,935,4.51
9.69,Sugarcane,Clay,0.44,437,2.79
3.85,Millets,Sandy,0.47,332,0.24
13.31,Cotton,Loam,0.49,395,1.85
11.45,Sugarcane,Loam,0.48,617,6.1
4.38,Rice,Clay,0.4,1278,1.79
2.73,Maize,Loam,0.87,679,1.74
7.67,Wheat,Loam,0.85,933,5.11
8.84,Wheat,Black,0.9,398,2.44
6.43,Maize,Sandy,0.7,1427,4.62
4.99,Cotton,Sandy,0.57,874,1.19
5.41,Rice,Sandy,0.84,850,2.47
12.53,Maize,Clay,0.66,501,3.73
4.09,Millets,Clay,0.77,1420,2.24
5.56,Rice,Loam,0.93,1131,5.61
6.57,Cotton,Black,0.72,1355,4.23
12.38,Sugarcane,Loam,0.62,604,8.34
1.33,Rice,Black,0.85,596,0.59
10.15,Cotton,Loam,0.8,1469,8.59
6.77,Maize,Clay,0.52,1266,4.01
1.26,Cotton,Black,0.92,993,0.76
13.59,Millets,Black,0.73,1213,6.62
10.2,Cotton,Black,0.44,627,1.86
1.54,Cotton,Black,0.79,740,0.59
7.98,Cotton,Black,0.53,811,2.26
4.7,Rice,Sandy,0.46,1456,2.01
14.94,Rice,Loam,0.65,726,6.77
12.77,Millets,Sandy,0.95,508,2.47
1.82,Rice,Clay,0.65,646,0.61
10.14,Millets,Loam,0.38,996,2.3
9.3,Rice,Clay,0.43,1034,3.31
5.55,Sugarcane,Sandy,0.58,1370,5.29
10.12,Wheat,Clay,0.86,731,4.45
7.02,Rice,Loam,0.47,346,1.1
14.17,Sugarcane,Black,0.6,1458,20.45
9.36,Cotton,Loam,0.56,407,1.54
13.39,Sugarcane,Sandy,0.92,806,11.91
12.34,Wheat,Black,0.59,909,5.1
1.85,Sugarcane,Black,0.63,1105,2.12
5.14,Rice,Loam,0.79,564,2.2
14.31,Sugarcane,Sandy,0.54,696,6.45
13.42,Wheat,Black,0.64,742,4.91
14.02,Millets,Loam,0.93,1449,11.34
6.68,Sugarcane,Loam,0.65,942,7.36
7.68,Sugarcane,Loam,0.35,1468,7.1
10.49,Maize,Clay,0.4,915,3.46
7.23,Maize,Sandy,0.87,1448,6.56
3.97,Cotton,Clay,0.36,966,0.83
12.41,Millets,Clay,0.92,1393,7.95
12.52,Rice,Loam,0.81,1017,9.9
13.9,Maize,Sandy,0.67,940,6.3
3.4,Sugarcane,Black,0.44,1317,3.25
9.33,Wheat,Sandy,0.59,504,1.55
4.01,Millets,Black,0.8,1303,2.3
8.2,Millets,Clay,0.58,1364,3.24
7.43,Millets,Black,0.55,535,1.2
12.35,Wheat,Clay,0.94,841,6.83
3.08,Cotton,Loam,0.53,563,0.66
6.03,Rice,Loam,0.8,1380,6.39
8.48,Millets,Loam,0.71,1160,4.19
7.98,Rice,Black,0.68,872,4.16
14.76,Maize,Loam,0.55,1293,11.34
11.38,Rice,Black,0.5,923,4.62
7.02,Millets,Black,0.37,634,0.91
11.34,Wheat,Black,0.91,1458,11.59
4.57,Rice,Sandy,0.7,554,1.13
14.22,Millets,Loam,0.51,328,1.43
8.47,Rice,Loam,0.4,337,1.1
6.52,Maize,Black,0.4,738,1.91
2.36,Millets,Sandy,0.73,1169,0.81
10.14,Wheat,Sandy,0.39,994,2.2
13.8,Maize,Black,0.63,1470,12.65
9.21,Cotton,Clay,0.56,1206,3.73
13.98,Cotton,Loam,0.68,1203,8.23
14.54,Millets,Black,0.76,1414,8.59
9.22,Rice,Black,0.73,863,5.11
13.16,Cotton,Loam,0.95,1190,10.71
10.42,Rice,Sandy,0.79,658,3.47
9.85,Millets,Clay,0.69,1240,4.21
6.38,Maize,Black,0.88,784,4.36
13.42,Millets,Loam,0.89,1243,8.91
7.66,Maize,Sandy,0.77,1148,4.88
5.35,Cotton,Clay,0.63,955,1.93
3.38,Sugarcane,Clay,0.3,1482,2.25
9.84,Millets,Sandy,0.5,370,0.73
14.76,Sugarcane,Loam,0.4,508,5.4
5.59,Sugarcane,Loam,0.72,762,5.52
4.71,Wheat,Black,0.9,850,2.77
6.38,Rice,Sandy,0.5,659,1.35
11.37,Rice,Loam,0.84,1135,10.41
4.29,Maize,Sandy,0.8,1393,3.44
8.7,Sugarcane,Sandy,0.68,888,6.3
12.85,Cotton,Loam,0.61,1275,7.2
2.3,Wheat,Loam,0.76,942,1.38
4.03,Cotton,Clay,0.48,1311,1.52
11.9,Wheat,Clay,0.78,402,2.61
3.47,Rice,Clay,0.33,1190,1.09
12.4,Millets,Sandy,0.85,986,4.16
3.58,Rice,Loam,0.42,1059,1.53
2.09,Millets,Black,0.45,503,0.26
7.54,Maize,Sandy,0.63,1059,3.62
13.68,Cotton,Loam,0.32,650,2.05
11.16,Sugarcane,Loam,0.37,1085,8.06
4.11,Maize,Loam,0.48,1315,2.8
2.04,Sugarcane,Black,0.34,1044,1.19
9.46,Wheat,Clay,0.43,1001,2.85
4.93,Wheat,Clay,0.77,378,1.0
8.54,Wheat,Clay,0.69,657,2.71
11.55,Rice,Clay,0.33,551,1.68
6.45,Millets,Loam,0.41,1004,1.59
2.57,Sugarcane,Loam,0.68,674,2.12
14.17,Wheat,Loam,0.69,588,4.83
8.08,Rice,Sandy,0.81,867,3.63
12.47,Sugarcane,Sandy,0.48,629,4.52
7.67,Sugarcane,Sandy,0.75,348,2.4
5.58,Millets,Black,0.38,379,0.44
2.43,Millets,Loam,0.64,519,0.48
8.98,Maize,Clay,0.44,632,2.25
7.5,Maize,Loam,0.75,1397,8.49
12.39,Millets,Loam,0.55,833,3.41
9.62,Maize,Black,0.44,664,2.78
7.5,Rice,Black,0.38,646,1.62
5.47,Sugarcane,Loam,0.56,987,5.44
2.68,Sugarcane,Clay,0.67,1311,3.53
14.07,Cotton,Loam,0.31,1273,4.0
3.11,Sugarcane,Black,0.47,599,1.44
3.71,Millets,Black,0.4,537,0.44
11.08,Millets,Clay,0.81,828,3.72
10.49,Cotton,Sandy,0.58,1131,3.3
12.08,Wheat,Loam,0.43,922,4.02
2.67,Wheat,Black,0.77,322,0.51
1.15,Rice,Clay,0.53,726,0.35
1.98,Maize,Loam,0.57,654,0.8
7.21,Millets,Loam,0.31,949,1.27
14.83,Rice,Sandy,0.53,850,4.28
1.26,Millets,Loam,0.74,1356,0.76
2.36,Cotton,Clay,0.31,878,0.39
4.33,Cotton,Black,0.78,1320,2.94
7.87,Millets,Black,0.76,1184,3.89
11.41,Rice,Clay,0.31,305,0.86
14.95,Sugarcane,Sandy,0.56,1178,11.83
5.19,Wheat,Clay,0.3,1203,1.31
10.38,Sugarcane,Black,0.66,553,6.25
4.95,Sugarcane,Sandy,0.84,435,2.17
3.99,Millets,Loam,0.93,1168,2.6
5.54,Rice,Loam,0.45,1012,2.42
12.36,Millets,Loam,0.51,469,1.77
6.66,Rice,Loam,0.79,1330,6.72
12.81,Rice,Black,0.57,1385,8.9
4.16,Maize,Loam,0.91,353,1.44
14.13,Sugarcane,Black,0.37,1098,9.47
2.82,Maize,Clay,0.51,722,0.93
11.28,Rice,Black,0.79,1493,11.71
1.89,Maize,Black,0.63,980,1.16
9.86,Rice,Black,0.88,891,6.8
10.57,Sugarcane,Black,0.71,1185,14.67
12.91,Wheat,Clay,0.58,373,1.96
2.34,Sugarcane,Sandy,0.81,1149,2.61
10.62,Rice,Loam,0.91,1475,13.68
5.5,Rice,Loam,0.57,506,1.52
7.27,Cotton,Black,0.46,470,1.04
4.09,Rice,Black,0.62,1375,3.07
9.06,Sugarcane,Loam,0.49,962,7.69
8.07,Maize,Black,0.51,917,3.74
3.13,Wheat,Loam,0.73,1418,2.72
2.94,Millets,Black,0.46,1022,0.76
10.34,Cotton,Loam,0.89,1277,8.46
7.06,Sugarcane,Loam,0.38,895,4.32
4.98,Cotton,Black,0.75,504,1.24
8.66,Sugarcane,Black,0.83,1229,14.58
4.62,Cotton,Clay,0.49,1316,1.79
9.55,Millets,Black,0.47,963,2.38
4.64,Maize,Sandy,0.56,1411,2.64
12.88,Sugarcane,Clay,0.41,828,6.56
4.91,Wheat,Loam,0.81,744,2.49
10.17,Cotton,Clay,0.86,1310,6.87
4.21,Sugarcane,Loam,0.66,1447,7.24
1.8,Sugarcane,Clay,0.38,1120,1.15
11.29,Rice,Black,0.74,1215,8.93
11.7,Sugarcane,Sandy,0.77,1049,11.34
8.11,Cotton,Clay,0.32,1485,2.31
6.28,Cotton,Clay,0.57,883,1.9
11.87,Millets,Clay,0.37,1344,2.95
8.3,Sugarcane,Clay,0.32,1233,4.91
10.17,Rice,Clay,0.85,323,2.23
7.24,Maize,Sandy,0.47,581,1.42
12.53,Sugarcane,Sandy,0.66,967,9.6
3.4,Maize,Black,0.38,762,0.97
2.87,Wheat,Loam,0.83,987,1.97
4.88,Maize,Sandy,0.37,677,0.88
6.28,Rice,Clay,0.5,1286,3.23
12.66,Sugarcane,Loam,0.74,1353,22.82
8.71,Millets,Sandy,0.44,1387,2.13
12.02,Maize,Loam,0.84,531,5.79
5.76,Rice,Loam,0.43,1143,2.72
2.64,Cotton,Black,0.9,663,1.04
9.98,Wheat,Clay,0.83,1494,8.66
9.06,Maize,Loam,0.66,1231,7.95
4.84,Maize,Black,0.41,428,0.84
6.19,Rice,Sandy,0.69,980,2.68
11.06,Cotton,Black,0.59,849,3.66
14.79,Wheat,Black,0.33,479,1.8
4.03,Maize,Clay,0.76,316,0.87
3.02,Millets,Clay,0.51,444,0.34
7.75,Sugarcane,Black,0.76,1415,13.75
7.25,Cotton,Loam,0.87,804,3.65
10.85,Sugarcane,Black,0.92,732,12.06
5.67,Maize,Black,0.61,1318,4.51
3.01,Cotton,Black,0.68,376,0.51
8.65,Rice,Sandy,0.3,598,0.99
8.2,Millets,Black,0.65,1407,4.12
6.01,Wheat,Clay,0.32,691,0.93
1.46,Cotton,Clay,0.71,1461,0.91
13.89,Sugarcane,Loam,0.31,1344,10.42
13.83,Sugarcane,Clay,0.9,1163,21.71
6.22,Wheat,Black,0.9,525,2.26
7.52,Maize,Sandy,0.54,1182,3.46
11.32,Sugarcane,Clay,0.9,737,11.26
6.85,Cotton,Sandy,0.35,533,0.61
9.01,Wheat,Sandy,0.45,832,1.89
4.06,Sugarcane,Loam,0.35,1037,2.65
1.29,Cotton,Clay,0.89,545,0.38
4.53,Sugarcane,Black,0.53,641,2.54
13.03,Millets,Loam,0.33,326,0.84
1.21,Millets,Clay,0.84,1381,0.7
11.86,Rice,Black,0.46,411,1.97
7.96,Maize,Sandy,0.7,1157,4.64
8.25,Maize,Black,0.87,1075,7.64
8.88,Wheat,Black,0.31,660,1.4
11.84,Wheat,Black,0.7,1495,9.54
12.63,Rice,Clay,0.69,831,5.79
9.87,Rice,Clay,0.52,746,3.06
7.91,Rice,Sandy,0.68,1410,4.85
3.53,Rice,Sandy,0.43,550,0.53
13.46,Maize,Loam,0.85,1322,16.34
12.91,Maize,Loam,0.51,448,3.19
2.73,Maize,Sandy,0.38,624,0.47
7.22,Maize,Black,0.51,400,1.46
2.1,Rice,Clay,0.9,828,1.25
2.58,Sugarcane,Sandy,0.71,1207,2.65
12.23,Rice,Loam,0.59,1144,7.92
1.07,Rice,Clay,0.79,494,0.33
10.74,Cotton,Sandy,0.72,801,2.97
8.09,Rice,Black,0.37,1207,3.18
1.22,Cotton,Sandy,0.6,1341,0.47
5.13,Maize,Loam,0.88,954,4.65
7.77,Sugarcane,Sandy,0.92,1066,9.14
13.81,Sugarcane,Sandy,0.34,1240,6.99
1.8,Rice,Clay,0.64,1495,1.38
4.82,Cotton,Clay,0.52,1293,1.94
13.22,Millets,Black,0.9,1456,9.53
14.12,Cotton,Sandy,0.76,1401,7.22
3.75,Rice,Clay,0.66,422,0.84
9.06,Cotton,Loam,0.31,931,1.88
13.59,Maize,Black,0.5,749,5.04
7.73,Rice,Clay,0.37,714,1.63
11.13,Cotton,Loam,0.42,1417,4.77
11.04,Sugarcane,Clay,0.94,505,7.86
11.73,Wheat,Clay,0.93,841,6.42
11.89,Millets,Sandy,0.85,498,2.01
5.23,Wheat,Clay,0.59,1056,2.28
14.89,Cotton,Loam,0.61,1463,9.57
6.89,Millets,Loam,0.32,1430,1.89
4.59,Maize,Sandy,0.86,1341,3.81
9.32,Wheat,Clay,0.56,838,3.06
5.98,Maize,Loam,0.7,1136,5.14
12.82,Rice,Clay,0.91,700,6.53
14.34,Rice,Clay,0.4,1014,4.65
10.71,Maize,Loam,0.86,1245,12.38
7.16,Cotton,Loam,0.6,526,1.63
5.43,Cotton,Sandy,0.93,1469,3.56
6.32,Cotton,Clay,0.33,369,0.46
13.41,Maize,Black,0.72,1345,12.86
6.99,Cotton,Black,0.61,823,2.32
13.46,Cotton,Black,0.54,934,4.48
2.93,Cotton,Sandy,0.81,616,0.7
11.97,Millets,Sandy,0.58,1121,3.11
7.8,Millets,Clay,0.6,458,1.07
2.83,Sugarcane,Black,0.74,1016,3.51
13.21,Rice,Loam,0.4,501,2.54
10.86,Maize,Sandy,0.74,801,4.63
13.89,Wheat,Black,0.52,1461,8.13
6.57,Sugarcane,Black,0.56,1365,8.29
3.35,Maize,Clay,0.88,843,2.24
7.76,Sugarcane,Black,0.57,595,4.34
13.42,Maize,Loam,0.34,790,3.89
10.82,Wheat,Sandy,0.52,478,1.51
3.68,Millets,Black,0.61,1173,1.45
8.48,Cotton,Black,0.32,983,1.76
2.26,Cotton,Black,0.68,1049,1.06
12.21,Rice,Clay,0.91,1236,10.99
13.51,Millets,Clay,0.46,1177,3.66
14.48,Maize,Sandy,0.73,1441,10.97
12.25,Cotton,Black,0.86,414,2.88
5.02,Wheat,Sandy,0.58,1059,1.73
4.41,Maize,Black,0.76,881,2.92
1.99,Maize,Black,0.8,716,1.13
3.17,Sugarcane,Sandy,0.74,895,2.52
3.67,Wheat,Sandy,0.4,1330,1.09
11.66,Rice,Sandy,0.68,693,3.52
8.18,Maize,Sandy,0.59,738,2.56
9.5,Sugarcane,Black,0.59,467,4.32
6.67,Cotton,Black,0.66,1188,3.45
13.43,Rice,Loam,0.59,516,3.93
12.8,Sugarcane,Loam,0.66,707,10.75
1.35,Maize,Sandy,0.72,1140,0.8
11.24,Rice,Sandy,0.34,596,1.46
1.61,Maize,Clay,0.55,584,0.47
13.25,Cotton,Black,0.45,481,1.89
14.64,Maize,Clay,0.7,880,8.12
12.02,Millets,Clay,0.9,1401,7.58
8.69,Rice,Clay,0.46,1371,4.38
3.59,Millets,Loam,0.5,770,0.83
2.65,Maize,Clay,0.76,842,1.53
7.67,Maize,Black,0.92,305,2.13
5.67,Rice,Clay,0.85,1154,4.45
6.64,Wheat,Black,0.57,903,2.63
12.52,Sugarcane,Black,0.86,1146,20.36
11.51,Wheat,Sandy,0.63,1212,4.92
1.42,Rice,Sandy,0.92,941,0.79
4.54,Cotton,Loam,0.34,1403,1.56
1.8,Millets,Loam,0.71,565,0.43
5.33,Millets,Black,0.84,401,0.99
2.63,Rice,Loam,0.53,1059,1.42
13.5,Wheat,Clay,0.6,1500,8.5
14.89,Sugarcane,Sandy,0.78,623,8.68
14.18,Maize,Clay,0.94,923,11.07
13.3,Millets,Black,0.48,885,3.11
7.19,Wheat,Loam,0.94,928,5.27
11.85,Cotton,Sandy,0.71,934,3.77
3.69,Sugarcane,Black,0.49,652,1.95
10.43,Millets,Black,0.58,508,1.69
5.93,Maize,Sandy,0.86,839,3.08
12.78,Cotton,Sandy,0.56,375,1.29
6.74,Maize,Black,0.69,1243,5.72
5.29,Sugarcane,Black,0.7,875,5.35
12.33,Maize,Clay,0.72,1415,11.31
13.3,Sugarcane,Loam,0.58,765,10.62
13.9,Sugarcane,Sandy,0.9,1028,15.43
9.37,Maize,Sandy,0.66,1250,5.57
11.44,Millets,Clay,0.36,784,1.61
2.43,Rice,Sandy,0.6,1473,1.37
1.58,Rice,Sandy,0.73,1496,1.1
9.83,Wheat,Sandy,0.65,629,2.25
1.49,Rice,Loam,0.91,462,0.6
7.2,Maize,Loam,0.41,1350,4.3
8.32,Millets,Sandy,0.91,872,2.64
12.34,Millets,Black,0.85,513,2.96
11.76,Millets,Clay,0.6,675,2.38
9.38,Sugarcane,Black,0.42,830,5.4
13.1,Maize,Sandy,0.44,888,3.69
7.89,Sugarcane,Loam,0.8,1201,13.65
5.31,Wheat,Black,0.54,1187,2.62
2.14,Rice,Clay,0.78,807,1.08
4.06,Maize,Sandy,0.38,304,0.34
4.71,Cotton,Sandy,0.74,325,0.54
5.98,Sugarcane,Loam,0.94,1336,13.52
1.38,Wheat,Black,0.64,416,0.28
5.89,Sugarcane,Clay,0.84,684,5.08
5.93,Maize,Loam,0.73,639,2.99
4.47,Millets,Sandy,0.89,1179,1.88
12.59,Wheat,Black,0.32,586,1.82
11.86,Rice,Loam,0.58,965,6.37
14.27,Wheat,Sandy,0.38,398,1.21
7.2,Millets,Clay,0.75,801,2.16
1.09,Cotton,Clay,0.41,661,0.18
3.1,Rice,Clay,0.81,600,1.21
7.6,Millets,Loam,0.58,920,2.43
12.63,Wheat,Sandy,0.73,702,3.62
7.19,Millets,Sandy,0.73,597,1.25
2.85,Millets,Black,0.78,562,0.69
12.44,Maize,Loam,0.3,342,1.38
5.36,Cotton,Clay,0.81,405,1.06
6.29,Millets,Black,0.72,948,2.36
13.22,Millets,Sandy,0.43,571,1.3
6.66,Cotton,Loam,0.85,501,2.04
3.37,Maize,Black,0.36,529,0.64
4.12,Wheat,Clay,0.31,1214,1.09
13.91,Millets,Sandy,0.53,800,2.36
13.62,Cotton,Clay,0.83,606,4.11
2.94,Rice,Clay,0.62,872,1.27
7.0,Maize,Sandy,0.42,730,1.55
3.27,Sugarcane,Sandy,0.93,1328,4.85
4.11,Wheat,Black,0.88,602,1.68
7.76,Maize,Loam,0.65,390,2.12
11.19,Cotton,Loam,0.44,1468,5.2
14.62,Sugarcane,Black,0.94,1060,24.04
12.48,Rice,Black,0.85,462,4.31
13.33,Wheat,Loam,0.65,1245,9.06
7.42,Wheat,Sandy,0.49,1098,2.24
13.74,Sugarcane,Sandy,0.94,962,14.91
8.69,Maize,Black,0.51,936,4.11
2.64,Rice,Black,0.92,1387,2.96
9.38,Maize,Loam,0.85,649,5.59
3.55,Rice,Sandy,0.61,1303,1.81
1.49,Maize,Black,0.58,860,0.74
9.21,Maize,Loam,0.69,380,2.61
11.61,Maize,Sandy,0.35,1214,3.55
5.51,Wheat,Clay,0.9,1232,4.28
11.11,Cotton,Black,0.62,433,1.97
12.24,Millets,Black,0.35,660,1.56
8.76,Wheat,Loam,0.86,478,3.02
6.09,Sugarcane,Clay,0.45,1363,5.6
4.01,Sugarcane,Clay,0.7,1211,5.1
10.27,Sugarcane,Clay,0.58,1429,12.77
7.11,Rice,Sandy,0.56,613,1.56
13.34,Cotton,Black,0.7,1215,7.49
13.12,Rice,Clay,0.82,915,7.88
10.23,Millets,Clay,0.56,898,2.57
14.35,Cotton,Black,0.32,488,1.48
7.58,Cotton,Sandy,0.75,906,2.47
9.2,Wheat,Sandy,0.81,387,1.61
11.7,Millets,Black,0.62,1360,5.43
11.91,Rice,Loam,0.42,686,3.29
2.82,Rice,Clay,0.93,979,2.05
5.54,Wheat,Black,0.75,314,1.0
10.39,Maize,Sandy,0.88,505,3.32
4.28,Millets,Loam,0.51,1145,1.5
4.3,Wheat,Clay,0.67,561,1.13
3.67,Millets,Black,0.79,812,1.29
7.97,Millets,Clay,0.62,465,1.15
13.26,Rice,Black,0.7,1164,9.51
7.88,Maize,Loam,0.92,842,6.59
7.07,Millets,Loam,0.36,1103,1.68
2.5,Sugarcane,Sandy,0.36,1321,1.43
3.83,Millets,Clay,0.39,1237,0.92
13.21,Sugarcane,Loam,0.68,1365,22.07
11.46,Millets,Clay,0.58,1190,3.95
7.83,Millets,Sandy,0.93,585,1.7
2.84,Sugarcane,Loam,0.92,1013,4.76
12.62,Rice,Loam,0.71,1416,12.18
9.12,Millets,Clay,0.6,861,2.36
13.07,Sugarcane,Clay,0.63,1391,17.18
12.07,Wheat,Clay,0.84,1380,9.79
11.45,Rice,Clay,0.76,724,5.04
13.36,Millets,Black,0.5,1076,3.95
8.19,Sugarcane,Sandy,0.5,1167,5.73
7.2,Wheat,Sandy,0.86,466,1.62
1.18,Wheat,Sandy,0.74,467,0.23
14.77,Maize,Clay,0.92,855,10.46
14.79,Cotton,Loam,0.87,331,3.07
13.68,Cotton,Sandy,0.48,614,1.94
14.59,Sugarcane,Loam,0.82,1478,31.83
10.22,Maize,Sandy,0.51,829,3.11
11.59,Wheat,Clay,0.36,1172,3.42
13.39,Rice,Loam,0.74,1005,9.56
2.22,Maize,Clay,0.77,408,0.63
9.33,Millets,Clay,0.31,1000,1.45
7.1,Wheat,Sandy,0.86,1030,3.52
13.0,Maize,Loam,0.68,880,8.4
6.98,Sugarcane,Sandy,0.87,654,4.77
4.39,Cotton,Black,0.56,1037,1.68
11.99,Sugarcane,Loam,0.69,1261,18.78
4.62,Millets,Black,0.77,760,1.49
11.92,Sugarcane,Clay,0.68,980,11.92
5.98,Maize,Black,0.48,596,1.69
1.11,Wheat,Loam,0.59,653,0.36
12.65,Rice,Loam,0.74,301,2.7
7.96,Sugarcane,Sandy,0.43,1425,5.85
11.58,Wheat,Loam,0.69,804,5.4
11.64,Wheat,Sandy,0.85,1172,6.49
8.86,Millets,Sandy,0.74,975,2.56
10.23,Maize,Clay,0.91,400,3.35
14.11,Maize,Black,0.34,879,4.17
8.4,Cotton,Clay,0.62,815,2.55
13.75,Millets,Sandy,0.61,400,1.34
10.01,Cotton,Black,0.5,869,2.87
3.09,Millets,Loam,0.49,1030,0.94
1.98,Millets,Black,0.43,1074,0.5
11.86,Maize,Sandy,0.58,1398,6.92
8.97,Wheat,Sandy,0.52,486,1.27
6.27,Maize,Sandy,0.43,1146,2.22
3.93,Sugarcane,Loam,0.84,425,2.53
2.85,Cotton,Black,0.6,1152,1.3
6.76,Sugarcane,Black,0.35,890,3.47
14.0,Millets,Sandy,0.79,1373,6.07
7.7,Cotton,Clay,0.37,1312,2.24
14.45,Rice,Sandy,0.39,1139,4.11
2.23,Wheat,Sandy,0.95,826,0.98
5.34,Rice,Loam,0.92,1114,5.25
6.75,Maize,Loam,0.5,956,3.48
2.47,Maize,Sandy,0.93,1336,2.21
2.58,Sugarcane,Loam,0.39,345,0.62
12.35,Sugarcane,Clay,0.56,1147,11.9
5.18,Wheat,Clay,0.61,408,0.9
9.38,Millets,Black,0.9,1163,5.4
12.11,Rice,Loam,0.6,671,4.68
11.1,Cotton,Black,0.4,500,1.47
5.98,Maize,Clay,0.93,544,2.72
4.47,Rice,Clay,0.4,1041,1.49
8.86,Wheat,Loam,0.32,877,2.09
14.49,Cotton,Clay,0.7,974,5.93
3.81,Cotton,Loam,0.46,990,1.25
2.4,Wheat,Clay,0.47,1154,0.91
1.47,Cotton,Sandy,0.8,1268,0.72
8.67,Sugarcane,Clay,0.54,1085,7.62
13.1,Millets,Sandy,0.84,959,4.22
6.4,Millets,Sandy,0.73,624,1.17
3.78,Cotton,Sandy,0.41,1378,1.03
2.71,Cotton,Black,0.32,1243,0.71
14.0,Wheat,Loam,0.75,1071,9.45
7.44,Sugarcane,Sandy,0.83,404,2.99
11.93,Wheat,Loam,0.62,685,4.26
9.36,Rice,Clay,0.6,1100,4.94
10.4,Maize,Loam,0.46,557,2.88
3.27,Maize,Loam,0.74,735,1.92
13.62,Maize,Black,0.82,819,9.06
8.12,Rice,Loam,0.83,694,4.49
14.5,Sugarcane,Black,0.56,705,9.45
12.23,Wheat,Clay,0.78,470,3.14
11.72,Rice,Loam,0.7,464,3.65
7.45,Maize,Loam,0.49,912,3.6
14.73,Cotton,Loam,0.87,498,4.59
12.2,Millets,Sandy,0.77,463,1.74
12.09,Sugarcane,Black,0.6,631,7.55
12.25,Rice,Sandy,0.48,1353,5.09
7.17,Cotton,Black,0.42,348,0.69
13.74,Wheat,Loam,0.73,866,7.3
2.03,Rice,Black,0.59,895,0.94
1.58,Sugarcane,Loam,0.9,586,1.5
11.39,Millets,Sandy,0.82,602,2.25
1.38,Wheat,Clay,0.39,951,0.36
13.82,Cotton,Clay,0.59,1466,7.17
9.97,Sugarcane,Loam,0.63,1090,12.32
8.98,Sugarcane,Black,0.42,880,5.48
12.8,Cotton,Black,0.63,1045,5.56
11.19,Rice,Clay,0.43,1035,3.98
6.66,Millets,Sandy,0.62,708,1.17
4.97,Sugarcane,Clay,0.63,952,4.47
10.38,Cotton,Sandy,0.76,678,2.57
10.49,Maize,Loam,0.84,605,5.76
10.68,Millets,Black,0.5,664,1.95
12.54,Cotton,Loam,0.95,1240,10.64
13.77,Cotton,Clay,0.56,1152,5.33
5.14,Millets,Loam,0.7,717,1.55
2.02,Cotton,Black,0.63,749,0.63
10.46,Cotton,Sandy,0.74,346,1.29
13.35,Sugarcane,Sandy,0.8,428,5.49
14.67,Wheat,Black,0.91,759,7.8
13.97,Maize,Sandy,0.64,1388,8.94
7.51,Sugarcane,Loam,0.46,387,2.41
10.71,Rice,Clay,0.45,1340,5.17
1.95,Cotton,Loam,0.38,412,0.22
8.74,Cotton,Black,0.5,415,1.2
12.24,Millets,Clay,0.87,968,5.15
9.58,Maize,Clay,0.35,1435,4.33
2.17,Millets,Loam,0.33,1480,0.64
13.03,Cotton,Loam,0.75,834,5.87
14.61,Cotton,Loam,0.81,1373,11.7
3.52,Maize,Sandy,0.52,657,0.87
4.68,Cotton,Black,0.35,693,0.75
1.92,Cotton,Loam,0.76,547,0.57
6.4,Maize,Black,0.39,306,0.76
8.53,Millets,Clay,0.61,1091,2.84
14.75,Wheat,Sandy,0.52,500,2.15
7.79,Rice,Sandy,0.5,1070,2.67
12.8,Sugarcane,Clay,0.34,370,2.42
11.36,Wheat,Black,0.39,518,1.77
7.29,Millets,Clay,0.34,1466,1.82
5.06,Millets,Loam,0.84,1037,2.64
10.92,Millets,Black,0.58,1208,4.21
10.24,Rice,Sandy,0.78,618,3.16
6.08,Maize,Clay,0.32,606,1.06
6.51,Millets,Loam,0.73,1411,4.02
10.82,Cotton,Loam,0.83,596,3.85
9.18,Sugarcane,Sandy,0.49,725,3.91
6.14,Wheat,Loam,0.67,728,2.52
8.44,Sugarcane,Loam,0.57,533,4.62
6.58,Sugarcane,Sandy,0.67,677,3.58
11.31,Sugarcane,Sandy,0.9,1070,13.07
6.66,Sugarcane,Black,0.6,301,1.98
5.61,Maize,Black,0.3,527,0.88
11.47,Rice,Clay,0.33,984,2.98
2.99,Maize,Black,0.8,556,1.32
11.55,Maize,Clay,0.48,312,1.56
6.85,Maize,Black,0.38,395,1.02
3.5,Cotton,Loam,0.81,487,0.99
1.81,Millets,Clay,0.33,1027,0.31
6.96,Maize,Loam,0.69,1241,6.44
4.61,Cotton,Loam,0.76,1239,3.13
1.23,Cotton,Black,0.87,400,0.28
9.6,Maize,Clay,0.46,411,1.63
14.66,Maize,Clay,0.71,658,6.16
10.85,Maize,Loam,0.94,555,6.11
13.33,Maize,Sandy,0.35,974,3.27
4.83,Sugarcane,Sandy,0.46,580,1.55
7.29,Maize,Sandy,0.89,324,1.51
4.47,Sugarcane,Clay,0.46,1339,4.13
9.16,Cotton,Black,0.78,626,2.95
2.74,Millets,Sandy,0.56,1204,0.74
5.12,Wheat,Sandy,0.47,331,0.45
3.48,Wheat,Black,0.34,1350,1.23
1.19,Maize,Loam,0.95,786,0.96
10.0,Wheat,Black,0.93,630,4.51
10.79,Rice,Sandy,0.61,352,1.48
7.5,Cotton,Clay,0.76,1041,3.56
2.03,Wheat,Loam,0.39,1087,0.72
14.83,Millets,Black,0.36,860,2.53
6.87,Maize,Loam,0.39,1263,3.65
13.99,Maize,Clay,0.72,1211,10.98
11.61,Wheat,Black,0.63,588,3.31
6.32,Maize,Sandy,0.92,314,1.31
1.26,Rice,Loam,0.95,686,0.79
4.68,Rice,Clay,0.42,477,0.75
3.02,Maize,Sandy,0.85,499,0.92
6.4,Wheat,Loam,0.54,1095,3.18
13.44,Wheat,Loam,0.8,1276,11.52
7.36,Rice,Sandy,0.62,463,1.35
12.84,Millets,Black,0.87,393,2.41
1.27,Sugarcane,Loam,0.65,716,1.06
13.08,Rice,Sandy,0.32,628,1.68
13.12,Millets,Loam,0.84,727,4.81
12.09,Millets,Sandy,0.66,713,2.28
10.1,Rice,Loam,0.74,319,2.29
13.38,Maize,Sandy,0.93,877,7.86
2.26,Millets,Clay,0.49,850,0.47
2.9,Wheat,Loam,0.8,1007,1.96
13.37,Sugarcane,Black,0.87,474,9.1
4.67,Cotton,Black,0.75,891,2.06
10.06,Wheat,Clay,0.63,757,3.36
4.27,Maize,Clay,0.5,1285,2.47
6.69,Maize,Sandy,0.54,1001,2.6
10.16,Wheat,Black,0.81,305,1.93
4.17,Wheat,Loam,0.82,1226,3.52
13.78,Rice,Black,0.83,1081,10.88
5.53,Rice,Sandy,0.89,830,2.61
11.74,Cotton,Clay,0.73,970,4.99
5.52,Cotton,Black,0.54,468,0.92
3.75,Sugarcane,Sandy,0.3,1268,1.71
13.31,Maize,Black,0.32,1025,4.32
7.16,Millets,Clay,0.52,372,0.69
6.02,Sugarcane,Sandy,0.43,1224,3.8
5.29,Maize,Sandy,0.65,1073,2.66
2.75,Cotton,Black,0.82,1157,1.72
2.2,Wheat,Black,0.79,942,1.26
2.17,Wheat,Black,0.48,1424,1.14
9.76,Millets,Sandy,0.66,1028,2.65
12.45,Cotton,Sandy,0.47,759,2.13
14.27,Sugarcane,Black,0.51,1396,16.76
8.11,Maize,Sandy,0.47,486,1.33
12.49,Cotton,Sandy,0.52,817,2.55
5.13,Sugarcane,Black,0.67,902,5.12
9.41,Cotton,Black,0.91,1240,7.01
7.3,Maize,Loam,0.91,1124,8.06
12.29,Cotton,Loam,0.55,982,4.78
11.32,Sugarcane,Loam,0.69,1143,16.07
14.8,Maize,Loam,0.31,1217,6.03
14.13,Sugarcane,Black,0.77,1463,26.26
6.25,Maize,Loam,0.79,1411,7.52
8.88,Wheat,Black,0.54,1138,4.2
6.49,Cotton,Loam,0.56,1382,3.62
13.54,Maize,Sandy,0.52,1342,6.8
2.99,Millets,Clay,0.57,732,0.62
6.71,Rice,Clay,0.38,1226,2.5
12.8,Sugarcane,Sandy,0.41,1051,6.62
14.02,Cotton,Black,0.57,712,3.76
4.08,Sugarcane,Loam,0.95,761,5.31
10.29,Maize,Black,0.92,1093,10.24
8.84,Cotton,Clay,0.72,942,3.6
5.52,Wheat,Clay,0.8,569,1.76
13.75,Millets,Clay,0.74,627,3.19
8.13,Maize,Clay,0.94,1216,8.36
11.26,Sugarcane,Clay,0.71,1405,16.85
14.08,Wheat,Clay,0.94,1258,11.65
8.21,Millets,Black,0.63,1041,2.96
4.09,Rice,Black,0.32,489,0.56
1.7,Millets,Sandy,0.33,549,0.12
3.79,Rice,Sandy,0.39,1203,1.14
7.24,Wheat,Loam,0.42,951,2.43
12.59,Rice,Loam,0.53,428,2.74
5.97,Sugarcane,Loam,0.42,580,2.62
10.2,Wheat,Loam,0.32,661,1.81
10.33,Millets,Loam,0.47,711,2.07
11.69,Rice,Sandy,0.48,370,1.33
2.78,Rice,Clay,0.59,360,0.47
13.91,Cotton,Loam,0.91,990,9.02
12.16,Millets,Clay,0.9,547,2.99
12.18,Millets,Black,0.93,782,4.87
13.78,Wheat,Sandy,0.86,1382,9.17
2.62,Sugarcane,Clay,0.4,407,0.64
1.05,Millets,Loam,0.34,1387,0.3
14.15,Rice,Clay,0.47,1260,6.7
9.98,Wheat,Clay,0.93,1287,8.36
11.41,Sugarcane,Sandy,0.46,639,4.02
2.57,Rice,Clay,0.62,1099,1.4
6.89,Wheat,Clay,0.43,826,1.71
2.75,Maize,Black,0.54,1080,1.59
10.38,Rice,Clay,0.3,495,1.23
11.88,Rice,Loam,0.61,493,3.43
3.37,Rice,Sandy,0.88,817,1.55
8.1,Rice,Sandy,0.32,984,1.63
13.37,Wheat,Sandy,0.73,763,4.17
10.42,Wheat,Loam,0.82,1414,10.15
10.47,Millets,Loam,0.4,1314,3.3
10.9,Cotton,Loam,0.68,1225,6.54
7.73,Wheat,Sandy,0.64,1265,3.5
10.39,Wheat,Black,0.43,968,3.33
2.48,Wheat,Black,0.8,1071,1.64
2.61,Sugarcane,Black,0.94,326,1.32
1.1,Millets,Sandy,0.76,724,0.24
3.59,Millets,Clay,0.64,656,0.75
13.41,Wheat,Sandy,0.88,1047,6.92
8.03,Sugarcane,Sandy,0.74,547,3.9
2.27,Sugarcane,Loam,0.87,603,2.14
12.54,Millets,Clay,0.9,981,5.54
2.98,Wheat,Sandy,0.86,743,1.07
9.11,Rice,Black,0.89,895,6.39
7.31,Cotton,Clay,0.59,426,1.1
8.12,Cotton,Clay,0.82,1474,5.89
13.9,Rice,Black,0.34,583,2.42
11.05,Rice,Clay,0.42,908,3.37
5.6,Maize,Clay,0.66,315,1.05
14.89,Cotton,Black,0.65,1312,8.38
14.55,Maize,Loam,0.4,595,3.74
8.87,Wheat,Loam,0.34,1150,2.91
9.56,Wheat,Black,0.35,336,0.87
10.97,Maize,Sandy,0.33,685,1.79
3.08,Wheat,Sandy,0.47,925,0.75
3.33,Wheat,Sandy,0.39,363,0.26
10.9,Rice,Black,0.34,645,2.1
7.72,Wheat,Sandy,0.62,774,2.07
14.49,Maize,Black,0.74,1168,12.4
6.05,Sugarcane,Clay,0.45,1203,4.91
5.47,Maize,Loam,0.82,1135,5.5
13.97,Sugarcane,Loam,0.88,466,10.31
3.65,Wheat,Loam,0.36,607,0.67
9.65,Wheat,Clay,0.36,684,1.66
1.05,Wheat,Clay,0.83,1124,0.69
12.84,Rice,Clay,0.89,960,8.78
10.52,Sugarcane,Black,0.62,582,6.26
3.48,Sugarcane,Clay,0.41,608,1.3
1.07,Cotton,Clay,0.45,1032,0.3
4.54,Millets,Black,0.77,545,1.05
4.49,Millets,Clay,0.52,302,0.35
7.77,Sugarcane,Loam,0.62,1476,12.8
13.74,Wheat,Clay,0.44,449,1.9
9.41,Millets,Loam,0.51,526,1.51
2.79,Millets,Clay,0.69,921,0.89
4.32,Wheat,Sandy,0.94,732,1.66
1.77,Millets,Loam,0.87,347,0.32
10.78,Maize,Black,0.81,522,4.51
5.62,Sugarcane,Loam,0.34,324,1.11
14.6,Rice,Black,0.59,488,3.7
8.02,Cotton,Sandy,0.37,687,0.98
9.56,Maize,Sandy,0.46,1172,3.71
3.53,Rice,Sandy,0.91,1277,2.63
3.62,Wheat,Clay,0.73,572,1.06
6.24,Maize,Loam,0.34,541,1.24
1.67,Sugarcane,Clay,0.61,973,1.49
2.97,Maize,Black,0.94,1048,2.9
7.99,Wheat,Loam,0.77,955,4.94
13.5,Rice,Clay,0.7,1483,11.21
14.17,Cotton,Loam,0.54,312,1.72
9.84,Sugarcane,Loam,0.57,1030,10.4
2.17,Wheat,Sandy,0.38,1101,0.51
12.42,Rice,Clay,0.34,1204,4.07
12.08,Rice,Loam,0.68,626,4.94
10.19,Sugarcane,Black,0.67,988,11.13
2.43,Millets,Loam,0.72,884,0.93
8.26,Millets,Loam,0.79,393,1.54
10.59,Sugarcane,Loam,0.59,1044,11.74
7.97,Millets,Clay,0.57,595,1.35
3.64,Cotton,Black,0.53,1320,1.68
11.37,Sugarcane,Sandy,0.79,790,8.52
14.94,Cotton,Sandy,0.32,1212,2.78
14.73,Millets,Loam,0.52,485,2.23
7.26,Rice,Black,0.6,526,2.02
7.17,Sugarcane,Black,0.65,715,5.5
4.06,Millets,Loam,0.95,1397,3.23
9.25,Millets,Loam,0.82,531,2.42
11.18,Maize,Clay,0.52,1013,5.3
7.51,Sugarcane,Loam,0.72,495,4.82
10.44,Sugarcane,Clay,0.79,1105,13.67
6.98,Millets,Loam,0.73,879,2.69
2.59,Millets,Black,0.6,1429,1.22
8.04,Sugarcane,Loam,0.43,327,2.03
3.22,Wheat,Sandy,0.72,756,0.98
4.58,Rice,Sandy,0.52,1212,1.85
3.48,Millets,Clay,0.9,1156,1.81
1.14,Wheat,Clay,0.9,1043,0.75
10.16,Maize,Black,0.79,1195,9.5
13.54,Cotton,Clay,0.9,558,4.08
2.5,Sugarcane,Clay,0.32,747,0.9
1.65,Rice,Clay,0.61,786,0.63
7.88,Cotton,Black,0.41,1330,2.84
5.39,Millets,Sandy,0.44,1417,1.34
6.71,Sugarcane,Clay,0.72,491,3.56
8.19,Cotton,Black,0.61,1038,3.42
2.57,Sugarcane,Black,0.58,1486,3.65
7.48,Rice,Sandy,0.48,886,2.04
10.63,Millets,Loam,0.31,1348,2.67
3.97,Cotton,Loam,0.69,531,1.05
12.74,Millets,Sandy,0.84,1314,5.62
13.13,Millets,Sandy,0.82,404,1.74
13.53,Sugarcane,Sandy,0.52,471,3.98
14.99,Wheat,Clay,0.93,1368,13.35
5.09,Rice,Loam,0.35,1198,2.05
1.79,Rice,Loam,0.59,466,0.47
2.9,Wheat,Sandy,0.42,929,0.63
11.46,Sugarcane,Loam,0.58,905,10.83
6.75,Maize,Loam,0.85,656,4.06
14.49,Maize,Loam,0.88,904,12.45
9.51,Rice,Clay,0.48,625,2.28
13.99,Millets,Black,0.77,557,3.3
1.58,Sugarcane,Black,0.57,418,0.62
3.78,Rice,Sandy,0.53,1077,1.38
13.87,Millets,Black,0.35,974,2.6
11.81,Cotton,Clay,0.46,840,2.74
4.03,Maize,Clay,0.52,474,0.89
12.4,Cotton,Sandy,0.89,801,4.24
10.8,Wheat,Clay,0.61,812,3.74
12.48,Wheat,Sandy,0.94,450,2.96
6.08,Cotton,Black,0.94,666,2.51
10.94,Millets,Black,0.66,1324,5.26
8.35,Maize,Loam,0.73,984,6.48
10.83,Wheat,Loam,0.85,1452,11.23
2.35,Sugarcane,Black,0.81,1100,3.45
7.18,Sugarcane,Loam,0.63,344,2.8
14.78,Millets,Loam,0.69,1407,8.61
13.69,Millets,Sandy,0.79,643,2.78
9.76,Cotton,Loam,0.86,722,4.36
6.65,Rice,Black,0.78,1120,5.11
10.84,Sugarcane,Clay,0.68,1040,11.5
8.58,Cotton,Clay,0.6,473,1.46
12.69,Sugarcane,Black,0.47,796,7.83
14.19,Wheat,Black,0.6,611,4.01
8.76,Wheat,Clay,0.4,1117,2.74
3.88,Rice,Black,0.48,353,0.58
5.65,Millets,Sandy,0.68,585,0.9
12.45,Maize,Black,0.84,515,5.33
7.0,Rice,Loam,0.74,561,2.79
4.73,Millets,Loam,0.64,665,1.21
13.78,Maize,Black,0.43,990,5.81
6.85,Wheat,Loam,0.5,376,1.08
14.22,Sugarcane,Loam,0.6,477,7.33
9.75,Wheat,Black,0.6,853,3.84
13.19,Cotton,Loam,0.84,1173,9.36
6.87,Rice,Black,0.31,1196,2.24
12.68,Sugarcane,Black,0.59,316,3.9
10.14,Rice,Clay,0.87,1194,8.43
12.92,Cotton,Loam,0.8,308,2.29
11.03,Sugarcane,Black,0.72,678,8.88
6.48,Millets,Loam,0.88,565,1.93
14.75,Wheat,Black,0.91,532,5.5
2.14,Wheat,Loam,0.61,846,0.93
10.7,Rice,Black,0.73,410,2.82
6.71,Wheat,Loam,0.66,523,1.95
11.22,Maize,Clay,0.59,1104,6.58
14.89,Sugarcane,Clay,0.67,1288,19.27
1.38,Sugarcane,Clay,0.32,701,0.46
14.07,Rice,Sandy,0.79,535,3.81
7.86,Millets,Sandy,0.38,1266,1.51
12.43,Sugarcane,Loam,0.52,655,7.62
7.85,Cotton,Clay,0.71,621,2.08
8.38,Rice,Loam,0.42,486,1.64
5.04,Rice,Clay,0.45,1315,2.39
8.98,Wheat,Sandy,0.66,776,2.58
1.17,Sugarcane,Sandy,0.77,739,0.8
14.52,Millets,Loam,0.84,1001,7.33
9.69,Millets,Black,0.66,541,1.9
5.91,Sugarcane,Loam,0.51,1202,6.52
8.31,Maize,Black,0.81,996,6.64
2.32,Wheat,Loam,0.67,674,0.88
11.21,Cotton,Sandy,0.48,797,2.06
10.55,Maize,Sandy,0.73,1103,6.12
8.25,Sugarcane,Black,0.71,831,8.03
6.58,Wheat,Black,0.81,887,3.64
5.18,Maize,Black,0.42,1466,3.16
6.83,Cotton,Sandy,0.82,505,1.36
2.78,Cotton,Sandy,0.58,669,0.52
8.88,Wheat,Clay,0.46,831,2.38
1.96,Sugarcane,Clay,0.33,418,0.41
4.3,Sugarcane,Sandy,0.31,1308,2.09
9.42,Cotton,Sandy,0.59,983,2.62
12.62,Rice,Clay,0.4,1492,6.03
4.03,Cotton,Sandy,0.47,1375,1.25
3.84,Maize,Sandy,0.84,745,1.73
1.4,Rice,Black,0.85,939,0.98
14.24,Sugarcane,Black,0.62,857,12.48
5.83,Rice,Black,0.81,392,1.63
10.41,Millets,Clay,0.55,1498,4.29
8.12,Wheat,Loam,0.34,1231,2.85
2.71,Sugarcane,Loam,0.5,469,1.14
4.43,Wheat,Loam,0.3,767,0.86
8.56,Cotton,Black,0.91,610,3.14
8.2,Maize,Clay,0.79,1221,7.12
9.81,Sugarcane,Black,0.68,432,4.75
7.73,Cotton,Clay,0.52,489,1.18
11.66,Cotton,Clay,0.55,689,2.65
4.0,Maize,Loam,0.4,1403,2.42
11.99,Sugarcane,Sandy,0.57,1328,10.89
8.87,Millets,Black,0.78,1168,4.44
3.49,Maize,Loam,0.64,342,0.83
9.85,Millets,Sandy,0.5,1161,2.29
1.88,Sugarcane,Clay,0.88,890,2.21
7.72,Sugarcane,Loam,0.91,1065,13.47
7.41,Wheat,Black,0.44,1326,3.33
8.3,Maize,Black,0.7,1188,6.83
9.98,Maize,Black,0.32,1119,3.54
14.26,Sugarcane,Black,0.94,531,11.74
9.31,Millets,Black,0.62,1192,3.78
4.71,Maize,Black,0.75,784,2.74
6.59,Rice,Sandy,0.53,688,1.54
14.07,Rice,Clay,0.37,1050,4.37
1.75,Cotton,Sandy,0.93,860,0.67
2.67,Wheat,Loam,0.6,408,0.55
13.21,Wheat,Sandy,0.56,526,2.18
14.89,Maize,Sandy,0.42,1325,5.97
14.8,Wheat,Clay,0.42,1254,5.46
14.91,Wheat,Loam,0.49,346,2.12
8.26,Cotton,Loam,0.62,990,3.65
5.8,Cotton,Black,0.47,807,1.45
12.86,Rice,Loam,0.7,1390,12.01
9.95,Cotton,Black,0.79,715,3.71
5.73,Maize,Loam,0.38,745,1.75
4.67,Millets,Sandy,0.83,1107,1.72
2.78,Rice,Clay,0.58,951,1.23
1.36,Sugarcane,Clay,0.81,1238,2.05
4.57,Sugarcane,Loam,0.47,385,1.49
6.65,Wheat,Black,0.34,895,1.56
11.58,Maize,Sandy,0.5,1257,5.24
2.6,Rice,Black,0.72,583,0.96
8.93,Wheat,Loam,0.33,684,1.69
5.75,Wheat,Loam,0.61,1077,3.17
11.76,Millets,Clay,0.83,1095,5.34
8.61,Cotton,Loam,0.62,1005,3.86
8.46,Maize,Sandy,0.63,1446,5.55
3.98,Maize,Sandy,0.66,901,1.7
11.44,Wheat,Black,0.84,1326,9.81
12.28,Millets,Black,0.48,374,1.21
10.13,Maize,Loam,0.4,1317,5.76
3.8,Millets,Loam,0.54,1022,1.26
13.3,Wheat,Sandy,0.67,1313,6.55
11.17,Maize,Black,0.61,746,5.03
9.05,Rice,Black,0.53,505,2.13
8.87,Rice,Clay,0.36,1408,3.6
11.76,Rice,Black,0.95,456,4.48
6.39,Cotton,Loam,0.49,889,2.0
2.95,Cotton,Sandy,0.53,1099,0.82
4.21,Maize,Loam,0.56,1451,3.69
12.13,Wheat,Sandy,0.53,1366,4.92
4.0,Cotton,Black,0.34,690,0.62
4.92,Sugarcane,Sandy,0.5,1118,3.3
2.26,Millets,Clay,0.35,352,0.14
9.47,Cotton,Black,0.81,1372,6.95
3.75,Maize,Loam,0.77,1256,3.92
12.6,Wheat,Sandy,0.63,1025,4.56
10.29,Rice,Loam,0.94,324,3.01
2.39,Rice,Clay,0.74,1250,1.77
7.47,Wheat,Sandy,0.35,976,1.43
12.65,Maize,Black,0.61,464,3.54
13.06,Rice,Sandy,0.88,1145,8.42
14.87,Rice,Black,0.91,588,7.0
5.2,Maize,Black,0.36,773,1.43
11.17,Sugarcane,Clay,0.88,821,12.11
1.56,Millets,Sandy,0.69,752,0.32
14.46,Millets,Black,0.3,1156,2.76
11.38,Wheat,Loam,0.34,906,2.94
6.98,Rice,Clay,0.93,1143,5.94
7.58,Millets,Sandy,0.36,1270,1.39
3.46,Millets,Loam,0.5,559,0.58
2.37,Maize,Sandy,0.94,1195,1.92
5.98,Sugarcane,Black,0.63,1162,7.22
14.08,Millets,Sandy,0.53,534,1.59
4.64,Rice,Sandy,0.81,474,1.14
1.46,Rice,Clay,0.42,768,0.38
3.62,Sugarcane,Sandy,0.91,558,2.21
1.81,Rice,Sandy,0.7,1246,1.01
14.38,Rice,Black,0.4,528,2.67
13.0,Sugarcane,Loam,0.66,906,13.99
9.84,Millets,Clay,0.92,601,2.72
5.74,Rice,Sandy,0.33,1459,1.77
1.7,Maize,Clay,0.8,619,0.76
12.8,Millets,Sandy,0.93,608,2.9
2.43,Maize,Clay,0.75,1011,1.66
2.72,Cotton,Black,0.73,669,0.88
13.74,Cotton,Clay,0.38,1222,3.83
10.66,Wheat,Loam,0.94,595,5.01
11.76,Millets,Loam,0.41,643,1.86
8.96,Wheat,Loam,0.6,1460,6.59
14.27,Rice,Black,0.86,1479,15.97
3.43,Wheat,Clay,0.36,355,0.31
8.93,Millets,Loam,0.52,624,1.74
8.35,Cotton,Clay,0.75,814,3.06
6.62,Cotton,Sandy,0.76,1402,3.39
14.85,Sugarcane,Black,0.45,710,7.83
11.28,Millets,Black,0.31,532,1.02
7.5,Millets,Loam,0.82,1102,4.07
10.35,Cotton,Loam,0.94,1011,7.08
3.58,Rice,Black,0.33,848,0.88
6.93,Maize,Clay,0.75,1300,6.08
9.25,Millets,Clay,0.43,542,1.08
10.71,Millets,Clay,0.54,864,2.5
9.33,Wheat,Loam,0.57,367,1.64
9.14,Rice,Sandy,0.89,708,3.69
4.16,Maize,Clay,0.7,533,1.4
13.48,Cotton,Loam,0.52,824,4.16
5.46,Rice,Sandy,0.79,930,2.57
9.31,Wheat,Sandy,0.67,1370,4.79
14.39,Millets,Clay,0.92,502,3.32
13.19,Maize,Loam,0.74,1405,14.81
12.44,Wheat,Sandy,0.79,1273,7.01
5.18,Rice,Black,0.39,631,1.12
3.64,Cotton,Clay,0.9,1104,2.17
11.38,Wheat,Black,0.91,744,5.93
13.23,Sugarcane,Black,0.77,1079,18.14
9.81,Maize,Clay,0.43,1346,5.11
13.19,Sugarcane,Sandy,0.7,1106,12.25
6.52,Maize,Loam,0.76,1093,5.85
8.43,Millets,Black,0.55,1282,3.27
9.61,Cotton,Black,0.38,444,1.07
2.34,Millets,Loam,0.54,723,0.55
12.01,Millets,Loam,0.92,1312,8.7
11.46,Maize,Clay,0.61,887,5.58
6.81,Maize,Clay,0.58,871,3.1
10.7,Millets,Sandy,0.85,1270,4.62
12.1,Sugarcane,Loam,0.62,1409,19.03
6.24,Maize,Sandy,0.4,1465,2.63
14.65,Maize,Clay,0.69,342,3.11
9.08,Maize,Clay,0.92,1389,10.44
14.84,Wheat,Clay,0.61,1253,7.94
3.33,Maize,Clay,0.36,1452,1.57
8.8,Rice,Black,0.89,1343,9.26
10.4,Sugarcane,Clay,0.86,1253,16.81
14.6,Wheat,Sandy,0.31,1021,2.59
8.51,Sugarcane,Black,0.68,600,5.73
13.17,Rice,Sandy,0.4,1180,3.98
3.84,Wheat,Loam,0.74,766,1.83
8.17,Millets,Black,0.48,333,0.72
10.07,Sugarcane,Sandy,0.53,898,5.75
12.03,Rice,Black,0.93,615,6.05
13.07,Cotton,Loam,0.62,499,2.91
3.79,Sugarcane,Black,0.67,1065,4.46
4.96,Rice,Clay,0.53,956,2.01
9.27,Millets,Sandy,0.62,309,0.71
1.93,Sugarcane,Clay,0.52,824,1.24
14.6,Rice,Clay,0.46,1385,7.44
13.52,Cotton,Black,0.57,995,5.06
12.08,Cotton,Sandy,0.72,1017,4.25
4.7,Sugarcane,Clay,0.33,824,1.92
3.63,Maize,Black,0.48,1085,1.87
7.78,Cotton,Clay,0.45,1403,2.95
2.98,Cotton,Clay,0.81,745,1.08
4.02,Wheat,Black,0.35,1272,1.38
5.74,Sugarcane,Clay,0.59,524,2.66
10.65,Cotton,Sandy,0.93,465,2.21
8.38,Cotton,Black,0.41,1452,3.29
14.18,Millets,Clay,0.6,677,2.88
8.88,Millets,Sandy,0.77,1220,3.34
3.65,Wheat,Black,0.72,710,1.44
1.98,Cotton,Clay,0.53,539,0.34
1.72,Wheat,Black,0.71,422,0.4
10.39,Rice,Clay,0.79,850,5.58
6.75,Cotton,Sandy,0.43,1390,1.94
12.53,Wheat,Loam,0.8,676,5.69
14.3,Wheat,Sandy,0.75,1284,7.71
13.67,Wheat,Black,0.65,618,4.23
9.83,Sugarcane,Clay,0.55,910,7.38
11.24,Cotton,Clay,0.74,1197,5.97
10.33,Maize,Clay,0.67,1096,6.83
2.18,Cotton,Sandy,0.94,943,0.93
1.56,Maize,Sandy,0.72,312,0.25
4.83,Sugarcane,Black,0.69,1014,5.58
13.66,Cotton,Black,0.87,913,7.16
13.49,Wheat,Black,0.38,938,3.7
14.61,Wheat,Loam,0.64,968,7.6
11.3,Sugarcane,Loam,0.69,1232,17.29
4.82,Wheat,Sandy,0.9,989,2.4
4.59,Millets,Clay,0.7,662,1.06
3.77,Sugarcane,Black,0.75,1139,5.31
7.6,Millets,Loam,0.45,1119,2.3
7.05,Maize,Loam,0.62,1413,6.67
14.78,Wheat,Black,0.51,817,4.74
7.78,Sugarcane,Sandy,0.79,1364,10.06
12.2,Sugarcane,Loam,0.32,1423,10.0
10.2,Cotton,Loam,0.73,1056,5.66
4.29,Wheat,Loam,0.37,672,0.9
14.66,Sugarcane,Sandy,0.36,398,2.52
11.08,Maize,Sandy,0.86,763,5.23
7.53,Sugarcane,Loam,0.6,1148,9.34
8.53,Sugarcane,Sandy,0.88,956,8.61
14.5,Cotton,Loam,0.75,385,3.01
3.39,Rice,Black,0.46,1407,1.93
3.35,Sugarcane,Clay,0.66,1104,3.66
13.09,Millets,Sandy,0.58,1350,4.1
10.95,Millets,Black,0.67,491,1.98
7.29,Maize,Black,0.67,937,4.53
6.23,Maize,Sandy,0.55,514,1.27
5.24,Sugarcane,Loam,0.59,1244,6.92
14.97,Sugarcane,Loam,0.92,327,8.11
14.45,Wheat,Black,0.48,688,3.67
2.42,Cotton,Black,0.92,1390,2.04
12.26,Millets,Loam,0.68,445,2.23
6.06,Millets,Clay,0.89,748,2.02
11.8,Millets,Loam,0.87,372,2.29
4.53,Wheat,Clay,0.67,840,1.78
3.32,Maize,Loam,0.65,1487,3.47
4.69,Wheat,Sandy,0.86,1293,2.92
6.97,Wheat,Black,0.53,1458,4.15
1.26,Rice,Clay,0.77,764,0.59
12.24,Rice,Black,0.43,1045,4.84
4.07,Wheat,Clay,0.5,463,0.66
7.59,Cotton,Black,0.82,1458,5.99
12.76,Maize,Clay,0.36,1017,4.2
6.89,Wheat,Loam,0.52,1033,3.11
2.97,Rice,Sandy,0.4,1035,0.79
8.93,Wheat,Clay,0.78,1032,5.03
13.63,Wheat,Black,0.85,345,3.08
3.16,Rice,Sandy,0.31,909,0.57
6.86,Millets,Loam,0.39,991,1.59
11.02,Maize,Clay,0.35,1049,3.64
1.78,Sugarcane,Black,0.79,482,1.12
6.12,Millets,Clay,0.37,1348,1.53
5.29,Millets,Sandy,0.62,439,0.58
4.62,Maize,Clay,0.39,1384,2.24
2.4,Cotton,Loam,0.55,620,0.59
13.78,Sugarcane,Sandy,0.39,1276,8.23
12.58,Sugarcane,Black,0.88,818,14.94
10.42,Maize,Clay,0.33,1064,3.29
2.62,Sugarcane,Sandy,0.45,519,0.73
4.56,Rice,Black,0.61,356,0.87
14.48,Sugarcane,Loam,0.79,769,15.83
9.66,Millets,Sandy,0.37,709,1.01
3.19,Cotton,Loam,0.68,519,0.81
2.18,Maize,Loam,0.86,929,1.88
3.42,Sugarcane,Black,0.89,873,4.38
4.45,Sugarcane,Black,0.42,605,1.87
2.65,Rice,Loam,0.38,1446,1.4
4.8,Wheat,Black,0.58,889,1.91
7.38,Cotton,Clay,0.88,321,1.25
2.24,Millets,Clay,0.37,610,0.25
11.75,Rice,Black,0.55,1234,7.02
13.38,Maize,Black,0.6,505,4.01
1.55,Wheat,Black,0.42,1338,0.67
10.46,Rice,Clay,0.31,1323,3.43
12.53,Millets,Black,0.9,1158,7.18
12.3,Wheat,Loam,0.88,1285,11.68
1.94,Cotton,Sandy,0.36,666,0.22
13.98,Maize,Black,0.67,483,4.48
12.52,Rice,Clay,0.45,978,4.41
4.28,Millets,Clay,0.92,720,1.42
11.67,Maize,Loam,0.74,809,7.55
6.36,Maize,Sandy,0.41,1286,2.41
10.12,Maize,Loam,0.42,771,3.54
8.0,Maize,Black,0.6,1024,4.87
10.94,Maize,Clay,0.92,314,2.84
6.86,Maize,Sandy,0.87,922,3.96
7.78,Cotton,Black,0.47,305,0.74
7.4,Cotton,Loam,0.86,332,1.52
10.16,Rice,Sandy,0.8,908,4.72
5.19,Rice,Clay,0.9,883,3.3
1.82,Maize,Loam,0.79,635,0.99
4.2,Millets,Black,0.33,459,0.35
2.67,Sugarcane,Black,0.31,878,1.2
6.08,Cotton,Clay,0.77,436,1.22
14.54,Maize,Sandy,0.66,1393,9.62
11.25,Rice,Loam,0.69,1420,10.58
2.13,Cotton,Black,0.6,619,0.52
2.94,Cotton,Black,0.39,349,0.26
12.89,Wheat,Sandy,0.55,1297,5.15
4.65,Wheat,Black,0.58,1473,3.06
14.91,Sugarcane,Black,0.64,416,6.55
3.52,Rice,Sandy,0.79,1088,1.94
1.67,Cotton,Sandy,0.48,388,0.15
11.73,Cotton,Clay,0.66,1022,4.75
7.6,Rice,Black,0.51,631,2.15
5.5,Maize,Sandy,0.46,849,1.55
5.11,Millets,Sandy,0.68,662,0.92
7.45,Sugarcane,Black,0.51,368,2.31
13.89,Wheat,Sandy,0.8,373,2.32
6.46,Maize,Black,0.37,1378,3.26
8.3,Rice,Loam,0.69,1038,5.71
1.19,Wheat,Black,0.61,825,0.46
1.38,Millets,Black,0.73,1156,0.64
4.7,Sugarcane,Black,0.79,921,5.64
14.3,Cotton,Sandy,0.74,1272,6.46
9.28,Millets,Clay,0.65,831,2.51
8.9,Maize,Black,0.77,427,2.9
12.99,Millets,Black,0.56,1464,5.86
7.7,Rice,Clay,0.43,336,0.89
5.5,Cotton,Black,0.61,1215,2.69
3.97,Rice,Black,0.34,684,0.81
10.48,Cotton,Loam,0.57,1357,5.84
10.42,Millets,Black,0.7,1457,5.85
14.08,Sugarcane,Sandy,0.66,1046,11.66
5.01,Maize,Loam,0.65,327,1.15
13.25,Sugarcane,Black,0.5,746,8.15
10.93,Sugarcane,Clay,0.59,378,3.66
9.61,Maize,Loam,0.71,589,4.34
11.4,Maize,Clay,0.33,876,2.97
11.25,Wheat,Black,0.46,725,2.89
2.86,Maize,Clay,0.79,615,1.25
3.95,Millets,Loam,0.74,1107,1.94
1.95,Millets,Loam,0.45,435,0.23
4.38,Cotton,Black,0.44,1472,1.87
10.23,Wheat,Black,0.56,804,3.55
2.28,Wheat,Black,0.5,370,0.32
9.73,Rice,Black,0.49,1045,4.38
1.93,Sugarcane,Black,0.68,317,0.69
3.27,Maize,Black,0.36,310,0.36
3.02,Cotton,Loam,0.5,466,0.51
2.22,Maize,Clay,0.72,788,1.13
9.84,Cotton,Clay,0.44,1091,2.83
11.15,Millets,Black,0.6,344,1.27
12.0,Millets,Clay,0.53,1023,3.25
12.08,Millets,Black,0.64,484,2.06
1.35,Maize,Black,0.56,355,0.27
14.24,Rice,Loam,0.38,341,1.77
11.75,Wheat,Sandy,0.51,604,2.03
8.1,Maize,Clay,0.62,1446,6.54
8.06,Sugarcane,Clay,0.78,935,8.82
9.93,Millets,Clay,0.66,561,1.84
1.87,Rice,Clay,0.76,359,0.41
5.1,Maize,Clay,0.34,1194,1.86
12.11,Rice,Loam,0.39,1363,6.18
3.98,Cotton,Clay,0.65,401,0.62
7.31,Maize,Sandy,0.89,1368,6.41
9.45,Rice,Loam,0.49,1035,4.6
11.9,Wheat,Clay,0.7,892,5.2
7.92,Cotton,Sandy,0.7,308,0.82
12.96,Wheat,Loam,0.7,645,4.92
4.97,Sugarcane,Clay,0.42,613,1.92
4.15,Millets,Black,0.9,453,0.93
13.82,Rice,Black,0.73,1133,10.06
5.89,Rice,Sandy,0.44,1056,1.75
4.87,Cotton,Black,0.56,1500,2.7
4.3,Millets,Black,0.38,1480,1.33
4.02,Rice,Black,0.48,656,1.11
14.69,Maize,Sandy,0.39,867,3.58
8.02,Maize,Black,0.42,1066,3.55
9.71,Wheat,Clay,0.35,761,1.81
6.45,Wheat,Clay,0.68,610,1.87
11.99,Cotton,Black,0.41,1286,4.17
10.26,Wheat,Clay,0.69,1166,5.78
14.43,Wheat,Clay,0.95,1158,11.11
12.35,Maize,Clay,0.34,563,2.13
1.55,Rice,Black,0.65,704,0.62
6.98,Maize,Loam,0.32,1055,2.54
1.36,Wheat,Black,0.49,1187,0.61
6.63,Wheat,Black,0.51,1206,3.14
8.72,Rice,Loam,0.81,800,5.42
2.22,Rice,Black,0.57,695,0.77
1.02,Wheat,Sandy,0.95,1273,0.69
8.68,Sugarcane,Sandy,0.47,815,3.99
14.36,Millets,Sandy,0.37,1137,2.42
4.62,Cotton,Sandy,0.33,727,0.53
4.44,Sugarcane,Black,0.93,441,3.0
3.36,Sugarcane,Black,0.89,1323,6.53
2.33,Rice,Black,0.38,1482,1.15
3.47,Cotton,Clay,0.6,708,0.88
10.64,Cotton,Clay,0.69,1010,4.45
7.66,Cotton,Black,0.83,1255,5.27
4.27,Sugarcane,Clay,0.57,497,1.81
7.01,Rice,Sandy,0.6,1365,3.67
5.77,Rice,Clay,0.69,1473,4.69
3.63,Sugarcane,Loam,0.71,923,4.28
5.43,Wheat,Sandy,0.91,1375,3.8
13.01,Cotton,Clay,0.43,529,1.78
9.91,Millets,Loam,0.53,1277,4.02
12.99,Sugarcane,Clay,0.42,1050,8.59
8.82,Sugarcane,Clay,0.35,428,1.98
10.4,Wheat,Clay,0.62,1371,6.19
12.23,Cotton,Clay,0.9,1308,8.64
1.99,Millets,Sandy,0.7,365,0.2
9.71,Maize,Black,0.58,929,5.18
2.73,Millets,Black,0.9,338,0.46
10.75,Wheat,Loam,0.34,383,1.18
2.28,Cotton,Black,0.56,1091,0.92
7.61,Wheat,Clay,0.35,637,1.19
10.72,Cotton,Sandy,0.9,336,1.56
4.83,Cotton,Sandy,0.47,867,0.94
7.02,Sugarcane,Black,0.62,311,2.23
7.87,Rice,Clay,0.72,886,4.02
13.03,Wheat,Sandy,0.69,386,1.94
14.0,Cotton,Black,0.65,1340,8.05
10.72,Wheat,Clay,0.61,1271,5.82
3.13,Millets,Loam,0.83,1383,2.16
4.9,Cotton,Loam,0.93,1388,4.55
9.6,Wheat,Loam,0.94,1326,10.05
4.26,Rice,Clay,0.53,1138,2.06
13.77,Rice,Sandy,0.92,589,4.78
7.68,Rice,Clay,0.41,392,0.99
12.25,Maize,Loam,0.44,547,3.18
8.62,Maize,Loam,0.43,1227,4.91
9.61,Maize,Clay,0.55,667,3.17
8.16,Wheat,Clay,0.66,731,2.76
9.43,Rice,Clay,0.43,392,1.27
1.82,Wheat,Black,0.76,1306,1.39
6.78,Sugarcane,Clay,0.41,1180,4.92
1.76,Rice,Sandy,0.5,1424,0.8
7.58,Sugarcane,Black,0.45,1054,5.93
1.19,Cotton,Clay,0.46,814,0.27
8.41,Wheat,Black,0.83,1050,5.64
12.51,Millets,Loam,0.64,1102,5.29
3.68,Wheat,Sandy,0.35,655,0.47
14.29,Cotton,Loam,0.79,995,8.09
5.33,Cotton,Black,0.46,1487,2.41
4.63,Rice,Clay,0.32,376,0.45
10.09,Cotton,Clay,0.95,419,2.41
10.06,Rice,Loam,0.53,851,4.36
5.6,Sugarcane,Sandy,0.45,802,2.43
14.29,Rice,Clay,0.79,1437,12.98
10.5,Maize,Black,0.32,1074,3.57
14.02,Rice,Loam,0.53,1028,7.33
4.17,Cotton,Clay,0.82,626,1.28
6.85,Maize,Sandy,0.72,1310,4.65
1.28,Wheat,Sandy,0.94,571,0.38
6.87,Millets,Loam,0.61,638,1.6
6.9,Cotton,Loam,0.51,894,2.27
8.51,Wheat,Black,0.42,861,2.37
10.52,Maize,Black,0.66,1221,8.39
12.5,Maize,Sandy,0.35,797,2.51
4.38,Millets,Sandy,0.93,834,1.36
10.43,Cotton,Clay,0.67,318,1.33
6.58,Millets,Clay,0.57,301,0.56
12.57,Maize,Sandy,0.73,523,3.46
12.29,Sugarcane,Clay,0.57,1172,12.32
6.08,Maize,Sandy,0.71,444,1.38
8.63,Millets,Loam,0.35,557,1.01
5.21,Wheat,Sandy,0.39,1448,1.65
3.93,Cotton,Loam,0.34,1315,1.27
8.45,Maize,Sandy,0.58,954,3.37
3.83,Rice,Sandy,0.55,495,0.67
14.11,Sugarcane,Sandy,0.79,1070,14.31
14.22,Wheat,Black,0.62,696,4.72
13.59,Rice,Black,0.46,1144,6.29
12.66,Maize,Sandy,0.65,543,3.22
1.28,Rice,Sandy,0.57,466,0.22
7.16,Maize,Black,0.53,818,3.07
8.57,Rice,Clay,0.47,981,3.16
9.67,Cotton,Clay,0.48,529,1.47
4.61,Millets,Clay,0.58,701,0.94
7.58,Sugarcane,Sandy,0.58,519,2.74
14.72,Maize,Black,0.59,677,5.82
10.59,Millets,Loam,0.63,1100,4.4
10.21,Rice,Loam,0.61,609,3.64
10.91,Millets,Sandy,0.56,972,2.38
5.48,Sugarcane,Loam,0.46,441,2.0
2.83,Rice,Black,0.45,1069,1.2
10.09,Rice,Sandy,0.77,1140,5.67
9.01,Wheat,Clay,0.58,1443,5.28
10.64,Sugarcane,Sandy,0.48,1369,8.39
7.6,Rice,Sandy,0.7,932,3.17
14.7,Wheat,Sandy,0.43,524,1.85
3.72,Maize,Black,0.72,482,1.28
6.57,Wheat,Sandy,0.54,444,0.88
8.6,Rice,Black,0.51,1218,4.7
13.52,Sugarcane,Sandy,0.47,851,6.49
9.93,Sugarcane,Loam,0.42,774,5.81
2.4,Wheat,Black,0.54,549,0.55
12.85,Rice,Clay,0.55,924,5.22
11.43,Cotton,Sandy,0.93,1457,7.43
8.63,Rice,Sandy,0.76,872,3.66
3.88,Cotton,Clay,0.81,354,0.67
4.9,Millets,Loam,0.35,650,0.67
11.69,Cotton,Loam,0.51,1317,5.65
3.45,Millets,Sandy,0.9,1477,1.83
13.79,Wheat,Sandy,0.93,1461,10.49
10.26,Maize,Black,0.37,1367,5.14
9.69,Maize,Clay,0.93,1096,8.89
1.25,Rice,Black,0.89,954,0.93
1.54,Wheat,Black,0.92,1390,1.52
7.34,Maize,Clay,0.57,383,1.44
2.47,Sugarcane,Clay,0.87,815,2.63
5.9,Wheat,Sandy,0.53,1091,1.91
2.18,Maize,Black,0.31,838,0.56
9.25,Cotton,Loam,0.75,1140,5.69
3.05,Maize,Loam,0.86,1199,3.4
10.37,Sugarcane,Black,0.81,1084,15.02
1.36,Sugarcane,Black,0.34,1380,1.05
12.01,Millets,Loam,0.34,1148,2.81
10.84,Cotton,Clay,0.64,1440,5.99
11.78,Cotton,Clay,0.9,1293,8.23
5.01,Sugarcane,Loam,0.72,487,3.16
6.94,Millets,Black,0.49,1396,2.61
7.62,Sugarcane,Loam,0.65,1308,11.66
9.81,Sugarcane,Clay,0.49,394,2.84
11.95,Wheat,Clay,0.64,1374,7.36
10.62,Maize,Sandy,0.88,1349,9.08
6.69,Wheat,Sandy,0.56,738,1.55
10.4,Wheat,Loam,0.62,442,2.39
13.46,Rice,Loam,0.64,1405,11.62
1.55,Wheat,Clay,0.94,956,0.98
1.66,Rice,Clay,0.71,1263,1.19
8.38,Sugarcane,Clay,0.63,844,6.68
4.66,Maize,Sandy,0.63,1110,2.35
1.2,Millets,Loam,0.35,1305,0.33
10.85,Maize,Clay,0.45,1424,6.26
7.78,Millets,Clay,0.6,1231,2.87
9.37,Maize,Loam,0.53,1198,6.43
2.35,Rice,Black,0.59,1228,1.5
10.84,Maize,Clay,0.81,341,2.69
6.39,Rice,Loam,0.39,1187,2.84
2.09,Wheat,Black,0.51,711,0.58
3.44,Maize,Black,0.5,795,1.35
4.6,Cotton,Clay,0.55,751,1.14
5.7,Sugarcane,Black,0.76,1099,7.86
9.01,Wheat,Clay,0.58,1434,5.25
11.82,Cotton,Loam,0.58,1252,6.18
14.06,Millets,Black,0.75,801,4.65
1.01,Wheat,Loam,0.93,814,0.64
13.05,Sugarcane,Clay,0.48,1273,11.96
3.97,Maize,Loam,0.89,1491,5.69
5.33,Rice,Loam,0.95,1196,5.81
12.75,Wheat,Black,0.66,966,6.26
11.53,Cotton,Clay,0.94,952,6.19
6.67,Sugarcane,Clay,0.59,652,3.85
7.61,Maize,Black,0.65,944,4.62
6.8,Sugarcane,Clay,0.68,498,3.45
5.41,Rice,Loam,0.53,1369,3.77
9.99,Maize,Black,0.73,1312,9.47
7.29,Wheat,Clay,0.38,454,0.88
13.16,Wheat,Black,0.65,1299,8.56
5.92,Rice,Black,0.59,1361,4.18
5.79,Maize,Black,0.45,1178,3.04
3.75,Millets,Clay,0.73,678,0.93
7.19,Wheat,Black,0.51,975,2.75
7.01,Rice,Clay,0.85,1198,5.71
2.29,Maize,Sandy,0.74,351,0.43
8.59,Cotton,Clay,0.63,1051,3.41
1.85,Rice,Clay,0.34,1310,0.66
1.26,Sugarcane,Loam,0.48,1101,1.2
13.46,Rice,Clay,0.54,474,2.76
6.22,Rice,Loam,0.58,528,1.83
1.58,Maize,Clay,0.49,1188,0.83
13.24,Wheat,Loam,0.75,719,6.0
5.86,Maize,Sandy,0.52,909,1.99
13.77,Maize,Loam,0.48,827,5.9
12.25,Sugarcane,Sandy,0.77,777,8.79
7.9,Wheat,Black,0.46,1493,4.18
9.64,Rice,Clay,0.61,1403,6.6
3.58,Rice,Loam,0.53,473,0.86
13.86,Millets,Clay,0.9,1014,6.32
6.13,Wheat,Black,0.58,581,1.59
13.45,Cotton,Loam,0.84,911,7.41
5.16,Maize,Clay,0.95,807,3.56
5.98,Rice,Clay,0.61,939,2.74
2.66,Sugarcane,Loam,0.62,1355,4.02
12.78,Cotton,Loam,0.42,1348,5.21
8.58,Millets,Clay,0.34,881,1.29
6.04,Rice,Clay,0.81,389,1.52
11.83,Maize,Loam,0.38,1388,6.74
2.88,Millets,Sandy,0.82,558,0.53
4.12,Wheat,Loam,0.63,800,1.74
11.17,Wheat,Sandy,0.62,941,3.65
5.18,Rice,Sandy,0.44,755,1.1
4.47,Millets,Black,0.35,1035,0.89
7.52,Sugarcane,Clay,0.61,1205,8.29
11.6,Rice,Sandy,0.48,1230,4.38
9.29,Cotton,Loam,0.46,1113,3.42
10.09,Sugarcane,Clay,0.72,517,5.63
6.58,Sugarcane,Clay,0.44,1168,5.07
12.48,Wheat,Sandy,0.67,1492,6.99
9.59,Maize,Clay,0.93,787,6.32
8.84,Cotton,Clay,0.69,825,3.02
1.37,Sugarcane,Sandy,0.92,1472,2.23
14.75,Millets,Sandy,0.5,811,2.39
2.94,Cotton,Clay,0.95,1365,2.29
5.58,Millets,Black,0.4,1298,1.59
9.84,Rice,Black,0.35,684,2.07
3.33,Rice,Sandy,0.93,684,1.36
14.75,Rice,Sandy,0.68,986,6.33
12.65,Sugarcane,Clay,0.65,453,5.59
10.72,Maize,Clay,0.49,1186,5.61
5.55,Sugarcane,Clay,0.59,735,3.61
3.38,Wheat,Loam,0.59,1428,2.39
4.52,Millets,Loam,0.47,1288,1.64
12.74,Maize,Loam,0.33,1296,5.88
6.24,Maize,Loam,0.76,1466,7.51
5.71,Maize,Black,0.57,720,2.32
9.03,Wheat,Clay,0.53,1221,4.09
8.73,Maize,Black,0.35,717,2.17
5.34,Wheat,Black,0.34,946,1.32
12.54,Rice,Loam,0.65,1045,8.18
3.6,Cotton,Sandy,0.4,646,0.45
6.78,Wheat,Sandy,0.61,1050,2.43
1.9,Sugarcane,Clay,0.47,825,1.11
2.67,Cotton,Black,0.86,809,1.23
3.93,Cotton,Black,0.79,562,1.15
10.67,Millets,Black,0.57,1470,4.92
3.27,Sugarcane,Loam,0.34,1107,2.22
3.54,Millets,Sandy,0.61,1204,1.04
8.06,Millets,Loam,0.94,965,4.39
11.75,Millets,Black,0.77,683,3.4
11.17,Sugarcane,Black,0.4,636,4.69
7.87,Maize,Clay,0.84,540,3.21
1.86,Millets,Clay,0.38,1355,0.48
7.08,Sugarcane,Sandy,0.85,451,3.26
13.47,Sugarcane,Clay,0.73,1320,19.47
11.97,Cotton,Loam,0.87,1369,10.26
6.77,Rice,Sandy,0.6,997,2.59
10.18,Rice,Black,0.82,978,7.18
9.99,Maize,Black,0.76,1233,9.27
3.49,Cotton,Sandy,0.86,1491,2.15
4.67,Sugarcane,Sandy,0.47,1431,3.77
1.77,Wheat,Black,0.68,713,0.66
13.08,Cotton,Black,0.68,1361,7.99
1.41,Millets,Sandy,0.8,669,0.3
5.48,Wheat,Black,0.77,1401,4.55
3.02,Millets,Black,0.64,1406,1.49
10.11,Millets,Loam,0.79,604,2.89
2.78,Rice,Clay,0.76,681,1.15
3.01,Maize,Loam,0.44,777,1.11
5.77,Rice,Black,0.85,1107,4.78
10.18,Sugarcane,Loam,0.87,1295,20.64
12.25,Millets,Loam,0.61,649,2.91
1.75,Wheat,Clay,0.85,602,0.63
9.09,Rice,Clay,0.81,799,4.71
12.99,Rice,Black,0.92,1346,14.16
9.84,Millets,Clay,0.63,1465,4.54
7.1,Rice,Black,0.52,1116,3.63
10.72,Wheat,Black,0.58,1139,5.45
14.66,Cotton,Clay,0.48,529,2.23
9.05,Maize,Clay,0.56,872,3.98
7.86,Maize,Black,0.7,1214,6.61
11.92,Rice,Sandy,0.78,989,5.89
2.24,Sugarcane,Loam,0.86,1191,4.13
9.01,Cotton,Clay,0.45,1130,2.75
13.1,Millets,Black,0.43,364,1.13
4.26,Maize,Black,0.73,585,1.8
5.64,Wheat,Black,0.9,1316,5.14
6.65,Rice,Loam,0.94,1488,8.93
3.09,Cotton,Clay,0.92,1082,1.85
2.38,Wheat,Black,0.41,658,0.49
6.82,Cotton,Clay,0.59,644,1.55
5.03,Sugarcane,Clay,0.36,699,1.9
13.32,Sugarcane,Clay,0.7,1307,18.28
3.11,Millets,Sandy,0.64,844,0.67
5.15,Maize,Clay,0.52,410,0.99
7.57,Rice,Sandy,0.37,775,1.39
9.15,Millets,Black,0.65,469,1.53
10.11,Sugarcane,Loam,0.75,876,11.96
12.06,Millets,Loam,0.46,1217,4.05
5.3,Rice,Sandy,0.5,860,1.46
9.75,Maize,Black,0.93,870,7.81
5.91,Rice,Black,0.64,1366,4.55
12.6,Sugarcane,Clay,0.31,1339,7.85
12.12,Cotton,Sandy,0.49,1277,3.64
6.65,Millets,Black,0.37,1381,1.87
4.74,Rice,Loam,0.54,1193,2.93
5.46,Cotton,Sandy,0.34,680,0.61
6.86,Maize,Black,0.79,1362,7.31
6.16,Maize,Black,0.31,1205,2.28
11.12,Sugarcane,Sandy,0.64,1222,10.44
2.52,Wheat,Black,0.39,804,0.61
11.53,Rice,Loam,0.78,1015,8.76
8.46,Cotton,Clay,0.92,1261,5.89
2.6,Cotton,Clay,0.69,400,0.43
5.79,Maize,Loam,0.46,1027,2.95
5.99,Maize,Loam,0.71,503,2.31
9.57,Wheat,Black,0.64,1168,5.51
9.6,Cotton,Sandy,0.78,909,3.27
7.0,Millets,Loam,0.77,1284,4.15
9.25,Rice,Black,0.35,504,1.44
9.55,Maize,Black,0.44,436,1.81
7.69,Rice,Sandy,0.87,983,4.21
3.73,Wheat,Sandy,0.67,1216,1.7
7.35,Rice,Black,0.7,1018,4.61
9.75,Cotton,Black,0.79,1451,7.38
13.21,Millets,Black,0.3,1152,2.51
1.77,Wheat,Sandy,0.38,346,0.13
4.57,Millets,Sandy,0.91,1270,2.11
9.48,Wheat,Clay,0.39,732,1.89
8.78,Maize,Clay,0.58,814,3.73
9.36,Cotton,Black,0.3,670,1.24
1.67,Maize,Clay,0.46,1095,0.76
9.55,Sugarcane,Loam,0.78,1084,14.53
8.15,Maize,Clay,0.71,303,1.58
3.5,Sugarcane,Loam,0.65,884,3.62
4.97,Wheat,Loam,0.9,1097,4.12
1.82,Wheat,Loam,0.33,1388,0.7
7.42,Millets,Sandy,0.43,1271,1.62
12.29,Sugarcane,Loam,0.31,716,4.91
8.45,Rice,Loam,0.81,1483,9.74
10.02,Millets,Loam,0.88,963,5.09
12.24,Sugarcane,Sandy,0.84,1139,14.05
5.04,Sugarcane,Black,0.6,418,2.09
13.94,Maize,Sandy,0.43,777,3.35
10.84,Rice,Sandy,0.61,1441,6.1
10.02,Cotton,Loam,0.42,383,1.16
3.47,Sugarcane,Loam,0.88,616,3.39
9.18,Rice,Sandy,0.71,1382,5.76
13.54,Maize,Loam,0.36,480,2.53
5.75,Wheat,Loam,0.89,839,3.61
11.93,Wheat,Black,0.45,1479,6.11
13.73,Wheat,Loam,0.77,398,3.53
12.07,Sugarcane,Black,0.59,839,9.86
8.11,Sugarcane,Loam,0.55,727,5.84
6.38,Wheat,Sandy,0.49,943,1.65
2.77,Rice,Sandy,0.87,1017,1.57
4.79,Wheat,Clay,0.49,1062,1.74
12.18,Sugarcane,Sandy,0.54,872,6.88
4.4,Maize,Loam,0.66,1078,3.38
7.17,Sugarcane,Loam,0.49,1268,8.02
6.41,Rice,Black,0.67,1448,5.47
3.04,Wheat,Black,0.49,357,0.41
14.1,Sugarcane,Black,0.35,941,7.66
3.6,Maize,Clay,0.82,1161,3.08
5.69,Rice,Sandy,0.53,1120,2.16
5.48,Millets,Loam,0.57,1063,1.99
7.43,Millets,Clay,0.9,825,2.76
2.8,Maize,Black,0.87,864,2.08
3.72,Sugarcane,Loam,0.48,1291,4.15
10.99,Sugarcane,Loam,0.3,1166,6.92
9.56,Sugarcane,Black,0.88,876,12.16
6.99,Cotton,Loam,0.91,823,3.77
1.21,Cotton,Clay,0.92,1101,0.74
12.27,Rice,Clay,0.34,441,1.47
9.07,Millets,Loam,0.72,1211,4.74
10.54,Millets,Loam,0.58,1458,5.35
5.69,Wheat,Black,0.66,598,1.73
2.24,Rice,Loam,0.81,861,1.5
7.42,Rice,Black,0.56,436,1.59
3.32,Rice,Sandy,0.77,1151,1.88
14.01,Millets,Black,0.78,382,2.3
10.48,Cotton,Loam,0.54,585,2.38
13.04,Sugarcane,Sandy,0.84,785,10.32
9.05,Rice,Clay,0.57,1064,4.39
3.97,Wheat,Clay,0.42,1315,1.53
1.12,Rice,Sandy,0.75,676,0.36
2.95,Maize,Loam,0.9,1242,3.56
5.87,Sugarcane,Clay,0.85,1373,10.28
14.77,Cotton,Clay,0.54,1352,6.47
9.09,Wheat,Sandy,0.41,730,1.52
1.87,Cotton,Loam,0.64,767,0.66
11.4,Sugarcane,Sandy,0.65,605,5.38
2.22,Rice,Loam,0.78,1117,1.86
14.88,Maize,Black,0.72,1164,12.35
13.93,Rice,Black,0.54,485,3.21
7.26,Cotton,Loam,0.65,777,2.64
4.32,Rice,Sandy,0.74,1016,2.08
8.48,Cotton,Clay,0.64,302,0.98
10.14,Sugarcane,Sandy,0.3,1109,4.05
9.93,Cotton,Black,0.38,983,2.45
12.75,Cotton,Clay,0.37,1090,3.09
6.72,Rice,Black,0.67,676,2.68
10.56,Rice,Black,0.83,510,3.93
5.69,Rice,Loam,0.82,729,3.27
8.56,Wheat,Sandy,0.85,754,3.07
12.97,Cotton,Loam,0.65,1017,6.17
11.86,Wheat,Clay,0.68,1031,5.82
9.9,Sugarcane,Clay,0.77,814,9.31
7.57,Sugarcane,Sandy,0.64,829,4.82
5.29,Wheat,Sandy,0.85,343,0.86
10.64,Maize,Loam,0.87,1085,10.85
9.48,Sugarcane,Sandy,0.62,1189,8.39
10.62,Cotton,Loam,0.88,1131,7.61
14.96,Rice,Loam,0.7,1176,11.82
11.79,Wheat,Clay,0.42,570,1.98
12.64,Wheat,Sandy,0.57,514,2.07
8.12,Rice,Clay,0.87,1306,7.38
3.62,Millets,Sandy,0.84,1064,1.29
14.26,Wheat,Black,0.52,1361,7.77
5.54,Rice,Clay,0.61,1172,3.17
7.12,Maize,Loam,0.35,726,1.95
8.63,Cotton,Clay,0.72,806,3.0
12.95,Sugarcane,Black,0.45,890,8.56
14.4,Rice,Black,0.77,1428,13.93
13.07,Cotton,Black,0.6,1253,6.49
5.38,Millets,Black,0.47,652,0.91
13.75,Millets,Black,0.77,364,2.12
6.05,Wheat,Sandy,0.53,905,1.63
10.29,Maize,Loam,0.65,803,5.8
5.87,Rice,Loam,0.33,1419,2.64
2.97,Cotton,Clay,0.94,666,1.12
14.63,Wheat,Black,0.57,1166,7.49
6.67,Maize,Loam,0.71,465,2.38
5.76,Wheat,Loam,0.53,1394,3.57
10.06,Rice,Black,0.46,480,1.95
7.5,Wheat,Loam,0.88,1302,7.22
10.42,Maize,Black,0.64,1393,9.2
11.83,Maize,Loam,0.37,1071,5.06
13.36,Millets,Black,0.49,1190,4.28
4.81,Cotton,Loam,0.39,1069,1.44
9.81,Cotton,Loam,0.85,547,3.28
8.29,Maize,Loam,0.9,640,5.16
4.97,Sugarcane,Clay,0.77,1270,7.29
11.78,Maize,Clay,0.7,1196,8.88
6.96,Sugarcane,Loam,0.64,335,2.69
14.22,Rice,Black,0.54,338,2.28
6.83,Millets,Black,0.86,790,2.55
10.28,Cotton,Clay,0.45,341,0.95
8.73,Millets,Black,0.46,1334,2.95
1.3,Cotton,Loam,0.94,1409,1.24
5.27,Maize,Loam,0.77,1368,6.0
4.92,Millets,Clay,0.58,556,0.79
2.49,Rice,Sandy,0.44,891,0.62
6.73,Maize,Loam,0.67,535,2.61
12.11,Millets,Loam,0.78,410,2.32
7.15,Millets,Clay,0.52,833,1.55
13.64,Rice,Loam,0.33,1419,6.13
2.01,Wheat,Black,0.38,524,0.31
14.77,Sugarcane,Loam,0.9,1391,33.28
12.31,Wheat,Clay,0.88,481,3.65
2.27,Cotton,Clay,0.59,710,0.57
9.55,Sugarcane,Sandy,0.46,1418,7.48
3.1,Cotton,Black,0.83,1170,1.99
7.95,Maize,Sandy,0.85,1233,6.0
4.81,Maize,Sandy,0.74,815,2.09
5.03,Millets,Loam,0.35,475,0.5
5.5,Millets,Clay,0.94,996,2.57
10.85,Wheat,Black,0.64,554,2.96
2.8,Cotton,Sandy,0.53,1045,0.74
5.04,Maize,Sandy,0.39,658,0.93
14.2,Maize,Clay,0.51,1321,8.61
1.3,Maize,Clay,0.81,938,0.89
4.02,Millets,Loam,0.61,1357,2.0
5.88,Millets,Loam,0.51,576,1.04
9.17,Sugarcane,Loam,0.7,304,3.51
11.32,Cotton,Clay,0.55,1057,3.95
10.85,Cotton,Clay,0.7,1113,5.07
13.64,Sugarcane,Loam,0.31,1225,9.32
14.8,Millets,Sandy,0.31,1181,2.17
5.15,Sugarcane,Loam,0.69,385,2.46
12.7,Wheat,Sandy,0.6,1339,5.71
5.51,Sugarcane,Sandy,0.65,1417,6.09
3.71,Wheat,Sandy,0.82,351,0.6
6.61,Cotton,Black,0.9,1181,4.64
5.81,Cotton,Clay,0.34,1194,1.42
1.29,Sugarcane,Clay,0.46,811,0.72
1.91,Cotton,Black,0.66,1357,1.13
7.55,Rice,Clay,0.52,562,1.77
13.91,Rice,Sandy,0.52,1464,6.78
11.13,Millets,Sandy,0.51,756,1.72
2.64,Wheat,Black,0.31,779,0.49
2.8,Maize,Sandy,0.38,1110,0.85
6.46,Millets,Clay,0.88,595,1.69
8.73,Maize,Loam,0.35,998,3.29
11.82,Rice,Black,0.52,550,2.97
8.78,Rice,Black,0.41,476,1.51
7.32,Rice,Clay,0.34,952,1.9
5.65,Cotton,Loam,0.6,1330,3.25
14.97,Cotton,Sandy,0.88,1209,7.64
6.14,Wheat,Loam,0.75,822,3.18
8.79,Rice,Loam,0.72,309,1.88
1.1,Sugarcane,Clay,0.37,923,0.56
7.81,Wheat,Loam,0.91,533,3.18
11.99,Wheat,Clay,0.32,1102,2.96
13.93,Maize,Sandy,0.35,1120,3.93
13.58,Wheat,Clay,0.72,546,3.74
10.55,Maize,Sandy,0.67,890,4.53
10.64,Maize,Clay,0.38,334,1.22
10.27,Wheat,Black,0.64,667,3.38
11.73,Cotton,Clay,0.67,759,3.58
8.25,Millets,Clay,0.44,1377,2.5
3.2,Millets,Loam,0.75,1200,1.73
5.17,Sugarcane,Sandy,0.44,1324,3.61
8.8,Sugarcane,Sandy,0.43,871,3.96
8.22,Rice,Black,0.93,1492,10.04
2.11,Rice,Clay,0.55,1252,1.16
3.41,Cotton,Clay,0.86,638,1.12
12.95,Rice,Black,0.44,363,1.82
10.57,Maize,Clay,0.59,412,2.31
6.71,Cotton,Sandy,0.37,877,1.05
8.29,Cotton,Black,0.95,443,2.3
8.85,Rice,Clay,0.82,1368,7.94
13.76,Maize,Black,0.63,1320,11.33
10.77,Maize,Black,0.47,766,3.84
10.83,Wheat,Sandy,0.78,888,4.2
5.4,Wheat,Black,0.32,1095,1.46
10.98,Sugarcane,Clay,0.41,831,5.61
13.52,Rice,Black,0.8,515,4.9
4.64,Cotton,Clay,0.47,383,0.5
8.03,Millets,Sandy,0.63,1193,2.41
11.39,Wheat,Sandy,0.4,325,0.83
2.64,Rice,Loam,0.83,349,0.73
11.83,Millets,Black,0.3,587,1.15
3.96,Sugarcane,Sandy,0.7,493,1.64
1.71,Cotton,Loam,0.41,795,0.4
3.37,Maize,Loam,0.8,800,2.33
11.99,Wheat,Sandy,0.72,457,2.21
14.96,Maize,Clay,0.38,1245,6.37
12.79,Millets,Sandy,0.74,1456,5.51
12.77,Wheat,Black,0.72,398,2.82
3.43,Millets,Black,0.69,767,1.0
4.82,Wheat,Sandy,0.79,1167,2.49
3.72,Maize,Loam,0.77,998,3.09
1.73,Cotton,Sandy,0.6,1014,0.51
10.9,Millets,Black,0.31,352,0.65
11.83,Sugarcane,Clay,0.73,1079,13.98
2.95,Rice,Clay,0.54,813,1.04
6.57,Millets,Loam,0.77,1377,4.18
10.51,Rice,Clay,0.89,863,6.46
5.33,Cotton,Sandy,0.71,348,0.63
6.94,Maize,Clay,0.7,355,1.55
10.18,Cotton,Black,0.63,317,1.34
12.26,Wheat,Sandy,0.32,697,1.53
1.48,Cotton,Black,0.65,1191,0.76
6.32,Cotton,Loam,0.82,394,1.47
2.8,Cotton,Clay,0.33,1427,0.79
7.06,Millets,Loam,0.49,1481,3.07
6.22,Maize,Loam,0.34,988,2.26
6.52,Wheat,Sandy,0.34,1156,1.44
9.2,Sugarcane,Sandy,0.31,364,1.25
5.0,Rice,Sandy,0.48,592,0.91
12.71,Rice,Loam,0.89,1431,15.54
10.38,Sugarcane,Sandy,0.43,603,3.23
2.28,Wheat,Loam,0.32,421,0.26
3.8,Maize,Black,0.88,595,1.97
9.97,Cotton,Loam,0.41,1074,3.16
7.18,Millets,Clay,0.51,482,0.88
14.75,Maize,Sandy,0.5,425,2.26
11.14,Sugarcane,Black,0.75,1141,15.73
8.21,Millets,Clay,0.48,1240,2.44
2.11,Millets,Sandy,0.31,1476,0.39
8.32,Wheat,Sandy,0.71,318,1.05
11.81,Millets,Sandy,0.53,597,1.49
9.93,Rice,Sandy,0.9,435,2.49
11.34,Maize,Black,0.61,1406,9.63
9.67,Rice,Black,0.39,1492,4.95
8.57,Sugarcane,Loam,0.48,736,5.45
7.93,Maize,Clay,0.7,1435,7.17
8.66,Cotton,Clay,0.85,1115,4.92
11.76,Millets,Black,0.84,545,2.96
5.62,Sugarcane,Sandy,0.32,662,1.43
3.67,Sugarcane,Clay,0.69,561,2.13
6.82,Rice,Clay,0.88,590,2.83
2.92,Rice,Clay,0.66,485,0.75
14.49,Rice,Black,0.35,1052,4.69
6.7,Wheat,Loam,0.67,687,2.59
6.22,Cotton,Sandy,0.47,1430,2.01
5.84,Rice,Clay,0.88,1473,6.06
12.54,Wheat,Sandy,0.31,619,1.35
6.39,Rice,Loam,0.92,1157,6.53
7.98,Millets,Black,0.8,1329,4.67
5.61,Sugarcane,Loam,0.73,341,2.51
9.37,Wheat,Sandy,0.47,948,2.34
11.06,Millets,Clay,0.8,1301,5.76
4.21,Cotton,Sandy,0.93,888,1.67
14.04,Wheat,Black,0.92,403,4.01
7.56,Sugarcane,Clay,0.47,315,1.68
10.51,Maize,Loam,0.39,707,3.13
10.31,Maize,Clay,0.53,317,1.56
2.36,Wheat,Clay,0.53,614,0.54
10.69,Millets,Sandy,0.79,677,2.29
4.78,Rice,Loam,0.83,554,2.11
8.62,Wheat,Black,0.92,863,5.27
2.2,Maize,Loam,0.71,707,1.19
11.0,Maize,Loam,0.66,661,5.18
10.65,Maize,Sandy,0.85,939,6.12
6.93,Sugarcane,Loam,0.48,1245,7.45
14.45,Sugarcane,Clay,0.4,953,8.26
1.29,Wheat,Black,0.68,919,0.62
1.68,Wheat,Loam,0.32,882,0.4
5.98,Maize,Clay,0.89,962,4.61
11.43,Cotton,Loam,0.33,984,2.67
7.47,Cotton,Sandy,0.49,478,0.84
8.05,Cotton,Sandy,0.65,632,1.59
8.01,Wheat,Sandy,0.41,754,1.39
11.24,Cotton,Black,0.63,536,2.51
12.63,Maize,Sandy,0.9,1302,10.66
7.61,Maize,Clay,0.56,801,3.07
3.85,Millets,Loam,0.31,883,0.63
2.02,Rice,Black,0.33,1342,0.79
8.99,Maize,Black,0.6,1424,7.6
14.09,Millets,Clay,0.81,646,3.69
14.54,Rice,Sandy,0.44,1341,5.49
9.33,Rice,Clay,0.61,1075,4.89
12.45,Sugarcane,Clay,0.64,1163,13.9
13.14,Cotton,Black,0.61,974,5.15
2.51,Maize,Loam,0.45,399,0.49
5.03,Cotton,Sandy,0.58,463,0.65
14.89,Maize,Loam,0.49,645,5.08
8.72,Sugarcane,Loam,0.35,1110,6.1
11.27,Wheat,Clay,0.85,1030,6.91
1.05,Wheat,Clay,0.78,879,0.5
6.24,Wheat,Clay,0.83,1397,5.06
6.66,Rice,Black,0.3,985,1.73
7.42,Rice,Clay,0.49,545,1.59
9.05,Sugarcane,Clay,0.95,967,12.47
6.67,Wheat,Loam,0.83,1446,6.72
3.57,Maize,Black,0.51,321,0.58
14.0,Millets,Sandy,0.37,896,1.86
11.24,Cotton,Loam,0.71,889,5.11
3.77,Maize,Sandy,0.47,923,1.18
4.49,Millets,Loam,0.8,760,1.64
9.08,Wheat,Clay,0.54,1393,4.78
14.29,Wheat,Loam,0.33,667,2.64
11.59,Maize,Clay,0.85,854,7.57
6.48,Wheat,Black,0.72,484,1.74
5.29,Cotton,Black,0.54,619,1.17
5.03,Rice,Clay,0.43,1079,1.87
7.78,Wheat,Sandy,0.64,589,1.64
7.07,Cotton,Black,0.8,340,1.27
8.01,Sugarcane,Sandy,0.93,1080,9.65
6.31,Maize,Clay,0.49,1344,3.74
14.86,Cotton,Black,0.7,799,5.49
8.61,Millets,Sandy,0.33,1110,1.26
14.44,Rice,Clay,0.85,310,3.04
11.5,Maize,Sandy,0.9,1384,10.31
14.52,Rice,Sandy,0.41,1083,4.13
11.61,Rice,Clay,0.57,821,4.35
2.44,Wheat,Loam,0.42,1372,1.18
2.05,Cotton,Black,0.34,1328,0.61
11.63,Wheat,Black,0.85,1489,11.33
1.25,Sugarcane,Black,0.72,1331,1.98
7.61,Millets,Sandy,0.68,775,1.6
12.8,Wheat,Clay,0.44,1073,4.23
9.71,Rice,Black,0.4,754,2.58
10.68,Maize,Black,0.43,887,4.03
11.94,Sugarcane,Clay,0.41,937,6.88
7.74,Rice,Black,0.46,1091,3.42
13.55,Rice,Black,0.6,1055,7.55
4.46,Rice,Loam,0.74,869,2.75
7.32,Wheat,Sandy,0.64,527,1.38
8.46,Wheat,Black,0.78,482,2.45
12.57,Sugarcane,Clay,0.61,921,10.59
14.12,Maize,Black,0.89,898,11.17
5.56,Cotton,Clay,0.69,879,2.02
1.52,Rice,Sandy,0.72,472,0.33
2.64,Sugarcane,Black,0.61,1194,3.17
12.47,Rice,Clay,0.33,1420,4.67
12.32,Sugarcane,Black,0.77,335,5.24
9.84,Cotton,Black,0.42,1492,4.07
11.06,Cotton,Loam,0.86,771,5.28
13.06,Wheat,Loam,0.43,841,3.97
10.09,Sugarcane,Sandy,0.93,1179,13.28
5.17,Millets,Black,0.31,859,0.76
10.17,Maize,Loam,0.52,993,5.67
7.5,Sugarcane,Loam,0.66,1162,10.35
8.11,Maize,Clay,0.6,1216,5.33
3.03,Rice,Clay,0.83,1207,2.43
11.66,Wheat,Loam,0.78,471,3.6
7.36,Sugarcane,Sandy,0.71,491,3.08
13.92,Rice,Loam,0.72,1052,10.12
6.97,Cotton,Loam,0.85,328,1.4
13.51,Wheat,Sandy,0.63,1084,5.17
14.97,Maize,Sandy,0.73,870,6.85
2.64,Rice,Clay,0.33,1076,0.75
13.42,Wheat,Loam,0.75,1329,11.24
5.92,Rice,Clay,0.91,896,3.86
2.8,Maize,Loam,0.38,1161,1.33
2.39,Maize,Clay,0.51,1450,1.59
7.53,Maize,Loam,0.48,1334,5.21
8.76,Sugarcane,Sandy,0.86,783,7.08
6.86,Maize,Black,0.63,616,2.64
7.48,Maize,Sandy,0.48,480,1.24
11.02,Millets,Black,0.31,1476,2.77
7.59,Rice,Loam,0.6,879,3.84
12.26,Maize,Clay,0.83,374,3.43
7.32,Rice,Loam,0.62,1413,6.16
11.21,Sugarcane,Clay,0.46,1220,9.44
12.17,Rice,Black,0.32,1163,3.99
9.49,Maize,Clay,0.76,422,2.74
9.58,Sugarcane,Loam,0.4,540,3.72
6.15,Cotton,Loam,0.51,1333,3.01
14.87,Rice,Black,0.56,1151,8.43
13.77,Cotton,Sandy,0.54,651,2.32
11.05,Maize,Loam,0.43,1487,7.63
13.02,Sugarcane,Clay,0.92,798,14.34
3.31,Sugarcane,Black,0.91,408,2.03
8.38,Wheat,Loam,0.51,628,2.25
1.65,Cotton,Loam,0.76,542,0.49
14.96,Wheat,Clay,0.34,303,1.08
4.82,Millets,Clay,0.41,1480,1.46
2.71,Maize,Sandy,0.91,902,1.6
2.87,Millets,Loam,0.92,1092,1.73
9.99,Rice,Black,0.46,365,1.48
7.01,Cotton,Sandy,0.62,1429,2.98
7.65,Rice,Sandy,0.47,306,0.7
13.44,Millets,Clay,0.85,1088,6.21
7.65,Wheat,Black,0.66,692,2.69
5.73,Wheat,Clay,0.85,1192,4.06
13.51,Millets,Black,0.55,919,3.76
10.8,Sugarcane,Black,0.5,359,3.2
1.93,Sugarcane,Sandy,0.52,676,0.81
5.97,Maize,Sandy,0.74,638,2.03
9.51,Millets,Clay,0.64,1182,3.6
2.88,Rice,Clay,0.75,858,1.48
2.2,Millets,Sandy,0.78,1423,0.98
8.78,Wheat,Clay,0.45,1384,3.83
5.03,Millets,Sandy,0.68,311,0.43
6.06,Rice,Clay,0.62,1412,4.24
9.45,Wheat,Loam,0.38,824,2.49
9.82,Sugarcane,Black,0.35,661,3.75
2.66,Maize,Clay,0.62,1249,1.85
13.37,Cotton,Loam,0.59,891,5.06
9.71,Maize,Black,0.68,1372,8.97
1.98,Sugarcane,Sandy,0.64,703,1.07
5.7,Rice,Clay,0.48,589,1.29
6.02,Sugarcane,Black,0.86,599,5.12
4.78,Cotton,Clay,0.85,545,1.33
5.16,Sugarcane,Loam,0.46,1351,5.77
13.6,Millets,Sandy,0.75,304,1.24
7.38,Cotton,Black,0.88,870,3.73
2.07,Millets,Loam,0.78,1041,1.01
11.27,Rice,Clay,0.72,347,2.25
3.25,Wheat,Sandy,0.6,514,0.56
6.14,Cotton,Clay,0.89,1069,3.5
10.94,Sugarcane,Loam,0.88,677,11.73
7.86,Cotton,Loam,0.78,1011,4.46
3.41,Millets,Loam,0.58,1156,1.37
10.39,Cotton,Loam,0.65,1029,5.0
6.21,Rice,Black,0.66,441,1.59
14.69,Maize,Sandy,0.44,905,4.21
10.45,Millets,Loam,0.68,851,3.63
8.25,Maize,Sandy,0.82,338,1.65
9.19,Cotton,Black,0.45,498,1.36
10.45,Sugarcane,Black,0.62,842,9.0
3.69,Maize,Sandy,0.9,744,1.78
6.11,Sugarcane,Sandy,0.5,558,2.05
1.17,Wheat,Loam,0.35,672,0.23
14.34,Millets,Sandy,0.8,1253,5.75
11.99,Maize,Sandy,0.41,1428,5.05
12.75,Cotton,Sandy,0.84,1203,6.18
1.88,Rice,Clay,0.41,314,0.19
12.53,Rice,Sandy,0.45,330,1.19
8.07,Maize,Loam,0.69,862,5.18
3.17,Rice,Black,0.67,1097,2.05
7.3,Cotton,Clay,0.44,995,1.92
2.54,Cotton,Sandy,0.84,1466,1.5
2.07,Wheat,Black,0.65,1374,1.42
4.42,Wheat,Loam,0.66,1067,2.61
6.65,Wheat,Clay,0.89,1224,5.07
2.4,Cotton,Clay,0.92,398,0.53
11.9,Cotton,Loam,0.71,1036,6.3
12.53,Maize,Clay,0.82,798,7.38
1.88,Millets,Loam,0.37,1030,0.43
14.68,Sugarcane,Sandy,0.52,893,8.18
6.97,Rice,Loam,0.64,1004,4.3
8.94,Wheat,Loam,0.38,621,1.77
11.24,Sugarcane,Sandy,0.86,393,4.56
1.49,Rice,Sandy,0.79,547,0.41
14.05,Maize,Clay,0.59,1427,10.65
6.75,Maize,Sandy,0.95,1002,4.63
5.4,Maize,Sandy,0.8,633,1.97
1.66,Maize,Clay,0.82,1283,1.57
1.6,Rice,Black,0.64,1411,1.27
14.37,Cotton,Clay,0.66,1335,7.6
12.33,Maize,Sandy,0.79,1003,7.03
14.39,Sugarcane,Loam,0.85,342,7.53
11.26,Rice,Loam,0.72,507,3.95
9.3,Sugarcane,Loam,0.68,491,5.59
2.61,Millets,Loam,0.72,479,0.54
6.43,Rice,Loam,0.92,1419,8.06
6.72,Wheat,Sandy,0.35,818,1.08
2.67,Sugarcane,Black,0.66,937,2.72
13.77,Sugarcane,Black,0.36,1411,11.54
9.82,Sugarcane,Clay,0.59,880,7.65
11.42,Cotton,Sandy,0.71,775,3.02
14.98,Millets,Black,0.85,469,3.28
2.15,Rice,Black,0.93,543,0.96
14.1,Cotton,Black,0.61,898,5.1
12.77,Millets,Loam,0.66,1331,6.73
2.86,Wheat,Sandy,0.84,1068,1.44
11.73,Rice,Clay,0.75,1421,10.0
11.21,Sugarcane,Loam,0.31,699,4.37
3.46,Rice,Loam,0.75,446,1.11
5.19,Wheat,Clay,0.67,1254,3.05
7.49,Sugarcane,Sandy,0.47,1221,5.16
14.66,Rice,Black,0.83,1066,11.41
1.46,Cotton,Loam,0.87,459,0.42
2.44,Sugarcane,Loam,0.92,1158,4.68
2.45,Millets,Loam,0.69,636,0.65
7.32,Sugarcane,Clay,0.91,682,6.81
2.89,Sugarcane,Loam,0.4,597,1.24
5.46,Sugarcane,Black,0.58,966,5.05
6.31,Cotton,Loam,0.76,808,2.79
8.39,Sugarcane,Sandy,0.49,742,3.66
8.11,Wheat,Loam,0.37,373,0.94
12.1,Rice,Loam,0.36,925,3.87
8.69,Maize,Clay,0.69,881,4.75
13.81,Rice,Sandy,0.66,1426,8.32
5.7,Millets,Loam,0.83,890,2.53
12.47,Maize,Black,0.92,1338,15.2
3.05,Millets,Clay,0.93,751,1.07
5.6,Wheat,Sandy,0.3,1059,1.0
3.16,Rice,Sandy,0.69,800,1.12
2.01,Sugarcane,Clay,0.36,316,0.34
12.93,Maize,Clay,0.33,1208,4.64
12.48,Rice,Sandy,0.33,852,2.25
9.58,Rice,Black,0.67,1438,8.12
5.42,Rice,Loam,0.94,1000,4.89
3.43,Millets,Loam,0.51,530,0.56
6.82,Cotton,Loam,0.62,625,1.9
7.64,Sugarcane,Clay,0.3,1440,4.95
8.19,Maize,Sandy,0.48,1314,3.72
1.53,Wheat,Clay,0.61,1356,0.89
12.72,Rice,Loam,0.81,472,4.67
10.79,Maize,Black,0.68,1037,7.53
12.34,Cotton,Loam,0.47,1036,4.33
13.74,Millets,Loam,0.64,1392,7.34
1.23,Cotton,Loam,0.32,901,0.26
13.79,Wheat,Sandy,0.78,925,5.57
9.86,Millets,Loam,0.79,1475,6.89
7.06,Sugarcane,Loam,0.74,841,7.91
2.2,Cotton,Black,0.79,794,0.91
7.91,Maize,Clay,0.52,1367,5.06
13.39,Maize,Clay,0.63,514,3.9
13.55,Millets,Black,0.38,1130,3.2
4.44,Rice,Clay,0.84,451,1.35
8.0,Rice,Loam,0.84,1249,8.06
13.09,Rice,Sandy,0.57,1189,5.68
5.16,Sugarcane,Black,0.7,1069,6.37
7.07,Rice,Loam,0.55,769,2.87
8.47,Cotton,Sandy,0.36,1488,2.18
8.15,Cotton,Black,0.39,826,1.73
1.76,Wheat,Loam,0.92,928,1.26
14.72,Maize,Clay,0.3,860,3.42
14.5,Rice,Sandy,0.36,1270,4.24
12.71,Wheat,Black,0.91,626,5.58
6.62,Maize,Loam,0.87,780,4.85
4.03,Sugarcane,Sandy,0.46,569,1.27
13.62,Sugarcane,Clay,0.46,1095,10.29
4.18,Wheat,Sandy,0.37,474,0.41
4.04,Millets,Black,0.57,301,0.38
9.14,Millets,Clay,0.93,528,2.24
10.0,Sugarcane,Sandy,0.56,543,3.65
14.79,Rice,Sandy,0.95,442,3.97
2.71,Maize,Sandy,0.9,1199,2.11
14.61,Sugarcane,Loam,0.35,375,3.45
3.72,Maize,Black,0.78,1199,3.44
5.62,Rice,Loam,0.47,1437,3.64
13.67,Maize,Black,0.54,493,3.6
12.24,Millets,Loam,0.88,1083,7.0
6.43,Rice,Loam,0.49,426,1.29
2.09,Cotton,Sandy,0.82,1209,0.99
2.65,Millets,Sandy,0.9,1329,1.27
10.25,Maize,Sandy,0.59,1400,6.1
14.66,Millets,Sandy,0.94,1148,6.33
2.38,Rice,Loam,0.47,1355,1.46
10.72,Millets,Sandy,0.89,970,3.7
3.88,Cotton,Loam,0.59,517,0.85
9.49,Millets,Loam,0.86,1337,6.55
7.75,Maize,Black,0.52,491,1.96
9.47,Sugarcane,Loam,0.82,818,11.43
7.51,Wheat,Loam,0.31,831,1.63
12.01,Sugarcane,Clay,0.91,348,5.7
12.05,Sugarcane,Loam,0.84,1170,21.32
3.85,Maize,Clay,0.47,401,0.65
8.15,Wheat,Loam,0.41,1100,3.09
2.31,Millets,Clay,0.79,550,0.5
11.59,Cotton,Black,0.62,939,4.45
7.97,Cotton,Clay,0.49,1473,3.45
6.68,Cotton,Loam,0.49,1121,2.64
6.88,Millets,Loam,0.78,1020,3.28
10.33,Sugarcane,Black,0.84,429,6.14
4.17,Rice,Sandy,0.6,501,0.8
13.19,Sugarcane,Loam,0.57,601,8.13
4.88,Rice,Loam,0.42,782,1.54
7.79,Cotton,Clay,0.37,451,0.78
13.28,Cotton,Sandy,0.52,998,3.31
13.82,Millets,Black,0.44,891,2.98
13.07,Wheat,Clay,0.73,386,2.58
5.97,Cotton,Sandy,0.48,1212,1.67
13.54,Cotton,Clay,0.64,472,2.45
13.36,Rice,Black,0.31,629,2.29
14.88,Sugarcane,Black,0.85,1334,27.84
1.96,Rice,Sandy,0.31,734,0.29
3.57,Wheat,Clay,0.6,885,1.33
14.47,Maize,Black,0.62,1476,13.11
3.95,Rice,Clay,0.53,1009,1.69
14.91,Rice,Sandy,0.37,1337,4.72
14.86,Millets,Clay,0.66,1233,6.05
10.9,Maize,Clay,0.94,841,7.76
13.68,Rice,Black,0.4,1497,7.21
10.4,Cotton,Loam,0.44,413,1.36
8.84,Maize,Clay,0.66,303,1.59
1.83,Millets,Black,0.87,1341,1.17
11.32,Rice,Loam,0.7,936,7.12
4.62,Wheat,Clay,0.61,414,0.82
1.31,Maize,Loam,0.72,993,1.01
3.93,Maize,Black,0.89,317,1.1
4.61,Rice,Black,0.41,1478,2.46
5.57,Rice,Sandy,0.91,949,3.08
7.47,Millets,Sandy,0.65,1001,1.94
10.77,Rice,Clay,0.44,889,3.37
6.87,Sugarcane,Sandy,0.79,436,2.84
1.26,Rice,Black,0.58,504,0.32
9.62,Maize,Black,0.7,1197,7.98
13.19,Cotton,Black,0.68,1319,7.81
3.47,Millets,Loam,0.44,1413,1.29
12.72,Maize,Black,0.81,1136,11.59
13.92,Sugarcane,Sandy,0.52,1007,8.75
10.71,Cotton,Loam,0.39,636,1.91
9.92,Maize,Loam,0.79,992,8.4
5.95,Sugarcane,Sandy,0.33,361,0.85
14.43,Maize,Black,0.77,1415,15.56
8.76,Maize,Loam,0.47,1079,4.8
2.75,Rice,Clay,0.66,1391,2.02
6.73,Millets,Clay,0.59,506,1.0
5.76,Millets,Sandy,0.69,339,0.54
4.22,Rice,Loam,0.41,1460,2.43
8.35,Rice,Clay,0.33,442,0.97
3.4,Rice,Black,0.34,1450,1.48
1.56,Wheat,Black,0.39,408,0.19
8.98,Sugarcane,Loam,0.73,1409,16.63
10.54,Cotton,Clay,0.56,897,3.18
9.94,Sugarcane,Sandy,0.86,419,4.3
9.82,Rice,Sandy,0.52,518,1.69
2.39,Cotton,Black,0.63,437,0.43
12.15,Millets,Loam,0.53,1422,5.49
4.2,Wheat,Clay,0.89,976,2.55
13.97,Cotton,Loam,0.76,866,6.62
14.62,Sugarcane,Black,0.88,862,18.3
9.13,Rice,Sandy,0.36,1161,2.44
2.68,Millets,Loam,0.58,388,0.36
14.25,Millets,Black,0.93,609,4.44
2.23,Millets,Black,0.8,1197,1.17
8.9,Rice,Loam,0.31,1403,3.72
1.73,Millets,Sandy,0.61,844,0.36
9.37,Millets,Sandy,0.8,1262,3.78
14.52,Sugarcane,Sandy,0.46,309,2.48
12.19,Cotton,Loam,0.56,531,2.61
7.47,Millets,Loam,0.77,888,3.06
1.83,Maize,Clay,0.54,1032,0.92
3.64,Cotton,Loam,0.66,1313,2.27
12.97,Millets,Loam,0.58,904,4.08
9.17,Cotton,Clay,0.48,885,2.34
5.7,Cotton,Sandy,0.35,1058,1.01
11.95,Sugarcane,Loam,0.94,896,18.12
11.52,Wheat,Black,0.35,846,2.63
1.72,Rice,Black,0.82,764,0.95
3.27,Cotton,Black,0.3,1211,0.78
9.52,Cotton,Clay,0.67,747,2.86
6.7,Millets,Black,0.46,394,0.67
5.66,Cotton,Sandy,0.71,1494,2.88
7.59,Wheat,Loam,0.84,1055,5.65
5.47,Rice,Black,0.46,822,1.82
7.44,Millets,Black,0.59,656,1.58
11.47,Sugarcane,Loam,0.72,1493,22.19
3.14,Maize,Clay,0.84,400,0.95
1.58,Maize,Black,0.76,1278,1.52
2.94,Millets,Sandy,0.42,1025,0.51
8.98,Rice,Sandy,0.42,1476,3.56
10.0,Cotton,Loam,0.73,499,2.62
4.29,Sugarcane,Loam,0.51,1454,5.73
4.76,Wheat,Sandy,0.73,1354,2.63
8.51,Millets,Clay,0.51,411,0.89
6.79,Rice,Sandy,0.84,452,1.65
8.86,Cotton,Clay,0.33,883,1.55
14.42,Cotton,Loam,0.39,579,2.34
12.06,Rice,Loam,0.41,662,3.14
9.87,Wheat,Loam,0.46,506,1.93
8.7,Cotton,Loam,0.3,697,1.31
13.12,Millets,Black,0.65,784,3.68
4.13,Sugarcane,Loam,0.75,793,4.42
12.51,Maize,Clay,0.78,1146,10.06
11.81,Sugarcane,Black,0.48,1320,12.35
2.45,Cotton,Black,0.33,1414,0.75
8.72,Sugarcane,Sandy,0.67,1301,9.12
9.69,Sugarcane,Sandy,0.74,1178,10.14
4.45,Cotton,Sandy,0.79,538,0.91
4.84,Millets,Black,0.56,1444,2.15
1.42,Maize,Loam,0.41,526,0.33
2.93,Millets,Black,0.33,958,0.51
2.69,Sugarcane,Loam,0.74,1123,4.02
14.17,Sugarcane,Loam,0.89,746,16.93
6.04,Wheat,Clay,0.38,1331,2.14
9.89,Rice,Loam,0.51,1407,6.81
1.94,Millets,Loam,0.5,1457,0.85
11.4,Rice,Loam,0.51,1443,8.05
12.17,Wheat,Sandy,0.57,852,3.31
11.88,Cotton,Sandy,0.85,1112,5.39
14.63,Cotton,Loam,0.48,616,3.11
14.57,Rice,Sandy,0.37,1162,4.01
3.31,Cotton,Black,0.39,427,0.36
12.75,Wheat,Sandy,0.45,968,3.11
10.92,Cotton,Loam,0.49,991,3.82
6.66,Cotton,Black,0.86,1389,5.25
7.16,Maize,Sandy,0.56,532,1.54
8.78,Cotton,Loam,0.41,1072,2.78
3.28,Millets,Loam,0.84,640,1.06
5.89,Wheat,Loam,0.47,1119,2.6
6.46,Sugarcane,Loam,0.38,632,2.79
2.86,Wheat,Clay,0.46,807,0.74
12.98,Cotton,Loam,0.36,856,2.88
4.21,Millets,Black,0.82,563,1.07
1.41,Millets,Sandy,0.58,1187,0.39
3.21,Maize,Clay,0.81,1431,3.35
8.63,Sugarcane,Loam,0.84,1432,18.69
2.5,Wheat,Loam,0.44,1272,1.18
8.52,Millets,Black,0.34,1260,2.01
8.77,Maize,Sandy,0.91,1212,6.96
11.51,Cotton,Sandy,0.66,986,3.6
2.3,Sugarcane,Sandy,0.34,1215,1.14
14.47,Millets,Sandy,0.63,1039,3.79
3.48,Cotton,Loam,0.89,674,1.5
9.11,Cotton,Clay,0.62,334,1.13
8.31,Sugarcane,Loam,0.88,1355,17.84
11.17,Rice,Sandy,0.92,929,6.11
9.45,Cotton,Sandy,0.55,926,2.31
11.18,Wheat,Black,0.63,1173,6.36
12.94,Cotton,Loam,0.57,991,5.26
3.86,Maize,Black,0.65,987,2.45
12.31,Cotton,Black,0.7,1309,7.44
4.92,Sugarcane,Black,0.51,1383,5.73
4.57,Maize,Black,0.37,599,1.0
2.89,Millets,Loam,0.37,1003,0.64
10.8,Sugarcane,Clay,0.8,1445,18.73
4.16,Millets,Loam,0.51,1336,1.7
14.83,Wheat,Sandy,0.65,393,2.12
6.58,Maize,Clay,0.44,881,2.3
5.49,Rice,Sandy,0.57,365,0.73
14.15,Rice,Sandy,0.81,1125,8.25
13.67,Rice,Loam,0.56,632,4.64
12.54,Wheat,Clay,0.76,699,4.66
1.14,Millets,Black,0.72,405,0.18
10.1,Sugarcane,Black,0.75,1405,17.56
14.99,Rice,Loam,0.82,895,10.56
8.38,Sugarcane,Loam,0.57,1434,12.33
5.89,Rice,Loam,0.62,1079,3.78
6.96,Cotton,Black,0.31,467,0.67
11.88,Rice,Loam,0.44,1168,5.86
9.38,Sugarcane,Black,0.72,483,5.38
4.84,Maize,Loam,0.44,1225,2.82
4.67,Cotton,Clay,0.37,489,0.51
12.03,Wheat,Sandy,0.45,658,1.99
9.88,Wheat,Clay,0.75,615,3.19
11.39,Maize,Clay,0.3,1466,4.51
8.41,Sugarcane,Loam,0.89,1006,13.55
8.05,Sugarcane,Clay,0.41,912,4.52
8.13,Sugarcane,Clay,0.51,651,4.05
1.13,Sugarcane,Loam,0.53,1022,1.1
7.4,Rice,Sandy,0.8,839,3.18
12.76,Sugarcane,Sandy,0.45,820,5.65
1.04,Cotton,Sandy,0.32,477,0.08
12.75,Maize,Clay,0.67,958,7.37
2.51,Maize,Clay,0.56,475,0.6
14.68,Cotton,Loam,0.89,937,8.81
12.42,Wheat,Sandy,0.37,1161,2.99
8.46,Millets,Clay,0.58,886,2.17
4.24,Rice,Loam,0.88,1186,4.25
14.73,Sugarcane,Black,0.77,1049,19.63
5.99,Cotton,Sandy,0.6,1431,2.47
11.44,Maize,Black,0.36,1251,5.1
11.09,Millets,Loam,0.81,1138,6.13
6.65,Cotton,Clay,0.86,1200,4.12
13.71,Maize,Loam,0.44,371,2.42
9.31,Maize,Sandy,0.49,1046,3.44
2.08,Wheat,Sandy,0.64,1157,0.86
11.03,Rice,Black,0.37,714,2.56
8.1,Sugarcane,Black,0.71,754,7.15
9.22,Sugarcane,Black,0.8,726,8.84
5.78,Millets,Black,0.94,1298,3.88
8.64,Wheat,Sandy,0.35,427,0.72
3.36,Sugarcane,Black,0.71,1010,3.98
1.62,Cotton,Black,0.85,1466,1.33
1.74,Millets,Sandy,0.39,426,0.12
13.26,Millets,Clay,0.64,1222,5.19
13.43,Cotton,Sandy,0.47,396,1.2
7.24,Maize,Loam,0.6,1101,5.17
4.46,Wheat,Loam,0.67,1316,3.3
9.13,Cotton,Loam,0.47,602,1.86
9.38,Maize,Loam,0.48,1471,7.15
5.79,Cotton,Sandy,0.8,1272,2.83
6.73,Wheat,Clay,0.83,973,3.8
1.63,Maize,Loam,0.71,309,0.39
13.62,Maize,Black,0.71,594,5.69
1.64,Millets,Sandy,0.78,616,0.32
2.29,Rice,Loam,0.8,457,0.8
1.12,Cotton,Clay,0.93,846,0.53
4.0,Cotton,Sandy,0.36,1216,0.84
11.48,Millets,Black,0.66,1129,4.7
7.86,Maize,Clay,0.41,1195,3.47
7.36,Millets,Loam,0.4,432,0.76
13.91,Cotton,Sandy,0.42,374,1.05
10.3,Millets,Sandy,0.63,748,1.94
2.91,Wheat,Loam,0.56,934,1.28
9.21,Wheat,Sandy,0.37,550,1.05
1.4,Maize,Clay,0.68,576,0.49
12.14,Wheat,Loam,0.95,1399,13.55
13.29,Cotton,Loam,0.44,388,1.63
5.02,Sugarcane,Black,0.76,1263,7.95
2.37,Millets,Black,0.84,680,0.74
3.14,Sugarcane,Black,0.46,1083,2.58
4.31,Millets,Loam,0.89,1108,2.55
14.12,Wheat,Loam,0.73,1279,11.07
4.95,Maize,Loam,0.92,1376,6.77
3.66,Wheat,Loam,0.53,450,0.73
2.77,Maize,Loam,0.38,670,0.76
10.21,Cotton,Clay,0.62,1476,5.61
13.57,Maize,Loam,0.64,1162,10.9
14.1,Rice,Clay,0.39,315,1.39
6.86,Sugarcane,Clay,0.72,1230,9.11
14.93,Cotton,Black,0.7,1067,7.36
3.55,Sugarcane,Black,0.75,1159,5.09
13.34,Maize,Loam,0.34,1084,5.31
1.75,Rice,Clay,0.57,914,0.73
13.73,Millets,Sandy,0.74,886,3.6
4.06,Sugarcane,Loam,0.36,1296,3.41
5.46,Rice,Loam,0.49,948,2.43
13.88,Wheat,Black,0.67,325,2.33
2.0,Maize,Clay,0.56,1251,1.26
4.43,Sugarcane,Clay,0.86,489,2.79
13.51,Cotton,Sandy,0.94,613,3.74
3.81,Millets,Clay,0.49,426,0.4
4.45,Wheat,Clay,0.79,1094,2.69
13.03,Rice,Sandy,0.68,1209,6.86
1.12,Cotton,Loam,0.59,871,0.41
8.79,Sugarcane,Loam,0.74,1175,13.76
8.84,Sugarcane,Sandy,0.43,352,1.61
8.31,Sugarcane,Loam,0.93,417,5.8
4.52,Wheat,Sandy,0.47,1383,1.65
12.96,Wheat,Sandy,0.58,954,4.02
2.94,Millets,Loam,0.61,945,1.02
5.48,Wheat,Sandy,0.74,955,2.17
2.87,Wheat,Clay,0.35,1094,0.77
6.55,Cotton,Clay,0.52,365,0.75
9.14,Sugarcane,Sandy,0.61,426,2.85
9.23,Wheat,Clay,0.52,1138,3.82
3.11,Wheat,Black,0.35,1242,1.04
12.71,Maize,Sandy,0.38,694,2.41
14.81,Rice,Sandy,0.62,1191,7.0
1.05,Rice,Sandy,0.73,769,0.38
12.19,Wheat,Loam,0.5,1135,5.81
3.86,Sugarcane,Loam,0.35,842,2.05
4.25,Millets,Black,0.44,488,0.5
14.27,Sugarcane,Clay,0.86,597,10.99
13.24,Cotton,Black,0.42,766,2.81
11.09,Millets,Loam,0.75,1099,5.48
9.14,Wheat,Loam,0.71,499,2.72
2.73,Maize,Loam,0.79,1180,2.75
7.45,Cotton,Black,0.81,1333,5.31
9.64,Millets,Black,0.42,792,1.76
7.98,Maize,Black,0.79,1080,6.74
14.24,Cotton,Black,0.71,555,3.7
12.96,Maize,Sandy,0.66,730,4.5
10.62,Wheat,Loam,0.92,634,5.2
4.05,Wheat,Sandy,0.65,463,0.68
9.65,Rice,Loam,0.35,591,1.92
12.17,Cotton,Clay,0.65,527,2.5
7.38,Millets,Black,0.49,1057,2.1
9.71,Cotton,Loam,0.32,1288,2.88
13.18,Wheat,Black,0.36,372,1.36
9.31,Cotton,Sandy,0.34,617,0.94
6.41,Millets,Sandy,0.78,1360,2.72
5.36,Sugarcane,Clay,0.52,1295,5.41
13.78,Maize,Loam,0.9,1321,17.69
7.97,Maize,Sandy,0.45,970,2.5
7.6,Wheat,Clay,0.59,923,2.9
9.09,Millets,Sandy,0.54,1402,2.75
14.18,Rice,Clay,0.41,832,3.87
1.87,Sugarcane,Clay,0.69,607,1.17
8.49,Rice,Clay,0.73,342,1.7
14.66,Sugarcane,Loam,0.89,580,13.62
6.83,Sugarcane,Clay,0.32,592,1.94
10.49,Sugarcane,Sandy,0.81,307,3.13
7.29,Maize,Loam,0.33,1245,3.23
5.82,Sugarcane,Loam,0.7,459,3.37
14.7,Cotton,Clay,0.77,1331,9.04
5.26,Maize,Sandy,0.84,452,1.44
11.88,Wheat,Clay,0.38,984,3.11
12.03,Wheat,Black,0.38,1251,4.4
7.77,Maize,Loam,0.53,893,3.97
2.76,Millets,Sandy,0.59,1368,0.89
11.83,Maize,Sandy,0.62,481,2.54
13.13,Maize,Loam,0.73,1288,13.33
2.85,Cotton,Black,0.81,1082,1.65
1.52,Rice,Sandy,0.63,682,0.42
9.89,Millets,Clay,0.55,1188,3.23
4.18,Millets,Loam,0.61,1008,1.54
5.5,Sugarcane,Black,0.43,1130,4.41
11.61,Wheat,Sandy,0.5,1172,3.81
14.88,Maize,Loam,0.92,484,7.16
5.31,Rice,Clay,0.45,843,1.61
8.19,Sugarcane,Black,0.49,1132,7.5
8.69,Wheat,Black,0.48,660,2.12
8.0,Cotton,Sandy,0.35,1318,1.77
3.67,Rice,Loam,0.34,894,1.07
11.56,Cotton,Clay,0.7,655,3.18
1.14,Maize,Black,0.76,641,0.55
8.45,Cotton,Sandy,0.44,1485,2.65
9.1,Wheat,Sandy,0.9,494,2.27
7.94,Millets,Clay,0.7,1278,3.55
8.34,Millets,Clay,0.43,1172,2.1
9.43,Millets,Sandy,0.77,489,1.42
3.87,Rice,Clay,0.77,641,1.53
9.79,Millets,Clay,0.43,1475,3.1
5.96,Cotton,Sandy,0.5,1353,1.94
3.49,Cotton,Sandy,0.86,463,0.67
9.0,Cotton,Black,0.9,966,5.16
1.75,Maize,Clay,0.71,377,0.42
3.15,Wheat,Black,0.73,502,0.89
6.28,Sugarcane,Sandy,0.48,590,2.13
3.8,Maize,Sandy,0.44,347,0.42
10.43,Millets,Sandy,0.42,933,1.63
2.83,Sugarcane,Clay,0.48,988,2.01
9.87,Cotton,Black,0.44,637,1.83
4.98,Sugarcane,Sandy,0.73,619,2.7
4.85,Millets,Black,0.9,1254,3.01
3.4,Wheat,Sandy,0.8,1168,1.78
1.21,Maize,Sandy,0.55,876,0.42
11.04,Millets,Black,0.45,1470,4.02
3.86,Millets,Sandy,0.92,918,1.3
2.48,Millets,Loam,0.63,1313,1.23
3.73,Millets,Black,0.39,385,0.31
5.37,Sugarcane,Black,0.84,643,4.79
14.84,Maize,Black,0.78,313,3.59
14.53,Millets,Black,0.42,572,1.92
9.66,Sugarcane,Clay,0.59,1163,9.94
6.04,Rice,Black,0.56,1214,3.61
5.59,Rice,Sandy,0.9,1452,4.68
12.43,Cotton,Loam,0.78,710,4.96
14.61,Millets,Loam,0.67,1227,7.21
7.73,Sugarcane,Clay,0.83,724,6.97
2.37,Millets,Black,0.78,1041,1.06
5.81,Maize,Black,0.53,1191,3.63
4.3,Sugarcane,Black,0.65,713,3.29
1.32,Maize,Sandy,0.86,1458,1.19
7.21,Wheat,Sandy,0.57,1412,3.25
13.47,Wheat,Black,0.57,1263,7.47
11.43,Sugarcane,Clay,0.76,979,12.76
4.41,Rice,Clay,0.47,1211,2.01
13.08,Sugarcane,Sandy,0.64,441,4.43
7.72,Cotton,Clay,0.75,1429,4.96
9.77,Wheat,Sandy,0.4,943,2.06
12.73,Millets,Black,0.33,579,1.34
10.45,Maize,Black,0.31,381,1.22
13.89,Sugarcane,Loam,0.85,314,6.67
14.57,Cotton,Black,0.32,726,2.23
3.33,Rice,Loam,0.47,1347,2.02
6.25,Cotton,Black,0.82,313,1.06
10.86,Wheat,Clay,0.57,625,2.71
7.24,Cotton,Clay,0.64,918,2.55
10.56,Maize,Sandy,0.9,1491,10.2
14.88,Maize,Clay,0.89,1138,13.56
12.6,Wheat,Sandy,0.64,441,1.99
7.78,Maize,Loam,0.7,1139,6.7
14.8,Wheat,Clay,0.93,775,7.47
5.38,Sugarcane,Sandy,0.83,710,3.8
14.17,Cotton,Loam,0.42,1380,5.91
13.78,Sugarcane,Black,0.4,941,8.56
9.78,Cotton,Clay,0.52,384,1.17
6.24,Millets,Loam,0.41,306,0.47
6.98,Sugarcane,Loam,0.43,1429,7.72
10.49,Cotton,Clay,0.54,499,1.7
8.86,Sugarcane,Sandy,0.38,1268,5.12
3.49,Sugarcane,Sandy,0.31,1500,1.95
4.87,Cotton,Sandy,0.91,1484,3.16
13.53,Wheat,Loam,0.44,981,4.91
14.53,Maize,Loam,0.73,1226,14.04
9.15,Maize,Black,0.66,1247,7.46
4.46,Millets,Loam,0.54,598,0.86
4.63,Wheat,Black,0.33,1398,1.64
13.35,Millets,Black,0.74,436,2.37
10.65,Cotton,Loam,0.3,616,1.42
13.19,Wheat,Sandy,0.42,1403,4.35
9.72,Wheat,Black,0.33,533,1.32
4.01,Rice,Clay,0.5,1192,1.91
4.96,Cotton,Sandy,0.55,1495,1.96
2.63,Cotton,Loam,0.91,987,1.7
7.06,Sugarcane,Clay,0.78,742,6.13
8.54,Millets,Sandy,0.4,1087,1.49
14.31,Millets,Black,0.56,435,1.92
8.12,Millets,Loam,0.87,323,1.37
4.05,Sugarcane,Loam,0.66,1180,5.68
10.68,Maize,Black,0.78,1305,10.76
8.27,Rice,Loam,0.82,1058,6.89
3.3,Cotton,Black,0.56,708,0.86
10.66,Sugarcane,Black,0.82,1258,18.14
10.85,Cotton,Clay,0.93,506,3.06
10.31,Maize,Clay,0.72,990,6.61
7.02,Wheat,Loam,0.63,767,2.85
11.05,Millets,Black,0.48,1106,3.23
6.74,Wheat,Clay,0.58,483,1.32
4.4,Cotton,Clay,0.65,1120,1.92
1.19,Sugarcane,Sandy,0.41,702,0.41
11.14,Sugarcane,Sandy,0.79,1321,13.95
2.7,Wheat,Black,0.5,665,0.69
8.0,Cotton,Sandy,0.8,1441,4.43
11.26,Rice,Loam,0.37,871,3.48
3.67,Rice,Loam,0.62,1017,2.22
4.43,Sugarcane,Sandy,0.54,679,1.95
2.08,Rice,Sandy,0.67,506,0.45
9.46,Maize,Loam,0.53,1002,5.43
6.34,Wheat,Black,0.74,350,1.26
8.73,Sugarcane,Loam,0.33,1417,7.35
2.91,Cotton,Black,0.82,479,0.75
5.09,Maize,Sandy,0.78,663,1.9
13.16,Rice,Clay,0.54,862,4.9
5.31,Maize,Clay,0.75,775,2.78
5.59,Rice,Clay,0.52,1132,2.63
10.86,Rice,Loam,0.51,1462,7.77
2.76,Millets,Sandy,0.88,1141,1.11
13.34,Maize,Black,0.77,642,6.53
5.16,Sugarcane,Loam,0.44,383,1.57
11.49,Maize,Clay,0.4,555,2.3
1.74,Millets,Sandy,0.57,1342,0.53
13.87,Millets,Black,0.93,514,3.65
4.64,Millets,Black,0.74,495,0.93
6.17,Rice,Sandy,0.57,1074,2.42
14.03,Maize,Loam,0.37,778,4.36
2.03,Rice,Black,0.58,992,1.03
4.04,Millets,Sandy,0.73,1109,1.31
5.09,Millets,Loam,0.61,1124,2.09
6.62,Maize,Clay,0.8,866,4.13
8.87,Millets,Clay,0.68,515,1.55
8.88,Cotton,Black,0.34,310,0.62
4.4,Sugarcane,Loam,0.88,649,4.52
13.38,Cotton,Black,0.83,521,3.82
6.56,Wheat,Black,0.74,1256,4.69
2.73,Cotton,Black,0.85,1047,1.6
2.92,Maize,Sandy,0.75,972,1.53
6.75,Rice,Clay,0.56,1109,3.35
12.11,Rice,Clay,0.65,917,5.77
11.04,Wheat,Clay,0.95,724,5.32
3.04,Millets,Loam,0.65,649,0.77
12.56,Sugarcane,Sandy,0.68,1293,13.25
11.8,Sugarcane,Clay,0.77,441,6.01
13.12,Cotton,Clay,0.52,367,1.5
9.08,Millets,Black,0.64,1228,3.92
10.63,Rice,Clay,0.42,723,2.58
7.07,Sugarcane,Black,0.31,979,3.54
3.31,Millets,Sandy,0.85,1111,1.25
2.39,Millets,Loam,0.5,1216,0.87
7.27,Maize,Clay,0.53,803,2.78
13.65,Cotton,Black,0.82,726,5.36
3.75,Millets,Sandy,0.82,1477,1.82
10.98,Rice,Loam,0.71,914,6.84
1.1,Cotton,Loam,0.86,1469,1.0
5.55,Cotton,Loam,0.7,665,1.86
5.65,Wheat,Clay,0.84,1494,4.96
5.82,Rice,Loam,0.93,388,2.02
11.41,Millets,Clay,0.75,448,1.92
2.61,Maize,Black,0.74,821,1.57
9.91,Sugarcane,Loam,0.58,1493,15.45
1.02,Millets,Black,0.37,1159,0.24
14.86,Cotton,Clay,0.85,573,4.34
14.43,Millets,Clay,0.51,1271,4.68
11.55,Millets,Sandy,0.92,1034,4.39
6.63,Maize,Loam,0.31,1340,2.97
13.47,Cotton,Loam,0.79,1384,10.6
8.59,Millets,Black,0.4,1157,2.19
12.14,Maize,Black,0.85,647,6.61
1.51,Sugarcane,Black,0.58,834,1.21
13.93,Millets,Sandy,0.48,1330,3.56
8.89,Millets,Clay,0.75,678,2.26
9.74,Sugarcane,Loam,0.8,493,6.91
4.69,Millets,Black,0.37,513,0.49
10.83,Cotton,Sandy,0.36,817,1.53
10.03,Wheat,Clay,0.41,1327,3.82
2.25,Sugarcane,Loam,0.89,787,2.84
8.19,Cotton,Sandy,0.59,1047,2.43
8.24,Sugarcane,Black,0.87,951,11.25
9.87,Wheat,Clay,0.75,784,4.06
6.28,Rice,Clay,0.75,946,3.56
9.06,Rice,Black,0.76,892,5.4
1.83,Rice,Loam,0.76,1369,1.83
2.34,Sugarcane,Sandy,0.65,800,1.46
9.47,Sugarcane,Loam,0.77,1150,15.09
8.11,Rice,Clay,0.42,798,2.17
8.26,Rice,Loam,0.41,1401,4.55
3.75,Maize,Clay,0.38,1273,1.63
8.34,Cotton,Clay,0.88,1332,5.87
6.29,Maize,Sandy,0.37,1250,2.09
7.48,Maize,Black,0.44,1150,3.75
12.07,Maize,Clay,0.53,1455,8.38
8.44,Maize,Black,0.6,1428,7.16
8.8,Rice,Sandy,0.85,323,1.55
14.34,Rice,Sandy,0.71,1184,7.72
7.99,Millets,Loam,0.62,1241,3.69
7.36,Cotton,Sandy,0.6,526,1.11
14.84,Millets,Sandy,0.68,1146,4.63
11.78,Millets,Black,0.87,625,3.52
4.29,Wheat,Sandy,0.56,763,1.03
11.82,Wheat,Clay,0.88,703,5.12
5.7,Cotton,Clay,0.31,1155,1.22
1.73,Wheat,Black,0.62,377,0.31
7.99,Cotton,Black,0.34,1051,1.88
10.02,Maize,Sandy,0.88,1148,7.29
14.99,Sugarcane,Sandy,0.76,873,11.93
9.6,Cotton,Black,0.45,846,2.41
5.21,Maize,Black,0.75,1416,5.48
14.94,Maize,Sandy,0.69,316,2.35
12.8,Millets,Loam,0.35,1284,3.45
6.51,Wheat,Black,0.54,987,2.67
1.37,Sugarcane,Loam,0.53,825,1.08
7.35,Maize,Black,0.63,720,3.3
3.11,Sugarcane,Clay,0.31,1313,1.9
7.11,Millets,Clay,0.45,1422,2.27
10.32,Cotton,Loam,0.69,1335,6.84
5.78,Maize,Loam,0.68,874,3.71
9.05,Cotton,Black,0.94,667,3.74
5.2,Wheat,Sandy,0.8,948,2.21
5.4,Cotton,Sandy,0.55,1337,1.91
12.31,Cotton,Sandy,0.31,724,1.33
13.86,Maize,Loam,0.8,1130,13.53
5.95,Sugarcane,Clay,0.56,823,4.11
2.25,Millets,Loam,0.58,351,0.27
13.24,Sugarcane,Black,0.61,1020,13.59
9.29,Rice,Sandy,0.68,1392,5.63
5.9,Millets,Clay,0.35,736,0.76
11.56,Sugarcane,Clay,0.85,909,13.4
1.96,Rice,Black,0.4,753,0.52
6.55,Wheat,Sandy,0.38,350,0.49
14.91,Wheat,Sandy,0.92,1438,11.05
11.01,Sugarcane,Sandy,0.86,1425,16.19
9.12,Wheat,Loam,0.94,842,6.06
1.64,Maize,Clay,0.49,921,0.67
5.05,Wheat,Black,0.88,1240,4.24
1.44,Rice,Loam,0.83,1367,1.57
12.15,Sugarcane,Sandy,0.75,1330,14.54
2.56,Cotton,Loam,0.35,872,0.56
9.63,Millets,Black,0.92,1387,6.76
5.61,Rice,Clay,0.65,1239,3.61
14.19,Cotton,Clay,0.77,1387,9.09
3.17,Millets,Sandy,0.72,697,0.64
4.91,Rice,Black,0.79,1001,3.42
3.5,Wheat,Sandy,0.54,908,0.96
11.0,Maize,Sandy,0.8,622,3.94
13.83,Sugarcane,Sandy,0.77,1219,15.58
4.38,Maize,Sandy,0.49,1154,1.78
5.72,Maize,Clay,0.83,1111,4.75
7.67,Rice,Black,0.9,409,2.48
2.25,Rice,Clay,0.82,1394,2.06
13.78,Cotton,Sandy,0.91,709,4.27
3.73,Sugarcane,Black,0.3,1033,1.91
1.25,Maize,Sandy,0.83,592,0.44
10.84,Rice,Black,0.55,603,3.16
8.99,Cotton,Clay,0.7,1039,3.92
1.5,Rice,Loam,0.74,987,1.05
7.21,Maize,Sandy,0.37,677,1.3
5.72,Maize,Loam,0.94,995,5.78
1.01,Maize,Black,0.48,741,0.36
1.25,Millets,Sandy,0.55,1322,0.36
9.27,Wheat,Loam,0.44,1389,4.76
9.09,Sugarcane,Clay,0.8,1294,14.11
9.23,Millets,Black,0.64,425,1.38
6.41,Rice,Loam,0.49,566,1.71
5.34,Wheat,Clay,0.85,1388,4.41
3.5,Maize,Black,0.69,1055,2.52
9.11,Maize,Loam,0.67,529,3.49
5.57,Cotton,Loam,0.9,618,2.23
10.61,Sugarcane,Clay,0.87,1069,14.8
8.92,Millets,Sandy,0.49,957,1.67
10.27,Cotton,Sandy,0.61,788,2.37
5.2,Millets,Loam,0.7,548,1.2
4.41,Millets,Sandy,0.67,390,0.46
2.92,Rice,Sandy,0.89,644,1.07
8.82,Millets,Black,0.57,1497,4.14
2.77,Maize,Clay,0.74,540,1.0
14.17,Millets,Sandy,0.52,654,1.93
10.12,Millets,Clay,0.69,375,1.31
1.48,Wheat,Black,0.62,350,0.25
4.31,Cotton,Loam,0.3,508,0.47
13.99,Maize,Clay,0.79,306,3.04
12.37,Cotton,Sandy,0.59,1141,4.0
6.49,Maize,Black,0.61,535,2.1
13.96,Rice,Clay,0.31,824,2.85
2.53,Rice,Loam,0.32,624,0.48
9.65,Cotton,Black,0.9,557,3.19
13.63,Cotton,Loam,0.79,740,5.74
9.57,Cotton,Clay,0.53,1376,4.19
13.04,Maize,Clay,0.71,332,2.77
12.7,Wheat,Black,0.62,1065,6.46
5.8,Rice,Loam,0.65,1163,4.21
6.51,Cotton,Sandy,0.62,472,0.91
12.92,Millets,Clay,0.85,1193,6.55
1.03,Millets,Clay,0.56,1499,0.43
5.01,Rice,Clay,0.41,995,1.64
11.37,Rice,Loam,0.81,485,4.29
14.33,Wheat,Sandy,0.77,1116,6.9
10.49,Cotton,Black,0.76,351,1.85
8.5,Wheat,Black,0.34,1104,2.46
14.72,Wheat,Loam,0.48,966,5.73
10.35,Wheat,Loam,0.83,802,5.79
13.63,Rice,Sandy,0.57,1271,6.32
7.43,Wheat,Black,0.92,495,2.61
8.25,Wheat,Clay,0.47,1258,3.41
8.47,Millets,Loam,0.72,782,2.86
4.34,Wheat,Loam,0.52,394,0.75
12.17,Maize,Clay,0.39,475,2.03
10.43,Rice,Black,0.4,1134,4.16
11.9,Cotton,Black,0.58,1078,4.91
14.62,Wheat,Clay,0.78,957,7.64
3.1,Sugarcane,Black,0.73,476,1.78
14.01,Millets,Sandy,0.78,992,4.34
12.1,Rice,Sandy,0.85,352,2.32
13.51,Cotton,Sandy,0.46,786,2.34
3.79,Maize,Loam,0.44,398,0.72
6.22,Rice,Black,0.93,684,3.48
3.01,Maize,Black,0.39,638,0.74
10.24,Rice,Black,0.61,1044,5.74
12.52,Millets,Loam,0.43,967,3.12
5.1,Rice,Sandy,0.72,1130,2.66
1.9,Sugarcane,Clay,0.53,1267,1.91
4.92,Sugarcane,Loam,0.86,1182,9.0
1.73,Rice,Sandy,0.84,357,0.33
14.99,Wheat,Sandy,0.53,310,1.38
12.34,Millets,Sandy,0.86,984,4.18
6.24,Cotton,Clay,0.6,709,1.59
3.54,Sugarcane,Black,0.34,865,1.72
5.65,Cotton,Loam,0.61,829,2.06
10.36,Wheat,Clay,0.68,649,3.2
14.46,Wheat,Black,0.76,794,6.72
2.49,Maize,Clay,0.89,1455,2.9
7.05,Maize,Sandy,0.78,1098,4.35
12.02,Cotton,Black,0.8,633,4.02
7.06,Maize,Black,0.83,345,2.0
1.5,Sugarcane,Black,0.63,923,1.44
8.16,Wheat,Black,0.49,346,1.07
4.48,Wheat,Clay,0.77,750,1.81
7.44,Sugarcane,Loam,0.74,538,5.33
11.86,Sugarcane,Loam,0.73,540,8.42
8.98,Maize,Black,0.4,1456,5.18
12.08,Sugarcane,Loam,0.47,674,6.89
9.08,Rice,Clay,0.94,1114,7.61
12.66,Rice,Black,0.69,1382,10.62
8.16,Rice,Loam,0.37,356,1.03
5.77,Rice,Sandy,0.31,619,0.71
4.0,Wheat,Black,0.86,902,2.39
4.4,Millets,Sandy,0.52,1387,1.27
9.92,Rice,Black,0.89,392,3.05
11.38,Cotton,Black,0.35,802,2.11
7.64,Rice,Loam,0.34,1270,3.17
12.68,Wheat,Sandy,0.49,773,2.69
14.6,Millets,Clay,0.45,924,3.04
11.35,Sugarcane,Clay,0.45,1281,9.81
9.29,Maize,Clay,0.49,654,2.68
11.22,Rice,Clay,0.7,1018,6.4
9.99,Millets,Loam,0.46,1181,3.26
11.11,Rice,Loam,0.74,338,2.67
11.5,Wheat,Clay,0.41,1377,4.54
4.53,Rice,Sandy,0.47,841,1.15
11.23,Wheat,Clay,0.37,1002,2.91
9.18,Cotton,Black,0.58,660,2.32
8.23,Wheat,Sandy,0.73,992,3.34
8.28,Millets,Black,0.51,1368,3.18
8.69,Sugarcane,Black,0.87,362,4.52
4.34,Wheat,Sandy,0.84,641,1.31
3.45,Sugarcane,Loam,0.57,333,1.18
12.17,Maize,Clay,0.47,654,3.37
3.83,Wheat,Black,0.35,1087,1.12
5.43,Cotton,Loam,0.82,990,3.17
10.57,Millets,Clay,0.88,873,4.06
10.17,Wheat,Black,0.56,1256,5.51
4.32,Maize,Clay,0.45,700,1.22
9.01,Rice,Black,0.67,800,4.25
12.05,Cotton,Clay,0.48,1429,4.96
6.66,Millets,Sandy,0.37,334,0.33
1.45,Cotton,Black,0.65,1360,0.85
7.21,Sugarcane,Black,0.94,1219,13.63
13.24,Millets,Loam,0.49,1240,4.83
7.97,Rice,Loam,0.52,315,1.25
1.31,Wheat,Black,0.59,459,0.27
4.89,Sugarcane,Loam,0.46,1110,4.49
8.69,Cotton,Loam,0.64,519,2.08
14.45,Rice,Loam,0.78,754,8.16
6.26,Rice,Black,0.84,1132,5.24
3.75,Sugarcane,Loam,0.78,532,2.8
11.83,Maize,Loam,0.36,606,2.79
8.2,Rice,Sandy,0.8,1282,5.38
10.58,Wheat,Black,0.72,889,5.21
12.29,Cotton,Black,0.56,1327,6.03
3.74,Maize,Black,0.32,1231,1.46
12.64,Sugarcane,Sandy,0.31,743,3.49
5.06,Maize,Sandy,0.39,448,0.64
4.68,Sugarcane,Clay,0.7,972,4.78
5.25,Rice,Loam,0.37,367,0.68
5.34,Wheat,Sandy,0.5,483,0.72
4.42,Cotton,Sandy,0.36,319,0.24
14.61,Wheat,Loam,0.89,638,6.97
11.14,Cotton,Sandy,0.4,352,0.75
4.02,Cotton,Loam,0.79,777,1.78
10.03,Maize,Loam,0.67,1387,10.07
11.99,Wheat,Black,0.31,795,2.28
3.83,Sugarcane,Clay,0.36,1177,2.43
14.8,Cotton,Loam,0.86,1373,12.58
13.66,Wheat,Black,0.42,1319,5.83
4.32,Rice,Black,0.76,1375,3.97
5.64,Maize,Clay,0.43,1142,2.49
3.07,Rice,Sandy,0.43,895,0.76
8.55,Wheat,Black,0.45,1242,3.68
3.22,Rice,Black,0.54,1026,1.57
5.72,Wheat,Clay,0.44,1433,2.52
1.69,Wheat,Sandy,0.91,645,0.56
2.81,Cotton,Clay,0.91,570,0.87
11.79,Wheat,Black,0.5,639,2.9
13.5,Sugarcane,Loam,0.6,749,10.92
7.08,Cotton,Black,0.62,1388,4.02
13.41,Sugarcane,Black,0.32,1350,9.56
7.75,Rice,Clay,0.55,1285,4.38
3.48,Sugarcane,Black,0.31,613,1.09
3.63,Millets,Sandy,0.89,1084,1.4
3.03,Millets,Clay,0.51,1499,1.16
10.21,Rice,Loam,0.37,524,1.9
1.88,Rice,Black,0.34,1334,0.75
10.67,Rice,Loam,0.77,1232,9.72
9.74,Cotton,Black,0.62,965,3.85
7.44,Cotton,Loam,0.59,1021,3.23
8.11,Wheat,Sandy,0.71,1110,3.58
11.63,Millets,Clay,0.92,717,3.84
10.02,Wheat,Loam,0.61,1148,5.89
13.3,Maize,Black,0.49,826,5.33
3.34,Wheat,Loam,0.67,711,1.34
13.96,Sugarcane,Sandy,0.45,1276,9.62
5.91,Sugarcane,Clay,0.73,1181,7.64
9.47,Millets,Black,0.47,921,2.25
9.52,Rice,Black,0.71,825,4.91
9.67,Millets,Clay,0.58,743,2.08
12.53,Millets,Clay,0.93,398,2.32
11.12,Rice,Loam,0.65,952,6.61
6.82,Cotton,Sandy,0.33,541,0.58
14.13,Maize,Sandy,0.63,750,4.81
6.63,Sugarcane,Black,0.91,1102,10.97
8.38,Maize,Clay,0.38,367,1.05
14.4,Cotton,Sandy,0.67,377,1.75
14.54,Cotton,Black,0.52,1056,5.27
3.04,Maize,Sandy,0.48,953,1.0
1.67,Wheat,Clay,0.31,607,0.22
3.84,Rice,Loam,0.5,1063,1.96
10.49,Sugarcane,Loam,0.8,1071,16.18
3.37,Millets,Clay,0.92,1292,2.0
12.03,Sugarcane,Black,0.49,521,5.07
10.23,Rice,Clay,0.43,576,2.03
11.25,Wheat,Loam,0.84,1311,10.41
11.79,Cotton,Loam,0.35,547,1.63
13.8,Sugarcane,Clay,0.7,608,8.81
5.97,Millets,Loam,0.38,889,1.21
10.73,Cotton,Sandy,0.35,771,1.39
6.82,Millets,Black,0.92,1035,3.57
5.52,Cotton,Clay,0.89,1076,3.17
7.38,Wheat,Loam,0.35,1339,2.91
11.42,Cotton,Sandy,0.94,1454,7.49
3.49,Wheat,Black,0.63,1092,1.85
7.25,Millets,Sandy,0.73,1325,2.81
11.62,Sugarcane,Loam,0.67,810,11.35
2.1,Rice,Loam,0.63,1480,1.88
6.97,Maize,Loam,0.76,1284,7.35
3.07,Millets,Loam,0.6,1205,1.33
6.63,Sugarcane,Black,0.53,1127,6.53
1.43,Sugarcane,Black,0.39,947,0.87
12.39,Maize,Sandy,0.4,1252,4.47
10.67,Wheat,Clay,0.33,1435,3.54
10.83,Sugarcane,Black,0.93,833,13.84
12.97,Wheat,Clay,0.76,333,2.3
3.64,Rice,Clay,0.79,832,1.91
10.87,Millets,Black,0.44,1389,3.65
11.31,Wheat,Loam,0.86,341,2.79
10.04,Cotton,Black,0.6,989,3.93
14.62,Millets,Black,0.83,1141,7.62
10.41,Maize,Clay,0.42,628,2.47
6.68,Millets,Black,0.67,774,1.91
12.62,Rice,Sandy,0.87,1059,7.44
12.56,Maize,Loam,0.89,1131,13.65
5.22,Wheat,Sandy,0.77,334,0.75
6.97,Rice,Clay,0.87,902,4.38
11.38,Rice,Loam,0.77,1342,11.29
2.13,Sugarcane,Loam,0.42,1145,1.84
6.37,Cotton,Loam,0.35,1047,1.68
11.33,Cotton,Sandy,0.51,508,1.41
14.29,Wheat,Sandy,0.73,800,4.67
3.45,Millets,Loam,0.33,1325,0.91
8.45,Cotton,Black,0.52,1104,3.2
10.87,Millets,Loam,0.93,827,5.02
2.41,Maize,Loam,0.84,838,1.83
12.4,Wheat,Clay,0.85,615,4.54
8.23,Maize,Clay,0.79,402,2.35
2.24,Rice,Sandy,0.95,1323,1.8
5.15,Maize,Sandy,0.32,336,0.4
5.66,Maize,Clay,0.61,1119,3.48
3.4,Rice,Loam,0.84,556,1.52
11.41,Maize,Clay,0.3,1177,3.63
10.59,Cotton,Loam,0.8,884,5.39
9.89,Maize,Clay,0.66,364,2.14
5.39,Rice,Clay,0.77,920,3.05
10.24,Sugarcane,Black,0.74,330,4.13
11.7,Wheat,Loam,0.59,680,3.94
7.44,Rice,Clay,0.92,350,1.92
4.15,Sugarcane,Black,0.78,1184,6.32
14.43,Cotton,Clay,0.61,1187,6.27
7.87,Rice,Loam,0.77,387,2.25
13.99,Maize,Loam,0.47,1369,9.72
7.22,Rice,Sandy,0.38,545,0.96
5.07,Rice,Sandy,0.7,1416,3.22
7.64,Maize,Clay,0.39,1131,3.03
1.2,Rice,Black,0.91,950,0.91
3.1,Millets,Sandy,0.58,1486,1.07
5.49,Sugarcane,Loam,0.69,1118,7.62
7.2,Millets,Loam,0.55,640,1.52
6.84,Cotton,Loam,0.37,352,0.64
13.13,Rice,Black,0.36,712,2.96
1.62,Rice,Sandy,0.44,987,0.45
3.95,Rice,Black,0.56,1081,2.1
14.31,Millets,Black,0.3,612,1.45
10.7,Rice,Sandy,0.32,516,1.13
13.84,Millets,Sandy,0.69,597,2.28
14.46,Sugarcane,Black,0.48,1272,14.57
4.45,Wheat,Black,0.61,1077,2.25
6.8,Millets,Loam,0.45,1442,2.65
3.16,Wheat,Black,0.32,1401,1.09
8.85,Cotton,Black,0.62,1460,5.29
6.7,Cotton,Sandy,0.59,436,0.83
3.77,Rice,Clay,0.85,916,2.35
12.88,Sugarcane,Sandy,0.44,535,3.64
2.62,Millets,Clay,0.84,1170,1.29
3.96,Sugarcane,Sandy,0.62,676,1.99
5.52,Millets,Sandy,0.82,524,0.95
3.31,Cotton,Clay,0.75,982,1.46
9.56,Wheat,Sandy,0.37,540,1.07
1.73,Sugarcane,Loam,0.56,983,1.71
8.08,Cotton,Black,0.89,761,3.61
2.6,Wheat,Sandy,0.85,844,1.04
10.08,Maize,Clay,0.78,1206,8.53
1.38,Rice,Sandy,0.49,1317,0.57
3.31,Maize,Clay,0.43,399,0.51
8.68,Maize,Loam,0.65,772,4.7
8.8,Rice,Clay,0.4,773,2.18
6.37,Rice,Black,0.86,1480,7.13
13.59,Rice,Loam,0.5,481,3.14
10.1,Maize,Black,0.58,386,2.24
13.9,Maize,Clay,0.89,1219,13.57
9.71,Maize,Clay,0.39,885,3.02
9.96,Sugarcane,Loam,0.73,454,5.94
10.91,Sugarcane,Loam,0.39,540,4.14
2.76,Sugarcane,Clay,0.91,747,2.81
13.97,Sugarcane,Loam,0.67,333,5.61
13.36,Wheat,Loam,0.52,1156,6.75
6.32,Maize,Black,0.93,485,2.82
12.62,Rice,Sandy,0.67,650,3.52
11.5,Rice,Loam,0.65,996,7.15
5.14,Maize,Sandy,0.53,1269,2.49
6.48,Rice,Loam,0.79,745,3.66
12.1,Millets,Black,0.61,714,2.9
4.19,Sugarcane,Loam,0.39,430,1.26
10.34,Rice,Sandy,0.69,609,2.78
5.2,Rice,Clay,0.7,1003,2.92
12.39,Wheat,Sandy,0.67,1313,6.1
8.19,Sugarcane,Black,0.88,1459,17.35
10.97,Maize,Sandy,0.94,1333,9.9
12.62,Wheat,Clay,0.76,844,5.67
6.48,Sugarcane,Clay,0.59,1363,7.82
7.14,Cotton,Clay,0.94,739,2.98
2.16,Wheat,Clay,0.8,375,0.45
12.8,Sugarcane,Black,0.6,852,10.8
2.67,Rice,Black,0.54,865,1.1
5.91,Cotton,Loam,0.48,855,1.75
3.93,Millets,Clay,0.89,982,1.72
4.48,Millets,Sandy,0.65,1173,1.37
4.12,Maize,Sandy,0.7,598,1.24
13.39,Rice,Black,0.8,665,6.27
14.15,Maize,Sandy,0.63,1271,8.16
8.89,Wheat,Black,0.72,1259,6.21
12.31,Wheat,Loam,0.38,1274,5.01
2.43,Millets,Black,0.85,1094,1.24
3.07,Sugarcane,Sandy,0.65,1199,2.87
3.61,Maize,Loam,0.66,846,2.18
2.32,Cotton,Clay,0.76,518,0.55
8.02,Sugarcane,Loam,0.82,1325,15.68
9.16,Maize,Clay,0.79,903,5.88
9.09,Maize,Sandy,0.94,1372,8.44
3.68,Millets,Clay,0.8,543,0.8
12.75,Sugarcane,Sandy,0.66,1334,13.47
7.86,Millets,Sandy,0.79,1412,3.51
1.73,Cotton,Clay,0.38,1009,0.4
10.81,Maize,Clay,0.49,460,2.19
13.62,Millets,Sandy,0.85,1003,4.64
13.5,Wheat,Sandy,0.84,1279,8.12
5.28,Wheat,Loam,0.91,545,2.2
10.29,Millets,Black,0.48,900,2.44
9.18,Wheat,Black,0.49,1399,4.85
1.24,Rice,Black,0.72,994,0.78
12.55,Sugarcane,Black,0.46,655,6.24
10.3,Wheat,Black,0.52,1066,4.4
7.4,Maize,Clay,0.36,843,2.02
13.36,Cotton,Loam,0.78,1095,8.22
3.73,Rice,Black,0.94,1478,4.56
5.41,Sugarcane,Loam,0.41,920,3.67
12.27,Maize,Black,0.36,1149,5.02
9.03,Sugarcane,Black,0.56,1383,11.54
5.6,Sugarcane,Clay,0.87,630,4.6
14.71,Wheat,Black,0.43,797,3.88
11.45,Rice,Clay,0.85,383,2.98
12.31,Wheat,Loam,0.55,732,4.16
13.34,Rice,Loam,0.77,1285,12.67
12.31,Cotton,Clay,0.34,1057,2.65
10.86,Rice,Clay,0.41,513,1.83
5.79,Maize,Black,0.36,966,1.99
8.4,Millets,Loam,0.41,1259,2.6
11.79,Maize,Clay,0.37,444,1.74
4.56,Cotton,Loam,0.76,1413,3.53
3.24,Maize,Loam,0.53,1383,2.56
14.0,Rice,Sandy,0.71,1136,7.23
12.81,Wheat,Loam,0.34,1409,5.15
11.65,Rice,Sandy,0.44,1046,3.43
10.52,Rice,Loam,0.37,807,3.02
13.59,Millets,Sandy,0.73,1192,4.73
4.87,Millets,Black,0.82,1222,2.68
3.78,Rice,Black,0.62,827,1.71
1.23,Rice,Clay,0.79,733,0.57
9.46,Wheat,Sandy,0.38,511,1.03
1.04,Cotton,Black,0.89,1404,0.86
10.17,Maize,Loam,0.87,818,7.82
10.98,Sugarcane,Black,0.49,863,7.66
14.3,Cotton,Loam,0.43,946,4.19
14.53,Rice,Black,0.39,1439,7.18
2.1,Wheat,Black,0.41,404,0.27
7.83,Cotton,Clay,0.77,1237,4.47
14.98,Rice,Sandy,0.44,382,1.61
1.45,Cotton,Loam,0.52,1436,0.78
13.68,Maize,Black,0.52,872,6.14
8.64,Wheat,Loam,0.77,499,2.79
12.34,Wheat,Black,0.32,1090,3.31
9.42,Cotton,Sandy,0.31,1478,2.07
6.11,Wheat,Sandy,0.53,719,1.3
1.44,Maize,Sandy,0.56,762,0.44
11.23,Cotton,Loam,0.77,917,5.71
11.25,Sugarcane,Clay,0.4,577,3.89
6.82,Maize,Loam,0.9,1085,7.19
10.29,Maize,Sandy,0.4,1485,4.4
2.38,Rice,Loam,0.69,1374,2.17
4.84,Sugarcane,Black,0.33,302,0.8
13.36,Maize,Clay,0.5,675,4.06
3.16,Rice,Clay,0.83,855,1.79
7.54,Sugarcane,Clay,0.84,965,9.17
12.11,Rice,Clay,0.84,1327,10.8
11.34,Sugarcane,Sandy,0.51,813,5.64
3.08,Wheat,Black,0.37,1276,1.12
2.86,Sugarcane,Sandy,0.6,551,1.13
7.49,Rice,Sandy,0.55,1480,3.9
13.12,Rice,Black,0.37,693,2.96
1.26,Millets,Clay,0.51,560,0.18
5.68,Rice,Black,0.61,1370,4.18
