Area,Crop,Soil,GPS,Documents,NDVI,Rainfall,Verified
11.75,Millets,Sandy,0,1,0.3,883,0
6.47,Rice,Sandy,1,0,0.75,1026,0
12.54,Rice,Loam,0,1,0.95,734,0
1.46,Cotton,Clay,0,1,0.52,321,0
4.14,Wheat,Black,0,1,0.66,996,0
14.57,Millets,Sandy,1,1,0.34,1073,0
7.22,Millets,Black,1,1,0.68,1382,1
1.78,Sugarcane,Clay,1,1,0.27,541,0
1.35,Cotton,Clay,1,1,0.89,552,0
7.76,Wheat,Black,0,1,0.46,1255,0
11.49,Sugarcane,Black,0,1,0.87,1277,0
11.36,Wheat,Black,1,0,0.42,1050,0
4.47,Maize,Loam,0,1,0.41,548,0
8.06,Rice,Black,0,1,0.75,1074,0
12.78,Cotton,Black,1,1,0.53,1386,1
6.75,Sugarcane,Clay,0,0,0.87,1323,0
1.75,Millets,Clay,0,1,0.72,1468,0
14.74,Rice,Clay,0,0,0.77,701,0
9.04,Maize,Black,1,1,0.3,1248,0
2.22,Rice,Loam,1,1,0.44,730,0
5.78,Rice,Loam,1,0,0.5,1175,0
7.97,Rice,Loam,1,0,0.3,481,0
12.53,Maize,Loam,0,1,0.79,801,0
11.9,Maize,Clay,0,1,0.21,748,0
9.26,Rice,Clay,1,1,0.61,1349,1
1.02,Wheat,Loam,1,0,0.22,641,0
11.09,Sugarcane,Clay,1,0,0.48,300,0
4.6,Maize,Clay,0,0,0.28,1394,0
7.77,Maize,Loam,1,0,0.63,1147,0
6.32,Rice,Sandy,1,1,0.61,1109,1
7.41,Rice,Loam,1,1,0.85,792,1
1.75,Millets,Black,1,0,0.47,523,0
1.96,Sugarcane,Loam,1,0,0.61,704,0
1.79,Sugarcane,Black,1,0,0.47,1468,0
13.19,Maize,Clay,0,0,0.57,680,0
9.26,Millets,Black,1,1,0.55,606,1
1.89,Rice,Black,1,1,0.29,432,0
7.65,Cotton,Black,0,0,0.81,1341,0
7.48,Millets,Clay,1,0,0.23,771,0
8.71,Millets,Sandy,1,1,0.79,779,1
3.27,Sugarcane,Sandy,1,0,0.77,601,0
10.79,Millets,Loam,0,0,0.49,656,0
6.79,Sugarcane,Loam,1,1,0.28,1098,0
3.53,Cotton,Loam,0,0,0.88,1023,0
6.38,Rice,Loam,1,0,0.31,978,0
1.07,Wheat,Sandy,0,1,0.27,358,0
12.52,Cotton,Black,0,0,0.65,1442,0
1.5,Cotton,Sandy,1,1,0.27,1328,0
8.4,Sugarcane,Loam,1,0,0.41,1278,0
5.8,Wheat,Sandy,1,0,0.86,926,0
9.77,Maize,Black,0,1,0.83,884,0
5.19,Wheat,Loam,0,1,0.3,1216,0
2.52,Maize,Sandy,1,1,0.59,1256,1
5.33,Cotton,Sandy,0,1,0.32,584,0
7.98,Wheat,Loam,1,1,0.89,1305,1
14.44,Cotton,Black,1,1,0.74,440,1
11.03,Sugarcane,Black,0,0,0.65,370,0
6.05,Millets,Clay,0,0,0.83,593,0
4.19,Maize,Loam,0,1,0.69,1453,0
8.13,Cotton,Clay,1,1,0.62,817,1
9.18,Wheat,Clay,0,0,0.51,501,0
10.86,Wheat,Sandy,1,1,0.3,1000,0
1.54,Rice,Black,1,0,0.3,1087,0
8.33,Rice,Clay,0,0,0.43,1203,0
10.81,Rice,Loam,1,1,0.74,606,1
1.19,Maize,Loam,1,1,0.43,672,0
13.98,Maize,Black,0,0,0.52,1192,0
11.69,Maize,Clay,0,0,0.85,447,0
9.21,Millets,Black,1,0,0.77,1009,0
2.34,Millets,Clay,0,0,0.6,680,0
12.31,Rice,Black,1,1,0.3,320,0
7.23,Millets,Black,1,0,0.8,876,0
1.62,Wheat,Clay,0,1,0.78,1095,0
1.24,Wheat,Black,1,1,0.62,1450,0
9.73,Rice,Clay,0,0,0.25,1168,0
11.4,Maize,Loam,1,0,0.71,339,0
7.0,Maize,Clay,1,1,0.87,938,1
14.18,Rice,Clay,1,1,0.37,1032,0
11.53,Millets,Loam,1,0,0.68,327,0
4.81,Millets,Clay,0,0,0.44,1006,0
10.16,Sugarcane,Clay,0,1,0.55,1198,0
14.65,Wheat,Clay,0,0,0.78,1311,0
4.13,Maize,Sandy,1,0,0.49,840,0
2.98,Maize,Sandy,0,0,0.29,1084,0
2.74,Rice,Sandy,0,0,0.42,611,0
13.02,Cotton,Clay,1,0,0.32,851,0
14.17,Rice,Loam,1,1,0.7,1228,1
3.72,Cotton,Clay,1,0,0.8,537,0
9.05,Sugarcane,Loam,1,1,0.38,1098,0
7.59,Rice,Sandy,0,1,0.62,627,0
6.02,Maize,Clay,0,1,0.39,975,0
8.84,Wheat,Clay,0,0,0.55,1033,0
6.64,Cotton,Loam,0,0,0.35,1311,0
13.83,Wheat,Black,0,1,0.24,556,0
13.2,Wheat,Sandy,0,1,0.55,558,0
6.37,Wheat,Black,1,1,0.51,1273,1
10.14,Wheat,Black,0,0,0.89,388,0
14.49,Maize,Black,1,1,0.35,978,0
10.24,Rice,Black,1,1,0.83,930,1
13.38,Cotton,Clay,1,0,0.76,1110,0
7.88,Wheat,Sandy,1,0,0.84,1021,0
5.97,Rice,Black,0,1,0.58,1393,0
3.72,Millets,Clay,1,0,0.93,997,0
12.01,Sugarcane,Black,0,1,0.68,535,0
3.26,Rice,Loam,1,0,0.68,400,0
8.5,Sugarcane,Clay,1,0,0.91,985,0
5.37,Sugarcane,Loam,0,0,0.86,404,0
8.52,Maize,Black,0,1,0.2,683,0
3.38,Sugarcane,Loam,1,0,0.74,962,0
4.82,Cotton,Sandy,0,0,0.4,690,0
11.11,Rice,Clay,0,1,0.41,934,0
14.81,Millets,Sandy,0,1,0.55,1028,0
1.73,Rice,Black,0,1,0.38,967,0
14.18,Sugarcane,Loam,0,0,0.57,344,0
14.44,Cotton,Sandy,1,1,0.57,791,1
13.47,Wheat,Black,1,1,0.78,1493,1
1.45,Rice,Sandy,1,1,0.53,326,0
11.84,Rice,Sandy,0,0,0.86,1134,0
8.62,Sugarcane,Loam,0,1,0.77,1112,0
10.7,Cotton,Loam,0,1,0.93,455,0
8.35,Sugarcane,Black,0,1,0.25,448,0
1.0,Maize,Black,0,1,0.45,547,0
12.87,Sugarcane,Clay,0,0,0.73,779,0
7.33,Wheat,Black,1,1,0.7,760,1
1.96,Wheat,Loam,1,1,0.61,1491,0
8.53,Millets,Loam,0,1,0.46,506,0
14.35,Wheat,Clay,0,1,0.51,749,0
12.87,Wheat,Clay,0,1,0.69,1428,0
4.82,Maize,Clay,1,1,0.72,507,1
7.14,Rice,Loam,1,0,0.52,473,0
1.38,Millets,Sandy,0,1,0.32,805,0
5.19,Rice,Sandy,0,1,0.37,1198,0
4.05,Millets,Loam,1,1,0.61,589,1
5.75,Cotton,Clay,0,1,0.93,1190,0
10.56,Sugarcane,Sandy,1,1,0.39,1035,0
2.14,Sugarcane,Loam,1,1,0.49,528,0
10.67,Sugarcane,Clay,1,0,0.62,397,0
9.02,Rice,Black,0,1,0.6,349,0
6.03,Cotton,Clay,1,0,0.52,798,0
11.8,Rice,Loam,1,1,0.81,528,1
14.57,Cotton,Loam,1,1,0.85,674,1
3.04,Rice,Sandy,0,0,0.2,578,0
1.25,Millets,Black,1,0,0.65,310,0
8.87,Sugarcane,Loam,1,0,0.33,566,0
6.87,Maize,Loam,0,0,0.85,765,0
9.86,Cotton,Black,0,0,0.91,569,0
8.56,Rice,Clay,0,0,0.36,694,0
6.57,Millets,Loam,0,1,0.49,441,0
1.27,Sugarcane,Clay,0,0,0.73,620,0
4.16,Millets,Clay,1,0,0.71,600,0
9.62,Millets,Black,1,0,0.9,726,0
11.63,Sugarcane,Sandy,0,0,0.84,1296,0
2.97,Maize,Loam,0,1,0.92,1249,0
8.18,Rice,Black,0,0,0.59,690,0
5.16,Wheat,Sandy,1,0,0.56,775,0
5.01,Wheat,Loam,0,1,0.5,477,0
1.23,Cotton,Black,1,1,0.39,738,0
6.17,Millets,Clay,0,1,0.27,1290,0
5.61,Maize,Clay,0,1,0.55,376,0
8.01,Rice,Sandy,1,0,0.9,1086,0
1.85,Wheat,Black,1,0,0.28,1446,0
6.14,Maize,Loam,1,0,0.44,1286,0
5.96,Millets,Black,0,0,0.44,1498,0
9.48,Millets,Sandy,0,1,0.32,1384,0
9.84,Sugarcane,Clay,0,0,0.78,1230,0
6.03,Rice,Sandy,1,0,0.74,311,0
12.74,Millets,Sandy,0,1,0.34,1097,0
5.87,Rice,Sandy,1,0,0.9,1377,0
6.84,Cotton,Black,0,1,0.21,339,0
11.63,Cotton,Loam,1,1,0.93,905,1
9.6,Rice,Loam,0,0,0.63,1469,0
11.23,Millets,Black,1,1,0.8,736,1
5.53,Wheat,Sandy,0,1,0.77,1307,0
5.55,Millets,Black,1,1,0.79,522,1
9.0,Millets,Clay,1,0,0.28,556,0
7.34,Millets,Sandy,0,1,0.79,314,0
13.9,Cotton,Black,0,0,0.64,393,0
12.51,Maize,Sandy,0,0,0.49,636,0
8.69,Millets,Sandy,1,0,0.85,579,0
14.87,Millets,Clay,0,1,0.31,527,0
12.02,Sugarcane,Sandy,0,0,0.46,1442,0
12.07,Sugarcane,Clay,1,0,0.47,620,0
0.61,Wheat,Clay,1,1,0.65,921,0
10.53,Millets,Clay,1,0,0.65,456,0
5.15,Millets,Loam,1,1,0.9,1341,1
3.05,Maize,Black,0,0,0.65,407,0
11.36,Rice,Loam,0,0,0.21,543,0
12.95,Maize,Black,1,1,0.36,443,0
8.55,Cotton,Clay,1,0,0.52,538,0
2.55,Millets,Loam,1,1,0.78,893,1
2.55,Rice,Sandy,0,1,0.78,834,0
9.49,Sugarcane,Loam,0,0,0.36,1422,0
13.47,Millets,Loam,1,0,0.56,645,0
4.34,Cotton,Black,0,1,0.37,1165,0
11.37,Wheat,Loam,0,1,0.2,664,0
8.71,Millets,Loam,0,0,0.35,1079,0
3.34,Rice,Sandy,1,0,0.67,506,0
12.52,Sugarcane,Sandy,0,0,0.42,1256,0
4.84,Rice,Black,1,1,0.91,476,1
3.15,Rice,Loam,0,0,0.9,710,0
11.07,Cotton,Sandy,0,0,0.48,739,0
8.0,Rice,Loam,1,0,0.74,393,0
11.68,Sugarcane,Loam,1,0,0.46,1095,0
3.61,Wheat,Sandy,1,1,0.75,1410,1
10.7,Millets,Loam,0,1,0.56,873,0
12.12,Rice,Clay,0,0,0.29,1184,0
4.02,Sugarcane,Black,1,1,0.54,1121,1
8.07,Rice,Loam,1,0,0.76,1117,0
6.79,Wheat,Clay,0,1,0.58,828,0
9.64,Millets,Clay,1,1,0.23,764,0
10.86,Millets,Black,1,0,0.45,1491,0
8.61,Sugarcane,Black,1,1,0.34,1413,0
6.15,Wheat,Sandy,0,0,0.81,1434,0
11.93,Wheat,Black,1,1,0.77,1354,1
14.51,Maize,Clay,1,0,0.77,449,0
9.95,Maize,Black,0,0,0.85,981,0
8.16,Rice,Black,1,1,0.65,1006,1
2.09,Sugarcane,Sandy,1,1,0.87,1229,1
4.45,Millets,Clay,0,0,0.68,1295,0
3.19,Wheat,Loam,0,0,0.84,1403,0
8.46,Cotton,Clay,1,1,0.44,503,0
1.96,Wheat,Loam,0,1,0.6,1049,0
14.21,Rice,Clay,1,1,0.91,372,1
2.46,Wheat,Sandy,1,0,0.23,893,0
11.92,Cotton,Loam,0,1,0.75,1243,0
8.39,Wheat,Clay,0,0,0.85,599,0
11.27,Wheat,Sandy,0,1,0.58,794,0
0.62,Millets,Sandy,1,0,0.65,882,0
9.56,Cotton,Black,0,0,0.22,1323,0
0.85,Wheat,Sandy,1,1,0.37,352,0
7.89,Rice,Loam,0,1,0.27,1445,0
7.25,Sugarcane,Black,1,0,0.29,1333,0
7.27,Sugarcane,Clay,1,1,0.79,744,1
11.29,Millets,Clay,1,1,0.92,635,1
10.93,Cotton,Sandy,0,0,0.32,1032,0
13.06,Cotton,Black,1,0,0.2,1066,0
5.55,Cotton,Clay,0,0,0.84,1327,0
12.98,Sugarcane,Clay,1,0,0.32,785,0
14.51,Wheat,Black,1,1,0.67,759,1
5.18,Cotton,Loam,0,0,0.27,1374,0
7.06,Sugarcane,Sandy,0,0,0.87,380,0
5.1,Millets,Sandy,1,0,0.82,1348,0
5.39,Wheat,Clay,1,1,0.49,1012,0
3.63,Cotton,Clay,1,0,0.94,1284,0
5.9,Maize,Black,0,0,0.42,439,0
0.77,Sugarcane,Loam,0,1,0.93,871,0
14.77,Maize,Black,1,1,0.79,1290,1
7.27,Sugarcane,Loam,0,0,0.86,1462,0
2.12,Cotton,Black,0,1,0.79,1077,0
9.16,Maize,Loam,0,1,0.51,1124,0
13.17,Maize,Clay,0,0,0.55,1496,0
13.7,Wheat,Black,1,0,0.27,327,0
10.66,Millets,Clay,1,1,0.46,1070,0
6.95,Wheat,Black,1,0,0.48,1380,0
4.25,Cotton,Sandy,1,1,0.88,1146,1
5.43,Maize,Sandy,0,1,0.87,1179,0
3.13,Sugarcane,Black,0,0,0.33,440,0
12.59,Maize,Black,0,1,0.39,601,0
14.72,Wheat,Black,0,0,0.89,797,0
13.01,Sugarcane,Clay,0,1,0.9,1257,0
12.12,Wheat,Black,1,1,0.94,971,1
14.87,Rice,Black,1,0,0.39,484,0
3.28,Cotton,Sandy,0,1,0.33,1164,0
7.39,Rice,Black,1,0,0.39,924,0
5.25,Rice,Clay,1,1,0.93,1416,1
13.75,Wheat,Clay,0,0,0.6,1036,0
0.68,Millets,Black,0,0,0.53,809,0
13.72,Wheat,Loam,0,1,0.85,1203,0
13.61,Maize,Loam,1,0,0.24,371,0
6.71,Sugarcane,Sandy,1,0,0.48,457,0
8.53,Wheat,Clay,1,1,0.73,1072,1
5.12,Millets,Loam,1,1,0.43,391,0
1.09,Wheat,Sandy,0,1,0.76,652,0
6.4,Millets,Clay,1,1,0.88,510,1
10.6,Cotton,Clay,1,0,0.52,1167,0
9.63,Sugarcane,Clay,1,1,0.79,1027,1
6.96,Maize,Loam,1,1,0.27,536,0
12.14,Sugarcane,Sandy,1,0,0.41,649,0
13.46,Cotton,Black,0,1,0.76,1210,0
14.78,Sugarcane,Clay,0,0,0.53,1499,0
12.77,Cotton,Loam,1,1,0.4,450,0
10.34,Rice,Sandy,1,1,0.94,827,1
7.02,Rice,Sandy,0,1,0.52,1160,0
14.81,Millets,Clay,0,0,0.84,1389,0
6.41,Millets,Clay,0,1,0.86,304,0
1.78,Millets,Loam,0,1,0.56,1073,0
9.32,Wheat,Loam,0,0,0.95,940,0
11.08,Sugarcane,Clay,1,0,0.91,533,0
4.86,Sugarcane,Clay,1,1,0.61,880,1
11.08,Wheat,Loam,0,0,0.71,1295,0
13.96,Rice,Clay,0,0,0.48,365,0
8.29,Millets,Sandy,1,0,0.62,1342,0
9.98,Wheat,Clay,1,1,0.33,974,0
13.11,Cotton,Sandy,0,0,0.32,483,0
7.39,Cotton,Loam,0,0,0.56,528,0
14.36,Sugarcane,Clay,1,1,0.75,910,1
0.54,Wheat,Clay,1,0,0.49,1178,0
7.71,Wheat,Black,0,0,0.57,752,0
8.55,Cotton,Sandy,1,0,0.34,1130,0
0.54,Cotton,Sandy,1,0,0.83,627,0
8.9,Rice,Black,1,0,0.81,1395,0
14.55,Maize,Sandy,0,0,0.79,492,0
1.88,Cotton,Clay,1,1,0.76,1355,0
9.85,Rice,Loam,0,0,0.82,399,0
3.39,Sugarcane,Sandy,0,1,0.39,620,0
0.71,Millets,Clay,0,1,0.28,1298,0
6.81,Rice,Sandy,1,0,0.93,1428,0
12.94,Maize,Clay,0,0,0.7,1003,0
1.79,Millets,Loam,0,0,0.79,765,0
1.52,Millets,Clay,0,1,0.84,1012,0
1.46,Millets,Black,0,0,0.85,635,0
3.92,Maize,Sandy,1,1,0.46,892,0
11.44,Maize,Black,0,1,0.66,420,0
13.26,Sugarcane,Clay,1,0,0.26,639,0
1.39,Wheat,Sandy,1,0,0.82,811,0
12.57,Sugarcane,Loam,0,0,0.42,1483,0
4.3,Millets,Black,0,1,0.92,905,0
6.12,Wheat,Loam,0,1,0.8,455,0
9.59,Maize,Clay,1,0,0.68,612,0
10.19,Cotton,Sandy,0,1,0.74,642,0
1.44,Cotton,Clay,0,1,0.89,761,0
7.01,Rice,Black,1,0,0.73,502,0
7.16,Sugarcane,Clay,1,1,0.49,1202,0
2.55,Millets,Loam,1,1,0.45,1431,0
3.26,Sugarcane,Clay,1,0,0.4,376,0
8.66,Maize,Black,1,1,0.78,1315,1
3.49,Sugarcane,Black,1,1,0.71,638,1
11.21,Cotton,Black,0,1,0.4,336,0
10.42,Rice,Clay,1,1,0.39,1249,0
4.04,Millets,Clay,1,1,0.77,505,1
5.27,Rice,Sandy,0,0,0.36,700,0
9.9,Wheat,Black,1,0,0.65,1184,0
8.93,Rice,Clay,0,0,0.86,1350,0
8.64,Millets,Clay,1,0,0.65,420,0
8.04,Rice,Black,0,1,0.92,618,0
8.71,Rice,Black,1,0,0.39,1289,0
2.23,Sugarcane,Clay,0,1,0.21,1485,0
8.82,Cotton,Black,1,0,0.52,1313,0
5.52,Sugarcane,Loam,1,1,0.66,1476,1
5.17,Cotton,Clay,0,1,0.5,1349,0
12.79,Wheat,Sandy,1,1,0.93,463,1
10.95,Millets,Sandy,0,0,0.31,519,0
11.81,Maize,Sandy,0,1,0.88,549,0
2.54,Cotton,Loam,0,1,0.94,1085,0
9.61,Wheat,Black,0,0,0.51,643,0
2.3,Sugarcane,Black,1,1,0.77,1140,1
1.6,Wheat,Black,1,0,0.91,1124,0
13.78,Maize,Loam,0,1,0.86,926,0
8.88,Rice,Black,1,0,0.6,584,0
8.88,Wheat,Clay,0,1,0.63,635,0
14.67,Rice,Black,1,1,0.52,780,1
11.8,Sugarcane,Sandy,0,0,0.89,1380,0
6.4,Wheat,Loam,1,1,0.3,1464,0
7.6,Cotton,Loam,0,1,0.63,1388,0
12.41,Millets,Black,1,1,0.66,1076,1
2.87,Millets,Black,1,1,0.56,913,1
7.6,Millets,Sandy,1,1,0.7,1365,1
2.65,Millets,Loam,0,1,0.95,1477,0
2.17,Wheat,Clay,1,0,0.39,767,0
1.82,Wheat,Black,0,0,0.89,655,0
2.35,Cotton,Loam,0,1,0.55,1001,0
9.98,Rice,Black,0,1,0.78,1181,0
4.9,Cotton,Sandy,1,0,0.45,1286,0
7.67,Wheat,Loam,1,1,0.93,1094,1
11.52,Cotton,Sandy,0,1,0.89,812,0
6.32,Wheat,Sandy,0,0,0.72,1357,0
7.97,Millets,Sandy,1,1,0.91,404,1
12.24,Cotton,Loam,1,1,0.94,709,1
12.17,Wheat,Black,1,0,0.52,469,0
11.68,Millets,Black,1,0,0.65,806,0
8.34,Sugarcane,Black,0,0,0.94,1075,0
0.64,Wheat,Clay,1,0,0.43,1343,0
10.42,Wheat,Black,0,0,0.84,318,0
5.44,Cotton,Clay,1,0,0.35,499,0
4.86,Sugarcane,Sandy,1,1,0.35,938,0
3.14,Cotton,Loam,1,1,0.59,682,1
1.9,Wheat,Clay,1,1,0.93,821,0
6.07,Cotton,Clay,0,1,0.49,600,0
0.72,Sugarcane,Sandy,0,1,0.29,1453,0
5.91,Cotton,Loam,1,0,0.88,424,0
7.94,Rice,Loam,0,0,0.27,523,0
9.99,Millets,Sandy,1,1,0.81,390,1
8.3,Rice,Loam,0,1,0.73,518,0
13.08,Wheat,Black,0,0,0.56,1193,0
12.05,Millets,Clay,0,1,0.75,382,0
10.25,Cotton,Clay,0,1,0.47,1001,0
4.77,Millets,Clay,1,1,0.79,1041,1
3.43,Cotton,Black,1,1,0.66,503,1
2.18,Rice,Sandy,1,1,0.78,1254,1
4.34,Maize,Loam,1,1,0.89,678,1
3.95,Sugarcane,Loam,1,1,0.83,1260,1
11.41,Cotton,Loam,0,1,0.68,598,0
14.95,Rice,Loam,0,0,0.41,633,0
12.27,Rice,Clay,1,1,0.36,1402,0
12.39,Wheat,Loam,0,1,0.87,914,0
2.71,Maize,Loam,0,0,0.45,859,0
4.37,Sugarcane,Black,0,1,0.45,1321,0
14.57,Millets,Clay,1,1,0.85,1363,1
4.68,Millets,Black,0,0,0.55,453,0
8.12,Sugarcane,Black,1,0,0.83,753,0
6.68,Sugarcane,Loam,0,1,0.24,338,0
14.28,Rice,Sandy,0,1,0.92,1286,0
12.53,Cotton,Loam,0,0,0.21,886,0
1.26,Cotton,Black,1,0,0.89,1187,0
8.01,Wheat,Sandy,1,1,0.39,844,0
8.05,Maize,Black,0,1,0.24,640,0
9.83,Millets,Black,1,0,0.3,807,0
7.17,Sugarcane,Black,0,0,0.7,1339,0
8.33,Sugarcane,Loam,0,1,0.31,414,0
2.5,Maize,Black,1,0,0.38,1364,0
8.35,Rice,Black,0,1,0.23,664,0
3.6,Wheat,Clay,1,0,0.47,744,0
12.88,Maize,Black,0,1,0.82,442,0
6.68,Cotton,Clay,1,1,0.65,1267,1
1.57,Maize,Sandy,1,0,0.92,753,0
1.02,Cotton,Clay,1,0,0.3,466,0
1.26,Maize,Black,0,1,0.47,1227,0
4.19,Sugarcane,Loam,1,1,0.47,1056,0
8.27,Maize,Sandy,0,1,0.43,1453,0
5.88,Millets,Sandy,0,0,0.39,393,0
6.87,Cotton,Clay,1,0,0.43,1356,0
13.85,Maize,Sandy,1,1,0.86,318,1
12.94,Maize,Sandy,0,0,0.68,1375,0
11.54,Sugarcane,Black,1,1,0.91,862,1
2.93,Cotton,Black,1,0,0.91,1103,0
3.97,Millets,Black,1,1,0.64,330,1
3.64,Sugarcane,Loam,1,1,0.35,1255,0
3.33,Millets,Sandy,0,1,0.58,427,0
10.57,Sugarcane,Clay,1,1,0.91,327,1
7.38,Sugarcane,Clay,0,1,0.4,1486,0
12.01,Millets,Sandy,1,0,0.34,701,0
5.07,Rice,Sandy,0,1,0.38,1049,0
4.05,Maize,Black,1,1,0.42,776,0
3.87,Maize,Black,0,0,0.84,644,0
10.3,Wheat,Sandy,0,1,0.21,842,0
5.2,Cotton,Sandy,1,1,0.47,511,0
14.93,Millets,Clay,1,1,0.34,1075,0
7.91,Sugarcane,Loam,0,1,0.54,966,0
10.78,Maize,Clay,0,1,0.25,1465,0
0.53,Millets,Loam,1,1,0.66,1170,0
8.61,Wheat,Black,1,1,0.87,861,1
12.55,Maize,Loam,1,0,0.61,623,0
9.75,Cotton,Loam,1,0,0.9,1482,0
1.62,Wheat,Sandy,0,0,0.77,434,0
2.08,Wheat,Black,1,1,0.24,822,0
10.41,Millets,Sandy,1,0,0.43,496,0
2.11,Millets,Sandy,0,0,0.84,359,0
7.59,Maize,Sandy,0,0,0.2,1486,0
3.22,Maize,Black,0,1,0.66,677,0
12.47,Maize,Loam,1,1,0.89,625,1
11.94,Millets,Black,1,0,0.93,1150,0
14.89,Sugarcane,Black,1,0,0.8,794,0
13.05,Wheat,Clay,0,1,0.67,1046,0
2.57,Rice,Loam,1,0,0.7,1498,0
11.28,Rice,Black,1,0,0.71,922,0
12.54,Rice,Sandy,0,0,0.34,686,0
4.25,Rice,Clay,1,1,0.31,1230,0
6.87,Millets,Black,1,0,0.48,1072,0
11.07,Wheat,Loam,0,1,0.77,917,0
14.97,Cotton,Sandy,0,0,0.7,564,0
3.6,Maize,Clay,0,0,0.23,1416,0
3.42,Rice,Black,0,0,0.78,1491,0
4.79,Wheat,Black,0,0,0.49,1376,0
6.21,Rice,Sandy,0,1,0.76,1211,0
14.22,Wheat,Loam,0,1,0.87,666,0
12.26,Cotton,Loam,0,0,0.45,1270,0
2.25,Millets,Loam,1,1,0.57,1463,1
7.73,Millets,Loam,1,0,0.74,1106,0
1.23,Cotton,Clay,0,1,0.22,628,0
2.15,Rice,Black,1,0,0.76,622,0
7.84,Wheat,Loam,1,1,0.76,1323,1
13.19,Rice,Sandy,0,0,0.89,606,0
8.57,Rice,Sandy,1,0,0.37,1102,0
7.77,Cotton,Sandy,0,1,0.25,845,0
2.9,Wheat,Loam,0,1,0.24,646,0
3.16,Sugarcane,Black,1,0,0.83,1369,0
7.74,Millets,Loam,0,1,0.63,1228,0
10.36,Cotton,Clay,0,0,0.35,387,0
8.0,Rice,Clay,1,1,0.44,987,0
2.21,Cotton,Loam,0,0,0.75,1149,0
13.65,Sugarcane,Clay,0,0,0.7,1321,0
14.99,Wheat,Sandy,1,1,0.77,628,1
7.39,Millets,Loam,0,0,0.65,394,0
2.03,Cotton,Black,1,0,0.58,843,0
4.59,Maize,Sandy,1,0,0.2,542,0
8.45,Wheat,Clay,0,0,0.71,837,0
14.95,Millets,Clay,1,0,0.77,620,0
5.92,Sugarcane,Loam,1,0,0.2,1181,0
10.31,Millets,Loam,0,1,0.71,634,0
3.28,Rice,Clay,1,1,0.86,868,1
10.29,Rice,Loam,1,0,0.54,381,0
3.35,Maize,Clay,0,0,0.62,515,0
5.2,Sugarcane,Sandy,1,1,0.69,1412,1
7.75,Wheat,Sandy,0,1,0.89,1346,0
12.46,Wheat,Sandy,0,1,0.85,1171,0
8.23,Maize,Clay,0,0,0.2,983,0
14.94,Rice,Sandy,0,1,0.72,1045,0
2.07,Millets,Loam,1,0,0.86,1217,0
8.92,Millets,Clay,1,0,0.2,1359,0
1.16,Cotton,Clay,1,0,0.23,467,0
8.21,Rice,Sandy,1,1,0.58,1342,1
4.83,Rice,Loam,1,0,0.39,372,0
12.57,Cotton,Loam,0,1,0.94,627,0
2.37,Rice,Clay,0,0,0.66,468,0
9.89,Sugarcane,Sandy,0,1,0.5,1043,0
12.52,Wheat,Clay,1,0,0.65,813,0
1.14,Cotton,Black,0,1,0.7,1150,0
7.11,Maize,Loam,0,1,0.6,860,0
4.78,Maize,Sandy,0,1,0.49,1023,0
2.15,Maize,Loam,0,1,0.57,1349,0
8.6,Maize,Black,1,1,0.8,320,1
3.21,Rice,Black,1,1,0.28,548,0
2.35,Millets,Clay,0,0,0.86,317,0
10.54,Cotton,Black,1,1,0.55,1246,1
14.03,Rice,Sandy,1,0,0.86,979,0
12.56,Sugarcane,Sandy,0,1,0.52,311,0
1.16,Maize,Loam,1,1,0.46,1073,0
9.01,Millets,Clay,0,0,0.61,1429,0
5.88,Cotton,Sandy,1,0,0.42,1184,0
3.8,Millets,Loam,1,0,0.43,464,0
4.62,Rice,Loam,1,1,0.91,718,1
7.95,Sugarcane,Sandy,0,0,0.29,944,0
13.06,Maize,Clay,0,1,0.88,437,0
14.54,Wheat,Sandy,0,0,0.9,727,0
8.83,Sugarcane,Loam,1,1,0.93,365,1
14.2,Rice,Loam,0,1,0.22,528,0
14.07,Maize,Clay,1,1,0.56,1327,1
6.95,Millets,Sandy,0,0,0.79,978,0
4.87,Sugarcane,Clay,0,0,0.6,341,0
3.93,Rice,Black,1,1,0.92,493,1
0.9,Maize,Sandy,1,0,0.26,467,0
12.43,Sugarcane,Clay,1,0,0.35,1051,0
12.95,Sugarcane,Loam,1,1,0.95,394,1
5.63,Rice,Black,1,0,0.26,474,0
4.01,Sugarcane,Black,0,1,0.74,887,0
10.37,Millets,Black,0,1,0.7,895,0
10.63,Sugarcane,Clay,0,1,0.91,364,0
1.34,Rice,Black,0,0,0.46,1257,0
5.23,Cotton,Black,1,0,0.57,932,0
7.99,Rice,Clay,1,0,0.55,477,0
9.03,Sugarcane,Sandy,1,0,0.75,775,0
12.01,Cotton,Loam,0,0,0.88,849,0
14.1,Wheat,Sandy,0,0,0.42,328,0
12.3,Millets,Black,1,1,0.66,869,1
1.54,Maize,Black,1,1,0.79,1249,0
11.3,Millets,Black,0,1,0.9,690,0
10.9,Cotton,Black,0,0,0.74,657,0
3.33,Rice,Clay,1,0,0.42,606,0
2.87,Sugarcane,Loam,0,0,0.48,708,0
10.85,Millets,Loam,1,1,0.32,509,0
7.13,Millets,Sandy,0,0,0.43,1484,0
5.69,Wheat,Black,1,0,0.4,822,0
14.78,Millets,Sandy,1,0,0.76,944,0
2.38,Cotton,Loam,0,1,0.45,330,0
4.04,Rice,Sandy,1,0,0.94,1443,0
1.86,Cotton,Clay,1,1,0.75,1065,0
6.64,Millets,Sandy,1,0,0.21,1429,0
12.07,Wheat,Sandy,1,0,0.54,1334,0
12.63,Sugarcane,Sandy,1,0,0.29,693,0
9.27,Millets,Clay,0,1,0.6,414,0
1.64,Sugarcane,Loam,0,1,0.8,492,0
12.17,Maize,Sandy,1,0,0.39,470,0
10.34,Cotton,Black,0,0,0.26,844,0
3.23,Cotton,Sandy,1,0,0.4,785,0
4.96,Millets,Sandy,0,1,0.54,644,0
1.85,Cotton,Loam,1,0,0.91,622,0
4.79,Sugarcane,Sandy,0,1,0.26,345,0
11.17,Sugarcane,Clay,1,1,0.57,1157,1
7.85,Cotton,Black,0,0,0.44,942,0
10.94,Millets,Clay,1,1,0.68,1372,1
11.2,Sugarcane,Sandy,0,1,0.28,1278,0
9.54,Sugarcane,Black,0,0,0.23,750,0
12.4,Rice,Clay,0,1,0.84,584,0
14.36,Sugarcane,Sandy,1,0,0.9,398,0
5.04,Rice,Loam,1,1,0.6,363,1
7.42,Rice,Sandy,0,0,0.92,518,0
2.83,Sugarcane,Loam,0,0,0.52,824,0
9.84,Millets,Black,0,0,0.69,731,0
7.76,Millets,Loam,0,0,0.25,542,0
3.97,Cotton,Loam,0,0,0.74,1060,0
3.69,Millets,Sandy,0,1,0.4,1126,0
0.61,Sugarcane,Black,0,1,0.79,466,0
1.57,Sugarcane,Sandy,0,1,0.59,412,0
2.68,Rice,Sandy,1,1,0.49,1329,0
1.28,Maize,Loam,0,0,0.39,1295,0
13.27,Cotton,Loam,0,0,0.68,1127,0
9.44,Cotton,Black,1,1,0.78,463,1
8.23,Millets,Sandy,1,0,0.58,889,0
4.23,Maize,Black,1,1,0.31,1351,0
10.67,Millets,Clay,1,1,0.45,528,0
11.45,Sugarcane,Black,0,0,0.61,774,0
9.07,Rice,Loam,0,0,0.93,401,0
12.48,Cotton,Black,1,0,0.77,858,0
9.62,Sugarcane,Clay,0,1,0.78,1243,0
4.13,Maize,Sandy,1,0,0.36,618,0
14.6,Rice,Black,1,1,0.4,504,0
10.2,Rice,Sandy,0,0,0.92,782,0
2.8,Maize,Black,0,0,0.77,1235,0
13.78,Millets,Loam,0,1,0.64,602,0
5.27,Sugarcane,Sandy,1,1,0.89,497,1
10.63,Cotton,Clay,1,1,0.44,1132,0
7.39,Millets,Sandy,0,0,0.91,967,0
9.48,Cotton,Clay,1,1,0.52,356,1
3.3,Cotton,Loam,0,1,0.36,509,0
12.04,Maize,Loam,1,1,0.2,316,0
3.8,Rice,Clay,0,0,0.95,1178,0
1.74,Sugarcane,Black,0,0,0.28,933,0
12.07,Cotton,Clay,1,1,0.74,449,1
10.5,Millets,Sandy,0,1,0.41,1343,0
10.11,Maize,Loam,0,0,0.38,1418,0
11.36,Millets,Black,0,1,0.58,862,0
2.16,Maize,Black,1,1,0.54,1087,1
10.61,Cotton,Sandy,0,0,0.69,300,0
10.99,Maize,Loam,0,1,0.47,826,0
12.97,Cotton,Sandy,0,1,0.24,1057,0
11.16,Cotton,Loam,1,0,0.63,716,0
10.14,Sugarcane,Loam,0,1,0.29,1060,0
13.8,Cotton,Loam,0,0,0.88,420,0
14.26,Rice,Sandy,0,0,0.31,701,0
11.44,Cotton,Loam,1,0,0.94,305,0
7.47,Wheat,Black,0,1,0.48,626,0
11.36,Maize,Loam,1,0,0.6,1385,0
3.89,Rice,Black,0,1,0.3,1229,0
13.43,Millets,Clay,0,1,0.81,428,0
9.97,Maize,Loam,0,1,0.83,781,0
14.86,Sugarcane,Black,1,0,0.42,662,0
9.85,Cotton,Loam,1,1,0.89,1064,1
3.3,Sugarcane,Black,0,1,0.74,1219,0
13.15,Rice,Black,0,1,0.59,1280,0
10.02,Maize,Clay,0,0,0.84,1184,0
9.76,Maize,Loam,1,1,0.87,766,1
12.3,Sugarcane,Black,1,1,0.43,1224,0
13.9,Cotton,Sandy,1,1,0.5,681,1
0.55,Millets,Clay,0,1,0.39,1257,0
6.98,Wheat,Clay,0,0,0.63,677,0
11.5,Rice,Sandy,0,1,0.52,643,0
12.38,Rice,Loam,1,0,0.82,641,0
1.05,Cotton,Sandy,1,0,0.81,1419,0
12.54,Rice,Black,0,1,0.21,1453,0
10.53,Millets,Sandy,1,0,0.75,750,0
8.41,Millets,Clay,1,0,0.73,454,0
4.66,Rice,Clay,0,0,0.91,838,0
14.75,Rice,Black,0,1,0.47,352,0
12.85,Sugarcane,Black,1,0,0.44,1023,0
1.84,Millets,Clay,1,0,0.65,877,0
4.62,Rice,Clay,1,1,0.29,379,0
10.49,Cotton,Sandy,0,0,0.31,518,0
9.12,Maize,Sandy,0,1,0.9,451,0
12.51,Millets,Loam,1,1,0.83,963,1
8.5,Wheat,Clay,1,0,0.84,1058,0
5.69,Maize,Loam,0,0,0.22,502,0
2.49,Sugarcane,Sandy,0,1,0.37,320,0
10.23,Rice,Loam,0,1,0.38,634,0
8.72,Sugarcane,Clay,0,1,0.33,454,0
4.65,Millets,Loam,0,0,0.76,467,0
9.96,Cotton,Clay,1,1,0.39,1189,0
11.61,Rice,Sandy,1,1,0.53,1470,1
8.97,Cotton,Sandy,1,0,0.85,519,0
11.17,Maize,Clay,0,0,0.47,1106,0
11.5,Cotton,Clay,0,0,0.36,1049,0
0.63,Wheat,Loam,0,1,0.76,1069,0
8.28,Sugarcane,Loam,0,0,0.2,1269,0
7.67,Rice,Loam,1,0,0.88,554,0
9.44,Millets,Loam,0,0,0.25,607,0
1.12,Rice,Black,1,0,0.58,647,0
14.81,Millets,Sandy,1,1,0.8,1321,1
14.93,Maize,Clay,1,1,0.58,702,1
1.63,Sugarcane,Clay,0,0,0.48,1473,0
4.0,Wheat,Loam,0,0,0.61,928,0
10.0,Cotton,Sandy,1,1,0.29,1290,0
12.04,Sugarcane,Sandy,0,0,0.72,674,0
6.33,Rice,Clay,0,0,0.91,1432,0
14.78,Cotton,Sandy,0,0,0.32,1437,0
12.94,Maize,Black,0,1,0.25,1267,0
0.93,Rice,Loam,0,1,0.72,326,0
9.89,Rice,Clay,1,1,0.35,399,0
7.16,Wheat,Clay,0,1,0.81,580,0
8.92,Rice,Sandy,1,1,0.88,1285,1
11.71,Maize,Sandy,0,1,0.41,1387,0
8.26,Sugarcane,Clay,1,1,0.35,751,0
7.44,Millets,Sandy,1,1,0.94,523,1
13.28,Rice,Clay,0,1,0.73,1152,0
10.83,Maize,Clay,1,0,0.75,1419,0
0.93,Rice,Sandy,1,1,0.93,1193,0
6.17,Millets,Clay,0,1,0.67,814,0
2.1,Rice,Loam,0,0,0.65,721,0
12.15,Cotton,Clay,1,1,0.64,783,1
10.23,Millets,Loam,0,1,0.49,594,0
7.51,Cotton,Loam,0,0,0.89,698,0
4.45,Millets,Clay,1,0,0.45,1442,0
0.85,Rice,Black,0,1,0.65,535,0
11.9,Maize,Clay,0,1,0.55,506,0
5.86,Wheat,Clay,0,1,0.89,1484,0
2.17,Wheat,Clay,1,1,0.31,753,0
2.12,Wheat,Clay,0,0,0.49,1414,0
3.01,Cotton,Black,0,0,0.27,839,0
10.16,Cotton,Clay,0,0,0.42,320,0
13.77,Sugarcane,Sandy,0,1,0.3,853,0
1.5,Rice,Loam,1,1,0.29,943,0
12.61,Sugarcane,Loam,1,0,0.35,685,0
13.29,Millets,Sandy,0,0,0.51,1166,0
12.2,Sugarcane,Sandy,0,1,0.36,1050,0
14.71,Sugarcane,Sandy,1,0,0.48,673,0
2.77,Millets,Sandy,0,1,0.42,1241,0
12.95,Maize,Sandy,1,1,0.78,1141,1
2.42,Sugarcane,Clay,1,1,0.61,385,1
2.54,Sugarcane,Black,0,0,0.93,1072,0
13.62,Sugarcane,Clay,1,0,0.4,1409,0
6.91,Maize,Loam,1,0,0.9,1027,0
3.15,Cotton,Sandy,0,1,0.43,552,0
10.29,Maize,Loam,1,0,0.74,1119,0
2.28,Millets,Black,0,0,0.3,1360,0
3.09,Millets,Black,0,1,0.79,1481,0
6.06,Rice,Loam,0,1,0.56,983,0
13.87,Rice,Loam,0,0,0.38,518,0
12.36,Cotton,Sandy,0,1,0.56,561,0
13.68,Rice,Black,1,0,0.45,665,0
10.25,Cotton,Sandy,1,1,0.6,413,1
9.29,Sugarcane,Black,1,0,0.35,425,0
2.82,Rice,Loam,1,1,0.26,451,0
2.12,Rice,Loam,1,1,0.66,1268,1
4.71,Rice,Clay,0,1,0.26,1032,0
13.52,Maize,Sandy,0,1,0.31,360,0
4.37,Millets,Sandy,1,0,0.61,570,0
3.73,Cotton,Black,0,1,0.66,490,0
8.48,Rice,Black,0,0,0.93,1237,0
10.36,Millets,Black,1,0,0.89,988,0
5.44,Maize,Black,0,1,0.93,903,0
1.85,Cotton,Sandy,0,1,0.24,901,0
7.22,Sugarcane,Black,1,0,0.27,844,0
3.41,Wheat,Sandy,1,1,0.33,962,0
3.9,Wheat,Sandy,0,0,0.64,1421,0
14.06,Sugarcane,Clay,1,0,0.69,1413,0
3.95,Rice,Loam,1,1,0.45,832,0
14.91,Rice,Black,0,0,0.68,729,0
3.21,Wheat,Loam,1,1,0.64,828,1
5.57,Rice,Loam,0,0,0.52,863,0
4.66,Cotton,Black,0,1,0.38,1148,0
14.77,Sugarcane,Clay,1,1,0.41,536,0
14.58,Rice,Clay,0,1,0.73,1349,0
8.01,Rice,Loam,0,0,0.26,1309,0
0.53,Sugarcane,Sandy,1,1,0.57,440,0
14.28,Millets,Black,1,0,0.76,1070,0
13.94,Millets,Clay,0,0,0.95,1353,0
7.4,Sugarcane,Loam,0,0,0.38,1282,0
8.39,Rice,Loam,0,1,0.45,844,0
0.59,Wheat,Black,0,1,0.59,1134,0
8.69,Wheat,Loam,0,0,0.59,1295,0
8.91,Rice,Black,0,1,0.81,942,0
0.67,Sugarcane,Clay,1,1,0.78,895,0
10.1,Wheat,Sandy,1,1,0.54,948,1
6.95,Sugarcane,Black,1,0,0.68,588,0
10.21,Wheat,Black,0,1,0.41,649,0
10.46,Cotton,Sandy,0,1,0.58,868,0
1.28,Wheat,Black,1,1,0.7,582,0
0.81,Rice,Clay,0,1,0.54,1247,0
7.74,Millets,Black,0,1,0.42,441,0
3.65,Sugarcane,Loam,0,1,0.63,792,0
13.74,Maize,Black,0,1,0.91,938,0
7.47,Sugarcane,Loam,0,0,0.32,438,0
3.51,Wheat,Clay,1,1,0.63,818,1
4.76,Sugarcane,Loam,0,1,0.37,1247,0
5.85,Wheat,Sandy,0,1,0.79,1242,0
2.92,Sugarcane,Clay,0,0,0.63,445,0
11.38,Rice,Sandy,1,0,0.73,562,0
11.79,Millets,Loam,1,0,0.8,306,0
11.42,Sugarcane,Black,1,1,0.59,320,1
4.37,Maize,Loam,0,1,0.91,1197,0
10.29,Rice,Clay,1,1,0.56,1272,1
8.75,Millets,Loam,1,0,0.45,903,0
11.67,Maize,Clay,1,1,0.63,1193,1
5.99,Millets,Black,0,1,0.4,459,0
1.01,Millets,Sandy,0,1,0.34,1500,0
6.42,Cotton,Clay,1,0,0.45,549,0
10.1,Maize,Loam,1,1,0.52,317,1
7.72,Cotton,Black,1,0,0.9,830,0
9.12,Maize,Black,1,0,0.85,852,0
8.96,Maize,Loam,1,1,0.52,641,1
14.23,Maize,Clay,1,1,0.89,556,1
12.72,Cotton,Black,1,0,0.77,609,0
8.56,Wheat,Loam,0,0,0.25,698,0
5.35,Rice,Clay,1,1,0.36,331,0
8.11,Millets,Loam,0,0,0.29,525,0
14.87,Rice,Black,1,1,0.61,655,1
9.39,Rice,Black,1,1,0.54,1134,1
4.81,Maize,Clay,1,0,0.72,976,0
4.0,Maize,Clay,1,0,0.92,869,0
3.62,Wheat,Clay,0,1,0.26,1481,0
4.73,Rice,Clay,1,0,0.6,1490,0
8.11,Wheat,Clay,1,1,0.69,1224,1
5.04,Millets,Clay,0,0,0.86,578,0
11.45,Wheat,Black,1,0,0.52,582,0
1.73,Millets,Sandy,0,1,0.52,1080,0
8.93,Millets,Clay,0,1,0.57,485,0
12.16,Sugarcane,Sandy,0,0,0.68,887,0
8.01,Cotton,Loam,1,1,0.86,876,1
9.86,Rice,Black,0,0,0.55,349,0
5.69,Rice,Black,1,1,0.22,745,0
4.75,Millets,Black,0,0,0.66,1036,0
3.92,Cotton,Loam,1,0,0.77,457,0
14.15,Millets,Clay,0,0,0.84,878,0
2.75,Sugarcane,Loam,0,1,0.75,1471,0
12.55,Rice,Black,1,1,0.59,371,1
1.66,Millets,Clay,1,0,0.3,360,0
8.47,Maize,Loam,0,0,0.21,325,0
1.62,Rice,Black,0,1,0.69,637,0
10.77,Rice,Sandy,0,1,0.9,737,0
14.08,Wheat,Black,0,1,0.74,1283,0
13.52,Rice,Loam,1,1,0.41,346,0
9.26,Millets,Sandy,1,0,0.43,1234,0
10.88,Maize,Black,0,1,0.59,1434,0
11.5,Maize,Sandy,1,1,0.81,784,1
9.16,Cotton,Sandy,1,0,0.2,649,0
7.68,Millets,Clay,0,1,0.7,1034,0
2.01,Maize,Loam,1,1,0.27,691,0
8.65,Rice,Black,0,0,0.39,582,0
6.78,Sugarcane,Clay,1,0,0.62,505,0
12.21,Sugarcane,Sandy,0,0,0.46,489,0
8.75,Cotton,Black,1,1,0.9,1468,1
7.7,Rice,Black,0,0,0.61,1057,0
10.78,Sugarcane,Clay,0,1,0.34,815,0
4.89,Millets,Black,1,0,0.3,1063,0
13.45,Rice,Sandy,0,1,0.5,540,0
7.17,Sugarcane,Clay,0,1,0.8,1285,0
4.85,Sugarcane,Loam,1,0,0.79,880,0
12.96,Wheat,Loam,1,1,0.9,737,1
7.18,Rice,Black,0,0,0.53,1148,0
3.03,Wheat,Sandy,1,1,0.43,1023,0
13.75,Maize,Clay,0,1,0.91,1098,0
2.97,Cotton,Loam,1,0,0.24,1409,0
1.55,Wheat,Loam,1,1,0.37,1230,0
6.18,Wheat,Sandy,1,1,0.26,1390,0
8.97,Maize,Loam,1,1,0.66,623,1
10.1,Maize,Loam,0,0,0.28,1101,0
14.55,Sugarcane,Black,0,0,0.84,1370,0
5.34,Rice,Clay,0,0,0.57,1021,0
9.29,Millets,Loam,0,0,0.24,367,0
0.64,Rice,Black,0,1,0.68,915,0
7.33,Cotton,Clay,0,0,0.45,1390,0
4.14,Sugarcane,Clay,0,1,0.52,719,0
11.7,Sugarcane,Clay,0,1,0.29,1498,0
14.37,Maize,Clay,0,0,0.49,1220,0
6.96,Rice,Sandy,0,0,0.24,623,0
13.95,Sugarcane,Sandy,1,0,0.72,1156,0
14.88,Sugarcane,Loam,0,0,0.27,573,0
3.11,Sugarcane,Black,1,1,0.41,480,0
0.88,Millets,Loam,0,1,0.53,856,0
6.84,Millets,Black,0,0,0.61,1457,0
9.27,Millets,Black,1,0,0.75,754,0
14.95,Wheat,Black,1,1,0.28,399,0
5.1,Millets,Black,1,0,0.44,514,0
11.2,Sugarcane,Loam,0,0,0.21,1284,0
7.16,Wheat,Black,0,1,0.67,1221,0
5.56,Maize,Black,0,0,0.54,1355,0
14.67,Maize,Loam,1,0,0.69,905,0
8.53,Sugarcane,Black,1,0,0.91,657,0
10.18,Rice,Loam,0,1,0.73,1034,0
12.29,Sugarcane,Sandy,1,0,0.94,1124,0
10.68,Wheat,Sandy,1,0,0.43,1174,0
2.08,Millets,Sandy,0,0,0.5,1159,0
11.63,Rice,Black,1,0,0.74,1251,0
7.42,Cotton,Black,0,0,0.47,1471,0
4.18,Wheat,Black,1,0,0.21,1248,0
7.82,Wheat,Black,1,0,0.94,602,0
7.01,Maize,Loam,1,1,0.3,1212,0
14.86,Sugarcane,Black,0,0,0.28,805,0
8.03,Maize,Black,0,1,0.7,804,0
4.47,Cotton,Black,0,0,0.79,581,0
3.2,Rice,Loam,1,0,0.78,828,0
2.05,Sugarcane,Sandy,1,0,0.28,424,0
13.08,Cotton,Loam,0,1,0.41,891,0
10.97,Sugarcane,Clay,0,0,0.5,1201,0
6.65,Wheat,Black,0,1,0.26,1133,0
3.08,Wheat,Clay,1,1,0.41,1326,0
4.01,Rice,Black,1,0,0.29,676,0
5.11,Wheat,Clay,0,0,0.87,1463,0
1.29,Rice,Loam,1,1,0.31,794,0
8.7,Cotton,Loam,0,1,0.44,684,0
14.83,Rice,Clay,1,1,0.69,688,1
5.5,Wheat,Clay,0,0,0.38,690,0
13.33,Rice,Loam,1,0,0.86,1193,0
11.84,Wheat,Clay,1,1,0.7,776,1
2.45,Sugarcane,Sandy,0,1,0.35,733,0
13.0,Sugarcane,Black,0,0,0.91,448,0
11.42,Sugarcane,Loam,0,1,0.46,1320,0
1.94,Millets,Black,0,1,0.35,547,0
2.97,Sugarcane,Black,1,1,0.52,735,1
8.62,Cotton,Loam,0,1,0.21,1283,0
3.43,Millets,Clay,0,0,0.36,926,0
14.32,Sugarcane,Loam,0,0,0.85,933,0
3.47,Millets,Black,0,1,0.51,1207,0
9.64,Millets,Clay,1,1,0.91,1302,1
12.76,Rice,Clay,1,0,0.67,1440,0
13.37,Wheat,Black,0,0,0.28,944,0
3.2,Rice,Loam,1,0,0.66,590,0
12.78,Wheat,Black,0,0,0.3,715,0
8.26,Millets,Clay,1,0,0.73,1181,0
8.74,Millets,Black,1,0,0.92,790,0
8.53,Millets,Loam,0,1,0.42,646,0
7.46,Cotton,Sandy,0,1,0.34,1047,0
1.45,Cotton,Black,1,1,0.58,1413,0
4.26,Millets,Loam,0,0,0.76,1305,0
2.22,Rice,Black,1,1,0.87,841,1
8.28,Sugarcane,Black,1,1,0.71,872,1
14.41,Rice,Black,1,1,0.31,1216,0
1.79,Maize,Black,1,1,0.8,1323,0
10.52,Millets,Clay,1,0,0.59,996,0
1.72,Wheat,Loam,1,1,0.57,662,0
9.74,Millets,Loam,0,0,0.23,975,0
1.22,Cotton,Sandy,0,0,0.69,1204,0
7.25,Millets,Clay,0,0,0.38,710,0
6.98,Rice,Black,0,1,0.34,855,0
1.75,Sugarcane,Clay,1,1,0.61,1359,0
6.43,Millets,Black,1,0,0.72,1196,0
4.6,Maize,Black,1,0,0.92,996,0
0.61,Maize,Sandy,1,0,0.73,405,0
13.1,Millets,Sandy,0,0,0.94,670,0
8.46,Maize,Black,0,0,0.45,1477,0
5.8,Wheat,Black,0,1,0.55,556,0
13.79,Cotton,Loam,1,1,0.28,1499,0
12.46,Millets,Loam,1,0,0.37,421,0
12.63,Rice,Clay,1,1,0.37,385,0
5.39,Maize,Clay,1,1,0.88,1156,1
2.07,Sugarcane,Black,0,0,0.9,539,0
4.01,Wheat,Clay,1,0,0.94,691,0
3.0,Rice,Clay,1,1,0.3,1470,0
14.87,Cotton,Sandy,0,0,0.88,360,0
8.08,Rice,Black,1,0,0.66,689,0
5.8,Millets,Sandy,1,1,0.73,420,1
6.42,Sugarcane,Sandy,0,1,0.71,573,0
10.8,Cotton,Loam,0,1,0.63,1355,0
3.17,Millets,Black,0,1,0.23,1001,0
8.04,Wheat,Sandy,0,0,0.4,788,0
3.62,Cotton,Clay,1,1,0.71,704,1
10.8,Rice,Black,0,1,0.36,1181,0
10.68,Millets,Clay,1,0,0.33,800,0
6.54,Wheat,Sandy,1,0,0.77,1241,0
2.05,Sugarcane,Loam,0,1,0.5,1292,0
2.93,Cotton,Black,1,0,0.78,317,0
8.81,Sugarcane,Loam,1,0,0.82,925,0
8.58,Maize,Black,1,0,0.48,1071,0
2.49,Cotton,Clay,1,0,0.49,696,0
6.25,Rice,Black,1,0,0.43,1340,0
0.8,Rice,Clay,1,1,0.87,308,0
12.63,Sugarcane,Black,0,1,0.92,454,0
2.7,Sugarcane,Loam,1,1,0.56,1105,1
5.93,Millets,Loam,1,0,0.54,542,0
14.23,Cotton,Clay,0,1,0.38,663,0
9.68,Rice,Black,0,1,0.65,1358,0
8.4,Cotton,Sandy,0,0,0.41,301,0
10.81,Millets,Loam,0,1,0.69,1099,0
5.37,Millets,Sandy,0,0,0.36,537,0
10.04,Cotton,Black,0,0,0.32,647,0
6.54,Maize,Sandy,0,0,0.88,1333,0
3.38,Cotton,Clay,0,0,0.65,1098,0
0.8,Sugarcane,Loam,1,0,0.8,792,0
3.73,Cotton,Clay,0,1,0.5,725,0
7.07,Cotton,Clay,1,0,0.36,405,0
8.12,Maize,Clay,0,0,0.73,410,0
9.99,Maize,Clay,0,0,0.27,596,0
9.18,Cotton,Sandy,0,0,0.22,1218,0
8.23,Rice,Loam,1,0,0.38,911,0
1.93,Rice,Clay,1,1,0.56,1084,0
6.92,Wheat,Clay,0,0,0.53,1034,0
13.06,Sugarcane,Black,0,0,0.59,939,0
5.06,Millets,Sandy,1,0,0.85,1108,0
3.47,Millets,Black,1,1,0.55,682,1
6.21,Maize,Loam,0,1,0.84,745,0
11.87,Sugarcane,Loam,0,0,0.85,1005,0
4.93,Maize,Sandy,1,0,0.57,507,0
1.25,Rice,Clay,1,1,0.94,1029,0
12.37,Wheat,Sandy,1,1,0.46,1473,0
6.41,Cotton,Sandy,1,0,0.2,1059,0
12.48,Sugarcane,Loam,1,1,0.36,965,0
13.96,Wheat,Clay,1,1,0.37,1007,0
3.32,Sugarcane,Black,1,1,0.24,657,0
7.69,Millets,Black,0,1,0.64,895,0
9.4,Wheat,Loam,1,1,0.25,877,0
7.26,Wheat,Black,0,0,0.33,506,0
2.46,Sugarcane,Clay,1,0,0.59,598,0
14.22,Maize,Black,0,1,0.91,894,0
9.05,Cotton,Black,1,0,0.58,1382,0
13.59,Sugarcane,Loam,0,0,0.76,885,0
7.6,Millets,Clay,0,0,0.64,1345,0
2.55,Maize,Loam,1,0,0.44,1290,0
9.97,Millets,Clay,1,1,0.82,886,1
6.37,Wheat,Loam,1,1,0.75,332,1
5.59,Millets,Black,0,1,0.41,1423,0
5.68,Sugarcane,Black,0,1,0.57,882,0
3.46,Cotton,Black,1,1,0.71,1468,1
10.26,Rice,Black,1,1,0.85,363,1
7.71,Millets,Loam,1,0,0.62,696,0
14.94,Sugarcane,Sandy,0,1,0.52,307,0
5.81,Maize,Clay,0,0,0.82,1439,0
13.67,Wheat,Sandy,0,0,0.7,474,0
3.89,Sugarcane,Clay,0,0,0.6,1374,0
8.01,Millets,Sandy,1,1,0.45,913,0
12.15,Sugarcane,Clay,0,1,0.45,423,0
5.94,Wheat,Black,1,1,0.43,395,0
5.13,Cotton,Sandy,0,1,0.5,1437,0
11.64,Sugarcane,Loam,1,0,0.36,505,0
6.38,Maize,Sandy,0,1,0.75,959,0
12.74,Sugarcane,Loam,1,0,0.87,574,0
1.37,Rice,Sandy,0,0,0.69,459,0
14.76,Sugarcane,Loam,0,1,0.93,1136,0
10.48,Sugarcane,Loam,0,0,0.93,838,0
6.46,Sugarcane,Black,1,1,0.8,1134,1
6.59,Wheat,Loam,1,1,0.93,742,1
0.84,Millets,Clay,1,1,0.33,1036,0
11.53,Rice,Black,0,1,0.2,708,0
7.72,Sugarcane,Sandy,1,0,0.6,995,0
12.55,Maize,Black,1,0,0.67,1224,0
6.53,Wheat,Loam,0,0,0.24,1305,0
0.76,Sugarcane,Loam,1,0,0.3,1146,0
13.49,Cotton,Loam,0,1,0.85,564,0
12.09,Millets,Loam,1,0,0.89,1278,0
10.48,Rice,Sandy,0,1,0.72,635,0
6.6,Wheat,Sandy,0,0,0.55,826,0
14.31,Wheat,Black,0,0,0.77,1007,0
7.35,Millets,Clay,1,1,0.45,346,0
10.0,Rice,Sandy,0,1,0.66,1065,0
3.88,Maize,Clay,0,1,0.24,324,0
2.02,Wheat,Loam,1,0,0.79,339,0
2.79,Maize,Loam,0,0,0.81,307,0
8.5,Rice,Loam,1,0,0.69,1425,0
13.71,Maize,Sandy,1,1,0.93,866,1
6.71,Maize,Sandy,1,0,0.33,528,0
11.48,Rice,Clay,1,1,0.48,1476,0
10.36,Cotton,Loam,1,0,0.21,600,0
5.16,Wheat,Clay,0,0,0.46,440,0
5.09,Millets,Sandy,0,1,0.88,685,0
9.59,Rice,Sandy,0,1,0.72,1103,0
2.19,Wheat,Loam,1,0,0.73,942,0
3.79,Millets,Sandy,0,1,0.65,521,0
13.89,Millets,Sandy,1,0,0.53,786,0
13.96,Sugarcane,Clay,1,0,0.66,710,0
12.72,Wheat,Clay,0,0,0.83,333,0
12.6,Millets,Sandy,1,1,0.72,357,1
13.9,Millets,Clay,1,1,0.77,1489,1
2.74,Cotton,Loam,0,1,0.75,1331,0
10.33,Millets,Black,0,1,0.87,1433,0
8.83,Millets,Clay,1,0,0.34,548,0
4.58,Rice,Sandy,0,0,0.21,403,0
5.18,Millets,Black,1,1,0.39,1029,0
12.69,Maize,Clay,1,1,0.39,1232,0
12.66,Wheat,Loam,0,0,0.34,1053,0
12.91,Rice,Sandy,1,0,0.79,708,0
9.54,Rice,Clay,1,0,0.85,875,0
2.98,Sugarcane,Clay,0,1,0.6,832,0
8.06,Cotton,Black,1,1,0.85,1233,1
6.8,Maize,Loam,0,0,0.5,1464,0
3.84,Maize,Sandy,1,1,0.74,1081,1
6.86,Millets,Clay,0,1,0.56,1318,0
7.42,Millets,Black,1,1,0.23,382,0
6.4,Rice,Black,0,1,0.75,1195,0
6.42,Maize,Sandy,1,0,0.36,943,0
6.73,Rice,Sandy,1,1,0.43,1127,0
4.25,Sugarcane,Sandy,1,0,0.52,1317,0
1.64,Sugarcane,Clay,1,1,0.88,1152,0
12.61,Cotton,Sandy,1,0,0.57,1176,0
12.76,Rice,Black,1,1,0.31,1080,0
6.19,Rice,Sandy,1,0,0.73,844,0
6.28,Rice,Loam,0,0,0.57,595,0
14.13,Maize,Clay,0,0,0.78,1185,0
10.53,Sugarcane,Sandy,1,1,0.66,761,1
9.44,Maize,Clay,1,1,0.59,782,1
9.03,Maize,Sandy,0,0,0.61,1193,0
3.75,Millets,Black,1,1,0.28,448,0
2.21,Maize,Loam,1,1,0.23,1177,0
6.28,Wheat,Sandy,1,1,0.57,607,1
3.82,Maize,Sandy,1,0,0.92,644,0
8.87,Wheat,Sandy,1,1,0.57,1373,1
2.12,Cotton,Sandy,1,1,0.2,633,0
7.23,Sugarcane,Loam,1,1,0.63,769,1
7.34,Millets,Loam,1,1,0.37,1008,0
8.24,Millets,Black,1,0,0.54,776,0
10.33,Rice,Sandy,0,1,0.74,553,0
14.98,Maize,Clay,0,0,0.61,1183,0
12.6,Maize,Clay,0,0,0.42,868,0
6.72,Rice,Sandy,1,1,0.59,559,1
13.02,Rice,Sandy,1,0,0.6,685,0
8.28,Cotton,Loam,0,0,0.36,432,0
1.68,Wheat,Loam,0,0,0.44,504,0
13.7,Cotton,Loam,0,0,0.41,694,0
0.87,Cotton,Clay,0,1,0.29,774,0
14.9,Rice,Black,1,1,0.93,1078,1
12.53,Sugarcane,Sandy,1,1,0.87,1114,1
7.8,Cotton,Sandy,1,0,0.4,1150,0
4.3,Wheat,Sandy,0,1,0.29,934,0
4.48,Cotton,Black,0,1,0.28,1422,0
13.72,Wheat,Sandy,1,0,0.74,1455,0
14.26,Millets,Sandy,0,1,0.72,605,0
7.61,Rice,Loam,1,0,0.7,1308,0
12.6,Rice,Loam,0,1,0.58,701,0
13.19,Sugarcane,Loam,0,0,0.62,1104,0
10.47,Cotton,Clay,0,0,0.8,1486,0
3.18,Rice,Loam,1,1,0.37,1462,0
14.84,Millets,Sandy,0,1,0.55,375,0
3.42,Millets,Black,0,1,0.21,963,0
8.22,Cotton,Black,0,1,0.6,881,0
7.18,Maize,Black,0,1,0.76,1011,0
12.32,Rice,Black,1,0,0.53,365,0
2.0,Millets,Sandy,1,0,0.3,551,0
4.42,Maize,Clay,0,1,0.39,1240,0
13.9,Rice,Black,1,0,0.66,392,0
8.12,Maize,Black,0,1,0.68,1215,0
7.82,Rice,Clay,0,0,0.23,1295,0
9.19,Millets,Loam,0,0,0.81,872,0
13.6,Sugarcane,Sandy,1,1,0.66,439,1
10.44,Sugarcane,Clay,0,0,0.56,1123,0
6.11,Rice,Loam,1,1,0.74,368,1
14.41,Wheat,Black,1,1,0.85,982,1
9.16,Maize,Clay,0,0,0.76,854,0
12.54,Wheat,Loam,0,1,0.34,1112,0
8.75,Cotton,Loam,0,1,0.26,752,0
6.44,Sugarcane,Clay,1,0,0.51,570,0
5.67,Rice,Black,1,1,0.73,1442,1
10.92,Cotton,Black,0,1,0.79,1471,0
6.56,Cotton,Black,0,1,0.64,1099,0
14.33,Sugarcane,Black,0,0,0.62,1152,0
12.18,Millets,Clay,0,0,0.79,1355,0
12.91,Wheat,Loam,0,0,0.89,620,0
4.09,Maize,Loam,0,0,0.35,768,0
12.91,Wheat,Sandy,1,0,0.76,1366,0
7.81,Maize,Loam,1,1,0.61,401,1
3.64,Millets,Loam,1,1,0.43,1419,0
3.98,Cotton,Loam,0,1,0.2,824,0
3.34,Rice,Sandy,1,0,0.3,518,0
5.07,Millets,Sandy,0,0,0.45,544,0
10.64,Maize,Sandy,1,1,0.52,1389,1
7.18,Wheat,Black,0,0,0.35,353,0
8.19,Rice,Sandy,0,1,0.52,1348,0
12.35,Maize,Clay,1,0,0.48,576,0
8.32,Cotton,Loam,1,0,0.76,1155,0
4.61,Maize,Black,0,0,0.37,1105,0
7.91,Maize,Clay,0,1,0.69,1241,0
12.68,Maize,Black,1,1,0.33,344,0
9.57,Rice,Black,1,0,0.45,899,0
9.17,Cotton,Clay,1,0,0.86,774,0
5.18,Wheat,Sandy,1,0,0.47,715,0
12.95,Cotton,Black,0,1,0.43,1311,0
3.23,Wheat,Loam,0,0,0.87,1396,0
12.34,Sugarcane,Loam,0,0,0.52,926,0
7.91,Wheat,Clay,1,0,0.86,513,0
9.03,Wheat,Black,0,0,0.35,1417,0
4.01,Cotton,Loam,1,0,0.59,392,0
3.09,Rice,Loam,0,1,0.24,814,0
3.42,Millets,Loam,0,1,0.41,1246,0
10.55,Millets,Black,1,0,0.57,531,0
12.1,Wheat,Black,1,1,0.9,703,1
7.67,Millets,Loam,0,1,0.44,1481,0
9.41,Rice,Loam,0,1,0.92,1415,0
6.75,Sugarcane,Clay,1,0,0.57,1293,0
2.5,Wheat,Clay,0,1,0.69,829,0
2.93,Millets,Black,0,0,0.5,884,0
11.94,Maize,Clay,0,0,0.29,596,0
0.72,Wheat,Clay,0,0,0.49,608,0
13.92,Millets,Sandy,1,0,0.28,827,0
9.04,Maize,Loam,1,1,0.84,431,1
11.77,Rice,Black,0,0,0.92,1219,0
2.86,Wheat,Black,1,0,0.46,1056,0
2.33,Cotton,Loam,0,1,0.45,1262,0
12.17,Sugarcane,Loam,1,0,0.82,1491,0
2.82,Sugarcane,Sandy,1,0,0.76,871,0
4.2,Millets,Clay,0,1,0.69,838,0
9.87,Cotton,Loam,1,1,0.8,1068,1
14.67,Sugarcane,Clay,1,0,0.82,728,0
9.21,Maize,Black,1,0,0.27,1149,0
9.67,Wheat,Black,0,0,0.61,794,0
2.33,Maize,Clay,1,1,0.77,1298,1
13.74,Rice,Black,0,1,0.39,435,0
10.43,Millets,Clay,1,1,0.74,948,1
3.15,Cotton,Sandy,1,0,0.74,646,0
8.96,Millets,Sandy,1,0,0.46,1038,0
6.77,Cotton,Sandy,1,0,0.23,460,0
8.62,Wheat,Loam,0,0,0.89,993,0
9.11,Maize,Sandy,0,1,0.94,1322,0
2.01,Millets,Loam,1,0,0.8,808,0
4.95,Rice,Black,0,0,0.28,413,0
4.28,Maize,Sandy,1,0,0.42,1224,0
4.78,Millets,Loam,1,1,0.89,1467,1
4.63,Wheat,Sandy,0,1,0.86,1045,0
7.79,Rice,Black,0,0,0.44,498,0
14.39,Wheat,Black,0,0,0.94,1283,0
4.33,Sugarcane,Sandy,0,1,0.69,802,0
14.64,Millets,Black,0,1,0.4,360,0
13.12,Cotton,Clay,0,1,0.64,406,0
13.81,Wheat,Sandy,1,1,0.62,1331,1
12.54,Cotton,Black,0,0,0.7,635,0
8.76,Sugarcane,Sandy,0,0,0.37,1304,0
1.16,Maize,Loam,0,1,0.59,884,0
10.47,Maize,Sandy,1,0,0.76,376,0
7.07,Sugarcane,Loam,0,1,0.25,578,0
12.89,Sugarcane,Sandy,1,1,0.3,540,0
8.8,Millets,Clay,1,1,0.51,1065,1
9.66,Millets,Loam,0,1,0.94,628,0
10.28,Millets,Clay,0,0,0.3,600,0
14.65,Wheat,Black,0,1,0.45,344,0
1.79,Rice,Black,1,1,0.64,472,0
5.25,Cotton,Sandy,0,1,0.94,519,0
10.12,Maize,Sandy,1,0,0.3,1127,0
6.4,Cotton,Loam,0,1,0.36,487,0
8.17,Millets,Clay,0,1,0.71,1187,0
6.66,Wheat,Black,1,0,0.82,753,0
13.03,Millets,Loam,1,0,0.27,1044,0
8.18,Cotton,Clay,0,1,0.59,1024,0
5.77,Maize,Clay,1,1,0.65,1435,1
4.18,Cotton,Loam,1,0,0.69,566,0
0.85,Cotton,Black,1,0,0.86,427,0
10.35,Millets,Clay,1,1,0.61,1491,1
5.91,Sugarcane,Black,1,1,0.54,1039,1
13.33,Rice,Clay,1,0,0.48,963,0
3.0,Millets,Black,0,1,0.44,420,0
9.0,Maize,Black,1,0,0.29,433,0
9.49,Cotton,Clay,1,0,0.22,1483,0
12.61,Millets,Clay,1,1,0.29,810,0
12.53,Sugarcane,Loam,0,0,0.36,1454,0
3.9,Millets,Black,1,1,0.66,633,1
11.02,Cotton,Loam,0,1,0.34,501,0
1.03,Maize,Clay,0,0,0.84,856,0
1.42,Millets,Loam,0,1,0.53,1253,0
5.83,Rice,Black,0,1,0.42,736,0
7.67,Cotton,Loam,0,1,0.86,1293,0
7.94,Millets,Loam,1,0,0.39,1353,0
14.12,Maize,Sandy,0,1,0.2,939,0
12.14,Sugarcane,Loam,0,1,0.31,1383,0
4.02,Millets,Sandy,0,0,0.94,999,0
3.45,Maize,Clay,0,0,0.31,1014,0
3.02,Wheat,Black,1,0,0.86,743,0
4.3,Maize,Black,1,1,0.77,637,1
2.45,Millets,Black,1,0,0.88,586,0
13.54,Maize,Clay,0,1,0.71,991,0
2.06,Wheat,Black,0,1,0.67,1001,0
9.4,Rice,Clay,1,0,0.29,1147,0
8.53,Rice,Black,1,1,0.22,953,0
5.7,Maize,Clay,0,0,0.86,807,0
1.01,Cotton,Loam,1,1,0.53,1413,0
8.12,Maize,Loam,1,0,0.74,1453,0
6.37,Wheat,Loam,1,1,0.7,588,1
11.51,Maize,Loam,1,0,0.51,895,0
8.89,Wheat,Sandy,0,1,0.64,380,0
11.37,Sugarcane,Sandy,1,1,0.78,1300,1
8.07,Cotton,Loam,0,0,0.26,787,0
6.5,Cotton,Black,1,1,0.77,491,1
10.51,Sugarcane,Loam,0,1,0.49,597,0
9.24,Sugarcane,Clay,1,1,0.64,968,1
3.74,Cotton,Black,1,0,0.33,471,0
4.41,Cotton,Sandy,0,0,0.52,762,0
0.72,Cotton,Sandy,1,0,0.47,1425,0
11.28,Cotton,Black,0,1,0.81,1100,0
8.68,Wheat,Sandy,1,0,0.95,619,0
5.8,Cotton,Loam,1,0,0.49,831,0
11.72,Cotton,Sandy,0,0,0.75,1033,0
4.25,Rice,Black,1,1,0.4,610,0
7.28,Rice,Loam,0,1,0.84,1272,0
8.75,Rice,Loam,1,1,0.53,1226,1
1.25,Cotton,Black,1,0,0.91,1093,0
4.31,Sugarcane,Black,0,1,0.71,642,0
3.97,Sugarcane,Loam,1,0,0.75,1111,0
0.75,Rice,Black,0,1,0.52,902,0
14.21,Rice,Clay,1,1,0.37,623,0
13.22,Maize,Sandy,0,1,0.74,786,0
4.81,Sugarcane,Sandy,0,0,0.32,706,0
7.5,Maize,Sandy,1,0,0.25,1183,0
7.93,Cotton,Sandy,0,0,0.88,1476,0
1.02,Sugarcane,Black,1,0,0.35,547,0
9.85,Sugarcane,Clay,0,0,0.56,699,0
2.42,Cotton,Clay,1,1,0.46,1390,0
0.58,Rice,Loam,0,0,0.24,564,0
7.62,Cotton,Black,1,1,0.24,867,0
12.98,Rice,Loam,1,1,0.67,842,1
12.47,Sugarcane,Loam,0,0,0.93,519,0
11.12,Rice,Black,1,0,0.61,421,0
9.19,Cotton,Clay,0,1,0.31,999,0
12.32,Sugarcane,Loam,0,0,0.7,1078,0
12.85,Maize,Sandy,0,1,0.86,1224,0
12.27,Sugarcane,Loam,0,1,0.58,1190,0
5.89,Rice,Sandy,1,1,0.81,955,1
6.48,Cotton,Loam,0,0,0.2,726,0
13.1,Millets,Black,1,0,0.53,1203,0
13.97,Rice,Clay,1,1,0.51,446,1
13.66,Cotton,Clay,1,0,0.38,405,0
2.58,Rice,Loam,1,1,0.23,1341,0
14.35,Sugarcane,Sandy,1,0,0.36,820,0
7.09,Cotton,Black,0,0,0.49,1114,0
12.06,Maize,Black,0,1,0.9,327,0
8.45,Maize,Sandy,0,0,0.26,833,0
7.04,Sugarcane,Clay,0,1,0.68,605,0
5.02,Millets,Sandy,0,0,0.41,719,0
5.72,Rice,Black,1,1,0.5,1173,1
11.49,Cotton,Clay,1,1,0.68,1227,1
5.08,Sugarcane,Black,0,0,0.51,698,0
14.42,Maize,Clay,1,1,0.6,1005,1
5.62,Millets,Clay,0,0,0.6,673,0
1.1,Millets,Black,0,0,0.24,887,0
0.82,Rice,Loam,0,0,0.6,1484,0
7.72,Millets,Black,0,0,0.84,1361,0
10.42,Maize,Black,0,1,0.74,302,0
4.04,Rice,Clay,1,1,0.61,1127,1
12.06,Maize,Clay,1,0,0.86,815,0
8.8,Wheat,Sandy,1,0,0.93,1304,0
8.99,Maize,Loam,1,1,0.55,1307,1
9.82,Millets,Sandy,1,1,0.9,1446,1
10.51,Maize,Black,0,1,0.92,1282,0
3.22,Sugarcane,Loam,0,0,0.72,1204,0
13.36,Wheat,Clay,1,1,0.66,1103,1
9.27,Sugarcane,Loam,1,0,0.52,958,0
11.42,Cotton,Clay,1,0,0.91,1455,0
11.99,Cotton,Sandy,1,0,0.27,1020,0
2.1,Cotton,Black,1,1,0.46,821,0
1.28,Rice,Loam,0,1,0.72,1241,0
8.14,Millets,Black,0,1,0.91,1018,0
12.92,Millets,Clay,1,1,0.74,823,1
11.41,Cotton,Clay,0,1,0.71,1159,0
9.98,Cotton,Loam,0,1,0.33,1048,0
9.45,Wheat,Black,1,1,0.72,490,1
13.62,Sugarcane,Loam,1,1,0.82,415,1
13.44,Rice,Black,1,1,0.88,1392,1
6.26,Wheat,Loam,0,0,0.57,1281,0
5.77,Millets,Sandy,0,0,0.93,1108,0
5.21,Maize,Black,0,1,0.83,1380,0
12.71,Rice,Clay,1,1,0.47,687,0
2.52,Wheat,Sandy,1,0,0.62,910,0
3.48,Sugarcane,Black,1,0,0.53,713,0
11.81,Cotton,Clay,1,1,0.85,1332,1
5.29,Maize,Black,0,0,0.48,678,0
4.92,Millets,Clay,0,0,0.89,683,0
11.26,Millets,Clay,0,0,0.64,612,0
13.37,Rice,Sandy,0,0,0.69,1026,0
9.72,Millets,Sandy,1,0,0.95,409,0
0.82,Cotton,Loam,1,1,0.36,531,0
12.2,Sugarcane,Black,1,1,0.42,1074,0
8.55,Millets,Loam,0,0,0.57,1122,0
10.72,Sugarcane,Loam,0,1,0.81,327,0
13.1,Cotton,Black,1,0,0.33,791,0
14.2,Sugarcane,Loam,1,0,0.61,839,0
14.4,Wheat,Clay,1,0,0.39,1135,0
13.29,Wheat,Black,1,1,0.84,1377,1
13.34,Maize,Sandy,0,0,0.41,987,0
11.65,Maize,Black,0,1,0.47,965,0
10.95,Sugarcane,Black,0,0,0.23,807,0
11.32,Cotton,Black,0,1,0.65,1316,0
14.34,Maize,Loam,0,0,0.88,999,0
13.35,Sugarcane,Black,1,0,0.72,1391,0
8.18,Cotton,Loam,0,1,0.58,901,0
4.49,Maize,Sandy,1,0,0.36,455,0
8.55,Millets,Loam,0,1,0.22,709,0
12.62,Wheat,Clay,1,0,0.59,720,0
9.15,Millets,Clay,0,0,0.5,597,0
5.8,Maize,Loam,0,1,0.22,535,0
2.05,Sugarcane,Clay,1,0,0.33,949,0
7.55,Sugarcane,Black,1,0,0.62,1442,0
14.27,Rice,Clay,0,1,0.55,1225,0
9.46,Sugarcane,Sandy,1,1,0.94,417,1
11.26,Maize,Loam,1,1,0.63,1462,1
11.9,Sugarcane,Clay,1,1,0.78,560,1
1.57,Cotton,Black,1,1,0.7,602,0
7.83,Maize,Black,0,0,0.57,394,0
3.82,Millets,Clay,1,0,0.81,1278,0
7.38,Maize,Black,0,1,0.32,306,0
6.13,Wheat,Clay,1,0,0.62,1279,0
2.0,Sugarcane,Loam,0,1,0.58,1377,0
2.11,Rice,Clay,1,0,0.57,1146,0
12.12,Sugarcane,Sandy,1,1,0.68,1440,1
10.47,Maize,Sandy,1,0,0.5,1332,0
4.92,Maize,Loam,1,0,0.29,926,0
8.23,Rice,Loam,0,1,0.35,327,0
14.79,Wheat,Black,0,0,0.57,1420,0
9.79,Rice,Clay,1,1,0.6,443,1
8.16,Maize,Sandy,1,0,0.29,1345,0
7.62,Maize,Sandy,1,1,0.52,1269,1
7.47,Maize,Clay,1,1,0.63,968,1
7.62,Wheat,Clay,0,1,0.66,608,0
10.8,Maize,Sandy,0,0,0.73,522,0
12.36,Rice,Clay,0,1,0.86,1242,0
3.4,Cotton,Loam,1,0,0.31,1370,0
9.52,Rice,Black,1,1,0.94,1235,1
9.65,Wheat,Black,1,0,0.89,1274,0
3.4,Sugarcane,Black,0,0,0.24,915,0
13.88,Cotton,Sandy,0,1,0.56,920,0
1.09,Wheat,Black,1,0,0.76,1015,0
7.71,Cotton,Sandy,0,0,0.8,1346,0
5.51,Cotton,Loam,1,1,0.64,1444,1
3.19,Cotton,Sandy,1,1,0.38,1296,0
9.55,Cotton,Black,0,1,0.8,901,0
14.32,Millets,Clay,0,1,0.5,354,0
13.84,Millets,Black,0,0,0.2,557,0
6.39,Rice,Black,0,0,0.62,1320,0
9.51,Cotton,Loam,0,1,0.63,867,0
11.28,Cotton,Black,0,1,0.28,908,0
8.3,Millets,Clay,1,1,0.82,706,1
13.83,Maize,Black,1,1,0.22,710,0
3.05,Sugarcane,Clay,0,0,0.47,710,0
7.58,Sugarcane,Clay,0,0,0.42,678,0
3.79,Wheat,Black,0,0,0.64,1418,0
11.59,Wheat,Sandy,1,0,0.54,740,0
13.28,Cotton,Clay,0,0,0.43,644,0
0.62,Sugarcane,Sandy,1,0,0.28,1387,0
1.99,Rice,Clay,0,1,0.65,1126,0
7.47,Sugarcane,Loam,1,1,0.27,516,0
1.34,Sugarcane,Clay,0,0,0.21,966,0
14.75,Rice,Clay,0,0,0.6,1021,0
9.29,Maize,Loam,1,1,0.86,1135,1
9.98,Cotton,Loam,1,1,0.62,978,1
0.82,Millets,Sandy,1,0,0.49,504,0
13.08,Millets,Loam,0,0,0.77,426,0
2.66,Millets,Loam,0,1,0.46,713,0
9.75,Sugarcane,Sandy,1,0,0.2,1131,0
0.58,Maize,Loam,0,1,0.75,656,0
7.15,Wheat,Loam,1,0,0.64,1127,0
11.47,Wheat,Sandy,0,0,0.38,1111,0
1.95,Wheat,Sandy,1,0,0.9,337,0
11.94,Millets,Sandy,0,0,0.56,1406,0
11.1,Millets,Sandy,0,0,0.86,714,0
14.0,Millets,Clay,0,1,0.33,1074,0
0.87,Rice,Black,0,0,0.82,1136,0
14.78,Wheat,Black,1,0,0.7,927,0
6.49,Sugarcane,Sandy,0,0,0.45,1466,0
12.66,Cotton,Black,1,0,0.52,774,0
11.46,Wheat,Loam,1,1,0.45,392,0
2.97,Rice,Black,1,1,0.7,901,1
10.37,Millets,Loam,0,1,0.72,748,0
1.08,Millets,Black,1,1,0.37,733,0
12.76,Wheat,Loam,0,0,0.35,1458,0
8.57,Wheat,Sandy,1,1,0.8,1033,1
8.55,Millets,Black,1,1,0.47,374,0
4.47,Millets,Clay,1,1,0.91,1221,1
4.81,Cotton,Loam,0,0,0.74,343,0
11.47,Sugarcane,Clay,0,0,0.38,1071,0
9.85,Maize,Sandy,1,0,0.33,310,0
3.12,Millets,Black,1,1,0.44,1370,0
2.41,Millets,Sandy,0,0,0.55,322,0
13.41,Rice,Loam,1,0,0.89,419,0
5.16,Rice,Sandy,1,1,0.35,996,0
12.95,Cotton,Sandy,1,0,0.88,518,0
8.07,Maize,Sandy,1,0,0.43,800,0
5.11,Sugarcane,Black,0,0,0.57,1185,0
0.8,Cotton,Clay,1,0,0.42,753,0
7.15,Cotton,Sandy,0,0,0.49,752,0
12.99,Rice,Black,0,0,0.48,472,0
12.91,Sugarcane,Black,0,0,0.33,847,0
11.75,Millets,Black,0,0,0.37,317,0
12.96,Sugarcane,Sandy,0,1,0.69,744,0
3.3,Sugarcane,Sandy,0,1,0.23,1221,0
7.79,Rice,Sandy,1,0,0.28,1262,0
9.0,Sugarcane,Black,1,1,0.52,738,1
8.01,Rice,Clay,1,1,0.47,485,0
12.13,Maize,Sandy,1,0,0.38,1093,0
8.63,Millets,Clay,1,1,0.41,1439,0
11.89,Rice,Black,0,0,0.42,509,0
7.07,Wheat,Black,0,0,0.74,865,0
0.73,Rice,Sandy,0,0,0.56,910,0
14.15,Cotton,Loam,0,0,0.84,930,0
11.13,Wheat,Clay,0,0,0.25,936,0
12.19,Maize,Black,1,1,0.85,718,1
5.45,Millets,Sandy,0,1,0.44,611,0
0.67,Wheat,Clay,0,0,0.26,830,0
5.03,Maize,Black,1,1,0.66,1293,1
5.92,Cotton,Loam,1,1,0.57,663,1
2.59,Cotton,Black,0,1,0.81,538,0
6.95,Sugarcane,Black,0,1,0.26,916,0
2.65,Sugarcane,Loam,1,0,0.3,1077,0
13.07,Sugarcane,Black,0,1,0.43,873,0
9.41,Maize,Loam,1,1,0.45,669,0
1.84,Millets,Sandy,0,0,0.29,1289,0
6.22,Millets,Loam,1,1,0.69,1407,1
7.75,Sugarcane,Clay,0,1,0.21,1229,0
6.0,Sugarcane,Loam,0,0,0.92,310,0
3.4,Cotton,Sandy,0,0,0.76,1035,0
0.72,Cotton,Loam,0,0,0.41,1047,0
11.14,Maize,Black,1,0,0.79,915,0
4.2,Wheat,Black,1,1,0.9,1209,1
14.01,Cotton,Sandy,0,1,0.41,424,0
8.33,Sugarcane,Loam,0,1,0.72,1134,0
4.2,Cotton,Sandy,0,0,0.92,741,0
2.84,Cotton,Loam,0,0,0.78,411,0
11.19,Millets,Clay,1,0,0.27,365,0
8.19,Millets,Loam,0,1,0.7,1122,0
7.34,Sugarcane,Black,1,0,0.68,555,0
14.61,Millets,Black,0,0,0.21,728,0
5.24,Cotton,Clay,1,0,0.36,1124,0
11.3,Maize,Clay,0,1,0.63,1291,0
2.25,Rice,Black,0,1,0.81,1093,0
6.49,Rice,Black,1,1,0.64,993,1
6.88,Millets,Black,1,0,0.43,436,0
11.74,Maize,Black,0,1,0.86,1327,0
5.34,Sugarcane,Loam,0,0,0.45,511,0
9.79,Millets,Sandy,1,1,0.47,584,0
8.21,Sugarcane,Clay,1,0,0.8,736,0
0.64,Rice,Black,1,0,0.27,1068,0
13.4,Maize,Black,1,0,0.6,1326,0
14.54,Millets,Sandy,1,0,0.92,343,0
6.88,Maize,Loam,0,0,0.33,1443,0
14.25,Cotton,Loam,0,1,0.59,736,0
13.83,Maize,Clay,0,1,0.75,688,0
0.52,Rice,Black,0,1,0.69,759,0
4.46,Maize,Clay,0,1,0.72,752,0
2.58,Millets,Clay,0,1,0.23,1175,0
7.92,Cotton,Loam,0,0,0.29,1133,0
12.2,Sugarcane,Clay,1,0,0.56,558,0
10.15,Rice,Loam,1,0,0.25,1273,0
2.89,Wheat,Clay,0,1,0.9,860,0
1.86,Sugarcane,Loam,1,1,0.28,1032,0
14.12,Cotton,Clay,0,1,0.69,1070,0
0.65,Wheat,Black,1,0,0.46,804,0
6.77,Millets,Sandy,0,1,0.37,557,0
5.42,Wheat,Clay,0,1,0.79,1027,0
12.89,Rice,Black,0,0,0.56,530,0
8.73,Millets,Sandy,0,1,0.82,1105,0
3.71,Cotton,Sandy,0,0,0.35,1387,0
4.89,Sugarcane,Sandy,0,0,0.6,893,0
14.03,Rice,Loam,1,0,0.62,531,0
7.28,Rice,Sandy,0,1,0.92,960,0
13.56,Millets,Loam,1,1,0.66,1087,1
2.3,Rice,Loam,1,0,0.69,562,0
11.86,Cotton,Loam,0,0,0.35,1234,0
9.76,Rice,Loam,0,1,0.55,1170,0
5.92,Rice,Clay,0,1,0.74,1334,0
2.07,Maize,Clay,0,0,0.72,1227,0
8.66,Wheat,Clay,1,0,0.92,758,0
8.34,Rice,Black,0,1,0.72,651,0
8.17,Rice,Clay,1,1,0.52,567,1
9.99,Millets,Sandy,0,0,0.31,465,0
8.97,Millets,Clay,0,0,0.23,1075,0
10.52,Maize,Clay,0,0,0.44,818,0
5.53,Rice,Loam,0,1,0.87,911,0
14.35,Millets,Clay,1,1,0.91,1317,1
11.81,Cotton,Black,0,0,0.91,458,0
3.91,Millets,Sandy,1,1,0.38,1200,0
9.61,Wheat,Sandy,1,1,0.27,1278,0
10.77,Millets,Sandy,0,0,0.46,472,0
3.87,Maize,Black,1,0,0.69,495,0
7.96,Maize,Loam,0,0,0.24,1044,0
5.86,Millets,Clay,1,1,0.62,1464,1
8.75,Cotton,Sandy,0,0,0.3,511,0
4.88,Millets,Loam,1,0,0.44,843,0
1.19,Cotton,Clay,1,1,0.39,301,0
12.35,Wheat,Black,0,0,0.33,430,0
1.52,Sugarcane,Loam,0,0,0.92,1441,0
1.53,Sugarcane,Black,0,1,0.9,703,0
1.51,Sugarcane,Clay,1,0,0.57,1187,0
8.26,Rice,Sandy,1,0,0.58,935,0
4.97,Cotton,Loam,1,1,0.52,1057,1
9.37,Rice,Black,0,0,0.64,364,0
8.55,Millets,Clay,0,0,0.85,337,0
6.37,Millets,Clay,1,0,0.54,1163,0
13.39,Wheat,Sandy,1,1,0.31,301,0
12.02,Cotton,Sandy,1,1,0.7,985,1
2.53,Rice,Clay,0,0,0.8,1453,0
3.49,Cotton,Clay,1,0,0.51,1199,0
11.86,Maize,Black,1,1,0.82,1289,1
12.53,Cotton,Sandy,1,1,0.68,862,1
10.99,Sugarcane,Clay,0,1,0.54,442,0
9.38,Rice,Loam,0,1,0.42,935,0
13.59,Maize,Sandy,0,0,0.66,333,0
12.35,Millets,Clay,1,1,0.22,514,0
5.68,Cotton,Loam,1,1,0.28,877,0
9.25,Sugarcane,Clay,1,0,0.29,1163,0
1.16,Millets,Loam,0,1,0.42,960,0
5.06,Sugarcane,Clay,0,0,0.92,1432,0
11.36,Millets,Sandy,1,1,0.37,788,0
14.67,Millets,Sandy,0,1,0.91,361,0
4.4,Millets,Loam,1,1,0.89,601,1
13.1,Sugarcane,Sandy,1,1,0.25,1408,0
3.07,Maize,Sandy,0,0,0.24,439,0
9.58,Wheat,Sandy,0,0,0.71,946,0
10.11,Maize,Clay,1,0,0.2,1268,0
14.84,Wheat,Loam,0,0,0.44,1378,0
2.41,Sugarcane,Black,0,0,0.61,1273,0
1.07,Cotton,Sandy,1,1,0.94,766,0
7.07,Rice,Sandy,1,0,0.43,1374,0
5.61,Cotton,Loam,0,0,0.65,396,0
6.44,Millets,Sandy,1,1,0.21,561,0
10.65,Cotton,Clay,1,1,0.47,947,0
7.19,Millets,Sandy,1,0,0.76,1021,0
13.09,Millets,Black,1,1,0.44,483,0
11.73,Maize,Clay,1,0,0.87,677,0
4.17,Maize,Sandy,0,0,0.59,743,0
12.25,Millets,Black,1,1,0.4,1258,0
13.89,Cotton,Black,0,1,0.64,490,0
0.6,Cotton,Clay,0,0,0.61,1076,0
5.33,Cotton,Clay,0,0,0.3,453,0
3.31,Rice,Black,1,0,0.77,1396,0
12.14,Millets,Sandy,1,1,0.88,705,1
3.99,Millets,Sandy,0,0,0.57,1330,0
9.98,Millets,Clay,0,0,0.6,898,0
10.84,Rice,Loam,0,0,0.67,1130,0
8.64,Millets,Clay,0,1,0.65,669,0
1.53,Sugarcane,Clay,0,1,0.84,1274,0
8.08,Millets,Black,0,0,0.2,935,0
1.31,Rice,Clay,0,1,0.49,596,0
11.31,Cotton,Sandy,0,0,0.45,438,0
7.84,Rice,Sandy,1,0,0.74,350,0
2.0,Cotton,Loam,1,0,0.43,1192,0
2.09,Rice,Clay,0,0,0.25,1199,0
10.15,Millets,Clay,1,0,0.33,533,0
9.04,Rice,Clay,0,1,0.88,783,0
10.83,Millets,Loam,0,0,0.54,395,0
11.14,Millets,Sandy,0,1,0.37,387,0
10.47,Sugarcane,Clay,1,1,0.32,1071,0
7.29,Millets,Sandy,1,0,0.4,1017,0
2.94,Maize,Black,0,0,0.9,388,0
2.14,Sugarcane,Sandy,0,0,0.41,631,0
12.66,Rice,Clay,0,1,0.94,1418,0
6.03,Millets,Sandy,0,0,0.48,757,0
3.71,Millets,Clay,1,0,0.44,1261,0
5.21,Maize,Clay,1,0,0.68,753,0
9.18,Sugarcane,Loam,0,1,0.94,911,0
3.65,Millets,Black,0,1,0.6,496,0
14.41,Rice,Loam,1,0,0.28,1286,0
3.1,Rice,Sandy,1,1,0.91,1126,1
1.04,Sugarcane,Sandy,0,0,0.71,1497,0
3.81,Sugarcane,Sandy,0,1,0.52,393,0
12.36,Wheat,Black,0,0,0.84,963,0
9.89,Rice,Loam,0,0,0.52,1298,0
4.17,Cotton,Clay,0,0,0.61,540,0
5.84,Cotton,Loam,1,1,0.65,1278,1
4.98,Millets,Black,1,0,0.58,1460,0
0.72,Rice,Black,0,1,0.26,785,0
11.24,Sugarcane,Sandy,0,1,0.67,821,0
6.03,Sugarcane,Black,1,1,0.31,337,0
9.5,Maize,Black,1,1,0.86,1290,1
1.86,Maize,Sandy,1,0,0.53,793,0
2.19,Rice,Sandy,1,1,0.43,1205,0
9.3,Rice,Loam,0,1,0.34,621,0
0.67,Sugarcane,Black,0,1,0.22,848,0
11.12,Millets,Sandy,0,0,0.55,934,0
13.62,Cotton,Black,0,1,0.33,1141,0
14.36,Cotton,Sandy,1,0,0.95,812,0
1.83,Cotton,Loam,0,1,0.75,428,0
13.38,Maize,Sandy,0,1,0.38,986,0
9.98,Millets,Clay,1,0,0.49,1182,0
11.97,Rice,Black,0,1,0.26,368,0
14.65,Millets,Black,0,1,0.77,612,0
4.02,Maize,Clay,1,0,0.88,1240,0
7.7,Sugarcane,Black,0,1,0.52,624,0
9.08,Wheat,Black,0,0,0.47,1244,0
3.51,Millets,Loam,0,1,0.82,1371,0
6.47,Sugarcane,Black,0,0,0.24,1212,0
3.89,Wheat,Black,1,1,0.42,645,0
4.85,Cotton,Black,1,1,0.77,639,1
4.09,Wheat,Black,1,0,0.32,843,0
12.85,Cotton,Sandy,1,1,0.54,519,1
12.83,Millets,Sandy,1,1,0.37,693,0
1.92,Maize,Clay,1,1,0.24,304,0
7.04,Rice,Loam,1,0,0.86,1267,0
0.55,Sugarcane,Loam,0,1,0.42,301,0
12.01,Cotton,Clay,1,1,0.8,854,1
14.54,Sugarcane,Sandy,0,0,0.84,310,0
1.27,Wheat,Clay,0,0,0.36,1182,0
10.53,Maize,Loam,1,0,0.57,559,0
9.82,Millets,Sandy,0,1,0.44,1216,0
0.78,Cotton,Sandy,1,0,0.53,1257,0
3.54,Rice,Sandy,0,0,0.62,815,0
9.24,Sugarcane,Black,0,1,0.86,1029,0
4.04,Wheat,Loam,0,1,0.63,464,0
7.16,Sugarcane,Loam,1,0,0.57,433,0
11.2,Maize,Loam,0,0,0.81,1407,0
14.06,Millets,Clay,0,1,0.46,1123,0
0.75,Cotton,Black,1,1,0.84,894,0
14.58,Rice,Sandy,0,1,0.6,428,0
9.06,Rice,Black,0,1,0.69,1216,0
6.63,Wheat,Black,1,0,0.84,816,0
5.04,Sugarcane,Sandy,1,1,0.56,1493,1
9.64,Cotton,Black,1,0,0.79,634,0
11.1,Wheat,Black,0,1,0.71,1048,0
1.59,Maize,Clay,0,0,0.46,449,0
2.69,Maize,Clay,0,1,0.47,1349,0
4.21,Millets,Sandy,0,0,0.66,836,0
4.71,Millets,Sandy,0,1,0.89,474,0
6.41,Cotton,Sandy,1,0,0.36,345,0
1.84,Cotton,Loam,1,1,0.63,421,0
8.37,Wheat,Black,1,1,0.81,1178,1
6.54,Sugarcane,Sandy,0,1,0.29,737,0
1.09,Maize,Black,1,1,0.64,498,0
3.67,Cotton,Black,0,0,0.92,995,0
6.78,Rice,Black,0,1,0.27,1432,0
3.26,Wheat,Clay,1,0,0.84,621,0
13.56,Millets,Clay,0,1,0.28,710,0
8.0,Wheat,Black,0,1,0.32,1409,0
8.13,Maize,Black,1,1,0.78,1369,1
5.68,Millets,Black,1,1,0.65,1270,1
10.39,Wheat,Clay,0,1,0.92,1200,0
12.44,Maize,Clay,0,0,0.68,717,0
9.59,Maize,Black,1,0,0.29,846,0
10.72,Millets,Loam,1,1,0.79,1432,1
1.06,Millets,Loam,1,0,0.34,733,0
4.28,Sugarcane,Loam,1,1,0.29,749,0
9.15,Rice,Sandy,0,0,0.25,548,0
2.83,Wheat,Black,0,0,0.71,543,0
11.12,Cotton,Clay,0,1,0.83,898,0
9.67,Wheat,Loam,0,0,0.3,923,0
1.49,Rice,Clay,0,1,0.37,346,0
4.28,Millets,Sandy,1,1,0.44,1447,0
2.95,Sugarcane,Loam,0,1,0.71,421,0
5.83,Rice,Loam,1,1,0.32,787,0
14.09,Rice,Black,0,0,0.51,1496,0
3.06,Sugarcane,Clay,0,0,0.23,837,0
1.67,Maize,Sandy,0,0,0.85,739,0
11.65,Cotton,Loam,0,1,0.26,1046,0
11.63,Wheat,Loam,0,1,0.21,1283,0
14.54,Millets,Loam,0,1,0.79,1199,0
6.45,Maize,Black,1,1,0.72,1247,1
11.43,Wheat,Sandy,0,0,0.74,1355,0
13.37,Rice,Sandy,0,0,0.63,336,0
8.36,Cotton,Loam,0,1,0.67,560,0
12.48,Cotton,Clay,0,1,0.36,491,0
9.49,Cotton,Loam,1,1,0.36,343,0
8.89,Maize,Sandy,0,1,0.75,1220,0
14.14,Wheat,Clay,1,1,0.93,1465,1
9.98,Wheat,Clay,0,0,0.25,989,0
8.63,Cotton,Black,1,1,0.34,879,0
0.76,Millets,Sandy,0,1,0.48,1118,0
12.74,Rice,Clay,1,1,0.8,758,1
9.33,Wheat,Black,1,1,0.5,736,1
0.84,Rice,Clay,0,0,0.86,1470,0
1.72,Wheat,Loam,0,1,0.78,399,0
13.89,Rice,Sandy,0,1,0.64,1215,0
11.4,Maize,Sandy,1,0,0.3,1190,0
2.29,Maize,Clay,1,0,0.57,1134,0
11.79,Sugarcane,Loam,0,0,0.91,1437,0
1.3,Maize,Clay,0,0,0.39,1476,0
11.99,Rice,Black,1,0,0.63,547,0
11.93,Rice,Sandy,1,0,0.52,1245,0
1.04,Maize,Black,1,0,0.85,1044,0
0.87,Maize,Clay,1,0,0.23,799,0
11.93,Rice,Black,0,0,0.48,802,0
12.81,Sugarcane,Loam,1,1,0.36,1389,0
10.39,Maize,Loam,1,0,0.76,1199,0
5.66,Millets,Loam,1,1,0.28,389,0
13.5,Cotton,Sandy,0,0,0.48,878,0
5.08,Wheat,Sandy,0,0,0.77,1201,0
10.34,Maize,Black,1,0,0.81,436,0
9.25,Maize,Sandy,0,0,0.29,842,0
1.73,Wheat,Sandy,0,1,0.65,670,0
3.99,Maize,Loam,1,0,0.52,924,0
7.88,Millets,Clay,1,0,0.49,1481,0
14.97,Sugarcane,Clay,1,0,0.46,1499,0
7.84,Maize,Black,1,1,0.55,829,1
10.05,Rice,Black,0,1,0.27,799,0
3.48,Rice,Loam,1,1,0.28,352,0
13.97,Wheat,Clay,0,0,0.29,1298,0
10.57,Cotton,Black,0,0,0.9,1490,0
5.53,Cotton,Black,1,1,0.33,360,0
5.64,Maize,Clay,0,0,0.71,1097,0
11.62,Maize,Sandy,1,1,0.83,1419,1
11.72,Millets,Loam,1,1,0.69,1093,1
4.26,Wheat,Loam,1,1,0.95,673,1
11.17,Rice,Loam,0,1,0.23,952,0
8.0,Rice,Black,1,1,0.71,568,1
4.94,Sugarcane,Sandy,0,0,0.31,746,0
1.18,Millets,Black,0,1,0.84,1474,0
13.66,Millets,Loam,1,1,0.84,446,1
11.94,Cotton,Sandy,0,1,0.23,825,0
7.59,Rice,Loam,0,1,0.79,492,0
4.12,Sugarcane,Sandy,0,0,0.91,1166,0
9.93,Sugarcane,Clay,0,1,0.45,1051,0
4.62,Sugarcane,Clay,0,1,0.91,460,0
4.29,Cotton,Clay,1,0,0.48,390,0
12.78,Rice,Sandy,0,0,0.43,505,0
12.75,Millets,Sandy,1,1,0.54,853,1
11.66,Rice,Clay,1,1,0.3,1188,0
10.21,Rice,Sandy,1,0,0.79,617,0
5.55,Cotton,Sandy,1,1,0.77,1049,1
1.07,Wheat,Sandy,1,1,0.73,1233,0
8.86,Rice,Sandy,1,0,0.91,304,0
4.15,Cotton,Loam,1,0,0.4,696,0
2.81,Rice,Clay,1,0,0.31,1326,0
14.6,Maize,Clay,1,1,0.4,1311,0
6.46,Rice,Loam,1,1,0.3,603,0
12.47,Cotton,Sandy,0,0,0.67,1051,0
14.91,Millets,Clay,0,1,0.93,898,0
6.55,Maize,Clay,1,1,0.54,1224,1
3.44,Rice,Sandy,1,1,0.6,661,1
14.65,Millets,Clay,1,1,0.23,910,0
9.46,Millets,Sandy,1,1,0.72,1048,1
1.53,Wheat,Sandy,0,1,0.51,947,0
5.06,Wheat,Black,0,1,0.72,1485,0
14.98,Rice,Clay,0,0,0.31,665,0
6.52,Cotton,Sandy,0,0,0.23,1094,0
4.24,Cotton,Sandy,1,1,0.5,637,1
0.86,Millets,Clay,1,1,0.68,487,0
8.43,Sugarcane,Clay,1,1,0.95,727,1
7.52,Cotton,Clay,1,0,0.3,1012,0
2.78,Millets,Sandy,1,1,0.8,1412,1
12.5,Sugarcane,Clay,1,0,0.5,1308,0
7.36,Wheat,Loam,1,1,0.59,1297,1
2.23,Cotton,Sandy,1,1,0.94,1322,1
6.75,Wheat,Black,1,0,0.51,387,0
6.78,Wheat,Clay,0,0,0.62,1348,0
9.28,Wheat,Clay,1,1,0.21,1302,0
1.48,Wheat,Sandy,0,1,0.81,769,0
10.55,Maize,Black,0,0,0.89,538,0
6.84,Maize,Sandy,1,0,0.25,1481,0
10.35,Sugarcane,Clay,0,1,0.45,519,0
3.04,Rice,Black,1,0,0.55,880,0
8.52,Maize,Sandy,1,1,0.4,579,0
6.46,Cotton,Clay,0,1,0.33,664,0
12.04,Wheat,Sandy,1,0,0.77,1461,0
5.95,Wheat,Clay,0,0,0.51,567,0
4.08,Millets,Loam,0,0,0.75,1018,0
13.58,Rice,Loam,1,0,0.94,831,0
4.56,Sugarcane,Loam,1,0,0.32,1490,0
11.01,Sugarcane,Black,0,0,0.93,444,0
5.52,Millets,Clay,1,1,0.75,964,1
8.73,Sugarcane,Sandy,0,0,0.77,614,0
3.67,Millets,Clay,1,1,0.37,649,0
1.97,Rice,Black,0,1,0.75,1421,0
8.95,Maize,Black,1,0,0.74,1070,0
11.96,Millets,Black,1,1,0.64,1466,1
5.53,Wheat,Black,0,0,0.6,1349,0
11.77,Wheat,Black,0,1,0.6,1267,0
3.12,Wheat,Sandy,1,0,0.41,899,0
6.03,Millets,Sandy,0,0,0.38,1109,0
1.22,Cotton,Sandy,0,0,0.51,1142,0
5.97,Maize,Loam,0,0,0.36,773,0
13.32,Wheat,Black,0,0,0.39,451,0
7.62,Cotton,Sandy,0,1,0.22,1431,0
12.74,Wheat,Black,1,0,0.78,1462,0
7.04,Rice,Clay,0,1,0.29,615,0
4.13,Sugarcane,Sandy,1,1,0.82,525,1
12.48,Cotton,Loam,1,0,0.65,1184,0
14.2,Maize,Black,1,1,0.54,1010,1
12.61,Maize,Sandy,1,1,0.8,946,1
8.82,Millets,Sandy,0,0,0.37,703,0
8.07,Maize,Sandy,0,0,0.52,393,0
7.27,Millets,Clay,0,1,0.74,434,0
1.19,Sugarcane,Black,0,0,0.3,1219,0
3.63,Millets,Black,0,1,0.94,386,0
14.57,Wheat,Sandy,1,1,0.36,1293,0
2.44,Cotton,Loam,0,1,0.33,1188,0
5.93,Sugarcane,Loam,1,1,0.81,410,1
8.35,Sugarcane,Sandy,0,0,0.81,1081,0
8.98,Wheat,Sandy,1,0,0.28,504,0
7.16,Wheat,Sandy,1,1,0.28,1345,0
2.18,Maize,Black,1,1,0.9,417,1
13.86,Cotton,Sandy,0,1,0.89,350,0
9.68,Cotton,Black,1,1,0.29,1214,0
13.93,Wheat,Loam,0,0,0.78,573,0
2.45,Sugarcane,Black,0,1,0.46,429,0
11.71,Sugarcane,Loam,0,1,0.35,1146,0
2.72,Millets,Sandy,0,1,0.32,432,0
11.15,Maize,Sandy,0,1,0.3,665,0
3.8,Millets,Loam,0,0,0.35,1370,0
12.41,Rice,Clay,1,0,0.94,392,0
7.42,Millets,Sandy,0,1,0.41,534,0
3.13,Millets,Sandy,0,1,0.94,1233,0
6.22,Wheat,Sandy,0,1,0.3,1295,0
0.94,Maize,Loam,0,1,0.55,868,0
2.7,Millets,Clay,1,0,0.88,1001,0
8.13,Rice,Clay,0,0,0.61,492,0
1.35,Maize,Black,1,0,0.61,313,0
9.86,Millets,Black,1,0,0.33,675,0
13.68,Maize,Clay,0,1,0.28,758,0
8.3,Wheat,Black,0,1,0.48,409,0
4.36,Millets,Clay,1,1,0.91,1389,1
2.68,Sugarcane,Loam,0,1,0.78,893,0
5.5,Millets,Clay,1,0,0.66,1441,0
12.84,Wheat,Sandy,1,0,0.68,932,0
10.69,Rice,Sandy,0,0,0.64,641,0
6.27,Sugarcane,Clay,1,1,0.26,376,0
6.31,Millets,Black,0,0,0.37,767,0
11.19,Wheat,Sandy,0,1,0.8,603,0
4.14,Cotton,Loam,0,1,0.34,619,0
10.26,Cotton,Loam,0,1,0.36,1011,0
2.44,Sugarcane,Clay,1,1,0.46,301,0
5.49,Maize,Clay,0,0,0.66,912,0
11.85,Rice,Clay,0,0,0.38,415,0
6.38,Maize,Clay,1,0,0.76,1381,0
9.06,Maize,Loam,0,0,0.67,328,0
4.95,Rice,Black,0,0,0.7,831,0
3.3,Wheat,Clay,1,0,0.49,1245,0
9.92,Maize,Sandy,0,1,0.53,1422,0
6.14,Sugarcane,Clay,1,0,0.92,1256,0
9.74,Sugarcane,Sandy,1,1,0.75,355,1
3.29,Maize,Clay,0,1,0.28,852,0
12.21,Rice,Loam,1,0,0.34,564,0
13.6,Maize,Loam,1,1,0.45,1187,0
13.07,Millets,Loam,1,1,0.87,980,1
14.85,Wheat,Loam,1,1,0.43,1157,0
7.47,Cotton,Sandy,1,0,0.44,1155,0
13.26,Rice,Black,0,0,0.23,394,0
11.78,Cotton,Loam,1,1,0.89,1343,1
14.62,Cotton,Black,1,0,0.85,917,0
12.75,Rice,Sandy,0,1,0.58,1410,0
12.22,Wheat,Black,0,0,0.76,500,0
6.99,Sugarcane,Sandy,1,1,0.38,838,0
3.08,Wheat,Clay,1,1,0.66,749,1
13.71,Wheat,Sandy,0,0,0.32,505,0
2.02,Cotton,Sandy,1,0,0.64,1426,0
2.6,Maize,Clay,1,1,0.43,780,0
9.97,Wheat,Black,1,1,0.53,731,1
9.94,Cotton,Black,0,1,0.53,951,0
14.57,Maize,Clay,1,1,0.76,871,1
5.37,Millets,Clay,0,0,0.37,1114,0
4.97,Maize,Sandy,0,0,0.61,1377,0
0.93,Millets,Sandy,1,0,0.69,431,0
3.57,Wheat,Clay,1,0,0.55,1404,0
1.71,Millets,Clay,1,0,0.63,899,0
12.72,Rice,Clay,0,1,0.75,652,0
1.97,Cotton,Loam,0,1,0.4,1389,0
6.32,Maize,Black,0,0,0.88,474,0
6.33,Millets,Clay,1,1,0.24,941,0
6.9,Wheat,Clay,0,0,0.48,326,0
11.2,Wheat,Clay,1,1,0.42,363,0
12.51,Millets,Loam,1,0,0.23,1246,0
7.76,Cotton,Black,1,1,0.23,766,0
6.92,Rice,Loam,0,1,0.65,1345,0
4.57,Maize,Clay,0,0,0.85,460,0
8.47,Wheat,Clay,1,1,0.85,888,1
4.91,Cotton,Sandy,1,0,0.55,840,0
3.91,Cotton,Black,1,1,0.29,1408,0
8.29,Maize,Sandy,1,1,0.69,1077,1
1.04,Sugarcane,Sandy,0,1,0.36,933,0
7.76,Wheat,Loam,1,0,0.54,1159,0
12.71,Maize,Clay,1,0,0.9,1464,0
13.09,Wheat,Clay,1,0,0.47,912,0
2.66,Cotton,Sandy,0,1,0.5,1354,0
10.07,Rice,Black,0,1,0.33,570,0
0.84,Maize,Clay,0,1,0.37,1312,0
9.78,Cotton,Loam,1,0,0.33,1115,0
3.89,Rice,Clay,1,0,0.3,439,0
12.61,Cotton,Loam,0,1,0.49,362,0
6.11,Cotton,Sandy,0,1,0.86,502,0
8.48,Rice,Black,0,0,0.85,640,0
14.15,Rice,Loam,1,1,0.37,797,0
8.54,Cotton,Loam,1,1,0.95,1471,1
1.02,Millets,Sandy,0,1,0.34,325,0
4.33,Wheat,Sandy,0,1,0.78,1092,0
10.74,Wheat,Sandy,1,0,0.43,1232,0
7.88,Cotton,Clay,0,1,0.89,581,0
14.38,Wheat,Black,1,1,0.43,1330,0
12.63,Cotton,Sandy,1,0,0.94,1062,0
9.56,Sugarcane,Loam,0,0,0.3,641,0
7.37,Cotton,Sandy,0,1,0.63,1323,0
14.08,Rice,Clay,0,0,0.3,477,0
7.79,Sugarcane,Clay,0,1,0.47,1460,0
8.88,Wheat,Black,1,1,0.5,1043,1
0.91,Cotton,Sandy,0,1,0.29,942,0
2.26,Cotton,Clay,0,1,0.46,837,0
4.95,Wheat,Loam,1,1,0.77,1091,1
6.94,Millets,Black,0,0,0.44,1094,0
1.25,Sugarcane,Sandy,1,0,0.48,878,0
2.69,Wheat,Sandy,1,0,0.31,748,0
7.89,Rice,Clay,1,1,0.67,513,1
8.85,Wheat,Black,0,0,0.45,952,0
11.49,Sugarcane,Black,0,0,0.91,642,0
9.47,Sugarcane,Loam,0,1,0.64,1413,0
0.9,Millets,Sandy,1,0,0.95,967,0
1.56,Millets,Clay,1,0,0.37,679,0
6.08,Wheat,Black,1,0,0.74,1155,0
11.71,Maize,Black,0,1,0.78,1363,0
4.4,Wheat,Black,1,1,0.8,549,1
7.84,Maize,Black,1,0,0.46,1079,0
0.98,Rice,Clay,1,0,0.56,811,0
8.11,Cotton,Black,0,1,0.57,421,0
12.52,Cotton,Clay,0,1,0.54,1029,0
4.34,Cotton,Loam,1,0,0.39,470,0
12.87,Sugarcane,Loam,0,1,0.27,701,0
12.07,Maize,Loam,1,1,0.25,786,0
9.64,Wheat,Black,1,0,0.56,756,0
1.56,Sugarcane,Loam,0,1,0.36,812,0
2.55,Maize,Loam,0,1,0.37,1121,0
13.53,Rice,Clay,1,0,0.23,1280,0
5.2,Millets,Clay,1,1,0.42,736,0
4.64,Millets,Black,1,1,0.53,1398,1
6.96,Cotton,Loam,0,0,0.92,1288,0
1.38,Rice,Sandy,1,1,0.2,598,0
8.29,Millets,Sandy,1,0,0.64,678,0
3.01,Sugarcane,Clay,0,1,0.21,765,0
3.91,Cotton,Clay,1,0,0.23,441,0
2.36,Rice,Sandy,0,0,0.35,469,0
6.46,Sugarcane,Clay,1,1,0.42,1362,0
6.7,Maize,Loam,0,1,0.79,1170,0
14.1,Maize,Black,0,1,0.8,1159,0
2.76,Maize,Clay,0,1,0.43,1496,0
3.08,Millets,Black,0,1,0.94,348,0
12.35,Sugarcane,Black,0,1,0.8,479,0
14.25,Maize,Clay,1,1,0.47,1179,0
11.49,Sugarcane,Loam,0,0,0.38,431,0
8.78,Sugarcane,Clay,1,1,0.7,707,1
6.92,Cotton,Sandy,0,1,0.88,1466,0
3.2,Millets,Loam,0,0,0.51,1032,0
5.85,Wheat,Clay,0,1,0.86,782,0
9.44,Cotton,Black,0,1,0.26,1135,0
14.7,Maize,Sandy,0,1,0.34,692,0
2.64,Millets,Black,1,1,0.92,325,1
4.38,Sugarcane,Loam,0,0,0.53,447,0
1.0,Sugarcane,Clay,1,0,0.24,606,0
11.45,Sugarcane,Clay,1,0,0.27,973,0
11.89,Sugarcane,Black,1,0,0.39,1062,0
8.41,Millets,Loam,0,1,0.52,385,0
4.66,Millets,Black,1,1,0.49,1233,0
1.2,Rice,Black,0,1,0.58,510,0
14.2,Millets,Loam,0,1,0.72,815,0
4.58,Cotton,Black,0,1,0.26,1500,0
0.63,Sugarcane,Black,1,1,0.23,1346,0
14.63,Millets,Sandy,0,1,0.24,477,0
1.57,Cotton,Loam,0,0,0.45,398,0
7.37,Cotton,Sandy,1,1,0.34,590,0
5.5,Cotton,Sandy,0,0,0.45,561,0
4.01,Millets,Clay,1,1,0.37,1409,0
6.71,Sugarcane,Loam,0,1,0.34,1340,0
13.83,Wheat,Clay,1,1,0.27,1063,0
8.15,Maize,Clay,0,0,0.57,466,0
13.34,Maize,Black,0,0,0.86,1112,0
3.16,Sugarcane,Loam,0,1,0.84,1208,0
5.1,Sugarcane,Clay,1,1,0.8,368,1
12.57,Cotton,Sandy,1,0,0.29,1360,0
9.06,Sugarcane,Loam,1,0,0.88,394,0
10.72,Rice,Black,0,0,0.95,1052,0
11.6,Maize,Sandy,0,0,0.86,1219,0
13.91,Maize,Sandy,1,1,0.58,1383,1
8.83,Wheat,Black,1,1,0.43,438,0
9.96,Sugarcane,Clay,1,1,0.84,987,1
14.27,Millets,Loam,0,1,0.7,873,0
9.93,Cotton,Loam,1,1,0.55,1149,1
12.38,Millets,Loam,1,0,0.71,824,0
8.38,Cotton,Loam,1,1,0.83,1134,1
5.49,Rice,Black,0,0,0.69,817,0
12.56,Rice,Loam,1,0,0.35,826,0
4.39,Wheat,Loam,0,1,0.54,681,0
11.36,Rice,Black,0,1,0.48,1495,0
10.81,Rice,Black,0,0,0.76,768,0
14.14,Cotton,Loam,1,1,0.89,1119,1
12.56,Millets,Loam,1,0,0.81,1010,0
13.15,Sugarcane,Black,1,0,0.4,1411,0
3.51,Cotton,Clay,1,1,0.7,1458,1
15.0,Wheat,Black,1,0,0.76,782,0
13.61,Millets,Loam,1,1,0.75,300,1
2.35,Wheat,Loam,1,0,0.75,576,0
1.22,Sugarcane,Clay,1,0,0.92,912,0
13.25,Maize,Loam,1,1,0.57,576,1
4.63,Sugarcane,Clay,0,1,0.69,570,0
5.51,Rice,Sandy,1,0,0.76,745,0
9.23,Sugarcane,Black,1,1,0.86,473,1
4.76,Maize,Black,0,1,0.72,1024,0
6.9,Sugarcane,Loam,0,1,0.72,477,0
1.79,Cotton,Sandy,1,1,0.34,524,0
4.54,Cotton,Clay,1,1,0.84,1294,1
6.34,Maize,Black,0,1,0.23,801,0
3.66,Cotton,Loam,0,1,0.53,858,0
4.44,Maize,Black,0,1,0.68,1007,0
3.83,Cotton,Loam,0,0,0.82,735,0
9.57,Sugarcane,Clay,0,1,0.86,469,0
7.24,Sugarcane,Sandy,0,1,0.91,1293,0
9.56,Wheat,Sandy,0,1,0.44,1200,0
11.61,Maize,Clay,1,1,0.53,443,1
7.99,Maize,Clay,0,0,0.64,1303,0
5.6,Millets,Sandy,0,1,0.65,550,0
10.48,Cotton,Loam,1,1,0.37,338,0
7.07,Millets,Sandy,1,1,0.47,1185,0
5.92,Rice,Black,0,0,0.41,718,0
11.32,Sugarcane,Loam,1,1,0.26,832,0
5.46,Cotton,Sandy,1,0,0.47,662,0
1.08,Millets,Sandy,0,1,0.22,1139,0
2.6,Cotton,Sandy,1,0,0.82,1411,0
5.8,Wheat,Black,0,1,0.52,780,0
13.18,Sugarcane,Black,0,1,0.25,1482,0
4.0,Rice,Loam,0,0,0.83,490,0
4.63,Sugarcane,Clay,1,0,0.71,1409,0
1.3,Sugarcane,Clay,0,1,0.61,1351,0
14.89,Wheat,Sandy,1,1,0.28,709,0
4.14,Sugarcane,Loam,0,1,0.45,330,0
13.18,Maize,Sandy,1,0,0.94,971,0
13.75,Rice,Loam,1,0,0.27,426,0
7.61,Wheat,Sandy,1,0,0.86,1215,0
10.11,Rice,Black,0,0,0.72,971,0
1.17,Rice,Sandy,0,1,0.58,867,0
14.94,Rice,Sandy,0,0,0.6,874,0
14.87,Cotton,Clay,1,0,0.81,1143,0
8.73,Rice,Black,0,0,0.62,1037,0
3.62,Rice,Loam,1,1,0.89,1445,1
1.66,Wheat,Sandy,0,1,0.43,1051,0
12.05,Sugarcane,Clay,1,1,0.79,1481,1
5.28,Cotton,Clay,1,1,0.76,543,1
1.9,Cotton,Black,1,1,0.82,505,0
13.41,Maize,Loam,1,0,0.55,1057,0
7.26,Cotton,Clay,0,1,0.54,694,0
8.25,Millets,Loam,1,0,0.61,942,0
5.63,Rice,Sandy,1,0,0.47,1199,0
14.29,Cotton,Loam,0,0,0.26,511,0
11.44,Cotton,Black,0,0,0.34,421,0
9.64,Maize,Loam,0,1,0.27,1087,0
1.45,Cotton,Sandy,0,1,0.59,1105,0
9.3,Cotton,Black,1,0,0.49,955,0
11.15,Wheat,Black,1,1,0.62,849,1
7.58,Millets,Clay,0,0,0.67,533,0
1.73,Sugarcane,Sandy,1,0,0.37,552,0
13.73,Sugarcane,Loam,1,0,0.63,968,0
3.43,Rice,Clay,0,1,0.37,1260,0
11.21,Millets,Sandy,0,0,0.63,1129,0
14.72,Rice,Black,1,0,0.3,1197,0
11.02,Wheat,Black,1,1,0.71,330,1
10.08,Millets,Loam,0,1,0.56,389,0
13.28,Wheat,Black,1,1,0.69,1136,1
0.79,Wheat,Black,1,0,0.79,1464,0
10.39,Millets,Sandy,0,0,0.48,684,0
8.45,Millets,Loam,1,1,0.51,893,1
11.87,Maize,Black,1,0,0.74,680,0
9.82,Cotton,Loam,1,0,0.59,521,0
12.89,Millets,Clay,1,0,0.34,1477,0
13.5,Cotton,Loam,1,0,0.5,698,0
11.36,Sugarcane,Loam,0,1,0.77,1410,0
6.58,Wheat,Clay,0,0,0.6,368,0
11.08,Wheat,Sandy,0,1,0.41,984,0
4.89,Rice,Loam,1,1,0.48,1358,0
12.95,Rice,Sandy,0,0,0.64,312,0
2.48,Millets,Black,0,0,0.3,1024,0
2.75,Cotton,Loam,0,0,0.47,927,0
10.32,Cotton,Black,1,0,0.59,1258,0
5.74,Sugarcane,Sandy,1,0,0.45,1150,0
12.39,Maize,Clay,0,0,0.5,1115,0
12.96,Millets,Sandy,1,0,0.65,863,0
11.41,Cotton,Sandy,1,1,0.2,811,0
12.14,Maize,Sandy,1,1,0.51,1245,1
5.72,Rice,Black,1,0,0.53,930,0
8.62,Wheat,Sandy,1,1,0.26,485,0
4.93,Wheat,Sandy,0,0,0.9,1154,0
4.59,Sugarcane,Clay,0,0,0.91,692,0
2.57,Wheat,Loam,1,1,0.79,633,1
3.15,Maize,Loam,0,1,0.6,1314,0
2.67,Millets,Sandy,0,1,0.77,1282,0
4.36,Rice,Black,0,1,0.76,1167,0
8.78,Rice,Clay,0,0,0.45,910,0
12.16,Millets,Loam,1,0,0.62,1294,0
14.15,Cotton,Sandy,1,1,0.36,1372,0
11.37,Maize,Clay,1,1,0.4,1449,0
1.16,Wheat,Loam,0,1,0.83,933,0
10.74,Rice,Clay,1,1,0.46,1162,0
14.9,Millets,Black,1,1,0.51,445,1
8.02,Sugarcane,Loam,0,1,0.27,1163,0
1.12,Cotton,Sandy,1,1,0.38,1192,0
11.63,Rice,Loam,0,1,0.72,406,0
12.04,Maize,Clay,0,0,0.39,944,0
2.96,Millets,Loam,1,0,0.65,663,0
3.73,Wheat,Black,0,0,0.69,417,0
7.45,Rice,Clay,1,1,0.8,1208,1
3.68,Maize,Sandy,0,0,0.27,954,0
3.99,Cotton,Clay,1,0,0.94,863,0
1.79,Sugarcane,Clay,1,1,0.4,600,0
3.22,Wheat,Sandy,0,0,0.9,1212,0
8.26,Wheat,Clay,1,1,0.41,1039,0
14.39,Cotton,Loam,0,1,0.33,440,0
4.98,Wheat,Loam,1,1,0.35,1073,0
6.18,Millets,Clay,1,0,0.26,1435,0
1.07,Maize,Clay,1,1,0.88,1366,0
3.09,Maize,Black,0,1,0.65,494,0
9.27,Sugarcane,Sandy,1,1,0.79,328,1
9.81,Sugarcane,Sandy,0,1,0.87,923,0
3.96,Wheat,Clay,1,1,0.5,618,1
2.36,Rice,Clay,1,0,0.88,695,0
8.3,Rice,Black,1,1,0.56,948,1
4.36,Sugarcane,Black,1,0,0.47,430,0
8.87,Sugarcane,Loam,0,1,0.46,640,0
5.65,Rice,Sandy,0,1,0.32,1215,0
6.15,Rice,Clay,1,1,0.43,474,0
4.14,Cotton,Loam,1,1,0.86,684,1
7.33,Millets,Loam,0,1,0.85,1355,0
3.58,Wheat,Clay,0,1,0.66,657,0
2.16,Cotton,Sandy,0,0,0.51,529,0
4.68,Maize,Clay,0,1,0.82,1262,0
3.98,Rice,Loam,1,1,0.74,1008,1
7.9,Millets,Clay,0,1,0.81,1288,0
6.99,Sugarcane,Sandy,1,1,0.45,562,0
1.62,Rice,Black,0,0,0.89,1420,0
3.5,Maize,Sandy,1,0,0.72,1486,0
4.36,Wheat,Clay,0,0,0.22,1126,0
6.58,Maize,Black,1,1,0.38,739,0
12.47,Wheat,Black,1,0,0.94,1095,0
5.19,Rice,Loam,1,1,0.94,657,1
8.11,Millets,Loam,0,1,0.85,735,0
13.0,Sugarcane,Loam,0,0,0.5,386,0
5.52,Cotton,Loam,1,1,0.58,458,1
10.97,Maize,Clay,0,0,0.53,673,0
6.14,Maize,Clay,0,1,0.87,1496,0
11.08,Sugarcane,Loam,0,0,0.88,1156,0
13.8,Maize,Loam,0,1,0.45,844,0
1.84,Wheat,Loam,0,0,0.65,1070,0
10.68,Wheat,Loam,0,1,0.91,847,0
6.43,Sugarcane,Clay,0,0,0.55,755,0
12.05,Sugarcane,Loam,0,0,0.81,986,0
2.92,Cotton,Clay,1,1,0.42,406,0
12.11,Wheat,Loam,1,1,0.3,595,0
4.71,Millets,Black,1,1,0.43,1488,0
11.09,Sugarcane,Black,0,1,0.2,956,0
7.52,Millets,Loam,1,0,0.95,833,0
0.92,Wheat,Clay,0,0,0.83,523,0
2.18,Cotton,Clay,1,0,0.54,879,0
11.9,Sugarcane,Loam,1,0,0.49,873,0
9.64,Millets,Sandy,0,0,0.53,1072,0
3.75,Rice,Sandy,1,1,0.3,710,0
0.76,Sugarcane,Clay,1,1,0.43,770,0
10.47,Cotton,Clay,0,0,0.3,478,0
13.64,Sugarcane,Black,1,0,0.34,612,0
8.93,Cotton,Clay,1,1,0.77,482,1
3.75,Wheat,Black,1,1,0.22,655,0
11.84,Maize,Sandy,0,1,0.78,1264,0
4.4,Cotton,Clay,1,0,0.49,818,0
4.32,Maize,Black,1,1,0.81,1275,1
11.89,Wheat,Clay,0,1,0.67,1456,0
10.84,Cotton,Loam,1,0,0.5,1495,0
13.33,Wheat,Loam,0,1,0.74,1049,0
12.9,Cotton,Black,0,1,0.48,488,0
4.52,Rice,Clay,0,0,0.72,694,0
13.15,Maize,Black,0,0,0.41,713,0
14.77,Wheat,Sandy,0,0,0.25,1193,0
5.41,Millets,Sandy,0,1,0.27,514,0
11.64,Wheat,Sandy,1,1,0.48,770,0
10.05,Sugarcane,Loam,0,1,0.87,1092,0
6.19,Cotton,Black,1,0,0.79,786,0
10.12,Wheat,Sandy,1,1,0.84,463,1
10.47,Rice,Clay,0,0,0.85,929,0
6.36,Cotton,Sandy,1,0,0.62,865,0
11.48,Millets,Black,0,0,0.35,916,0
0.5,Rice,Loam,1,0,0.24,348,0
7.64,Maize,Clay,0,1,0.82,1050,0
12.39,Millets,Black,1,1,0.94,937,1
0.53,Cotton,Black,0,0,0.71,1423,0
8.1,Sugarcane,Clay,1,0,0.82,1164,0
14.27,Wheat,Sandy,1,1,0.41,499,0
1.51,Sugarcane,Sandy,0,1,0.76,913,0
7.46,Millets,Sandy,1,0,0.64,1105,0
4.87,Millets,Loam,1,0,0.77,437,0
5.5,Maize,Black,1,0,0.61,806,0
0.84,Millets,Sandy,1,0,0.9,304,0
9.8,Sugarcane,Clay,1,1,0.51,1319,1
9.47,Wheat,Clay,1,0,0.84,999,0
7.08,Wheat,Sandy,1,0,0.49,1075,0
2.72,Wheat,Loam,1,0,0.71,935,0
9.35,Rice,Sandy,1,1,0.22,556,0
10.91,Cotton,Black,1,0,0.85,1445,0
11.66,Wheat,Black,1,0,0.26,689,0
3.13,Rice,Loam,1,0,0.55,403,0
1.35,Millets,Loam,1,1,0.68,1048,0
5.95,Wheat,Loam,0,1,0.31,627,0
13.16,Maize,Black,0,1,0.82,1258,0
8.55,Millets,Sandy,0,0,0.46,1120,0
8.34,Wheat,Clay,1,1,0.37,1219,0
10.53,Sugarcane,Black,0,0,0.26,817,0
12.23,Maize,Loam,1,0,0.56,1092,0
6.71,Cotton,Clay,0,0,0.25,1450,0
10.31,Rice,Clay,1,0,0.93,360,0
10.74,Rice,Loam,1,0,0.75,923,0
1.53,Maize,Clay,1,0,0.57,661,0
4.04,Sugarcane,Black,0,1,0.76,1324,0
4.04,Cotton,Loam,0,0,0.33,899,0
2.12,Wheat,Loam,0,0,0.21,330,0
1.17,Cotton,Loam,1,0,0.85,1368,0
5.26,Sugarcane,Black,0,0,0.25,1207,0
8.82,Sugarcane,Clay,0,1,0.47,968,0
14.42,Millets,Loam,1,0,0.81,345,0
1.69,Sugarcane,Clay,0,0,0.53,548,0
6.9,Wheat,Sandy,0,0,0.5,595,0
7.15,Maize,Loam,0,1,0.8,590,0
8.86,Cotton,Clay,0,0,0.76,842,0
5.58,Sugarcane,Clay,0,0,0.81,1062,0
2.47,Millets,Clay,1,1,0.5,767,1
1.08,Wheat,Black,1,0,0.87,421,0
12.06,Rice,Sandy,0,0,0.78,1005,0
4.25,Cotton,Black,1,0,0.61,493,0
8.29,Cotton,Clay,0,1,0.85,1231,0
4.19,Rice,Clay,0,1,0.89,539,0
2.28,Rice,Sandy,0,1,0.45,1359,0
14.48,Sugarcane,Black,1,1,0.55,992,1
6.02,Sugarcane,Clay,1,1,0.47,1337,0
7.46,Cotton,Loam,0,0,0.38,752,0
1.45,Maize,Sandy,1,0,0.23,882,0
3.87,Millets,Loam,0,0,0.3,570,0
11.59,Sugarcane,Clay,1,1,0.85,777,1
8.06,Wheat,Clay,0,0,0.25,1016,0
6.52,Wheat,Clay,1,1,0.26,1176,0
0.9,Sugarcane,Sandy,0,0,0.28,1482,0
6.01,Millets,Loam,0,0,0.88,409,0
9.39,Cotton,Black,1,1,0.88,586,1
2.67,Millets,Sandy,1,1,0.54,951,1
5.33,Wheat,Loam,0,1,0.27,1066,0
2.96,Cotton,Clay,0,0,0.52,913,0
5.12,Millets,Loam,0,1,0.44,791,0
9.57,Sugarcane,Clay,0,1,0.72,658,0
12.82,Cotton,Loam,1,1,0.58,656,1
3.69,Sugarcane,Loam,1,1,0.51,392,1
5.18,Sugarcane,Clay,1,1,0.93,971,1
4.11,Millets,Black,0,1,0.89,530,0
2.36,Wheat,Sandy,1,1,0.89,897,1
4.25,Rice,Clay,0,0,0.65,793,0
14.21,Sugarcane,Sandy,0,0,0.43,593,0
3.33,Maize,Loam,0,1,0.36,448,0
10.91,Rice,Black,1,0,0.93,895,0
6.61,Cotton,Sandy,1,1,0.85,554,1
8.08,Wheat,Loam,0,0,0.35,570,0
2.8,Cotton,Sandy,1,1,0.5,945,1
0.75,Maize,Sandy,0,0,0.58,753,0
6.08,Sugarcane,Sandy,0,1,0.62,994,0
9.05,Maize,Loam,1,0,0.54,1211,0
14.59,Sugarcane,Black,0,0,0.59,1069,0
5.03,Wheat,Clay,0,0,0.55,305,0
2.59,Millets,Sandy,1,0,0.4,824,0
9.28,Cotton,Sandy,1,0,0.62,496,0
13.56,Millets,Clay,1,0,0.55,1094,0
4.69,Sugarcane,Loam,1,1,0.37,1449,0
8.71,Maize,Clay,1,0,0.65,1044,0
1.36,Wheat,Sandy,1,0,0.22,1290,0
0.64,Rice,Clay,0,1,0.21,450,0
0.87,Cotton,Sandy,1,0,0.34,670,0
9.21,Cotton,Loam,0,0,0.82,879,0
11.13,Cotton,Sandy,1,0,0.9,696,0
7.35,Sugarcane,Black,1,0,0.5,500,0
14.43,Maize,Loam,1,1,0.25,608,0
11.46,Cotton,Clay,0,0,0.65,549,0
11.36,Sugarcane,Clay,1,0,0.36,347,0
0.8,Wheat,Sandy,1,1,0.61,1045,0
10.69,Sugarcane,Loam,0,1,0.38,378,0
11.72,Cotton,Clay,1,1,0.6,753,1
7.11,Rice,Clay,1,1,0.64,988,1
7.91,Sugarcane,Sandy,1,1,0.94,1492,1
14.99,Wheat,Black,0,1,0.28,1361,0
9.51,Cotton,Clay,0,1,0.86,1292,0
2.73,Cotton,Sandy,0,0,0.69,1080,0
1.21,Wheat,Black,0,0,0.26,1163,0
8.85,Millets,Sandy,0,0,0.4,718,0
10.46,Millets,Clay,0,1,0.84,1167,0
1.94,Cotton,Sandy,0,0,0.42,612,0
12.07,Millets,Black,1,0,0.42,495,0
7.03,Cotton,Sandy,1,1,0.95,401,1
1.78,Millets,Clay,0,0,0.52,718,0
14.43,Cotton,Sandy,1,0,0.49,682,0
3.47,Wheat,Black,0,1,0.21,1387,0
11.55,Rice,Clay,1,1,0.28,1229,0
0.98,Maize,Clay,1,0,0.21,657,0
2.99,Wheat,Clay,1,0,0.92,1139,0
9.3,Millets,Loam,1,0,0.33,1349,0
1.05,Cotton,Black,0,1,0.62,342,0
6.28,Cotton,Loam,0,0,0.83,1248,0
5.4,Wheat,Clay,1,1,0.51,842,1
10.4,Cotton,Clay,1,1,0.64,1298,1
12.48,Sugarcane,Clay,0,0,0.23,1413,0
14.79,Wheat,Black,1,1,0.84,1252,1
11.08,Sugarcane,Sandy,0,0,0.48,1375,0
13.18,Maize,Clay,1,0,0.88,552,0
3.82,Wheat,Sandy,1,0,0.49,777,0
5.41,Sugarcane,Loam,0,0,0.54,936,0
2.25,Millets,Black,0,1,0.83,1344,0
13.18,Sugarcane,Clay,0,1,0.4,426,0
13.98,Millets,Loam,0,1,0.33,362,0
6.04,Millets,Loam,1,1,0.42,785,0
1.86,Sugarcane,Sandy,0,0,0.31,1102,0
9.89,Wheat,Black,1,0,0.89,545,0
4.25,Millets,Loam,1,1,0.91,1470,1
10.22,Sugarcane,Clay,0,1,0.24,1076,0
8.5,Cotton,Clay,0,0,0.81,735,0
8.36,Rice,Clay,1,0,0.68,817,0
2.95,Millets,Loam,0,1,0.94,691,0
12.14,Rice,Black,1,1,0.21,746,0
5.28,Rice,Sandy,0,0,0.49,475,0
13.59,Sugarcane,Loam,1,0,0.38,1492,0
12.17,Sugarcane,Sandy,1,0,0.49,604,0
11.15,Rice,Black,0,1,0.39,1464,0
10.76,Cotton,Sandy,1,0,0.33,664,0
3.55,Cotton,Loam,0,0,0.26,1078,0
14.19,Millets,Black,0,0,0.22,712,0
4.27,Maize,Black,0,1,0.58,1289,0
13.35,Cotton,Sandy,1,1,0.59,1040,1
13.81,Rice,Black,0,1,0.34,918,0
5.09,Sugarcane,Black,0,0,0.43,849,0
6.59,Rice,Clay,1,0,0.23,1136,0
9.05,Sugarcane,Loam,1,1,0.74,1357,1
8.37,Wheat,Sandy,1,1,0.79,771,1
4.34,Millets,Loam,0,1,0.38,1020,0
3.06,Maize,Sandy,1,1,0.73,1011,1
5.87,Rice,Clay,0,0,0.47,796,0
2.88,Millets,Black,0,1,0.9,1118,0
8.79,Maize,Loam,1,0,0.92,1202,0
1.6,Wheat,Sandy,0,0,0.41,1256,0
11.17,Wheat,Loam,0,0,0.51,1082,0
8.61,Maize,Sandy,0,1,0.43,1094,0
12.48,Wheat,Black,0,1,0.57,1325,0
2.91,Maize,Sandy,1,0,0.46,1302,0
2.83,Cotton,Black,1,1,0.37,849,0
7.19,Rice,Clay,1,0,0.37,1165,0
7.05,Cotton,Sandy,0,1,0.76,663,0
5.44,Millets,Sandy,1,1,0.45,994,0
2.81,Wheat,Loam,1,1,0.65,525,1
7.07,Rice,Black,0,0,0.68,583,0
4.41,Wheat,Black,1,1,0.52,911,1
4.1,Sugarcane,Clay,1,0,0.9,1203,0
11.53,Sugarcane,Clay,1,0,0.31,1141,0
12.17,Sugarcane,Sandy,0,0,0.73,606,0
13.77,Sugarcane,Sandy,0,1,0.93,797,0
9.48,Rice,Black,1,1,0.36,969,0
13.24,Wheat,Loam,0,1,0.44,1086,0
14.11,Cotton,Black,1,1,0.81,1283,1
3.06,Maize,Sandy,1,0,0.46,1085,0
10.81,Wheat,Loam,0,0,0.43,1107,0
1.9,Maize,Black,0,0,0.49,1097,0
7.45,Wheat,Black,0,1,0.33,1480,0
7.34,Cotton,Clay,0,0,0.94,390,0
2.1,Maize,Clay,0,0,0.28,633,0
1.88,Rice,Black,1,1,0.22,914,0
8.16,Millets,Clay,0,0,0.59,1441,0
10.91,Cotton,Clay,1,1,0.52,891,1
4.0,Sugarcane,Sandy,0,0,0.87,1418,0
7.27,Sugarcane,Sandy,1,1,0.77,549,1
4.43,Wheat,Black,1,0,0.47,1245,0
4.13,Millets,Black,1,1,0.23,647,0
6.42,Millets,Loam,0,1,0.5,834,0
11.81,Rice,Sandy,0,0,0.78,431,0
11.69,Sugarcane,Loam,0,1,0.55,1287,0
7.78,Rice,Clay,0,1,0.9,1181,0
4.42,Maize,Sandy,0,1,0.69,1391,0
7.85,Sugarcane,Sandy,1,1,0.92,476,1
10.85,Sugarcane,Black,0,1,0.85,1104,0
12.56,Sugarcane,Black,0,1,0.23,1364,0
0.76,Cotton,Black,0,0,0.71,1112,0
13.47,Maize,Sandy,1,0,0.8,771,0
12.02,Rice,Black,1,1,0.94,628,1
4.17,Millets,Clay,0,1,0.44,1130,0
7.8,Wheat,Loam,0,0,0.23,1193,0
14.15,Rice,Black,0,0,0.46,638,0
15.0,Sugarcane,Loam,0,0,0.75,753,0
13.45,Cotton,Black,0,0,0.66,1439,0
3.9,Wheat,Black,1,0,0.7,527,0
8.53,Millets,Black,0,1,0.37,462,0
6.39,Millets,Sandy,0,0,0.89,821,0
3.78,Wheat,Black,1,0,0.91,1345,0
1.52,Wheat,Loam,1,0,0.57,413,0
1.96,Wheat,Black,0,0,0.7,1251,0
9.2,Maize,Clay,0,0,0.52,997,0
6.04,Maize,Loam,1,1,0.86,642,1
5.02,Maize,Loam,1,0,0.53,810,0
1.47,Cotton,Clay,0,1,0.82,1279,0
13.36,Millets,Loam,1,0,0.63,1194,0
3.96,Cotton,Clay,1,1,0.2,1385,0
1.44,Maize,Loam,0,0,0.57,1442,0
13.02,Wheat,Loam,1,1,0.36,886,0
10.99,Millets,Sandy,1,0,0.57,734,0
0.63,Rice,Black,0,1,0.65,560,0
14.68,Maize,Sandy,1,1,0.63,1321,1
10.28,Wheat,Sandy,0,0,0.93,906,0
11.73,Cotton,Sandy,0,0,0.3,535,0
10.64,Rice,Clay,0,0,0.85,779,0
7.18,Wheat,Clay,0,1,0.57,897,0
4.16,Sugarcane,Clay,0,1,0.72,1267,0
13.05,Rice,Loam,0,1,0.57,701,0
0.92,Wheat,Black,1,0,0.25,442,0
1.09,Cotton,Sandy,0,0,0.86,756,0
7.84,Maize,Loam,1,0,0.92,523,0
1.03,Sugarcane,Black,0,1,0.93,572,0
11.17,Rice,Sandy,0,0,0.79,1408,0
12.24,Cotton,Clay,1,1,0.37,806,0
9.23,Cotton,Loam,1,1,0.78,730,1
7.61,Rice,Black,0,1,0.29,551,0
4.92,Sugarcane,Loam,0,0,0.94,806,0
14.88,Rice,Loam,0,1,0.5,336,0
1.87,Rice,Sandy,0,0,0.6,1414,0
8.52,Rice,Sandy,1,1,0.4,1213,0
0.55,Sugarcane,Sandy,0,1,0.24,1027,0
6.98,Maize,Loam,1,0,0.5,1283,0
12.65,Rice,Black,0,1,0.4,1034,0
8.99,Rice,Sandy,0,1,0.21,1342,0
5.15,Maize,Sandy,0,0,0.55,1258,0
11.65,Rice,Sandy,0,0,0.32,315,0
8.0,Rice,Loam,1,1,0.35,1018,0
2.51,Cotton,Loam,0,1,0.76,1289,0
11.88,Wheat,Black,0,0,0.71,595,0
13.88,Cotton,Black,1,0,0.64,1136,0
3.49,Rice,Sandy,0,0,0.54,323,0
12.15,Sugarcane,Black,0,0,0.54,1151,0
1.15,Sugarcane,Clay,1,1,0.21,1304,0
4.75,Maize,Sandy,0,1,0.59,729,0
14.38,Wheat,Loam,0,0,0.22,1416,0
11.31,Maize,Black,1,0,0.43,1138,0
3.51,Wheat,Sandy,0,1,0.79,866,0
15.0,Sugarcane,Loam,0,0,0.92,1026,0
11.31,Wheat,Black,1,0,0.33,1139,0
9.52,Wheat,Loam,0,1,0.61,777,0
1.32,Sugarcane,Loam,1,0,0.75,314,0
2.36,Millets,Sandy,1,0,0.39,1404,0
6.22,Cotton,Black,1,0,0.7,1029,0
14.9,Millets,Black,0,1,0.29,714,0
3.96,Rice,Clay,0,0,0.25,1419,0
4.9,Maize,Sandy,0,1,0.42,1227,0
5.58,Sugarcane,Black,0,0,0.5,557,0
0.95,Wheat,Loam,0,1,0.55,1331,0
7.89,Sugarcane,Loam,1,0,0.8,1350,0
6.82,Sugarcane,Clay,0,0,0.82,1405,0
10.04,Sugarcane,Clay,1,0,0.91,1249,0
13.08,Cotton,Sandy,0,1,0.26,1321,0
3.71,Millets,Sandy,1,1,0.53,541,1
12.25,Rice,Black,1,0,0.38,616,0
13.49,Wheat,Loam,1,1,0.84,992,1
12.17,Wheat,Sandy,1,1,0.76,1287,1
12.25,Wheat,Clay,1,1,0.24,878,0
7.44,Sugarcane,Loam,0,1,0.63,475,0
4.77,Cotton,Sandy,0,1,0.93,1478,0
0.85,Millets,Sandy,0,1,0.95,388,0
1.55,Maize,Loam,0,0,0.83,419,0
2.42,Sugarcane,Sandy,1,1,0.49,1183,0
10.32,Cotton,Loam,0,0,0.31,1043,0
1.86,Maize,Loam,1,0,0.62,894,0
0.78,Rice,Sandy,0,1,0.47,832,0
12.64,Cotton,Loam,0,0,0.52,1141,0
11.77,Cotton,Black,1,1,0.54,669,1
9.31,Wheat,Loam,0,1,0.48,408,0
5.71,Rice,Sandy,1,1,0.24,801,0
1.8,Cotton,Clay,1,0,0.39,1101,0
5.59,Maize,Sandy,0,0,0.31,864,0
0.79,Cotton,Clay,1,1,0.28,880,0
4.51,Rice,Clay,0,0,0.84,1071,0
3.85,Wheat,Black,0,0,0.47,1238,0
1.38,Cotton,Sandy,0,0,0.89,1127,0
2.39,Sugarcane,Clay,1,1,0.7,430,1
2.75,Cotton,Black,1,1,0.53,1130,1
6.36,Maize,Sandy,0,1,0.25,1045,0
8.81,Cotton,Loam,1,1,0.23,788,0
2.72,Sugarcane,Clay,0,1,0.43,774,0
2.54,Maize,Loam,1,1,0.79,411,1
6.78,Sugarcane,Clay,0,0,0.87,671,0
13.56,Rice,Loam,0,0,0.94,762,0
9.98,Cotton,Clay,1,1,0.82,1300,1
6.71,Millets,Loam,0,0,0.87,1472,0
13.37,Millets,Black,0,0,0.62,602,0
2.53,Wheat,Sandy,0,0,0.2,1286,0
9.41,Rice,Black,1,1,0.88,790,1
4.86,Millets,Sandy,1,1,0.5,1119,1
1.2,Millets,Sandy,0,1,0.42,816,0
7.97,Rice,Clay,0,0,0.53,574,0
6.74,Sugarcane,Clay,0,0,0.73,1116,0
8.54,Cotton,Sandy,1,1,0.89,871,1
10.1,Sugarcane,Clay,0,0,0.89,954,0
3.48,Maize,Black,1,0,0.78,1015,0
13.34,Cotton,Sandy,1,1,0.84,411,1
13.1,Cotton,Black,0,1,0.34,1126,0
5.54,Cotton,Black,0,1,0.4,1026,0
6.39,Wheat,Sandy,1,1,0.61,859,1
10.15,Rice,Sandy,1,0,0.42,1021,0
9.45,Cotton,Loam,0,0,0.71,724,0
11.21,Wheat,Loam,0,1,0.39,595,0
9.93,Maize,Black,1,0,0.79,1412,0
12.54,Maize,Loam,0,1,0.63,602,0
6.7,Wheat,Loam,0,1,0.61,702,0
7.9,Cotton,Black,1,1,0.6,1348,1
13.68,Wheat,Black,1,0,0.38,1271,0
10.7,Maize,Clay,1,0,0.25,1056,0
13.26,Cotton,Black,0,0,0.31,1202,0
2.2,Cotton,Black,0,0,0.47,960,0
1.29,Cotton,Clay,1,0,0.56,613,0
3.75,Cotton,Sandy,0,0,0.35,695,0
13.15,Millets,Black,1,0,0.61,328,0
11.71,Rice,Black,0,1,0.71,363,0
4.34,Sugarcane,Sandy,0,0,0.87,557,0
3.04,Millets,Clay,1,1,0.33,899,0
7.46,Maize,Sandy,0,1,0.22,1173,0
1.65,Maize,Clay,0,1,0.89,1467,0
10.24,Millets,Black,1,1,0.81,1196,1
7.04,Millets,Loam,0,1,0.87,526,0
2.19,Cotton,Loam,1,0,0.31,1303,0
2.02,Maize,Clay,1,0,0.24,423,0
11.05,Rice,Clay,1,1,0.85,1432,1
1.7,Millets,Black,0,1,0.24,1499,0
14.27,Wheat,Clay,0,0,0.7,1477,0
13.25,Cotton,Black,0,1,0.92,1191,0
1.91,Maize,Clay,1,0,0.48,1308,0
13.22,Rice,Clay,0,0,0.29,979,0
8.12,Maize,Loam,0,0,0.65,836,0
3.97,Wheat,Sandy,0,0,0.25,729,0
8.15,Wheat,Black,0,1,0.45,733,0
1.69,Wheat,Black,1,0,0.47,1364,0
10.77,Millets,Loam,0,0,0.75,766,0
3.73,Sugarcane,Sandy,1,0,0.91,853,0
14.71,Cotton,Sandy,0,0,0.45,906,0
10.2,Cotton,Loam,1,1,0.37,1340,0
12.55,Millets,Sandy,1,0,0.94,1339,0
0.71,Wheat,Black,1,1,0.87,1442,0
1.89,Cotton,Black,0,1,0.79,1025,0
4.29,Rice,Clay,1,0,0.58,1081,0
14.13,Rice,Black,1,0,0.31,1101,0
5.07,Sugarcane,Sandy,1,1,0.22,1421,0
4.79,Cotton,Clay,1,0,0.88,597,0
7.98,Millets,Loam,1,1,0.74,676,1
12.91,Wheat,Loam,0,1,0.87,726,0
0.75,Cotton,Clay,1,0,0.26,1293,0
6.03,Millets,Sandy,1,1,0.36,726,0
3.11,Maize,Clay,0,0,0.37,883,0
5.86,Rice,Loam,0,1,0.3,678,0
0.67,Cotton,Loam,0,1,0.93,455,0
12.63,Sugarcane,Black,0,1,0.81,527,0
6.35,Rice,Sandy,1,1,0.59,1359,1
1.71,Sugarcane,Loam,0,1,0.81,574,0
14.63,Wheat,Black,0,1,0.34,1311,0
10.06,Wheat,Clay,0,1,0.35,514,0
1.87,Rice,Clay,0,1,0.28,1114,0
5.28,Maize,Loam,1,1,0.64,797,1
11.1,Millets,Loam,0,0,0.94,1024,0
1.95,Millets,Sandy,0,1,0.89,502,0
5.46,Cotton,Sandy,0,1,0.45,522,0
6.01,Wheat,Sandy,1,1,0.71,1138,1
12.16,Cotton,Sandy,0,0,0.61,491,0
8.7,Sugarcane,Black,0,1,0.52,985,0
14.15,Cotton,Clay,0,1,0.28,946,0
7.83,Sugarcane,Loam,0,0,0.8,985,0
4.85,Wheat,Loam,1,0,0.21,785,0
5.32,Sugarcane,Sandy,1,0,0.52,1388,0
8.17,Wheat,Sandy,1,1,0.91,1099,1
8.7,Cotton,Black,1,1,0.27,1218,0
13.38,Maize,Sandy,0,1,0.59,1054,0
14.49,Rice,Clay,1,0,0.36,651,0
13.16,Cotton,Black,1,1,0.76,793,1
7.82,Millets,Clay,0,1,0.92,874,0
14.25,Millets,Clay,0,1,0.32,1284,0
4.99,Maize,Loam,0,0,0.71,917,0
6.57,Maize,Loam,1,1,0.93,1089,1
13.55,Millets,Sandy,1,0,0.21,1067,0
10.93,Wheat,Black,0,0,0.91,495,0
8.02,Millets,Sandy,1,0,0.35,632,0
8.63,Cotton,Loam,0,1,0.53,1247,0
1.41,Wheat,Black,1,1,0.93,1444,0
13.24,Maize,Sandy,0,1,0.4,302,0
1.02,Millets,Black,0,0,0.86,722,0
3.78,Maize,Loam,0,1,0.87,825,0
10.39,Maize,Black,0,1,0.63,853,0
4.64,Maize,Loam,0,1,0.89,324,0
1.99,Wheat,Black,1,1,0.85,1105,0
1.32,Sugarcane,Black,1,0,0.86,868,0
10.99,Millets,Loam,0,1,0.35,809,0
11.77,Cotton,Loam,1,0,0.42,368,0
3.17,Maize,Sandy,1,1,0.68,1173,1
4.89,Millets,Sandy,0,0,0.92,607,0
3.69,Rice,Loam,0,1,0.62,1442,0
5.26,Wheat,Loam,1,1,0.79,1434,1
12.52,Cotton,Loam,1,1,0.47,627,0
7.48,Sugarcane,Loam,0,0,0.66,392,0
8.01,Millets,Loam,0,0,0.73,768,0
7.8,Wheat,Loam,0,0,0.87,550,0
9.19,Maize,Sandy,0,0,0.37,781,0
2.5,Wheat,Loam,1,1,0.87,850,1
1.31,Cotton,Sandy,0,0,0.71,1404,0
8.24,Millets,Loam,1,0,0.82,648,0
3.68,Cotton,Clay,1,0,0.74,517,0
3.37,Cotton,Sandy,1,0,0.59,951,0
2.53,Cotton,Clay,0,0,0.26,919,0
12.27,Sugarcane,Sandy,0,1,0.34,1124,0
2.95,Sugarcane,Loam,1,0,0.36,1500,0
7.4,Millets,Sandy,1,1,0.72,539,1
12.84,Sugarcane,Loam,0,0,0.77,1108,0
6.53,Wheat,Loam,1,0,0.72,467,0
14.9,Millets,Loam,1,0,0.37,710,0
8.94,Millets,Black,1,0,0.41,1349,0
9.4,Millets,Black,1,1,0.5,513,1
2.98,Maize,Black,1,0,0.75,672,0
7.53,Maize,Clay,0,0,0.51,1078,0
4.99,Millets,Clay,0,0,0.26,819,0
7.23,Cotton,Sandy,1,1,0.8,858,1
4.58,Cotton,Loam,0,1,0.7,1132,0
14.5,Rice,Loam,0,1,0.48,870,0
9.16,Sugarcane,Black,1,1,0.52,1200,1
14.59,Rice,Loam,1,0,0.92,1293,0
0.59,Maize,Clay,0,0,0.7,1087,0
9.32,Cotton,Clay,1,0,0.92,344,0
9.55,Cotton,Sandy,0,0,0.57,1075,0
5.7,Millets,Loam,0,0,0.49,1170,0
10.51,Cotton,Black,0,0,0.71,1063,0
13.33,Maize,Black,1,0,0.56,1206,0
8.91,Cotton,Black,0,1,0.8,1044,0
9.31,Sugarcane,Black,0,0,0.75,322,0
2.75,Millets,Clay,1,1,0.62,626,1
4.33,Maize,Clay,1,0,0.35,673,0
13.07,Sugarcane,Clay,1,1,0.6,1246,1
4.15,Wheat,Loam,1,0,0.2,962,0
8.01,Wheat,Clay,0,0,0.25,1429,0
1.13,Sugarcane,Black,1,0,0.73,1383,0
11.92,Millets,Clay,1,1,0.49,326,0
11.72,Wheat,Black,1,1,0.92,715,1
4.33,Millets,Clay,1,0,0.56,782,0
13.0,Millets,Clay,0,1,0.92,1251,0
10.2,Cotton,Clay,0,1,0.46,840,0
13.72,Wheat,Loam,1,1,0.72,683,1
5.83,Maize,Clay,0,1,0.78,508,0
14.5,Millets,Clay,1,1,0.94,380,1
11.98,Millets,Sandy,1,1,0.5,323,1
7.88,Rice,Loam,0,1,0.29,1170,0
9.55,Millets,Black,1,0,0.75,656,0
11.79,Sugarcane,Clay,0,1,0.89,499,0
13.32,Wheat,Loam,0,1,0.48,1492,0
13.18,Maize,Loam,0,0,0.25,387,0
9.38,Cotton,Loam,0,0,0.73,866,0
4.73,Cotton,Loam,1,0,0.43,1190,0
5.43,Maize,Loam,1,0,0.7,533,0
2.15,Wheat,Clay,1,0,0.39,961,0
13.64,Sugarcane,Black,1,0,0.83,697,0
9.62,Millets,Black,0,1,0.35,1023,0
10.03,Millets,Black,1,1,0.42,1229,0
6.73,Maize,Sandy,1,1,0.92,599,1
6.16,Cotton,Black,0,0,0.23,984,0
3.31,Cotton,Black,1,1,0.5,1366,1
13.27,Rice,Black,1,0,0.81,1128,0
2.9,Rice,Clay,1,0,0.6,1029,0
11.67,Cotton,Sandy,1,1,0.93,460,1
6.74,Millets,Loam,0,0,0.43,1267,0
14.98,Cotton,Loam,1,0,0.44,1498,0
13.74,Rice,Loam,1,1,0.9,521,1
9.88,Maize,Loam,1,1,0.42,380,0
13.92,Rice,Black,1,1,0.6,820,1
8.57,Sugarcane,Sandy,1,0,0.74,924,0
6.07,Rice,Sandy,1,0,0.44,1485,0
2.01,Maize,Loam,0,0,0.59,525,0
13.46,Cotton,Black,0,0,0.4,1024,0
4.64,Wheat,Black,1,0,0.52,1112,0
12.66,Rice,Clay,1,0,0.3,721,0
11.78,Sugarcane,Black,1,0,0.22,1447,0
13.74,Maize,Sandy,0,0,0.47,1203,0
9.16,Cotton,Sandy,1,1,0.27,382,0
0.86,Sugarcane,Black,0,1,0.4,626,0
0.94,Sugarcane,Black,1,0,0.85,577,0
13.03,Sugarcane,Clay,1,0,0.23,432,0
11.96,Rice,Sandy,0,1,0.59,793,0
1.82,Maize,Clay,0,1,0.65,905,0
11.09,Wheat,Black,1,0,0.65,545,0
9.02,Wheat,Loam,0,1,0.45,680,0
11.32,Maize,Black,1,0,0.65,832,0
11.66,Maize,Loam,0,0,0.93,707,0
7.01,Millets,Clay,0,1,0.91,338,0
2.9,Rice,Sandy,0,1,0.8,515,0
8.53,Sugarcane,Sandy,0,0,0.66,842,0
10.03,Rice,Sandy,1,1,0.46,526,0
13.94,Rice,Loam,0,0,0.88,1125,0
0.56,Rice,Sandy,1,0,0.77,870,0
13.66,Sugarcane,Sandy,1,0,0.33,576,0
3.9,Maize,Loam,0,0,0.36,569,0
0.88,Cotton,Clay,0,1,0.49,1111,0
8.74,Rice,Clay,1,0,0.22,888,0
14.08,Wheat,Black,0,1,0.36,1177,0
3.19,Maize,Loam,0,0,0.56,833,0
0.9,Millets,Sandy,0,0,0.28,1340,0
11.27,Millets,Clay,0,0,0.76,705,0
7.77,Wheat,Black,1,1,0.83,956,1
9.58,Cotton,Sandy,0,0,0.34,644,0
1.49,Sugarcane,Clay,1,1,0.64,436,0
6.09,Maize,Loam,1,0,0.8,702,0
13.96,Millets,Clay,1,0,0.7,718,0
3.66,Rice,Sandy,0,0,0.59,511,0
8.8,Cotton,Clay,1,0,0.35,413,0
13.34,Sugarcane,Loam,1,1,0.36,431,0
4.74,Maize,Black,1,0,0.34,1062,0
3.01,Rice,Black,0,1,0.43,484,0
5.89,Cotton,Black,1,0,0.82,375,0
14.72,Millets,Sandy,1,0,0.32,735,0
13.92,Cotton,Loam,1,1,0.69,841,1
1.07,Maize,Clay,1,0,0.75,903,0
7.48,Millets,Clay,0,0,0.88,1306,0
7.73,Wheat,Loam,1,0,0.55,1277,0
11.6,Rice,Loam,1,1,0.3,1032,0
12.72,Wheat,Loam,1,0,0.49,1127,0
14.71,Sugarcane,Loam,0,0,0.73,1349,0
2.05,Cotton,Sandy,1,0,0.72,751,0
6.94,Cotton,Loam,0,0,0.8,331,0
13.57,Rice,Black,0,0,0.35,311,0
6.47,Rice,Sandy,1,0,0.8,301,0
5.18,Wheat,Clay,1,1,0.23,700,0
9.31,Maize,Clay,1,1,0.62,740,1
10.76,Wheat,Sandy,1,0,0.42,1381,0
8.2,Millets,Clay,1,0,0.71,1122,0
12.73,Sugarcane,Sandy,1,0,0.87,1251,0
13.8,Maize,Loam,0,1,0.46,880,0
2.48,Sugarcane,Sandy,0,1,0.23,929,0
9.9,Wheat,Clay,0,0,0.52,413,0
10.49,Millets,Sandy,0,1,0.93,327,0
13.23,Maize,Sandy,1,1,0.6,1114,1
12.24,Maize,Loam,0,0,0.69,1264,0
13.25,Sugarcane,Loam,0,1,0.61,1058,0
0.98,Maize,Sandy,0,0,0.36,1170,0
8.22,Millets,Sandy,0,1,0.56,896,0
13.89,Wheat,Black,1,0,0.79,1165,0
0.72,Millets,Sandy,1,0,0.26,553,0
1.89,Millets,Clay,1,1,0.76,753,0
7.42,Maize,Loam,1,1,0.81,384,1
12.76,Maize,Loam,1,0,0.77,1483,0
3.29,Millets,Sandy,0,1,0.26,800,0
3.57,Millets,Clay,1,0,0.7,421,0
11.33,Wheat,Clay,1,0,0.49,742,0
14.22,Rice,Black,1,1,0.41,1236,0
6.65,Rice,Loam,1,0,0.8,1419,0
3.72,Rice,Sandy,1,0,0.34,1310,0
11.0,Maize,Clay,1,0,0.25,837,0
3.68,Cotton,Black,1,0,0.28,1039,0
3.3,Millets,Clay,1,1,0.89,1044,1
8.95,Millets,Loam,0,1,0.51,1413,0
3.95,Maize,Black,1,0,0.83,655,0
6.14,Wheat,Clay,1,0,0.58,489,0
9.93,Wheat,Sandy,0,1,0.31,1031,0
4.96,Millets,Black,0,1,0.93,902,0
1.88,Maize,Clay,0,0,0.66,651,0
6.33,Rice,Clay,1,0,0.63,692,0
13.17,Sugarcane,Sandy,1,0,0.88,465,0
14.69,Rice,Loam,1,1,0.85,723,1
11.7,Wheat,Black,1,1,0.44,1449,0
1.37,Sugarcane,Clay,0,1,0.51,1112,0
3.32,Sugarcane,Clay,1,0,0.33,408,0
8.14,Maize,Sandy,1,1,0.3,1379,0
2.11,Rice,Loam,0,1,0.85,659,0
10.34,Maize,Loam,0,1,0.68,678,0
1.5,Cotton,Sandy,0,1,0.26,925,0
12.92,Maize,Black,0,0,0.27,989,0
6.75,Wheat,Clay,0,1,0.42,725,0
11.16,Maize,Clay,1,0,0.88,1221,0
12.45,Cotton,Black,1,1,0.61,555,1
13.66,Sugarcane,Black,1,1,0.53,377,1
3.23,Wheat,Black,0,1,0.26,747,0
7.39,Rice,Sandy,1,0,0.35,430,0
0.78,Rice,Black,1,1,0.95,319,0
7.95,Cotton,Clay,1,0,0.3,1072,0
9.29,Rice,Loam,0,0,0.68,909,0
3.01,Sugarcane,Loam,0,0,0.42,384,0
1.95,Sugarcane,Sandy,0,1,0.41,1148,0
2.34,Millets,Sandy,0,1,0.81,822,0
11.98,Maize,Loam,1,1,0.57,1241,1
14.24,Maize,Loam,0,1,0.61,966,0
3.52,Millets,Black,1,0,0.43,570,0
2.08,Rice,Clay,1,1,0.41,455,0
7.24,Maize,Clay,0,1,0.52,1047,0
12.12,Sugarcane,Clay,1,0,0.77,922,0
5.16,Maize,Clay,1,0,0.24,772,0
9.14,Rice,Black,0,0,0.82,761,0
5.02,Millets,Sandy,1,0,0.21,983,0
3.19,Cotton,Sandy,0,1,0.2,737,0
10.44,Cotton,Loam,0,0,0.62,910,0
5.38,Cotton,Clay,0,1,0.49,645,0
2.33,Millets,Black,0,1,0.86,442,0
9.42,Millets,Sandy,1,1,0.73,1354,1
6.38,Rice,Clay,1,1,0.89,1097,1
11.53,Rice,Black,0,1,0.57,758,0
1.55,Cotton,Black,1,1,0.63,389,0
14.91,Sugarcane,Black,1,1,0.66,910,1
9.99,Rice,Black,1,0,0.78,1273,0
0.84,Sugarcane,Clay,0,0,0.36,929,0
3.16,Cotton,Black,0,0,0.63,996,0
2.84,Cotton,Black,0,1,0.33,1170,0
10.68,Maize,Loam,0,1,0.27,1102,0
12.77,Wheat,Sandy,0,0,0.33,605,0
5.06,Millets,Black,1,1,0.38,1080,0
6.06,Cotton,Loam,0,0,0.41,1497,0
0.55,Maize,Black,1,1,0.91,902,0
1.87,Rice,Black,1,0,0.39,1038,0
6.69,Rice,Clay,0,1,0.66,740,0
9.99,Wheat,Sandy,1,1,0.53,435,1
3.74,Sugarcane,Clay,0,0,0.67,744,0
2.77,Wheat,Sandy,1,1,0.62,648,1
4.97,Maize,Black,0,0,0.77,719,0
4.32,Maize,Black,1,1,0.63,1003,1
0.91,Sugarcane,Loam,0,0,0.63,318,0
2.04,Millets,Sandy,0,0,0.78,489,0
1.78,Millets,Sandy,1,0,0.42,725,0
5.04,Millets,Black,1,1,0.86,345,1
14.17,Maize,Black,0,0,0.94,503,0
14.16,Cotton,Loam,0,0,0.25,566,0
9.64,Millets,Sandy,1,1,0.72,518,1
10.77,Millets,Black,1,0,0.67,496,0
12.65,Maize,Clay,1,1,0.52,567,1
6.79,Rice,Sandy,0,0,0.66,793,0
4.75,Sugarcane,Black,1,0,0.68,492,0
10.85,Maize,Black,0,1,0.82,690,0
1.76,Millets,Black,0,1,0.48,781,0
0.93,Sugarcane,Clay,0,1,0.9,1327,0
2.19,Cotton,Sandy,1,0,0.38,845,0
2.88,Millets,Loam,1,1,0.86,747,1
11.32,Rice,Sandy,0,1,0.75,1454,0
14.39,Millets,Black,0,0,0.82,378,0
6.93,Sugarcane,Loam,0,1,0.62,724,0
2.2,Millets,Sandy,1,1,0.94,314,1
10.09,Rice,Loam,1,1,0.72,1201,1
11.87,Sugarcane,Sandy,1,0,0.55,764,0
13.1,Wheat,Loam,0,1,0.52,541,0
5.27,Cotton,Black,1,0,0.59,1061,0
8.45,Sugarcane,Loam,0,1,0.34,1067,0
5.08,Rice,Loam,1,1,0.31,1496,0
7.21,Sugarcane,Sandy,1,1,0.26,971,0
12.78,Maize,Sandy,1,1,0.45,1265,0
1.41,Wheat,Loam,0,0,0.87,498,0
7.99,Cotton,Sandy,0,1,0.47,1004,0
3.42,Wheat,Black,0,0,0.53,924,0
3.61,Maize,Black,0,0,0.62,1230,0
4.41,Cotton,Black,1,1,0.25,385,0
9.22,Wheat,Loam,0,1,0.79,415,0
11.17,Sugarcane,Loam,0,0,0.89,611,0
2.51,Wheat,Sandy,1,0,0.85,1011,0
7.17,Millets,Loam,0,0,0.52,1257,0
13.75,Wheat,Clay,1,0,0.91,1113,0
2.68,Cotton,Black,0,0,0.55,545,0
12.21,Cotton,Black,0,1,0.9,977,0
4.08,Maize,Black,1,0,0.86,716,0
14.33,Rice,Loam,0,0,0.35,1405,0
4.27,Wheat,Clay,1,0,0.55,779,0
5.19,Sugarcane,Black,1,1,0.8,549,1
5.17,Wheat,Clay,1,0,0.58,592,0
13.38,Maize,Clay,1,1,0.64,1309,1
9.0,Wheat,Clay,1,0,0.57,725,0
8.17,Millets,Clay,0,1,0.62,878,0
9.33,Millets,Clay,0,1,0.33,637,0
14.15,Wheat,Loam,0,0,0.34,772,0
2.72,Millets,Clay,0,0,0.74,392,0
2.7,Sugarcane,Loam,0,1,0.76,742,0
5.33,Millets,Loam,0,1,0.29,527,0
7.47,Cotton,Black,1,1,0.89,1433,1
11.41,Maize,Sandy,0,1,0.9,1260,0
3.31,Millets,Loam,0,0,0.7,1024,0
7.7,Sugarcane,Sandy,0,0,0.27,1414,0
12.8,Millets,Clay,1,0,0.47,642,0
2.25,Millets,Black,0,1,0.27,1313,0
6.3,Maize,Clay,0,1,0.72,731,0
5.64,Rice,Clay,0,1,0.77,597,0
2.59,Rice,Black,0,1,0.76,969,0
8.4,Sugarcane,Clay,0,0,0.43,1346,0
2.72,Cotton,Black,1,1,0.94,1160,1
3.96,Millets,Clay,0,0,0.74,1277,0
4.99,Cotton,Loam,0,1,0.45,512,0
0.75,Rice,Black,0,1,0.73,414,0
8.15,Maize,Black,1,0,0.45,1227,0
4.96,Maize,Loam,1,1,0.47,512,0
12.58,Millets,Black,1,1,0.44,1163,0
11.97,Sugarcane,Clay,0,0,0.45,537,0
14.05,Wheat,Sandy,1,1,0.62,360,1
13.9,Cotton,Clay,0,0,0.55,1411,0
5.37,Maize,Black,0,0,0.29,1434,0
6.94,Millets,Black,1,0,0.67,686,0
5.43,Sugarcane,Clay,0,1,0.81,523,0
9.2,Sugarcane,Black,1,0,0.38,1165,0
7.81,Maize,Loam,1,0,0.46,819,0
5.51,Millets,Clay,0,0,0.55,1101,0
6.88,Maize,Clay,1,1,0.93,1315,1
14.66,Cotton,Clay,0,1,0.84,953,0
6.69,Maize,Loam,1,1,0.56,787,1
6.67,Wheat,Clay,1,1,0.38,1224,0
9.98,Maize,Clay,0,0,0.48,1125,0
14.04,Sugarcane,Loam,0,1,0.4,1048,0
10.16,Sugarcane,Loam,0,0,0.83,1147,0
14.68,Millets,Sandy,0,0,0.42,1362,0
7.11,Rice,Sandy,0,0,0.21,1278,0
11.37,Wheat,Black,0,0,0.77,1434,0
13.6,Maize,Loam,0,0,0.87,1017,0
5.6,Maize,Sandy,1,1,0.86,1073,1
0.76,Cotton,Clay,1,0,0.88,606,0
7.05,Maize,Loam,1,0,0.68,696,0
4.15,Cotton,Loam,0,1,0.63,1474,0
14.48,Maize,Loam,0,0,0.47,1177,0
2.6,Wheat,Loam,1,1,0.41,663,0
11.71,Millets,Sandy,1,1,0.43,560,0
8.88,Millets,Clay,1,1,0.56,1340,1
4.31,Millets,Black,0,1,0.31,948,0
12.3,Maize,Black,0,1,0.71,535,0
3.18,Rice,Loam,1,0,0.92,534,0
1.5,Rice,Black,1,0,0.21,629,0
14.33,Rice,Loam,0,1,0.8,1111,0
5.91,Maize,Black,1,1,0.6,508,1
4.26,Sugarcane,Black,1,1,0.3,530,0
4.37,Cotton,Clay,0,1,0.3,819,0
7.74,Wheat,Black,1,1,0.95,908,1
14.22,Sugarcane,Clay,0,0,0.31,1410,0
6.67,Rice,Loam,0,1,0.21,987,0
6.69,Wheat,Sandy,0,1,0.93,937,0
8.03,Maize,Black,1,1,0.55,649,1
8.55,Rice,Black,0,1,0.44,659,0
13.64,Cotton,Loam,0,0,0.86,486,0
1.76,Wheat,Clay,1,0,0.63,1153,0
2.13,Cotton,Loam,1,1,0.89,827,1
11.35,Wheat,Black,0,0,0.49,735,0
3.85,Rice,Loam,1,1,0.88,1357,1
11.87,Rice,Black,0,1,0.75,411,0
7.83,Rice,Loam,1,1,0.47,939,0
11.98,Rice,Sandy,0,1,0.65,1244,0
12.23,Wheat,Black,1,0,0.84,946,0
0.88,Cotton,Sandy,1,1,0.57,1384,0
10.81,Cotton,Sandy,0,1,0.78,1492,0
8.24,Wheat,Loam,0,1,0.76,1428,0
13.08,Maize,Loam,1,1,0.3,844,0
2.85,Rice,Clay,1,1,0.44,533,0
10.37,Wheat,Clay,0,0,0.48,353,0
3.55,Millets,Clay,0,1,0.23,1151,0
9.39,Maize,Black,1,1,0.82,1385,1
4.09,Sugarcane,Black,1,1,0.25,1476,0
2.51,Millets,Loam,0,1,0.39,1372,0
3.51,Sugarcane,Black,1,0,0.73,1031,0
6.1,Wheat,Sandy,1,1,0.82,416,1
6.04,Rice,Loam,0,0,0.51,425,0
11.04,Wheat,Sandy,1,0,0.5,1094,0
7.6,Sugarcane,Black,1,1,0.28,1120,0
3.25,Rice,Sandy,1,1,0.77,665,1
4.91,Cotton,Loam,1,1,0.87,1486,1
14.43,Millets,Sandy,0,1,0.33,441,0
13.67,Sugarcane,Loam,0,1,0.36,1392,0
13.84,Sugarcane,Black,0,1,0.88,1348,0
11.53,Maize,Sandy,0,1,0.83,663,0
6.45,Maize,Clay,0,1,0.7,961,0
8.76,Wheat,Sandy,0,1,0.7,1455,0
1.83,Cotton,Clay,1,1,0.57,1275,0
9.6,Wheat,Loam,0,0,0.33,1116,0
10.73,Sugarcane,Sandy,1,1,0.66,693,1
6.09,Rice,Loam,1,0,0.27,967,0
11.44,Maize,Sandy,1,0,0.21,771,0
13.73,Wheat,Clay,0,0,0.28,1492,0
3.05,Cotton,Black,1,0,0.22,350,0
4.83,Maize,Loam,1,0,0.69,1164,0
7.25,Millets,Clay,1,1,0.27,1495,0
5.32,Maize,Black,1,1,0.27,310,0
12.08,Rice,Sandy,0,0,0.36,1004,0
2.37,Sugarcane,Sandy,1,1,0.79,1008,1
14.0,Cotton,Black,0,0,0.46,902,0
4.19,Maize,Black,1,1,0.4,743,0
2.54,Rice,Loam,0,0,0.54,907,0
10.82,Millets,Sandy,1,1,0.61,783,1
1.18,Rice,Sandy,1,0,0.8,1081,0
13.9,Wheat,Sandy,1,1,0.54,812,1
14.85,Rice,Clay,0,0,0.22,1003,0
3.31,Sugarcane,Black,0,1,0.54,452,0
11.94,Maize,Black,1,1,0.41,1347,0
11.54,Cotton,Clay,0,0,0.81,463,0
3.12,Cotton,Sandy,0,0,0.68,1283,0
14.22,Rice,Clay,1,0,0.2,718,0
4.13,Wheat,Loam,0,1,0.54,832,0
4.03,Wheat,Clay,1,0,0.51,875,0
2.84,Millets,Sandy,1,1,0.56,1372,1
12.82,Wheat,Clay,0,0,0.86,1277,0
5.08,Rice,Sandy,0,0,0.7,1011,0
0.79,Wheat,Sandy,0,0,0.88,437,0
8.32,Rice,Black,0,0,0.5,552,0
11.68,Maize,Sandy,0,1,0.39,653,0
3.93,Maize,Clay,1,0,0.55,583,0
1.01,Rice,Sandy,1,1,0.76,876,0
2.1,Cotton,Black,1,0,0.27,1431,0
9.55,Cotton,Black,1,1,0.64,389,1
5.31,Wheat,Sandy,0,0,0.6,342,0
13.08,Wheat,Sandy,1,1,0.43,1372,0
9.81,Sugarcane,Clay,1,1,0.73,466,1
12.91,Maize,Loam,1,1,0.23,1484,0
4.72,Cotton,Sandy,1,1,0.48,1013,0
12.7,Cotton,Black,0,1,0.28,1392,0
11.73,Rice,Loam,0,0,0.93,1021,0
7.46,Millets,Clay,1,0,0.52,1348,0
13.04,Millets,Loam,1,0,0.86,547,0
7.32,Millets,Black,0,1,0.56,1405,0
3.09,Sugarcane,Sandy,1,0,0.46,492,0
7.55,Wheat,Clay,1,0,0.8,716,0
2.85,Millets,Clay,0,1,0.8,947,0
5.12,Millets,Loam,1,1,0.76,1068,1
7.06,Millets,Clay,1,0,0.27,1362,0
14.88,Sugarcane,Sandy,0,1,0.54,478,0
1.99,Maize,Sandy,0,0,0.41,1448,0
9.79,Rice,Clay,1,0,0.47,502,0
3.98,Wheat,Loam,0,0,0.76,955,0
9.18,Sugarcane,Black,0,1,0.3,1070,0
12.59,Cotton,Clay,0,0,0.32,1160,0
8.28,Millets,Sandy,0,1,0.87,310,0
11.84,Sugarcane,Clay,1,1,0.91,1052,1
2.32,Millets,Loam,1,0,0.85,926,0
13.54,Wheat,Sandy,0,0,0.31,990,0
6.68,Maize,Clay,1,1,0.48,1083,0
7.73,Cotton,Sandy,0,0,0.67,577,0
6.91,Rice,Sandy,1,1,0.31,838,0
10.24,Wheat,Loam,1,1,0.79,441,1
7.98,Rice,Clay,1,1,0.92,557,1
0.89,Maize,Sandy,0,1,0.95,553,0
9.13,Cotton,Black,0,1,0.23,1155,0
9.4,Sugarcane,Black,1,0,0.94,1055,0
5.65,Maize,Sandy,1,1,0.84,1413,1
13.7,Cotton,Loam,1,1,0.72,1103,1
2.15,Sugarcane,Clay,0,0,0.78,1419,0
1.77,Rice,Loam,1,0,0.9,914,0
8.73,Rice,Clay,0,0,0.52,1289,0
12.62,Rice,Clay,0,1,0.65,923,0
6.19,Cotton,Clay,0,1,0.84,1181,0
3.2,Maize,Clay,1,0,0.87,1019,0
6.92,Millets,Sandy,1,0,0.9,523,0
13.85,Sugarcane,Loam,0,1,0.22,845,0
4.9,Millets,Sandy,0,0,0.93,1321,0
13.59,Cotton,Clay,1,0,0.53,1149,0
7.1,Sugarcane,Black,1,1,0.5,1072,1
10.87,Cotton,Loam,0,0,0.43,348,0
10.4,Wheat,Black,0,0,0.72,959,0
5.15,Millets,Loam,1,0,0.22,1016,0
5.83,Millets,Loam,1,1,0.49,676,0
3.67,Maize,Black,0,0,0.53,470,0
5.41,Rice,Loam,0,0,0.47,504,0
14.97,Maize,Sandy,0,0,0.39,319,0
1.19,Millets,Loam,0,0,0.9,427,0
14.47,Sugarcane,Loam,0,0,0.85,1030,0
1.23,Cotton,Loam,1,0,0.94,674,0
2.28,Maize,Loam,1,0,0.65,1199,0
6.48,Millets,Black,1,0,0.53,1082,0
5.54,Maize,Clay,1,0,0.36,1104,0
1.49,Maize,Black,0,1,0.53,969,0
7.13,Sugarcane,Sandy,1,0,0.65,1345,0
12.92,Millets,Sandy,1,1,0.59,1299,1
13.7,Rice,Clay,1,0,0.87,1324,0
7.25,Cotton,Black,0,0,0.47,823,0
7.64,Rice,Loam,0,0,0.48,1078,0
8.53,Maize,Loam,1,0,0.22,1309,0
0.57,Rice,Sandy,1,0,0.42,1359,0
10.19,Maize,Loam,1,0,0.58,1169,0
7.93,Wheat,Clay,1,0,0.85,923,0
10.25,Wheat,Loam,0,0,0.87,306,0
12.71,Rice,Clay,1,0,0.75,1447,0
14.87,Millets,Loam,1,1,0.79,531,1
6.46,Millets,Loam,1,0,0.21,1160,0
10.26,Cotton,Loam,0,1,0.86,952,0
13.23,Maize,Clay,1,1,0.75,726,1
4.65,Sugarcane,Clay,0,0,0.47,346,0
6.82,Cotton,Loam,0,1,0.67,1103,0
5.85,Wheat,Black,0,0,0.39,743,0
14.26,Sugarcane,Loam,0,0,0.39,967,0
2.05,Wheat,Loam,0,0,0.25,984,0
8.35,Maize,Loam,1,1,0.95,734,1
11.74,Millets,Sandy,1,1,0.74,697,1
10.58,Cotton,Clay,1,0,0.33,937,0
10.17,Maize,Loam,1,0,0.89,944,0
13.05,Wheat,Clay,1,1,0.34,315,0
9.21,Millets,Clay,0,0,0.93,919,0
11.16,Sugarcane,Black,0,1,0.69,1282,0
11.77,Cotton,Black,0,0,0.76,456,0
4.9,Maize,Black,0,1,0.55,1461,0
12.31,Millets,Loam,1,1,0.46,1291,0
1.72,Millets,Sandy,0,1,0.91,988,0
3.86,Rice,Black,0,1,0.74,1123,0
3.78,Cotton,Loam,0,0,0.39,1237,0
10.83,Millets,Black,1,0,0.33,1450,0
5.8,Rice,Clay,1,1,0.68,1498,1
4.6,Cotton,Clay,1,0,0.26,1053,0
10.53,Sugarcane,Loam,0,1,0.84,522,0
4.54,Millets,Loam,0,0,0.26,576,0
13.44,Maize,Black,1,0,0.44,929,0
7.19,Maize,Sandy,0,0,0.24,462,0
13.7,Sugarcane,Loam,1,1,0.83,348,1
12.32,Sugarcane,Clay,0,0,0.87,1055,0
10.4,Sugarcane,Clay,0,1,0.68,1083,0
11.95,Maize,Clay,0,1,0.31,1137,0
5.78,Wheat,Sandy,0,1,0.92,595,0
7.65,Sugarcane,Black,0,0,0.93,1007,0
7.41,Wheat,Sandy,0,0,0.76,974,0
0.55,Cotton,Black,0,0,0.49,870,0
10.47,Wheat,Clay,1,1,0.43,565,0
12.42,Sugarcane,Loam,1,0,0.57,881,0
12.65,Cotton,Black,0,1,0.89,382,0
13.16,Wheat,Loam,1,0,0.4,931,0
0.9,Maize,Black,0,1,0.93,889,0
10.81,Maize,Loam,1,1,0.56,1064,1
1.41,Sugarcane,Loam,1,0,0.69,1347,0
3.96,Rice,Clay,1,1,0.25,807,0
11.68,Wheat,Loam,1,0,0.73,969,0
1.6,Wheat,Loam,1,1,0.49,590,0
9.88,Millets,Clay,1,0,0.79,449,0
4.76,Wheat,Clay,1,1,0.43,653,0
9.45,Millets,Loam,0,1,0.93,322,0
9.81,Sugarcane,Loam,0,1,0.59,362,0
8.07,Maize,Black,0,1,0.39,481,0
10.07,Sugarcane,Black,1,0,0.29,1011,0
4.68,Cotton,Black,1,1,0.36,1388,0
13.6,Rice,Clay,1,0,0.46,810,0
6.33,Millets,Loam,1,0,0.56,1337,0
6.6,Wheat,Loam,1,1,0.44,1466,0
7.63,Millets,Black,1,1,0.71,764,1
10.61,Cotton,Sandy,1,1,0.53,1209,1
12.33,Maize,Loam,1,0,0.85,504,0
14.87,Millets,Sandy,1,0,0.38,1371,0
6.5,Sugarcane,Black,0,1,0.47,641,0
14.78,Wheat,Black,1,1,0.47,1344,0
8.11,Rice,Sandy,1,1,0.86,423,1
14.49,Wheat,Loam,0,1,0.88,1080,0
14.56,Maize,Loam,1,0,0.73,784,0
8.38,Millets,Sandy,1,1,0.91,1237,1
3.7,Wheat,Loam,1,0,0.79,1186,0
14.85,Rice,Loam,1,1,0.65,766,1
12.54,Cotton,Black,1,1,0.36,370,0
14.89,Cotton,Loam,1,1,0.7,574,1
3.87,Rice,Sandy,0,1,0.35,649,0
14.95,Rice,Loam,1,0,0.53,1439,0
12.2,Maize,Clay,1,0,0.28,871,0
1.47,Cotton,Clay,0,1,0.34,1096,0
8.76,Rice,Loam,0,1,0.21,423,0
14.83,Maize,Sandy,0,1,0.86,1440,0
11.09,Wheat,Black,0,1,0.23,744,0
3.19,Maize,Clay,1,0,0.34,334,0
7.66,Millets,Sandy,0,0,0.52,1255,0
2.87,Cotton,Clay,1,0,0.91,1033,0
12.94,Millets,Loam,1,1,0.89,557,1
12.02,Cotton,Loam,1,0,0.45,449,0
6.74,Millets,Sandy,1,0,0.85,370,0
9.19,Cotton,Sandy,1,1,0.89,468,1
2.32,Sugarcane,Sandy,0,0,0.22,657,0
0.81,Sugarcane,Loam,0,0,0.4,324,0
5.3,Sugarcane,Loam,0,1,0.6,1119,0
1.73,Sugarcane,Black,0,1,0.74,1241,0
4.8,Maize,Black,1,1,0.68,889,1
2.1,Millets,Loam,1,0,0.42,1470,0
8.16,Rice,Sandy,1,0,0.34,1291,0
13.83,Rice,Clay,0,1,0.52,314,0
3.5,Cotton,Black,0,1,0.34,1298,0
3.5,Rice,Loam,1,1,0.92,1390,1
11.41,Millets,Clay,1,1,0.27,1341,0
1.6,Rice,Sandy,0,1,0.32,844,0
3.9,Wheat,Black,0,0,0.88,315,0
0.97,Maize,Black,0,1,0.26,723,0
11.09,Sugarcane,Clay,1,0,0.87,737,0
7.58,Millets,Sandy,0,1,0.28,1497,0
9.34,Cotton,Sandy,1,0,0.48,675,0
10.74,Cotton,Loam,1,1,0.46,1037,0
9.95,Millets,Sandy,1,1,0.39,977,0
2.59,Millets,Sandy,1,1,0.76,360,1
4.52,Sugarcane,Black,1,1,0.8,774,1
7.69,Sugarcane,Loam,1,1,0.59,624,1
4.7,Rice,Clay,1,1,0.59,608,1
4.15,Millets,Sandy,1,1,0.25,1210,0
3.18,Rice,Sandy,0,0,0.41,850,0
12.09,Wheat,Sandy,0,1,0.67,396,0
4.63,Rice,Loam,1,0,0.75,1054,0
11.59,Maize,Black,0,0,0.32,382,0
5.27,Rice,Black,0,1,0.67,991,0
5.11,Millets,Loam,0,1,0.6,1412,0
13.54,Maize,Loam,0,0,0.4,479,0
3.94,Millets,Clay,0,0,0.94,780,0
13.22,Sugarcane,Sandy,1,1,0.26,435,0
9.76,Rice,Sandy,0,1,0.77,1278,0
1.24,Millets,Black,1,0,0.89,571,0
5.69,Cotton,Black,1,1,0.65,1471,1
5.3,Rice,Clay,1,1,0.82,1096,1
5.69,Rice,Sandy,1,0,0.4,431,0
3.52,Cotton,Black,0,0,0.88,320,0
2.84,Wheat,Black,1,0,0.45,605,0
7.56,Millets,Black,0,0,0.29,1299,0
1.14,Cotton,Loam,1,0,0.2,639,0
7.28,Millets,Clay,1,0,0.34,1412,0
0.79,Wheat,Loam,1,0,0.23,1107,0
9.05,Cotton,Black,1,0,0.9,670,0
1.49,Maize,Clay,0,0,0.34,943,0
5.12,Sugarcane,Clay,0,1,0.68,1465,0
5.38,Millets,Loam,0,0,0.68,716,0
3.47,Wheat,Loam,1,1,0.48,1240,0
4.15,Wheat,Sandy,0,1,0.6,1346,0
9.17,Rice,Clay,1,1,0.59,564,1
7.9,Millets,Clay,0,0,0.82,555,0
10.78,Sugarcane,Sandy,0,0,0.78,645,0
12.72,Wheat,Clay,1,1,0.68,1299,1
11.09,Rice,Loam,1,0,0.4,347,0
2.05,Millets,Sandy,1,1,0.57,407,1
8.52,Maize,Sandy,1,0,0.41,433,0
11.1,Sugarcane,Black,1,1,0.93,663,1
0.62,Rice,Loam,1,0,0.48,1263,0
7.92,Rice,Sandy,1,1,0.48,505,0
2.17,Sugarcane,Black,1,1,0.25,1264,0
5.92,Maize,Clay,0,1,0.64,847,0
13.25,Rice,Loam,1,1,0.78,523,1
4.74,Sugarcane,Loam,0,0,0.79,393,0
14.8,Maize,Black,0,1,0.79,386,0
3.94,Sugarcane,Loam,1,1,0.34,404,0
13.63,Millets,Loam,1,1,0.93,1011,1
1.93,Maize,Black,1,0,0.45,989,0
10.07,Rice,Sandy,0,0,0.8,1076,0
11.67,Millets,Black,0,1,0.55,632,0
10.4,Cotton,Loam,1,0,0.22,1303,0
7.83,Sugarcane,Sandy,1,0,0.51,665,0
0.58,Wheat,Black,0,0,0.78,497,0
13.58,Sugarcane,Clay,1,0,0.39,994,0
3.28,Millets,Sandy,0,0,0.84,514,0
2.13,Cotton,Loam,0,1,0.28,988,0
9.57,Millets,Black,1,1,0.7,1423,1
8.33,Millets,Clay,0,1,0.5,564,0
14.93,Maize,Sandy,1,1,0.29,1456,0
7.31,Wheat,Clay,1,0,0.6,310,0
8.64,Sugarcane,Sandy,0,0,0.62,703,0
9.93,Sugarcane,Black,1,1,0.75,809,1
13.33,Millets,Loam,0,0,0.26,588,0
3.85,Millets,Loam,1,1,0.77,498,1
10.93,Sugarcane,Black,0,0,0.68,644,0
12.78,Millets,Black,1,1,0.51,1147,1
5.17,Sugarcane,Black,1,1,0.41,1299,0
4.25,Maize,Black,1,1,0.76,1431,1
4.9,Rice,Sandy,1,1,0.77,1065,1
5.47,Rice,Black,0,1,0.71,1028,0
4.28,Millets,Clay,1,1,0.74,1363,1
3.35,Rice,Black,1,1,0.34,416,0
9.46,Wheat,Black,0,1,0.92,1232,0
8.48,Sugarcane,Black,0,0,0.21,514,0
6.05,Millets,Clay,1,0,0.93,566,0
6.21,Rice,Loam,0,0,0.53,455,0
2.65,Sugarcane,Sandy,0,0,0.56,864,0
9.74,Cotton,Clay,1,1,0.67,1018,1
13.62,Maize,Black,1,1,0.29,358,0
3.02,Rice,Sandy,0,0,0.38,444,0
1.71,Sugarcane,Clay,1,0,0.28,527,0
4.99,Sugarcane,Sandy,0,0,0.22,985,0
3.26,Wheat,Loam,1,0,0.83,1050,0
1.58,Millets,Black,1,0,0.36,1314,0
13.83,Sugarcane,Sandy,0,1,0.94,855,0
13.66,Cotton,Clay,0,1,0.55,411,0
3.54,Sugarcane,Sandy,0,0,0.88,798,0
2.29,Rice,Clay,1,1,0.35,529,0
13.45,Wheat,Clay,0,1,0.49,1116,0
10.64,Millets,Sandy,1,1,0.94,954,1
14.86,Sugarcane,Clay,0,1,0.36,527,0
1.95,Maize,Clay,0,0,0.55,954,0
7.05,Maize,Sandy,0,1,0.57,1414,0
8.63,Cotton,Clay,0,0,0.41,1290,0
13.91,Maize,Clay,0,1,0.31,775,0
5.12,Rice,Black,1,1,0.57,994,1
8.87,Wheat,Black,1,0,0.76,1275,0
0.84,Cotton,Sandy,1,0,0.68,377,0
1.28,Sugarcane,Black,1,1,0.27,940,0
13.39,Cotton,Black,1,0,0.83,860,0
0.95,Wheat,Black,1,1,0.75,501,0
3.58,Cotton,Black,0,0,0.58,627,0
14.27,Cotton,Clay,1,1,0.4,1106,0
2.77,Millets,Clay,0,0,0.4,607,0
10.13,Millets,Sandy,0,1,0.22,1091,0
13.49,Cotton,Clay,0,0,0.4,1295,0
13.47,Rice,Loam,1,1,0.67,1188,1
3.11,Rice,Clay,0,1,0.95,1037,0
14.28,Cotton,Black,1,0,0.81,1110,0
9.49,Millets,Black,0,1,0.38,705,0
13.44,Millets,Sandy,0,1,0.77,361,0
7.15,Wheat,Loam,0,1,0.67,509,0
1.36,Maize,Loam,1,0,0.4,1209,0
14.45,Sugarcane,Black,0,0,0.75,403,0
14.2,Millets,Clay,0,0,0.75,1148,0
4.41,Wheat,Black,0,0,0.53,688,0
6.54,Rice,Clay,1,1,0.87,1396,1
11.46,Sugarcane,Clay,1,1,0.2,931,0
13.15,Rice,Loam,0,1,0.26,315,0
14.42,Millets,Clay,1,1,0.39,1424,0
11.93,Rice,Sandy,1,1,0.32,682,0
12.97,Maize,Black,0,1,0.24,1194,0
4.3,Cotton,Sandy,1,0,0.43,670,0
9.7,Wheat,Black,0,1,0.29,429,0
7.02,Maize,Black,1,1,0.58,903,1
9.74,Rice,Loam,1,0,0.77,692,0
0.79,Maize,Clay,0,0,0.52,794,0
11.65,Rice,Sandy,1,1,0.23,496,0
7.07,Millets,Clay,0,0,0.87,606,0
12.97,Sugarcane,Black,0,1,0.91,373,0
6.78,Rice,Sandy,1,1,0.77,1168,1
11.74,Rice,Sandy,0,0,0.21,914,0
12.66,Maize,Black,1,1,0.71,535,1
10.43,Cotton,Black,0,0,0.74,1201,0
11.73,Cotton,Black,0,0,0.64,397,0
11.13,Sugarcane,Clay,1,0,0.94,608,0
1.89,Millets,Black,0,1,0.75,1337,0
10.89,Wheat,Black,1,0,0.71,552,0
12.79,Maize,Black,1,1,0.75,1030,1
4.1,Sugarcane,Black,0,1,0.34,553,0
3.83,Cotton,Black,1,1,0.65,431,1
14.17,Cotton,Loam,0,1,0.78,481,0
9.47,Cotton,Loam,0,0,0.76,723,0
2.54,Cotton,Sandy,1,1,0.6,748,1
3.25,Millets,Clay,1,0,0.86,1214,0
9.0,Cotton,Sandy,0,1,0.81,1080,0
7.9,Rice,Black,1,0,0.34,515,0
11.84,Maize,Clay,1,1,0.33,600,0
4.23,Millets,Loam,1,0,0.76,876,0
3.5,Rice,Sandy,0,1,0.7,1303,0
12.15,Sugarcane,Sandy,0,1,0.82,1492,0
13.68,Maize,Loam,1,1,0.65,554,1
7.67,Wheat,Black,0,0,0.46,1270,0
2.54,Sugarcane,Black,0,0,0.48,1266,0
12.63,Millets,Black,0,1,0.66,995,0
4.78,Rice,Loam,1,1,0.74,1240,1
14.57,Sugarcane,Loam,0,0,0.24,1378,0
11.15,Sugarcane,Sandy,0,0,0.63,1257,0
7.02,Maize,Loam,0,0,0.75,788,0
1.16,Maize,Clay,0,0,0.38,685,0
14.78,Millets,Black,1,1,0.84,376,1
2.89,Millets,Black,1,1,0.85,1096,1
14.33,Wheat,Loam,1,0,0.32,571,0
8.69,Wheat,Sandy,0,1,0.37,1325,0
1.7,Rice,Loam,1,0,0.82,912,0
13.6,Sugarcane,Sandy,1,0,0.24,1463,0
7.33,Wheat,Loam,1,1,0.38,770,0
10.24,Rice,Clay,0,1,0.4,954,0
1.34,Sugarcane,Sandy,1,1,0.27,465,0
10.18,Sugarcane,Loam,0,0,0.22,1122,0
5.78,Maize,Black,0,0,0.5,380,0
4.72,Cotton,Clay,1,0,0.43,542,0
1.26,Cotton,Black,0,0,0.59,978,0
13.43,Wheat,Black,0,0,0.56,501,0
12.66,Wheat,Black,1,0,0.63,1116,0
7.16,Maize,Clay,0,0,0.68,527,0
5.89,Wheat,Clay,0,0,0.74,370,0
2.26,Rice,Sandy,0,1,0.31,659,0
9.98,Cotton,Black,0,0,0.25,1041,0
1.3,Wheat,Sandy,1,1,0.63,848,0
12.81,Wheat,Loam,1,1,0.33,1313,0
1.35,Sugarcane,Black,1,0,0.94,961,0
9.89,Rice,Clay,0,1,0.85,1176,0
8.48,Sugarcane,Black,1,1,0.48,1437,0
11.06,Maize,Clay,1,0,0.37,1498,0
13.69,Millets,Sandy,0,0,0.67,419,0
3.53,Rice,Black,1,0,0.21,1205,0
14.98,Maize,Loam,1,0,0.45,415,0
10.99,Millets,Clay,1,0,0.5,793,0
0.67,Sugarcane,Clay,0,0,0.44,962,0
2.36,Maize,Black,0,1,0.75,731,0
5.94,Millets,Loam,1,1,0.78,1333,1
6.19,Millets,Clay,0,1,0.25,693,0
10.56,Cotton,Black,1,0,0.92,1019,0
7.35,Cotton,Clay,1,1,0.33,1264,0
5.09,Wheat,Clay,1,1,0.57,481,1
6.81,Maize,Black,1,0,0.44,1191,0
8.49,Millets,Black,1,0,0.2,785,0
6.63,Cotton,Loam,1,1,0.95,1440,1
4.34,Cotton,Loam,1,1,0.37,1234,0
13.63,Rice,Loam,1,0,0.28,889,0
2.52,Cotton,Black,0,0,0.95,922,0
4.29,Cotton,Loam,0,1,0.21,760,0
7.64,Maize,Clay,1,0,0.76,1279,0
6.08,Rice,Sandy,0,1,0.43,843,0
3.88,Rice,Sandy,1,0,0.83,374,0
12.46,Rice,Sandy,1,0,0.39,955,0
3.27,Sugarcane,Sandy,1,0,0.48,1240,0
5.66,Maize,Clay,0,1,0.37,689,0
0.83,Millets,Loam,0,1,0.95,1251,0
13.28,Sugarcane,Loam,1,0,0.91,504,0
14.8,Millets,Loam,1,0,0.34,590,0
5.43,Millets,Loam,0,0,0.81,681,0
2.62,Sugarcane,Clay,0,0,0.44,1210,0
7.05,Maize,Loam,0,0,0.9,940,0
1.24,Sugarcane,Black,1,1,0.24,819,0
4.26,Wheat,Black,1,0,0.35,430,0
6.61,Millets,Black,1,1,0.92,365,1
8.15,Wheat,Clay,1,1,0.45,590,0
3.9,Maize,Clay,0,1,0.56,942,0
3.36,Cotton,Sandy,1,0,0.53,1313,0
3.28,Rice,Clay,0,0,0.36,473,0
4.46,Millets,Clay,0,1,0.7,746,0
8.13,Wheat,Black,1,0,0.46,1019,0
5.6,Millets,Sandy,1,0,0.56,699,0
10.4,Sugarcane,Sandy,1,1,0.21,664,0
14.0,Cotton,Clay,1,1,0.81,627,1
9.27,Rice,Black,0,0,0.95,419,0
2.42,Sugarcane,Black,1,1,0.69,1362,1
9.0,Sugarcane,Sandy,1,0,0.35,1322,0
4.15,Millets,Clay,0,1,0.24,1019,0
13.73,Millets,Loam,1,1,0.74,422,1
9.17,Millets,Sandy,1,0,0.35,505,0
8.89,Sugarcane,Black,0,0,0.5,996,0
1.84,Cotton,Loam,0,1,0.26,495,0
14.28,Maize,Black,0,1,0.43,1033,0
1.89,Cotton,Loam,1,0,0.57,1456,0
14.71,Rice,Clay,0,1,0.3,636,0
3.4,Rice,Clay,0,0,0.52,1078,0
13.45,Maize,Sandy,0,0,0.44,1177,0
7.58,Rice,Sandy,0,1,0.45,1452,0
8.05,Maize,Loam,0,1,0.79,1182,0
9.01,Wheat,Sandy,1,0,0.89,1476,0
2.26,Wheat,Sandy,0,0,0.28,331,0
6.06,Cotton,Black,1,1,0.7,397,1
12.85,Wheat,Black,1,1,0.8,882,1
5.89,Cotton,Black,1,0,0.51,1116,0
10.84,Sugarcane,Loam,1,0,0.27,607,0
9.77,Rice,Clay,0,0,0.63,472,0
5.74,Wheat,Loam,0,1,0.63,964,0
12.04,Sugarcane,Sandy,1,1,0.49,1385,0
11.19,Sugarcane,Clay,1,1,0.55,1497,1
6.8,Wheat,Loam,1,1,0.44,856,0
12.64,Maize,Loam,0,0,0.59,977,0
1.03,Cotton,Sandy,1,1,0.84,597,0
11.93,Cotton,Black,0,0,0.23,1295,0
7.22,Millets,Loam,0,1,0.62,1323,0
4.36,Rice,Black,0,0,0.49,765,0
7.49,Sugarcane,Clay,1,1,0.33,1305,0
10.76,Cotton,Clay,1,1,0.4,771,0
10.67,Maize,Sandy,0,1,0.36,1445,0
11.75,Wheat,Black,1,0,0.9,784,0
9.07,Millets,Sandy,1,1,0.64,1386,1
13.71,Wheat,Loam,0,0,0.46,1025,0
1.04,Millets,Loam,0,0,0.85,472,0
8.07,Wheat,Clay,0,0,0.84,344,0
9.83,Sugarcane,Sandy,0,0,0.66,969,0
13.75,Maize,Black,1,0,0.52,560,0
12.14,Wheat,Sandy,1,0,0.29,600,0
5.04,Wheat,Sandy,1,1,0.23,342,0
11.91,Cotton,Black,1,1,0.65,630,1
9.59,Cotton,Black,1,0,0.88,1178,0
14.59,Wheat,Clay,1,1,0.83,1094,1
14.71,Wheat,Black,1,0,0.56,1363,0
3.37,Wheat,Loam,1,0,0.91,984,0
12.79,Rice,Loam,0,1,0.44,751,0
5.79,Wheat,Clay,1,1,0.95,1481,1
4.42,Rice,Clay,0,0,0.47,1180,0
8.05,Rice,Clay,1,1,0.5,900,1
8.46,Cotton,Sandy,0,0,0.87,1045,0
2.0,Millets,Clay,0,1,0.65,964,0
4.39,Millets,Clay,1,0,0.67,1416,0
8.23,Wheat,Clay,1,0,0.92,979,0
12.13,Millets,Sandy,1,1,0.77,641,1
5.58,Wheat,Clay,0,0,0.85,1471,0
8.51,Cotton,Sandy,1,0,0.8,614,0
11.39,Maize,Black,1,0,0.75,1266,0
3.68,Sugarcane,Loam,0,0,0.61,303,0
6.86,Sugarcane,Black,1,1,0.29,1295,0
14.46,Sugarcane,Loam,1,1,0.23,1416,0
1.28,Maize,Loam,0,1,0.88,1196,0
7.35,Maize,Clay,0,0,0.86,551,0
11.19,Maize,Black,1,0,0.43,523,0
5.68,Cotton,Black,0,0,0.44,1084,0
0.75,Cotton,Loam,1,0,0.43,889,0
13.97,Rice,Sandy,1,0,0.28,1149,0
8.07,Wheat,Clay,0,1,0.36,1171,0
4.29,Wheat,Sandy,1,1,0.61,1224,1
1.54,Maize,Loam,0,1,0.79,1353,0
1.62,Cotton,Loam,0,1,0.25,657,0
4.08,Cotton,Clay,0,1,0.23,593,0
5.82,Cotton,Sandy,0,1,0.5,624,0
11.45,Rice,Clay,0,0,0.42,302,0
2.75,Wheat,Loam,0,1,0.38,1141,0
2.85,Sugarcane,Sandy,1,1,0.31,1158,0
7.83,Sugarcane,Loam,0,1,0.83,1205,0
6.22,Rice,Loam,1,0,0.8,397,0
4.58,Rice,Sandy,1,1,0.61,1025,1
13.49,Wheat,Sandy,1,0,0.23,1285,0
13.2,Rice,Clay,1,0,0.58,767,0
1.97,Wheat,Black,1,0,0.41,573,0
12.39,Maize,Black,0,0,0.75,743,0
10.41,Wheat,Clay,0,1,0.63,1387,0
7.67,Wheat,Clay,1,0,0.9,1314,0
10.49,Wheat,Black,0,0,0.68,480,0
0.88,Wheat,Loam,1,0,0.59,721,0
10.1,Cotton,Black,0,0,0.46,335,0
1.68,Millets,Loam,1,0,0.79,636,0
4.31,Wheat,Sandy,1,0,0.41,959,0
2.69,Sugarcane,Clay,1,1,0.55,1356,1
9.89,Maize,Black,0,1,0.78,1300,0
11.03,Sugarcane,Black,1,0,0.74,923,0
9.57,Millets,Black,1,1,0.56,664,1
10.78,Sugarcane,Sandy,0,0,0.4,895,0
3.51,Millets,Clay,0,1,0.53,1036,0
9.82,Rice,Loam,0,1,0.62,403,0
5.32,Sugarcane,Black,1,0,0.23,745,0
10.2,Sugarcane,Clay,0,1,0.79,416,0
10.22,Wheat,Black,1,0,0.45,929,0
6.33,Wheat,Black,1,1,0.85,354,1
12.81,Maize,Loam,0,1,0.88,921,0
1.34,Millets,Loam,0,0,0.42,601,0
1.88,Cotton,Loam,0,0,0.49,593,0
7.15,Cotton,Clay,0,1,0.3,699,0
9.43,Rice,Black,1,1,0.66,1099,1
9.99,Rice,Sandy,1,0,0.59,599,0
12.72,Sugarcane,Clay,0,1,0.75,1277,0
14.04,Maize,Clay,0,0,0.48,826,0
2.17,Maize,Sandy,0,1,0.24,1161,0
12.01,Sugarcane,Loam,1,1,0.6,1361,1
3.98,Rice,Clay,1,0,0.6,1277,0
1.38,Sugarcane,Black,0,0,0.31,1444,0
12.05,Wheat,Clay,0,0,0.42,407,0
1.18,Millets,Clay,1,1,0.89,695,0
5.44,Sugarcane,Black,1,0,0.81,1075,0
10.21,Maize,Black,0,1,0.77,904,0
5.34,Cotton,Loam,0,0,0.29,784,0
2.54,Cotton,Loam,1,1,0.47,316,0
10.56,Wheat,Black,1,0,0.56,1488,0
4.5,Millets,Black,1,0,0.8,385,0
3.8,Wheat,Loam,1,1,0.45,565,0
0.91,Cotton,Black,0,1,0.25,1044,0
0.82,Maize,Sandy,0,1,0.65,750,0
4.9,Millets,Sandy,0,0,0.28,897,0
9.84,Sugarcane,Loam,1,1,0.58,635,1
9.33,Cotton,Sandy,1,0,0.75,484,0
11.66,Sugarcane,Loam,0,1,0.44,998,0
0.55,Maize,Loam,0,1,0.93,611,0
8.59,Cotton,Loam,0,0,0.77,1041,0
14.13,Cotton,Sandy,1,0,0.91,500,0
5.38,Rice,Clay,0,1,0.57,357,0
14.89,Millets,Black,0,0,0.6,1318,0
7.68,Sugarcane,Sandy,0,1,0.58,1030,0
10.09,Wheat,Sandy,0,0,0.35,764,0
5.06,Millets,Loam,1,1,0.9,1465,1
4.84,Wheat,Clay,1,1,0.37,870,0
13.88,Cotton,Black,1,1,0.37,1408,0
12.54,Maize,Clay,0,1,0.3,351,0
14.68,Cotton,Clay,1,1,0.43,1421,0
2.9,Maize,Sandy,1,1,0.74,716,1
6.46,Wheat,Sandy,1,0,0.31,1026,0
7.36,Wheat,Sandy,0,0,0.75,420,0
14.63,Cotton,Clay,0,1,0.81,382,0
4.14,Cotton,Black,1,0,0.7,1310,0
8.62,Wheat,Black,0,0,0.6,943,0
3.02,Cotton,Sandy,0,1,0.4,783,0
4.35,Maize,Loam,1,0,0.49,469,0
8.97,Rice,Sandy,0,0,0.55,565,0
11.92,Sugarcane,Sandy,1,1,0.52,872,1
2.34,Rice,Black,1,1,0.59,1212,1
14.83,Rice,Black,1,0,0.24,353,0
14.18,Cotton,Black,1,0,0.77,916,0
1.16,Sugarcane,Clay,1,1,0.83,817,0
11.5,Millets,Black,1,1,0.37,797,0
2.71,Millets,Black,0,0,0.82,825,0
9.64,Cotton,Loam,0,1,0.37,1343,0
9.61,Rice,Loam,1,0,0.59,1256,0
12.16,Rice,Black,0,0,0.39,1392,0
2.96,Cotton,Loam,0,1,0.25,498,0
11.78,Maize,Loam,0,0,0.72,1218,0
7.49,Cotton,Black,0,1,0.23,1251,0
9.37,Rice,Loam,0,1,0.36,345,0
12.75,Wheat,Sandy,0,1,0.24,1347,0
5.54,Rice,Black,0,0,0.62,440,0
11.66,Rice,Sandy,1,0,0.88,446,0
8.34,Millets,Black,1,0,0.73,625,0
1.38,Maize,Sandy,0,0,0.28,1140,0
4.1,Rice,Sandy,0,1,0.73,1221,0
13.1,Sugarcane,Black,1,1,0.57,1208,1
13.85,Wheat,Sandy,1,1,0.73,443,1
10.42,Rice,Clay,0,0,0.91,1062,0
8.51,Cotton,Clay,1,1,0.71,1285,1
1.73,Sugarcane,Black,0,0,0.37,850,0
7.74,Maize,Loam,1,1,0.68,1066,1
1.91,Rice,Black,1,1,0.21,1336,0
5.34,Maize,Clay,1,1,0.29,1416,0
1.1,Rice,Clay,1,1,0.85,1287,0
13.63,Maize,Clay,1,1,0.77,1440,1
1.88,Millets,Sandy,1,1,0.23,801,0
1.12,Wheat,Black,1,0,0.9,1108,0
6.0,Rice,Loam,1,1,0.69,1104,1
3.95,Maize,Clay,1,0,0.33,815,0
3.41,Rice,Loam,1,0,0.53,512,0
12.26,Rice,Sandy,0,0,0.25,523,0
14.89,Maize,Clay,1,0,0.27,594,0
5.25,Millets,Black,0,0,0.34,1160,0
10.13,Maize,Loam,1,0,0.47,768,0
1.88,Wheat,Clay,0,0,0.56,972,0
13.91,Maize,Loam,1,0,0.57,928,0
2.41,Wheat,Clay,1,1,0.83,1089,1
2.64,Millets,Black,0,1,0.89,1473,0
5.07,Maize,Loam,1,1,0.54,614,1
1.8,Rice,Clay,0,1,0.54,1360,0
10.52,Millets,Clay,0,0,0.77,376,0
7.99,Millets,Sandy,1,1,0.21,884,0
0.91,Millets,Sandy,0,0,0.88,799,0
13.14,Sugarcane,Sandy,0,0,0.66,1447,0
11.11,Millets,Clay,1,0,0.52,841,0
12.95,Millets,Loam,0,0,0.76,1132,0
3.48,Sugarcane,Sandy,1,1,0.91,529,1
7.47,Millets,Loam,0,0,0.59,1366,0
11.07,Sugarcane,Sandy,0,0,0.26,487,0
1.27,Rice,Loam,1,0,0.22,661,0
6.6,Wheat,Clay,0,1,0.59,719,0
5.69,Rice,Clay,0,1,0.57,443,0
6.19,Sugarcane,Clay,1,1,0.54,493,1
11.41,Millets,Sandy,1,0,0.53,894,0
13.08,Rice,Loam,0,1,0.59,810,0
8.54,Maize,Black,1,1,0.82,497,1
3.83,Millets,Sandy,1,0,0.85,1474,0
6.72,Maize,Loam,1,0,0.35,984,0
14.44,Sugarcane,Loam,0,1,0.69,611,0
14.17,Millets,Sandy,0,0,0.48,1261,0
7.33,Rice,Black,0,1,0.68,711,0
1.73,Sugarcane,Clay,0,1,0.56,1313,0
3.33,Maize,Loam,1,1,0.51,686,1
13.4,Sugarcane,Loam,0,1,0.88,953,0
2.7,Rice,Black,1,1,0.92,583,1
5.01,Cotton,Black,1,0,0.29,909,0
0.53,Maize,Black,0,1,0.89,1418,0
6.57,Rice,Black,1,1,0.51,1201,1
8.51,Wheat,Clay,0,0,0.76,555,0
6.37,Millets,Sandy,0,1,0.86,521,0
13.09,Wheat,Sandy,1,0,0.86,607,0
1.81,Cotton,Loam,1,0,0.79,986,0
12.03,Rice,Sandy,1,0,0.94,1201,0
4.77,Millets,Clay,1,0,0.63,535,0
11.75,Cotton,Clay,0,0,0.88,1381,0
10.74,Maize,Sandy,1,0,0.3,741,0
1.65,Cotton,Sandy,1,1,0.28,398,0
12.03,Sugarcane,Clay,1,0,0.31,658,0
14.31,Cotton,Sandy,1,0,0.37,1285,0
8.15,Millets,Sandy,1,1,0.54,1147,1
12.91,Maize,Black,0,0,0.63,1338,0
4.07,Cotton,Sandy,0,0,0.61,1294,0
0.77,Maize,Black,1,1,0.47,884,0
14.19,Millets,Loam,0,1,0.67,1346,0
5.15,Millets,Sandy,0,1,0.68,1402,0
3.01,Millets,Black,1,0,0.69,729,0
4.02,Cotton,Loam,1,0,0.39,1035,0
2.46,Cotton,Clay,1,0,0.84,437,0
9.94,Maize,Sandy,0,0,0.25,1479,0
12.16,Rice,Black,1,0,0.22,429,0
7.6,Wheat,Clay,1,0,0.38,749,0
5.75,Rice,Black,1,1,0.83,562,1
6.72,Sugarcane,Clay,0,1,0.39,573,0
11.25,Wheat,Sandy,1,1,0.58,514,1
1.22,Sugarcane,Black,1,1,0.56,807,0
2.8,Cotton,Black,1,0,0.37,1046,0
1.14,Sugarcane,Clay,0,1,0.63,325,0
12.43,Rice,Black,0,0,0.36,1458,0
13.5,Millets,Clay,1,1,0.57,302,1
6.55,Millets,Clay,0,1,0.35,791,0
9.32,Cotton,Clay,0,1,0.31,1035,0
7.34,Cotton,Clay,1,1,0.69,1405,1
2.39,Rice,Loam,0,1,0.48,785,0
5.98,Cotton,Black,1,1,0.84,979,1
9.08,Sugarcane,Black,0,1,0.26,1198,0
9.89,Maize,Loam,0,1,0.3,516,0
12.19,Maize,Black,1,0,0.21,305,0
7.09,Wheat,Black,1,0,0.87,387,0
10.63,Cotton,Loam,0,1,0.37,607,0
9.23,Wheat,Black,1,0,0.36,871,0
5.15,Rice,Loam,1,1,0.56,1165,1
8.92,Cotton,Black,1,1,0.61,1246,1
11.9,Sugarcane,Black,1,0,0.22,1342,0
5.58,Maize,Black,1,0,0.51,881,0
2.42,Sugarcane,Loam,1,0,0.87,413,0
5.39,Millets,Sandy,0,0,0.81,583,0
4.51,Cotton,Sandy,1,1,0.77,1448,1
10.39,Maize,Black,0,0,0.45,970,0
2.49,Sugarcane,Black,0,0,0.67,734,0
11.23,Sugarcane,Sandy,0,1,0.72,390,0
3.42,Wheat,Clay,0,0,0.41,1344,0
2.67,Wheat,Clay,0,1,0.36,1397,0
7.67,Wheat,Clay,1,1,0.72,577,1
11.59,Millets,Black,1,0,0.85,452,0
12.23,Sugarcane,Sandy,0,0,0.83,1466,0
6.59,Cotton,Sandy,1,0,0.47,1106,0
11.07,Cotton,Black,0,0,0.72,1235,0
13.26,Wheat,Clay,1,0,0.87,1199,0
4.72,Maize,Black,0,1,0.94,414,0
2.77,Millets,Loam,0,0,0.29,1305,0
8.36,Millets,Clay,1,0,0.88,1159,0
8.54,Wheat,Sandy,0,0,0.71,1441,0
14.36,Cotton,Sandy,0,1,0.91,681,0
6.31,Wheat,Sandy,1,1,0.23,582,0
1.57,Maize,Black,1,1,0.64,1016,0
14.27,Wheat,Clay,1,0,0.23,1047,0
9.81,Cotton,Clay,1,0,0.89,419,0
8.82,Cotton,Sandy,1,1,0.27,1178,0
2.44,Sugarcane,Clay,1,1,0.64,1131,1
10.14,Cotton,Clay,0,0,0.45,520,0
6.27,Cotton,Sandy,1,1,0.61,571,1
2.3,Wheat,Loam,0,1,0.76,530,0
4.83,Cotton,Sandy,1,1,0.22,374,0
12.91,Rice,Sandy,1,1,0.44,1005,0
1.91,Millets,Sandy,0,1,0.68,561,0
10.48,Sugarcane,Clay,0,0,0.22,606,0
4.1,Millets,Clay,0,0,0.78,565,0
14.57,Cotton,Loam,1,0,0.95,1469,0
11.9,Cotton,Clay,1,0,0.48,1052,0
1.2,Millets,Black,0,1,0.39,1468,0
13.42,Cotton,Clay,1,1,0.44,1436,0
12.9,Cotton,Clay,0,1,0.72,1003,0
13.58,Maize,Clay,1,0,0.84,1091,0
1.18,Rice,Black,1,1,0.56,626,0
5.3,Wheat,Black,0,0,0.49,563,0
10.6,Maize,Loam,0,0,0.9,865,0
14.18,Sugarcane,Sandy,0,1,0.93,421,0
11.76,Rice,Loam,1,0,0.22,1272,0
1.57,Rice,Sandy,0,0,0.8,905,0
4.52,Millets,Sandy,0,0,0.85,1451,0
1.72,Sugarcane,Loam,1,0,0.21,1330,0
12.9,Wheat,Clay,0,0,0.9,966,0
10.8,Wheat,Sandy,1,0,0.47,723,0
9.74,Maize,Sandy,0,0,0.21,997,0
3.75,Sugarcane,Clay,1,1,0.48,600,0
9.94,Maize,Loam,0,1,0.42,925,0
3.0,Cotton,Clay,0,0,0.8,1046,0
10.45,Maize,Clay,1,0,0.55,328,0
13.12,Cotton,Loam,1,0,0.69,873,0
13.07,Maize,Loam,0,1,0.92,357,0
3.11,Millets,Clay,1,1,0.57,444,1
2.58,Millets,Black,1,1,0.7,1218,1
14.2,Wheat,Sandy,1,1,0.77,1181,1
12.49,Wheat,Black,1,0,0.37,1280,0
12.17,Maize,Clay,1,0,0.69,722,0
7.27,Maize,Black,1,1,0.25,691,0
7.74,Millets,Sandy,0,1,0.44,1429,0
4.77,Maize,Black,0,0,0.28,1365,0
14.19,Cotton,Black,0,1,0.56,1341,0
7.4,Cotton,Sandy,1,1,0.22,1239,0
1.04,Millets,Clay,0,1,0.22,1064,0
1.51,Sugarcane,Black,1,0,0.79,1099,0
7.68,Millets,Loam,1,0,0.75,1402,0
11.83,Millets,Clay,0,1,0.91,364,0
4.16,Sugarcane,Clay,1,1,0.22,1029,0
12.21,Sugarcane,Sandy,0,1,0.46,831,0
7.39,Millets,Clay,1,0,0.85,685,0
7.13,Sugarcane,Clay,1,0,0.37,828,0
11.12,Rice,Loam,1,1,0.37,397,0
7.87,Sugarcane,Black,1,0,0.31,1246,0
10.29,Rice,Black,1,1,0.43,671,0
1.91,Millets,Black,0,0,0.5,936,0
11.82,Maize,Loam,1,0,0.84,1197,0
11.05,Millets,Sandy,1,0,0.36,1226,0
9.35,Cotton,Clay,0,0,0.47,1488,0
9.88,Millets,Loam,1,1,0.68,1027,1
13.32,Sugarcane,Sandy,1,1,0.92,621,1
3.14,Maize,Loam,0,1,0.63,825,0
7.32,Rice,Clay,1,1,0.27,357,0
4.25,Cotton,Loam,1,1,0.64,970,1
8.65,Wheat,Black,1,0,0.87,1421,0
11.86,Rice,Sandy,1,0,0.62,892,0
1.67,Cotton,Sandy,0,1,0.75,930,0
5.34,Wheat,Clay,1,0,0.81,426,0
12.9,Millets,Loam,0,1,0.69,1493,0
2.99,Sugarcane,Loam,0,1,0.39,1258,0
4.45,Maize,Loam,0,1,0.59,1241,0
11.62,Maize,Loam,1,1,0.72,1197,1
11.68,Maize,Clay,0,0,0.49,911,0
2.73,Cotton,Clay,0,0,0.44,1409,0
6.23,Rice,Sandy,0,0,0.27,637,0
7.97,Rice,Loam,1,1,0.25,1074,0
10.72,Millets,Black,1,1,0.37,806,0
12.32,Sugarcane,Clay,0,0,0.45,1331,0
14.82,Wheat,Sandy,1,1,0.43,545,0
7.44,Sugarcane,Clay,0,1,0.23,423,0
10.07,Maize,Black,1,1,0.74,1087,1
9.4,Cotton,Black,1,1,0.33,1362,0
12.36,Millets,Loam,1,0,0.5,769,0
1.84,Wheat,Black,1,0,0.52,397,0
0.61,Rice,Sandy,0,0,0.37,951,0
6.0,Cotton,Clay,0,0,0.62,937,0
6.69,Maize,Black,0,1,0.71,1021,0
7.74,Millets,Sandy,0,1,0.45,1486,0
8.25,Sugarcane,Loam,0,1,0.61,681,0
9.97,Millets,Loam,1,0,0.85,669,0
8.27,Wheat,Black,0,1,0.41,1446,0
10.52,Maize,Black,0,0,0.56,1168,0
13.14,Millets,Loam,1,0,0.8,994,0
14.9,Cotton,Loam,1,0,0.9,1046,0
11.03,Wheat,Loam,1,0,0.3,653,0
5.87,Sugarcane,Loam,0,1,0.77,994,0
0.78,Rice,Clay,0,1,0.5,426,0
3.25,Rice,Clay,1,1,0.63,1452,1
2.61,Cotton,Sandy,1,0,0.67,315,0
8.91,Sugarcane,Loam,0,1,0.36,1418,0
13.07,Maize,Sandy,0,1,0.76,670,0
5.1,Wheat,Clay,0,0,0.87,937,0
6.32,Maize,Sandy,0,1,0.87,634,0
6.75,Maize,Clay,0,1,0.45,593,0
8.85,Millets,Sandy,1,1,0.85,1247,1
1.66,Wheat,Loam,0,0,0.33,1055,0
6.45,Wheat,Loam,1,1,0.5,1403,1
4.04,Millets,Black,0,0,0.6,1486,0
6.39,Millets,Clay,0,1,0.32,1346,0
9.73,Millets,Clay,0,1,0.74,1285,0
0.74,Millets,Clay,0,1,0.42,455,0
8.63,Sugarcane,Clay,1,0,0.42,329,0
2.97,Sugarcane,Black,0,0,0.76,470,0
0.62,Wheat,Black,1,0,0.51,1182,0
8.99,Wheat,Sandy,1,1,0.83,1307,1
6.39,Wheat,Black,1,1,0.66,419,1
11.17,Sugarcane,Loam,0,1,0.8,712,0
6.12,Cotton,Clay,0,0,0.48,326,0
9.5,Wheat,Clay,0,1,0.84,530,0
4.57,Cotton,Clay,1,1,0.84,1455,1
13.95,Cotton,Clay,1,1,0.32,1220,0
13.86,Maize,Black,1,0,0.95,1034,0
3.48,Maize,Loam,0,0,0.47,1134,0
10.23,Cotton,Clay,0,1,0.46,1246,0
4.8,Rice,Black,1,0,0.58,346,0
0.57,Maize,Sandy,1,0,0.47,453,0
9.21,Maize,Clay,1,0,0.33,631,0
8.05,Millets,Clay,0,0,0.56,1315,0
8.5,Sugarcane,Loam,0,1,0.31,1147,0
3.87,Rice,Clay,1,1,0.73,1075,1
14.95,Sugarcane,Clay,0,0,0.34,1305,0
9.59,Wheat,Sandy,0,0,0.37,547,0
3.34,Maize,Clay,0,0,0.61,1396,0
5.58,Cotton,Clay,0,1,0.81,786,0
7.51,Cotton,Sandy,1,1,0.61,408,1
13.66,Maize,Loam,0,0,0.34,568,0
4.87,Sugarcane,Black,0,0,0.46,1143,0
13.76,Millets,Clay,0,1,0.3,662,0
4.02,Rice,Black,0,1,0.89,808,0
14.47,Cotton,Clay,1,0,0.28,724,0
6.57,Maize,Sandy,0,1,0.52,379,0
12.83,Rice,Black,1,1,0.47,897,0
2.25,Maize,Loam,0,0,0.55,824,0
5.35,Rice,Loam,1,1,0.22,842,0
5.15,Maize,Sandy,1,0,0.85,603,0
4.1,Cotton,Sandy,1,0,0.44,980,0
13.92,Rice,Clay,1,1,0.78,1462,1
10.37,Sugarcane,Sandy,0,1,0.55,1486,0
11.15,Rice,Loam,0,1,0.72,1386,0
10.38,Wheat,Black,1,0,0.53,917,0
10.22,Sugarcane,Black,0,0,0.55,322,0
4.32,Cotton,Sandy,1,1,0.44,800,0
7.44,Maize,Loam,1,0,0.4,1075,0
1.13,Cotton,Black,0,1,0.86,1439,0
11.34,Cotton,Clay,0,0,0.55,551,0
2.17,Maize,Clay,0,0,0.92,1059,0
13.02,Cotton,Black,1,0,0.52,852,0
8.27,Cotton,Sandy,0,1,0.35,912,0
0.63,Wheat,Sandy,0,1,0.81,987,0
6.18,Cotton,Sandy,0,0,0.36,357,0
10.86,Sugarcane,Clay,1,0,0.47,679,0
4.68,Sugarcane,Clay,0,1,0.24,324,0
8.01,Millets,Black,1,0,0.88,832,0
1.17,Cotton,Clay,0,1,0.45,1083,0
11.59,Wheat,Black,1,0,0.64,1074,0
10.96,Wheat,Clay,1,0,0.7,434,0
1.93,Sugarcane,Clay,0,0,0.31,1001,0
13.35,Millets,Sandy,0,1,0.74,920,0
10.13,Sugarcane,Clay,0,1,0.56,964,0
8.46,Wheat,Loam,1,0,0.84,1381,0
9.29,Sugarcane,Clay,0,1,0.28,868,0
7.57,Sugarcane,Black,1,1,0.85,1309,1
8.41,Cotton,Black,1,0,0.4,448,0
10.76,Maize,Loam,1,0,0.53,994,0
10.22,Cotton,Loam,0,1,0.55,1253,0
3.2,Maize,Clay,1,1,0.85,403,1
9.16,Cotton,Clay,0,0,0.76,1457,0
7.85,Cotton,Black,0,1,0.41,1431,0
13.34,Sugarcane,Clay,1,1,0.21,480,0
6.08,Cotton,Black,1,0,0.66,599,0
6.0,Millets,Sandy,1,0,0.42,767,0
9.9,Maize,Clay,0,1,0.76,579,0
13.66,Maize,Loam,1,1,0.66,943,1
8.08,Sugarcane,Clay,0,0,0.25,1427,0
3.81,Cotton,Sandy,0,0,0.94,1334,0
7.99,Sugarcane,Loam,1,0,0.66,1407,0
2.04,Sugarcane,Clay,1,0,0.9,500,0
14.46,Wheat,Clay,0,0,0.62,1247,0
13.96,Cotton,Loam,1,0,0.87,707,0
4.11,Sugarcane,Loam,1,0,0.48,1231,0
10.34,Maize,Sandy,1,1,0.51,1002,1
5.44,Millets,Clay,0,1,0.95,645,0
14.47,Millets,Sandy,1,0,0.79,1030,0
6.52,Rice,Black,1,1,0.89,820,1
2.37,Sugarcane,Black,1,1,0.6,1031,1
12.77,Millets,Loam,1,1,0.63,947,1
6.3,Maize,Sandy,0,1,0.79,1472,0
5.46,Maize,Sandy,0,1,0.89,1403,0
8.3,Rice,Clay,1,0,0.62,1140,0
7.52,Millets,Sandy,1,0,0.57,1274,0
5.0,Rice,Sandy,0,1,0.91,1118,0
4.13,Cotton,Black,0,1,0.79,1355,0
4.96,Cotton,Clay,0,1,0.89,834,0
14.35,Maize,Black,1,1,0.34,504,0
8.58,Millets,Sandy,0,0,0.41,1446,0
1.71,Wheat,Loam,0,0,0.31,810,0
2.91,Maize,Sandy,1,0,0.67,1425,0
6.32,Millets,Black,0,0,0.36,835,0
11.11,Sugarcane,Sandy,0,1,0.41,1109,0
5.81,Millets,Loam,1,1,0.49,353,0
6.33,Maize,Sandy,1,1,0.31,376,0
7.75,Rice,Clay,0,0,0.26,339,0
10.1,Millets,Clay,0,0,0.51,961,0
11.71,Maize,Clay,0,1,0.4,1455,0
8.56,Cotton,Black,0,0,0.7,654,0
1.6,Cotton,Sandy,1,1,0.3,396,0
5.34,Wheat,Loam,1,0,0.6,707,0
6.63,Maize,Loam,0,1,0.66,1448,0
7.37,Cotton,Clay,1,1,0.53,971,1
10.2,Maize,Clay,0,1,0.41,899,0
5.53,Rice,Black,0,0,0.34,664,0
3.67,Millets,Sandy,1,0,0.32,1410,0
14.86,Cotton,Loam,1,1,0.31,1253,0
10.38,Maize,Clay,1,1,0.54,1379,1
12.94,Sugarcane,Loam,0,1,0.59,1414,0
4.17,Millets,Clay,1,1,0.77,597,1
9.95,Sugarcane,Sandy,0,0,0.34,1480,0
0.58,Millets,Black,0,0,0.35,1002,0
12.83,Millets,Sandy,0,0,0.81,1268,0
2.56,Millets,Black,1,0,0.84,674,0
9.42,Rice,Loam,1,0,0.62,654,0
1.39,Maize,Clay,1,1,0.69,342,0
2.51,Millets,Loam,0,0,0.34,1327,0
4.43,Maize,Sandy,0,1,0.31,417,0
8.41,Millets,Loam,1,0,0.2,485,0
14.3,Rice,Sandy,1,1,0.52,368,1
12.21,Maize,Clay,1,1,0.92,405,1
10.93,Rice,Sandy,1,1,0.36,1214,0
6.72,Cotton,Sandy,1,1,0.59,1221,1
13.63,Millets,Sandy,0,1,0.91,1253,0
4.65,Sugarcane,Loam,0,0,0.75,322,0
8.29,Sugarcane,Sandy,0,0,0.45,856,0
3.95,Millets,Black,1,1,0.94,563,1
5.75,Rice,Loam,1,1,0.5,1341,1
6.16,Cotton,Sandy,1,1,0.6,1263,1
14.08,Rice,Sandy,1,0,0.74,1111,0
8.97,Maize,Sandy,0,0,0.46,1207,0
11.5,Cotton,Loam,1,0,0.92,1139,0
14.3,Maize,Clay,0,1,0.67,527,0
3.06,Wheat,Sandy,1,0,0.77,1201,0
10.12,Cotton,Black,0,1,0.55,383,0
10.1,Cotton,Loam,1,0,0.31,337,0
4.22,Millets,Loam,1,0,0.52,1053,0
1.23,Millets,Sandy,0,1,0.77,455,0
13.25,Cotton,Sandy,1,0,0.52,413,0
4.0,Sugarcane,Black,1,1,0.35,317,0
5.27,Cotton,Clay,1,1,0.54,827,1
5.48,Millets,Sandy,0,1,0.21,704,0
11.69,Rice,Loam,0,0,0.59,1480,0
1.59,Sugarcane,Loam,0,1,0.25,1423,0
14.3,Sugarcane,Loam,1,0,0.56,807,0
6.1,Sugarcane,Clay,0,0,0.75,388,0
6.16,Wheat,Sandy,0,0,0.4,1342,0
11.34,Rice,Sandy,1,1,0.42,574,0
14.76,Cotton,Clay,0,0,0.87,411,0
1.38,Sugarcane,Loam,0,1,0.61,1245,0
10.68,Millets,Sandy,0,0,0.92,1333,0
14.6,Cotton,Black,0,0,0.43,1093,0
8.55,Wheat,Sandy,0,0,0.5,1299,0
14.36,Rice,Clay,1,0,0.86,1385,0
9.68,Maize,Clay,0,0,0.82,638,0
5.45,Cotton,Black,0,0,0.76,763,0
12.49,Millets,Black,0,1,0.34,1226,0
13.11,Wheat,Loam,1,0,0.34,374,0
11.12,Millets,Loam,1,1,0.88,1158,1
4.64,Millets,Clay,1,1,0.82,386,1
0.89,Sugarcane,Sandy,1,1,0.62,1459,0
1.93,Millets,Sandy,0,1,0.29,1439,0
10.0,Cotton,Loam,1,0,0.78,502,0
2.25,Rice,Black,1,0,0.22,772,0
5.53,Wheat,Black,0,1,0.81,1164,0
10.75,Maize,Sandy,0,0,0.7,615,0
6.94,Rice,Black,1,0,0.93,755,0
8.95,Wheat,Loam,1,0,0.38,522,0
3.49,Cotton,Loam,1,0,0.95,1259,0
3.3,Cotton,Clay,1,0,0.39,745,0
13.61,Millets,Clay,0,1,0.6,319,0
6.13,Millets,Black,0,1,0.86,1213,0
6.79,Wheat,Loam,0,1,0.86,774,0
4.02,Rice,Clay,0,1,0.77,322,0
5.0,Millets,Loam,1,1,0.61,1282,1
11.18,Rice,Sandy,1,0,0.91,877,0
8.57,Wheat,Loam,1,0,0.72,1321,0
9.69,Sugarcane,Clay,0,1,0.84,871,0
12.92,Cotton,Loam,1,0,0.82,624,0
14.36,Millets,Sandy,1,1,0.79,1315,1
5.93,Wheat,Loam,0,1,0.62,870,0
11.31,Cotton,Black,1,0,0.7,1305,0
7.26,Rice,Clay,1,1,0.79,1400,1
9.78,Rice,Clay,0,0,0.84,321,0
9.39,Sugarcane,Clay,1,1,0.65,993,1
13.45,Millets,Loam,1,0,0.22,573,0
11.93,Wheat,Loam,1,0,0.21,406,0
9.65,Wheat,Loam,0,0,0.47,1093,0
13.77,Millets,Sandy,0,1,0.34,311,0
12.34,Rice,Loam,1,1,0.85,850,1
13.93,Wheat,Sandy,1,1,0.85,703,1
0.58,Maize,Sandy,0,0,0.94,483,0
14.52,Millets,Clay,1,0,0.92,840,0
1.92,Maize,Clay,1,1,0.8,819,0
5.08,Rice,Black,0,0,0.55,637,0
4.96,Sugarcane,Black,0,0,0.45,1191,0
10.46,Cotton,Black,1,0,0.21,546,0
8.03,Rice,Black,1,1,0.89,921,1
10.66,Sugarcane,Black,0,0,0.75,927,0
12.85,Rice,Loam,0,1,0.75,305,0
6.04,Wheat,Loam,1,0,0.27,618,0
6.29,Maize,Clay,1,0,0.79,1380,0
8.28,Sugarcane,Black,0,0,0.59,334,0
3.07,Cotton,Black,1,0,0.36,1189,0
4.23,Sugarcane,Loam,1,0,0.56,798,0
9.47,Rice,Black,0,0,0.85,307,0
9.88,Wheat,Sandy,0,0,0.8,450,0
13.91,Rice,Sandy,1,0,0.57,780,0
5.52,Cotton,Loam,0,0,0.74,534,0
10.58,Rice,Clay,0,1,0.65,496,0
1.48,Maize,Sandy,1,1,0.6,499,0
12.9,Cotton,Clay,1,1,0.36,1266,0
2.02,Cotton,Loam,1,1,0.87,1316,1
2.17,Millets,Black,0,0,0.2,1379,0
11.71,Rice,Clay,1,1,0.38,908,0
1.31,Maize,Loam,0,0,0.49,976,0
10.4,Cotton,Loam,0,1,0.65,1143,0
7.07,Sugarcane,Black,1,0,0.62,1287,0
7.83,Rice,Sandy,1,1,0.54,1315,1
11.32,Rice,Sandy,0,1,0.25,1482,0
8.9,Wheat,Black,0,1,0.78,543,0
7.54,Sugarcane,Black,0,1,0.36,1439,0
14.64,Millets,Clay,1,0,0.8,1375,0
6.83,Wheat,Loam,1,1,0.82,884,1
9.74,Millets,Loam,0,0,0.52,501,0
11.15,Cotton,Clay,0,1,0.33,825,0
1.05,Rice,Black,0,1,0.86,1369,0
9.2,Cotton,Clay,1,0,0.9,1312,0
11.9,Maize,Black,1,0,0.28,1398,0
2.36,Wheat,Sandy,0,0,0.65,1040,0
14.81,Maize,Sandy,1,1,0.88,1234,1
6.77,Millets,Sandy,1,1,0.44,1094,0
5.79,Maize,Loam,0,0,0.59,542,0
8.52,Maize,Clay,1,1,0.55,455,1
8.35,Millets,Loam,1,1,0.75,1439,1
10.65,Wheat,Clay,1,0,0.71,448,0
6.77,Wheat,Clay,1,1,0.23,1012,0
5.27,Maize,Clay,1,0,0.79,997,0
6.63,Wheat,Clay,0,0,0.29,1468,0
8.97,Rice,Clay,1,1,0.95,1404,1
10.84,Maize,Loam,1,0,0.28,334,0
11.27,Millets,Clay,1,0,0.88,809,0
0.87,Rice,Sandy,1,0,0.53,519,0
14.16,Rice,Black,1,1,0.57,1323,1
3.74,Wheat,Sandy,0,0,0.29,1016,0
12.04,Wheat,Black,0,1,0.84,767,0
4.46,Rice,Loam,0,0,0.83,414,0
8.08,Rice,Clay,0,0,0.44,1367,0
10.35,Rice,Loam,0,0,0.27,650,0
0.9,Maize,Loam,0,0,0.74,1233,0
2.03,Sugarcane,Loam,1,0,0.26,1002,0
14.51,Maize,Clay,1,1,0.7,1262,1
8.63,Rice,Clay,1,0,0.89,1006,0
6.1,Maize,Sandy,1,1,0.27,1372,0
13.64,Wheat,Sandy,0,0,0.62,339,0
10.0,Sugarcane,Loam,1,1,0.46,1177,0
10.25,Cotton,Black,0,0,0.2,677,0
13.18,Sugarcane,Sandy,1,1,0.46,1428,0
14.81,Sugarcane,Loam,0,0,0.34,806,0
13.67,Wheat,Clay,0,0,0.22,478,0
11.78,Rice,Clay,0,0,0.22,966,0
10.45,Rice,Loam,1,1,0.86,330,1
11.73,Rice,Black,0,0,0.36,1345,0
5.61,Sugarcane,Sandy,1,1,0.3,396,0
7.44,Sugarcane,Black,1,0,0.72,1499,0
2.94,Maize,Black,0,1,0.34,1409,0
13.79,Rice,Black,1,0,0.57,753,0
6.58,Wheat,Clay,0,1,0.25,1399,0
3.48,Millets,Loam,1,0,0.79,746,0
7.51,Rice,Clay,1,0,0.42,817,0
6.16,Maize,Sandy,1,1,0.91,1193,1
1.58,Millets,Sandy,0,0,0.75,598,0
14.88,Maize,Clay,1,1,0.23,1471,0
8.5,Wheat,Loam,1,0,0.46,1077,0
11.68,Sugarcane,Sandy,0,0,0.87,879,0
9.05,Cotton,Clay,0,0,0.33,1119,0
4.47,Maize,Loam,1,1,0.95,1478,1
1.0,Cotton,Black,1,0,0.74,500,0
13.75,Millets,Loam,1,0,0.85,1400,0
12.05,Millets,Clay,0,0,0.57,658,0
8.0,Wheat,Sandy,1,1,0.52,818,1
14.45,Maize,Black,1,0,0.67,673,0
8.97,Cotton,Black,0,0,0.6,1404,0
14.77,Millets,Black,1,0,0.73,1163,0
10.63,Millets,Sandy,0,1,0.61,1375,0
7.92,Sugarcane,Sandy,1,1,0.83,1252,1
7.35,Maize,Loam,1,0,0.82,954,0
5.98,Rice,Clay,1,0,0.65,847,0
7.56,Maize,Loam,0,1,0.69,664,0
5.02,Rice,Clay,0,1,0.91,767,0
9.16,Cotton,Clay,1,1,0.72,536,1
13.2,Millets,Loam,1,1,0.92,1242,1
6.57,Sugarcane,Black,1,1,0.3,1035,0
14.99,Millets,Black,1,1,0.46,1070,0
10.0,Rice,Sandy,0,1,0.79,793,0
4.35,Wheat,Black,0,1,0.78,468,0
8.01,Maize,Black,1,1,0.9,1492,1
8.93,Millets,Black,0,0,0.87,954,0
2.72,Rice,Loam,0,1,0.82,995,0
5.2,Millets,Clay,1,1,0.91,517,1
14.17,Sugarcane,Sandy,0,0,0.73,1468,0
10.49,Rice,Sandy,1,1,0.22,630,0
14.07,Maize,Sandy,1,1,0.52,647,1
13.1,Maize,Black,1,0,0.32,700,0
10.17,Maize,Loam,0,0,0.85,967,0
10.5,Rice,Loam,1,0,0.67,1025,0
5.17,Millets,Clay,0,1,0.31,857,0
0.87,Millets,Black,1,0,0.52,1076,0
4.15,Maize,Clay,1,0,0.61,1047,0
8.67,Sugarcane,Sandy,1,0,0.43,992,0
13.14,Wheat,Loam,0,0,0.45,456,0
9.51,Sugarcane,Clay,1,0,0.46,975,0
13.96,Wheat,Black,0,0,0.41,679,0
0.64,Millets,Black,1,0,0.4,851,0
13.94,Sugarcane,Loam,0,0,0.94,349,0
10.61,Wheat,Clay,1,0,0.4,1287,0
6.65,Wheat,Loam,1,1,0.58,1324,1
1.77,Rice,Loam,0,0,0.75,1325,0
9.63,Maize,Clay,1,1,0.45,1170,0
14.4,Sugarcane,Black,1,1,0.81,889,1
12.14,Maize,Clay,0,1,0.49,854,0
5.43,Cotton,Black,0,0,0.27,757,0
7.83,Sugarcane,Sandy,1,1,0.75,390,1
9.19,Wheat,Black,1,1,0.84,813,1
12.59,Cotton,Sandy,0,1,0.26,1365,0
7.36,Rice,Sandy,0,0,0.47,909,0
2.3,Wheat,Clay,1,0,0.69,338,0
5.81,Sugarcane,Sandy,1,0,0.37,595,0
9.82,Maize,Loam,0,0,0.5,504,0
2.46,Wheat,Sandy,1,1,0.41,639,0
5.22,Maize,Clay,1,0,0.35,456,0
13.64,Wheat,Clay,0,0,0.94,358,0
9.27,Cotton,Black,0,1,0.35,565,0
12.44,Millets,Clay,0,1,0.31,1393,0
2.31,Wheat,Black,1,1,0.45,1427,0
7.41,Millets,Black,1,1,0.93,1319,1
1.3,Maize,Sandy,0,1,0.76,635,0
7.63,Rice,Loam,1,0,0.84,314,0
7.42,Sugarcane,Loam,1,1,0.59,1454,1
8.65,Wheat,Loam,1,0,0.64,716,0
1.48,Cotton,Loam,0,1,0.26,695,0
8.24,Rice,Loam,1,0,0.89,480,0
14.8,Wheat,Black,1,1,0.49,1261,0
14.4,Cotton,Loam,0,0,0.37,947,0
10.0,Cotton,Loam,0,1,0.51,864,0
8.48,Maize,Sandy,1,0,0.88,1493,0
11.88,Maize,Loam,1,0,0.9,353,0
12.02,Rice,Clay,1,1,0.35,1311,0
9.04,Cotton,Clay,0,1,0.44,788,0
1.17,Rice,Clay,0,0,0.59,1479,0
2.06,Cotton,Black,1,1,0.25,954,0
1.17,Millets,Clay,0,1,0.83,528,0
13.4,Rice,Loam,0,0,0.48,643,0
2.4,Wheat,Sandy,0,1,0.52,437,0
12.37,Maize,Clay,1,1,0.87,1266,1
7.34,Sugarcane,Black,1,1,0.62,1105,1
14.6,Sugarcane,Loam,0,1,0.8,1498,0
8.16,Sugarcane,Loam,0,1,0.65,843,0
2.01,Maize,Clay,1,0,0.24,444,0
2.87,Rice,Loam,1,0,0.75,1170,0
1.78,Cotton,Black,0,0,0.7,1214,0
1.79,Wheat,Loam,0,1,0.59,1415,0
4.36,Wheat,Loam,0,0,0.26,1351,0
5.43,Maize,Clay,1,1,0.82,335,1
7.8,Rice,Loam,0,0,0.69,518,0
11.62,Millets,Black,1,0,0.83,652,0
8.89,Cotton,Loam,0,0,0.51,428,0
3.97,Millets,Loam,1,1,0.28,1071,0
4.69,Sugarcane,Loam,0,1,0.52,924,0
14.93,Rice,Sandy,1,1,0.49,1260,0
11.78,Millets,Sandy,0,0,0.45,556,0
11.82,Sugarcane,Loam,0,0,0.91,333,0
5.47,Sugarcane,Clay,1,0,0.81,769,0
12.16,Sugarcane,Loam,1,1,0.36,860,0
5.96,Maize,Black,1,0,0.36,701,0
12.57,Rice,Black,1,1,0.74,1070,1
5.47,Wheat,Black,1,0,0.56,1154,0
13.06,Rice,Sandy,0,0,0.62,811,0
6.31,Millets,Sandy,1,1,0.42,962,0
12.0,Rice,Loam,0,0,0.75,1379,0
10.53,Sugarcane,Sandy,0,0,0.62,1408,0
6.89,Wheat,Sandy,1,1,0.56,989,1
8.95,Maize,Clay,1,0,0.28,433,0
8.1,Sugarcane,Sandy,1,1,0.41,761,0
5.92,Cotton,Clay,1,0,0.23,1339,0
0.91,Wheat,Clay,0,1,0.23,1418,0
5.09,Sugarcane,Loam,0,1,0.51,625,0
3.43,Sugarcane,Sandy,1,0,0.76,1020,0
14.92,Wheat,Clay,0,1,0.54,605,0
10.93,Rice,Sandy,0,1,0.26,505,0
3.64,Cotton,Loam,1,0,0.6,1004,0
13.09,Maize,Loam,0,0,0.24,494,0
12.77,Sugarcane,Clay,1,0,0.67,617,0
0.98,Sugarcane,Black,0,1,0.39,1447,0
5.71,Cotton,Loam,0,1,0.35,397,0
1.81,Maize,Sandy,1,1,0.85,1489,0
12.02,Rice,Sandy,1,1,0.62,485,1
4.35,Sugarcane,Loam,1,1,0.56,1241,1
3.37,Millets,Clay,0,0,0.4,306,0
9.29,Wheat,Clay,0,1,0.33,1197,0
1.52,Millets,Sandy,0,0,0.32,1429,0
12.02,Sugarcane,Sandy,0,1,0.74,1395,0
12.32,Cotton,Sandy,1,0,0.45,1484,0
8.06,Maize,Sandy,0,0,0.48,1090,0
1.22,Cotton,Clay,1,1,0.81,362,0
7.19,Sugarcane,Black,1,1,0.69,762,1
9.31,Millets,Loam,0,0,0.37,641,0
9.64,Wheat,Loam,0,1,0.28,1017,0
3.37,Maize,Loam,1,0,0.33,1482,0
11.5,Wheat,Loam,0,1,0.3,770,0
10.5,Millets,Sandy,0,1,0.62,1120,0
8.08,Millets,Black,0,1,0.37,324,0
10.76,Wheat,Sandy,1,0,0.36,796,0
5.4,Wheat,Sandy,0,1,0.53,1267,0
2.85,Wheat,Sandy,1,0,0.23,463,0
10.93,Rice,Sandy,1,0,0.64,514,0
2.22,Sugarcane,Black,1,1,0.34,1366,0
12.71,Millets,Clay,1,1,0.62,1240,1
14.26,Wheat,Clay,1,0,0.51,457,0
11.13,Wheat,Black,0,0,0.23,1038,0
12.21,Millets,Black,1,1,0.49,1013,0
8.49,Wheat,Loam,0,1,0.58,610,0
13.69,Wheat,Sandy,0,0,0.24,1131,0
10.42,Cotton,Black,1,0,0.52,949,0
10.75,Sugarcane,Clay,0,0,0.43,915,0
8.84,Sugarcane,Clay,1,1,0.39,536,0
8.98,Wheat,Sandy,1,1,0.85,797,1
2.94,Rice,Black,0,0,0.43,538,0
14.34,Sugarcane,Black,0,0,0.39,705,0
10.16,Rice,Sandy,0,1,0.59,315,0
6.8,Wheat,Clay,1,0,0.68,1267,0
2.17,Maize,Loam,1,0,0.61,1348,0
12.58,Cotton,Sandy,1,0,0.63,1156,0
8.25,Cotton,Black,1,1,0.76,411,1
7.81,Rice,Black,1,1,0.53,574,1
4.02,Sugarcane,Black,0,0,0.29,498,0
10.67,Rice,Clay,0,0,0.76,878,0
13.96,Cotton,Loam,0,1,0.68,1280,0
7.91,Wheat,Black,0,0,0.22,1423,0
7.91,Millets,Black,1,1,0.22,1186,0
5.01,Sugarcane,Black,0,0,0.22,724,0
6.39,Sugarcane,Sandy,1,1,0.57,327,1
2.08,Maize,Black,0,0,0.72,1406,0
10.64,Cotton,Clay,1,0,0.83,1341,0
2.22,Wheat,Clay,1,0,0.31,1495,0
3.22,Wheat,Clay,1,0,0.9,553,0
4.18,Sugarcane,Sandy,1,0,0.36,1249,0
11.06,Rice,Clay,1,1,0.3,747,0
6.96,Cotton,Black,1,0,0.85,845,0
9.41,Maize,Loam,0,0,0.76,784,0
8.58,Millets,Clay,0,0,0.94,645,0
3.21,Maize,Black,0,1,0.71,1245,0
11.09,Sugarcane,Sandy,1,1,0.56,878,1
4.07,Cotton,Sandy,0,1,0.57,1158,0
6.77,Sugarcane,Black,0,1,0.78,1415,0
10.69,Cotton,Clay,0,1,0.88,939,0
10.95,Rice,Clay,1,1,0.86,513,1
4.03,Sugarcane,Clay,1,1,0.39,813,0
4.35,Cotton,Clay,0,0,0.22,680,0
2.06,Maize,Sandy,0,0,0.73,911,0
14.89,Maize,Black,1,1,0.77,1030,1
11.87,Maize,Black,0,0,0.74,1168,0
3.4,Sugarcane,Loam,1,1,0.39,870,0
6.81,Sugarcane,Sandy,1,0,0.53,1124,0
10.26,Wheat,Sandy,0,1,0.52,713,0
3.1,Cotton,Clay,1,1,0.5,485,1
5.6,Wheat,Black,1,1,0.65,1156,1
8.53,Sugarcane,Loam,1,0,0.4,1164,0
1.21,Wheat,Sandy,1,0,0.54,1089,0
14.15,Cotton,Loam,0,0,0.32,1140,0
13.15,Sugarcane,Sandy,1,0,0.7,1170,0
6.28,Rice,Black,1,0,0.92,513,0
6.86,Wheat,Clay,1,1,0.88,552,1
11.89,Cotton,Sandy,0,1,0.75,474,0
13.5,Millets,Loam,0,1,0.88,1114,0
1.32,Cotton,Loam,0,1,0.93,1246,0
3.62,Maize,Loam,0,0,0.25,457,0
4.03,Maize,Black,0,0,0.6,604,0
2.62,Maize,Clay,1,1,0.37,917,0
1.2,Millets,Clay,0,1,0.33,624,0
11.46,Maize,Black,0,0,0.26,559,0
14.68,Maize,Clay,1,0,0.3,1192,0
2.4,Sugarcane,Loam,0,1,0.81,669,0
10.5,Rice,Black,1,1,0.44,1375,0
6.61,Rice,Black,0,0,0.63,382,0
12.35,Wheat,Sandy,1,0,0.38,615,0
1.56,Millets,Loam,1,0,0.77,617,0
6.62,Rice,Clay,0,0,0.63,1447,0
5.2,Maize,Sandy,1,1,0.79,363,1
9.39,Sugarcane,Loam,0,1,0.51,1472,0
4.01,Sugarcane,Clay,0,1,0.39,1144,0
9.48,Rice,Black,1,0,0.86,536,0
10.19,Maize,Black,1,0,0.72,1402,0
9.67,Millets,Black,0,1,0.7,788,0
10.16,Millets,Clay,1,1,0.29,424,0
11.26,Cotton,Black,1,0,0.51,457,0
1.91,Sugarcane,Black,0,0,0.41,714,0
11.36,Wheat,Clay,1,0,0.52,708,0
9.95,Rice,Sandy,1,0,0.23,456,0
6.58,Rice,Clay,0,1,0.37,318,0
2.56,Maize,Clay,0,0,0.51,1367,0
6.43,Rice,Loam,0,1,0.25,844,0
10.01,Rice,Loam,0,0,0.68,979,0
11.43,Cotton,Clay,1,1,0.52,769,1
10.33,Sugarcane,Black,1,1,0.85,947,1
2.19,Cotton,Clay,1,0,0.87,1163,0
11.65,Wheat,Loam,1,1,0.78,1232,1
5.14,Cotton,Sandy,1,0,0.27,616,0
3.84,Cotton,Sandy,0,1,0.58,781,0
1.27,Maize,Clay,1,1,0.81,658,0
1.1,Rice,Black,0,0,0.54,552,0
3.33,Rice,Black,0,0,0.26,555,0
13.52,Sugarcane,Loam,0,0,0.23,331,0
10.43,Wheat,Loam,0,1,0.77,1210,0
1.69,Millets,Clay,0,1,0.26,1274,0
4.48,Maize,Clay,0,1,0.93,1398,0
10.95,Maize,Clay,0,1,0.56,521,0
1.12,Millets,Black,0,0,0.36,1235,0
7.28,Maize,Loam,0,1,0.41,1221,0
13.02,Maize,Sandy,1,0,0.73,1426,0
10.14,Cotton,Sandy,0,0,0.36,340,0
10.68,Millets,Clay,1,1,0.33,927,0
14.45,Wheat,Loam,0,0,0.25,1119,0
7.21,Rice,Sandy,1,0,0.49,766,0
13.01,Rice,Sandy,0,0,0.62,1315,0
0.8,Wheat,Black,1,0,0.41,710,0
1.37,Wheat,Black,1,1,0.54,399,0
13.26,Wheat,Loam,0,1,0.79,1091,0
5.63,Maize,Sandy,0,0,0.82,777,0
6.61,Millets,Loam,0,1,0.7,749,0
12.58,Millets,Sandy,0,1,0.42,912,0
10.64,Wheat,Loam,0,0,0.21,714,0
2.33,Wheat,Clay,1,1,0.54,915,1
2.9,Maize,Sandy,0,1,0.71,692,0
2.63,Millets,Loam,1,1,0.39,1120,0
3.62,Maize,Clay,0,1,0.43,1284,0
13.83,Sugarcane,Black,0,0,0.21,943,0
7.48,Millets,Black,0,1,0.88,467,0
8.53,Maize,Black,1,0,0.7,555,0
2.25,Wheat,Black,1,0,0.89,800,0
3.69,Cotton,Sandy,1,0,0.54,1485,0
1.24,Millets,Sandy,0,1,0.8,1062,0
5.62,Maize,Black,0,1,0.54,441,0
7.23,Maize,Black,1,1,0.46,709,0
13.95,Sugarcane,Sandy,0,0,0.87,567,0
4.99,Millets,Sandy,1,1,0.41,650,0
6.79,Wheat,Sandy,1,0,0.58,1010,0
4.27,Rice,Black,0,0,0.51,1227,0
3.96,Rice,Black,0,1,0.78,1270,0
5.57,Wheat,Black,0,1,0.54,550,0
5.69,Wheat,Clay,0,0,0.75,1269,0
2.82,Cotton,Clay,0,1,0.41,1321,0
10.06,Cotton,Clay,0,1,0.33,1364,0
5.39,Sugarcane,Sandy,0,0,0.22,636,0
10.21,Cotton,Loam,0,1,0.31,1328,0
11.46,Sugarcane,Clay,0,0,0.76,1082,0
7.07,Wheat,Clay,1,1,0.77,572,1
10.11,Millets,Sandy,0,1,0.69,832,0
13.93,Maize,Loam,1,0,0.71,476,0
11.46,Sugarcane,Black,0,0,0.38,777,0
1.41,Millets,Black,1,0,0.41,1270,0
7.1,Cotton,Clay,0,1,0.38,332,0
8.9,Millets,Sandy,0,0,0.37,940,0
6.7,Sugarcane,Loam,0,1,0.43,1153,0
14.1,Cotton,Black,0,0,0.24,701,0
11.94,Rice,Loam,0,0,0.86,978,0
7.85,Maize,Loam,1,1,0.63,700,1
6.27,Maize,Clay,0,0,0.77,489,0
2.99,Maize,Sandy,1,0,0.89,1365,0
10.19,Cotton,Sandy,0,0,0.27,771,0
8.45,Millets,Clay,1,0,0.82,1454,0
8.39,Wheat,Sandy,1,0,0.55,1451,0
2.63,Maize,Loam,1,1,0.83,1187,1
1.07,Sugarcane,Sandy,1,1,0.69,1055,0
1.69,Wheat,Black,0,1,0.34,1419,0
14.64,Millets,Sandy,0,0,0.27,1301,0
14.4,Maize,Sandy,0,0,0.21,839,0
13.75,Millets,Clay,1,1,0.84,1442,1
12.48,Rice,Sandy,1,0,0.44,1496,0
7.49,Maize,Loam,0,0,0.69,1285,0
7.35,Millets,Loam,0,0,0.56,1046,0
2.37,Wheat,Loam,0,0,0.72,1304,0
9.39,Wheat,Black,0,1,0.71,1000,0
8.87,Cotton,Clay,0,0,0.43,665,0
14.61,Wheat,Loam,1,0,0.94,545,0
13.09,Sugarcane,Sandy,1,1,0.54,520,1
10.26,Sugarcane,Loam,1,1,0.23,710,0
7.5,Cotton,Loam,0,0,0.87,1109,0
6.3,Wheat,Sandy,1,1,0.59,777,1
6.97,Rice,Loam,1,1,0.74,647,1
7.85,Wheat,Black,1,1,0.48,997,0
6.17,Rice,Loam,0,0,0.76,1042,0
9.16,Maize,Loam,0,0,0.74,1329,0
14.02,Rice,Black,0,1,0.6,672,0
12.2,Rice,Loam,0,1,0.52,891,0
5.83,Cotton,Sandy,0,0,0.6,1272,0
5.76,Sugarcane,Clay,0,0,0.21,743,0
11.61,Sugarcane,Black,1,0,0.38,522,0
13.07,Rice,Loam,1,0,0.62,649,0
12.08,Maize,Sandy,0,1,0.46,906,0
11.22,Rice,Black,1,0,0.91,1312,0
6.91,Wheat,Black,0,0,0.55,1271,0
10.46,Rice,Sandy,0,1,0.38,772,0
4.35,Sugarcane,Clay,0,1,0.93,1057,0
1.86,Millets,Loam,1,0,0.82,1214,0
3.97,Cotton,Clay,0,0,0.57,983,0
14.24,Maize,Loam,1,0,0.56,1408,0
8.91,Rice,Black,1,0,0.81,426,0
12.67,Cotton,Black,1,0,0.91,1057,0
11.0,Wheat,Clay,1,0,0.25,476,0
7.93,Sugarcane,Sandy,0,1,0.83,1414,0
1.41,Millets,Sandy,1,1,0.4,608,0
0.58,Cotton,Sandy,1,0,0.58,1340,0
0.51,Rice,Black,1,1,0.45,632,0
10.75,Sugarcane,Sandy,0,0,0.42,706,0
3.62,Millets,Sandy,0,1,0.29,1397,0
2.31,Maize,Loam,1,1,0.23,433,0
10.53,Millets,Clay,1,0,0.3,1400,0
2.72,Millets,Loam,0,1,0.84,1407,0
9.9,Cotton,Clay,1,0,0.32,449,0
3.75,Millets,Sandy,0,1,0.33,1272,0
3.63,Millets,Sandy,0,0,0.32,1148,0
6.42,Cotton,Sandy,1,0,0.91,630,0
1.85,Wheat,Clay,1,1,0.37,1401,0
8.76,Maize,Black,1,0,0.65,1306,0
10.9,Sugarcane,Clay,1,0,0.37,785,0
14.58,Cotton,Loam,0,1,0.49,642,0
12.08,Sugarcane,Black,0,0,0.83,579,0
1.48,Millets,Black,1,1,0.51,859,0
2.27,Sugarcane,Loam,0,0,0.59,1255,0
4.5,Sugarcane,Loam,1,1,0.31,1107,0
12.86,Millets,Clay,0,0,0.25,1195,0
8.17,Cotton,Clay,1,1,0.52,1099,1
11.15,Rice,Loam,1,1,0.46,982,0
14.9,Wheat,Loam,1,1,0.85,988,1
6.25,Wheat,Sandy,0,0,0.54,520,0
9.42,Cotton,Sandy,0,0,0.75,894,0
8.53,Cotton,Black,1,1,0.4,317,0
0.51,Maize,Clay,0,0,0.57,1388,0
14.86,Cotton,Black,1,1,0.73,552,1
6.25,Sugarcane,Loam,0,0,0.93,1487,0
3.52,Sugarcane,Black,0,1,0.45,306,0
1.03,Rice,Loam,1,0,0.73,924,0
11.28,Cotton,Black,0,0,0.67,678,0
3.39,Millets,Clay,1,0,0.54,442,0
4.89,Sugarcane,Loam,0,1,0.35,735,0
4.1,Rice,Clay,1,0,0.35,831,0
11.06,Rice,Clay,1,1,0.72,1243,1
1.52,Maize,Loam,1,0,0.88,1066,0
11.09,Maize,Black,1,0,0.33,535,0
3.72,Cotton,Loam,0,0,0.36,791,0
0.71,Cotton,Clay,0,0,0.81,801,0
5.12,Cotton,Clay,1,1,0.56,992,1
2.51,Cotton,Black,0,1,0.76,799,0
2.98,Sugarcane,Clay,0,1,0.88,538,0
8.32,Rice,Loam,1,1,0.79,963,1
2.3,Sugarcane,Black,1,0,0.95,830,0
8.77,Cotton,Loam,1,0,0.82,778,0
8.34,Cotton,Loam,0,1,0.78,986,0
9.51,Cotton,Loam,1,0,0.3,1130,0
10.81,Sugarcane,Sandy,1,1,0.78,727,1
12.76,Maize,Black,1,1,0.75,778,1
7.14,Sugarcane,Black,1,0,0.34,569,0
2.44,Maize,Black,0,1,0.45,1217,0
3.49,Millets,Sandy,0,1,0.76,1485,0
11.03,Maize,Black,0,0,0.61,651,0
6.6,Maize,Loam,0,1,0.94,1425,0
2.32,Rice,Black,0,0,0.9,939,0
10.27,Cotton,Black,1,0,0.71,526,0
2.28,Maize,Clay,1,0,0.44,822,0
10.5,Cotton,Sandy,0,1,0.72,1459,0
11.7,Sugarcane,Loam,1,1,0.7,899,1
3.64,Millets,Black,0,0,0.78,513,0
5.72,Rice,Black,0,0,0.6,855,0
8.77,Millets,Clay,1,0,0.23,781,0
10.28,Maize,Loam,1,0,0.46,585,0
9.98,Cotton,Clay,1,1,0.5,934,1
3.24,Maize,Loam,1,0,0.75,1360,0
10.6,Millets,Black,0,1,0.33,1306,0
11.95,Cotton,Black,0,1,0.83,1137,0
0.74,Wheat,Loam,1,1,0.78,529,0
13.2,Millets,Black,1,1,0.61,1327,1
12.64,Cotton,Clay,1,1,0.33,921,0
4.3,Wheat,Clay,0,1,0.73,459,0
9.74,Millets,Loam,0,1,0.63,1091,0
10.48,Maize,Loam,1,0,0.91,1352,0
10.2,Wheat,Clay,0,0,0.7,1057,0
8.52,Millets,Loam,1,1,0.65,401,1
11.03,Cotton,Clay,0,0,0.9,626,0
1.34,Maize,Sandy,0,1,0.91,1306,0
12.0,Wheat,Sandy,1,1,0.41,1083,0
7.38,Maize,Loam,1,1,0.48,1363,0
3.77,Cotton,Loam,0,1,0.74,379,0
2.51,Cotton,Loam,1,1,0.36,1071,0
13.95,Millets,Loam,1,1,0.28,941,0
4.62,Maize,Black,0,1,0.89,1101,0
8.95,Rice,Clay,0,0,0.75,1170,0
14.62,Millets,Sandy,1,0,0.74,1073,0
4.41,Sugarcane,Black,1,1,0.47,1469,0
7.77,Rice,Sandy,1,1,0.2,569,0
3.9,Cotton,Black,0,0,0.23,1460,0
3.18,Millets,Loam,0,0,0.63,1038,0
1.05,Rice,Sandy,1,1,0.63,1250,0
2.07,Maize,Clay,1,0,0.47,1444,0
3.56,Maize,Sandy,0,0,0.73,846,0
5.67,Wheat,Loam,0,0,0.46,1043,0
2.41,Millets,Black,0,0,0.24,1377,0
4.96,Rice,Clay,1,0,0.52,995,0
7.38,Rice,Clay,1,1,0.79,826,1
1.52,Maize,Clay,1,1,0.24,1104,0
12.33,Wheat,Sandy,0,1,0.58,1065,0
11.89,Cotton,Loam,1,1,0.66,1107,1
12.14,Wheat,Loam,0,0,0.59,1175,0
5.14,Sugarcane,Loam,1,0,0.58,697,0
5.07,Cotton,Sandy,1,1,0.89,597,1
1.58,Cotton,Clay,0,1,0.66,412,0
13.87,Maize,Black,1,0,0.54,1335,0
8.82,Sugarcane,Clay,0,1,0.86,1055,0
7.0,Rice,Clay,0,0,0.63,567,0
7.51,Cotton,Clay,0,1,0.81,1150,0
11.28,Rice,Sandy,1,1,0.39,368,0
13.73,Sugarcane,Sandy,0,1,0.91,609,0
13.21,Millets,Black,0,0,0.26,1110,0
7.32,Millets,Clay,0,1,0.2,1389,0
8.88,Sugarcane,Black,0,1,0.95,1301,0
3.08,Maize,Black,0,1,0.86,1398,0
11.72,Rice,Black,1,1,0.25,444,0
3.9,Millets,Loam,0,1,0.51,1242,0
12.16,Wheat,Clay,0,0,0.78,750,0
4.16,Millets,Clay,1,0,0.87,1220,0
8.53,Cotton,Sandy,0,0,0.48,1443,0
12.12,Wheat,Sandy,0,0,0.68,541,0
14.75,Wheat,Black,0,0,0.33,484,0
5.22,Wheat,Black,1,1,0.93,575,1
14.35,Sugarcane,Clay,0,1,0.29,1223,0
14.4,Sugarcane,Sandy,0,0,0.77,759,0
5.5,Sugarcane,Clay,1,0,0.28,1003,0
9.77,Cotton,Clay,1,1,0.2,748,0
6.08,Maize,Loam,0,1,0.49,604,0
11.75,Cotton,Clay,1,1,0.62,711,1
4.29,Wheat,Sandy,0,1,0.67,1047,0
9.41,Rice,Loam,0,0,0.33,366,0
9.92,Cotton,Clay,0,1,0.26,1378,0
10.09,Maize,Clay,1,0,0.37,1347,0
14.5,Millets,Black,0,1,0.44,301,0
6.36,Cotton,Clay,0,1,0.26,716,0
7.59,Wheat,Loam,0,1,0.93,1061,0
13.77,Maize,Clay,1,0,0.48,1153,0
9.02,Millets,Sandy,0,1,0.79,1305,0
5.82,Maize,Sandy,0,1,0.86,1127,0
5.26,Cotton,Black,0,1,0.64,1242,0
11.39,Rice,Black,0,0,0.71,648,0
11.01,Wheat,Clay,1,1,0.25,1208,0
9.18,Cotton,Black,1,0,0.52,714,0
1.75,Rice,Loam,0,0,0.77,1429,0
4.91,Sugarcane,Clay,1,0,0.25,1058,0
1.32,Rice,Clay,1,0,0.88,1453,0
11.53,Rice,Sandy,1,0,0.33,1427,0
12.99,Sugarcane,Loam,0,0,0.65,771,0
7.23,Wheat,Black,0,0,0.69,1186,0
11.18,Cotton,Clay,0,1,0.67,994,0
5.35,Cotton,Sandy,1,1,0.9,1442,1
9.3,Millets,Sandy,0,1,0.93,1047,0
7.5,Rice,Clay,0,0,0.33,833,0
3.98,Wheat,Sandy,0,1,0.27,1052,0
7.87,Maize,Loam,0,1,0.28,1354,0
9.8,Rice,Loam,0,1,0.86,1378,0
4.08,Cotton,Sandy,1,1,0.32,680,0
3.23,Wheat,Sandy,0,0,0.77,1101,0
14.91,Sugarcane,Sandy,1,1,0.88,639,1
0.87,Wheat,Clay,0,1,0.74,1300,0
4.99,Rice,Clay,1,1,0.32,1238,0
12.93,Wheat,Black,0,0,0.67,560,0
14.36,Maize,Sandy,1,1,0.6,1005,1
8.23,Cotton,Loam,1,0,0.45,1026,0
1.37,Wheat,Loam,0,1,0.46,873,0
6.62,Rice,Clay,0,0,0.51,753,0
13.31,Cotton,Loam,1,1,0.4,1171,0
2.48,Sugarcane,Black,0,0,0.66,707,0
5.42,Cotton,Sandy,1,1,0.62,997,1
14.0,Rice,Black,0,1,0.69,1351,0
7.97,Rice,Clay,0,0,0.45,1319,0
4.83,Wheat,Clay,0,1,0.44,1393,0
6.61,Sugarcane,Clay,1,0,0.88,397,0
12.74,Sugarcane,Clay,1,1,0.45,1011,0
12.65,Millets,Sandy,1,1,0.68,1059,1
5.68,Wheat,Sandy,1,1,0.54,675,1
11.7,Cotton,Loam,0,0,0.46,1314,0
11.74,Wheat,Black,1,1,0.69,386,1
10.78,Cotton,Sandy,1,0,0.43,821,0
2.04,Rice,Sandy,1,0,0.84,894,0
8.12,Sugarcane,Clay,1,0,0.76,748,0
14.57,Sugarcane,Black,0,1,0.55,629,0
6.07,Sugarcane,Sandy,0,0,0.72,883,0
9.56,Rice,Loam,0,1,0.44,652,0
8.51,Cotton,Black,0,1,0.21,1356,0
8.28,Wheat,Black,1,0,0.54,392,0
9.94,Rice,Loam,0,1,0.7,987,0
4.07,Maize,Loam,1,1,0.72,492,1
14.84,Rice,Black,0,1,0.33,1027,0
8.8,Sugarcane,Black,0,0,0.82,741,0
14.18,Sugarcane,Loam,0,0,0.72,352,0
14.13,Cotton,Clay,0,0,0.75,697,0
10.18,Wheat,Loam,1,1,0.35,1232,0
14.05,Maize,Black,1,1,0.46,1144,0
11.74,Sugarcane,Sandy,1,0,0.55,913,0
8.15,Rice,Black,1,0,0.92,1206,0
11.16,Maize,Black,0,1,0.83,796,0
2.98,Sugarcane,Sandy,0,0,0.62,1496,0
14.76,Wheat,Loam,1,0,0.74,1303,0
13.13,Sugarcane,Sandy,1,0,0.46,1427,0
13.68,Cotton,Loam,0,0,0.79,1393,0
6.51,Maize,Loam,1,1,0.2,1377,0
2.69,Maize,Clay,0,0,0.8,1378,0
3.99,Millets,Clay,0,1,0.46,819,0
10.22,Maize,Black,0,1,0.45,1059,0
9.81,Millets,Clay,1,0,0.45,1052,0
1.18,Millets,Sandy,0,0,0.65,710,0
12.21,Maize,Sandy,1,0,0.56,769,0
7.32,Millets,Clay,0,0,0.43,306,0
2.69,Rice,Loam,1,1,0.39,517,0
10.31,Rice,Loam,0,1,0.71,689,0
7.46,Sugarcane,Loam,0,1,0.44,354,0
2.09,Wheat,Loam,1,1,0.44,1288,0
2.6,Sugarcane,Black,1,1,0.87,1333,1
6.3,Cotton,Loam,0,0,0.39,1378,0
8.47,Millets,Black,1,1,0.78,1256,1
10.77,Sugarcane,Loam,0,0,0.7,451,0
13.51,Millets,Sandy,1,0,0.39,1433,0
8.29,Wheat,Sandy,0,0,0.41,502,0
3.58,Millets,Black,0,0,0.78,844,0
11.3,Cotton,Loam,0,1,0.8,578,0
1.74,Sugarcane,Loam,0,1,0.4,411,0
7.15,Rice,Clay,1,1,0.44,1314,0
12.9,Cotton,Clay,1,0,0.32,995,0
10.59,Cotton,Loam,1,1,0.21,811,0
6.03,Millets,Loam,0,1,0.62,894,0
1.8,Rice,Clay,0,1,0.28,501,0
3.99,Sugarcane,Black,1,0,0.65,626,0
7.42,Millets,Sandy,1,0,0.7,1016,0
1.13,Wheat,Black,0,1,0.65,616,0
12.14,Millets,Black,1,0,0.79,367,0
8.6,Cotton,Clay,1,0,0.6,350,0
3.79,Rice,Sandy,0,1,0.81,368,0
11.88,Maize,Clay,1,0,0.77,850,0
10.07,Sugarcane,Black,0,0,0.74,787,0
11.38,Rice,Black,1,0,0.3,523,0
8.93,Rice,Black,0,0,0.35,1384,0
3.5,Sugarcane,Loam,0,1,0.9,572,0
12.11,Wheat,Loam,0,1,0.36,1268,0
12.93,Sugarcane,Loam,1,1,0.58,857,1
11.41,Cotton,Clay,0,0,0.51,1190,0
14.61,Maize,Loam,0,0,0.89,1030,0
14.1,Millets,Sandy,0,1,0.33,1317,0
4.93,Millets,Black,1,0,0.7,530,0
8.15,Maize,Loam,1,1,0.83,389,1
3.03,Millets,Black,1,0,0.91,699,0
10.08,Cotton,Loam,0,1,0.56,1021,0
14.72,Rice,Loam,1,1,0.69,1309,1
2.11,Rice,Clay,0,0,0.24,1306,0
5.25,Sugarcane,Black,0,1,0.44,453,0
14.81,Cotton,Black,1,1,0.39,321,0
4.06,Rice,Clay,0,0,0.74,1267,0
0.69,Maize,Loam,0,0,0.49,945,0
3.72,Wheat,Sandy,0,1,0.67,440,0
12.54,Cotton,Sandy,1,1,0.84,890,1
5.39,Cotton,Loam,1,1,0.72,1497,1
10.0,Maize,Loam,0,1,0.8,632,0
9.08,Millets,Clay,0,1,0.3,1030,0
4.51,Wheat,Sandy,0,0,0.55,1450,0
10.07,Cotton,Clay,0,0,0.42,1320,0
13.45,Rice,Loam,1,0,0.92,694,0
11.74,Wheat,Clay,0,0,0.85,464,0
6.61,Millets,Black,0,1,0.59,1023,0
12.72,Sugarcane,Clay,1,0,0.72,1332,0
14.83,Wheat,Loam,0,0,0.86,474,0
4.73,Sugarcane,Black,0,0,0.76,561,0
1.97,Rice,Clay,0,0,0.69,1331,0
7.19,Cotton,Loam,0,0,0.53,1133,0
11.31,Cotton,Sandy,1,0,0.9,1161,0
3.89,Maize,Clay,1,0,0.7,555,0
0.51,Wheat,Sandy,1,0,0.47,1311,0
2.98,Sugarcane,Sandy,1,1,0.21,948,0
9.27,Wheat,Black,0,0,0.66,1183,0
4.61,Wheat,Black,1,0,0.69,1089,0
5.84,Cotton,Loam,1,1,0.56,1397,1
9.37,Sugarcane,Loam,1,1,0.8,1145,1
11.54,Maize,Sandy,1,1,0.33,782,0
6.27,Cotton,Black,0,1,0.74,1183,0
12.26,Maize,Black,0,0,0.31,1311,0
10.24,Maize,Clay,0,1,0.66,1182,0
13.66,Wheat,Loam,0,1,0.25,1344,0
0.53,Millets,Clay,0,0,0.64,463,0
9.5,Millets,Loam,1,1,0.65,1327,1
13.48,Cotton,Black,0,0,0.36,860,0
13.93,Maize,Sandy,0,1,0.39,1055,0
3.15,Cotton,Black,0,0,0.68,1443,0
3.77,Millets,Loam,1,0,0.42,1400,0
11.64,Maize,Clay,0,0,0.21,1303,0
11.31,Maize,Clay,1,1,0.34,1277,0
8.69,Maize,Clay,0,1,0.91,532,0
6.01,Sugarcane,Clay,0,1,0.9,838,0
5.87,Cotton,Loam,1,0,0.38,1121,0
5.73,Rice,Black,1,0,0.87,342,0
6.72,Rice,Loam,0,1,0.83,560,0
5.09,Rice,Sandy,0,1,0.51,319,0
11.87,Maize,Loam,0,1,0.51,1047,0
3.84,Rice,Sandy,0,0,0.41,901,0
5.48,Maize,Clay,1,0,0.36,672,0
7.45,Rice,Black,1,0,0.45,411,0
11.13,Sugarcane,Clay,1,0,0.77,1360,0
9.5,Rice,Black,0,1,0.62,332,0
5.99,Sugarcane,Loam,1,0,0.77,679,0
7.32,Cotton,Sandy,0,0,0.27,1087,0
10.8,Maize,Loam,0,0,0.44,1467,0
8.63,Millets,Loam,1,0,0.37,1474,0
4.65,Millets,Sandy,0,0,0.87,1263,0
8.46,Rice,Black,1,0,0.52,900,0
13.49,Maize,Clay,1,1,0.85,595,1
8.56,Rice,Loam,1,1,0.6,697,1
12.89,Cotton,Black,0,1,0.44,1301,0
9.76,Millets,Black,1,1,0.34,386,0
3.06,Sugarcane,Loam,0,1,0.85,1162,0
2.95,Millets,Loam,1,0,0.93,714,0
5.89,Rice,Clay,0,1,0.82,1434,0
6.98,Rice,Loam,1,1,0.84,467,1
9.53,Rice,Sandy,1,0,0.93,699,0
14.54,Sugarcane,Clay,0,1,0.54,1137,0
14.4,Cotton,Black,1,0,0.85,1195,0
13.18,Cotton,Black,0,0,0.79,768,0
6.91,Maize,Black,1,1,0.31,1455,0
9.62,Cotton,Sandy,0,0,0.41,393,0
9.16,Wheat,Sandy,0,1,0.8,958,0
6.19,Millets,Black,0,0,0.65,1465,0
0.69,Maize,Loam,1,0,0.87,762,0
4.82,Wheat,Clay,0,1,0.43,410,0
5.56,Cotton,Black,1,1,0.48,1397,0
13.06,Sugarcane,Black,1,1,0.61,326,1
8.33,Millets,Sandy,1,0,0.23,1268,0
7.58,Wheat,Sandy,0,0,0.63,619,0
0.98,Cotton,Black,1,0,0.23,1166,0
10.52,Wheat,Sandy,1,1,0.92,754,1
3.52,Sugarcane,Clay,1,1,0.66,1110,1
12.83,Rice,Loam,0,0,0.71,1070,0
10.01,Wheat,Clay,1,1,0.31,1365,0
11.55,Cotton,Black,0,0,0.24,715,0
4.51,Rice,Loam,1,1,0.62,1264,1
10.93,Sugarcane,Clay,1,1,0.66,474,1
12.73,Maize,Black,1,0,0.51,1442,0
4.86,Cotton,Black,1,0,0.33,403,0
12.04,Rice,Loam,1,0,0.48,1313,0
12.36,Cotton,Sandy,0,0,0.26,363,0
4.71,Maize,Sandy,1,0,0.2,749,0
10.15,Cotton,Black,0,1,0.68,877,0
14.67,Sugarcane,Clay,0,1,0.94,882,0
1.5,Rice,Clay,1,0,0.86,1446,0
5.99,Sugarcane,Sandy,0,0,0.35,493,0
1.2,Sugarcane,Sandy,1,0,0.61,1193,0
9.17,Maize,Loam,0,0,0.62,1079,0
9.85,Millets,Black,0,0,0.2,1373,0
9.92,Wheat,Sandy,0,0,0.53,1354,0
9.83,Wheat,Sandy,0,1,0.46,980,0
0.64,Wheat,Black,0,1,0.52,1411,0
12.45,Sugarcane,Loam,1,1,0.22,410,0
0.59,Cotton,Clay,1,0,0.65,416,0
9.87,Maize,Sandy,1,0,0.27,722,0
0.92,Cotton,Clay,1,0,0.26,331,0
6.14,Sugarcane,Clay,0,1,0.55,495,0
2.87,Sugarcane,Loam,0,1,0.32,889,0
8.84,Wheat,Sandy,1,1,0.89,727,1
4.97,Wheat,Clay,1,0,0.73,514,0
14.95,Sugarcane,Loam,0,0,0.66,1251,0
2.36,Rice,Loam,1,1,0.67,1091,1
1.03,Wheat,Clay,0,0,0.59,1425,0
13.62,Rice,Clay,0,0,0.73,1340,0
7.73,Rice,Loam,1,1,0.59,737,1
1.24,Sugarcane,Loam,1,1,0.83,1296,0
7.57,Millets,Black,1,0,0.88,1472,0
7.09,Sugarcane,Sandy,1,0,0.9,1447,0
5.47,Rice,Loam,0,0,0.32,428,0
14.06,Sugarcane,Clay,1,0,0.6,509,0
3.0,Millets,Black,0,0,0.71,541,0
3.71,Wheat,Clay,1,1,0.4,1065,0
9.47,Sugarcane,Clay,0,0,0.65,898,0
10.24,Sugarcane,Clay,0,1,0.67,1140,0
6.28,Millets,Sandy,0,1,0.43,766,0
1.95,Wheat,Clay,0,0,0.9,466,0
3.32,Wheat,Black,1,0,0.36,803,0
10.54,Sugarcane,Sandy,0,0,0.45,1190,0
13.97,Millets,Black,1,1,0.47,1107,0
10.78,Maize,Loam,0,0,0.85,1327,0
12.83,Wheat,Clay,1,1,0.87,794,1
11.4,Maize,Black,0,0,0.78,808,0
14.0,Sugarcane,Loam,0,1,0.41,326,0
14.46,Cotton,Sandy,1,0,0.39,405,0
3.96,Cotton,Black,0,1,0.64,1182,0
0.76,Maize,Clay,0,1,0.48,907,0
2.39,Wheat,Sandy,1,1,0.63,406,1
11.2,Maize,Loam,1,0,0.92,1442,0
10.49,Sugarcane,Loam,0,1,0.63,1374,0
8.16,Cotton,Sandy,1,1,0.59,565,1
5.43,Rice,Loam,0,0,0.94,304,0
4.22,Wheat,Clay,1,0,0.42,1475,0
7.29,Cotton,Sandy,1,0,0.32,834,0
13.11,Wheat,Loam,1,0,0.29,1122,0
7.59,Wheat,Clay,1,1,0.35,303,0
9.1,Millets,Loam,1,0,0.57,390,0
2.16,Wheat,Sandy,0,0,0.45,942,0
2.16,Wheat,Black,1,1,0.7,318,1
11.73,Rice,Black,0,0,0.54,850,0
1.53,Maize,Loam,1,0,0.75,1421,0
13.66,Maize,Sandy,0,1,0.59,1187,0
4.87,Millets,Black,1,1,0.33,1359,0
3.74,Sugarcane,Black,0,0,0.32,664,0
6.61,Rice,Loam,0,0,0.65,337,0
14.12,Wheat,Sandy,1,1,0.66,609,1
4.04,Millets,Loam,0,0,0.66,967,0
4.63,Maize,Sandy,1,0,0.63,324,0
5.51,Rice,Loam,1,0,0.32,601,0
9.71,Wheat,Clay,0,0,0.66,1115,0
5.88,Cotton,Clay,0,0,0.91,680,0
4.26,Cotton,Loam,0,0,0.49,1001,0
1.58,Cotton,Sandy,1,0,0.7,1454,0
12.54,Millets,Black,0,1,0.49,1207,0
5.78,Wheat,Black,1,0,0.26,1292,0
14.28,Millets,Loam,0,1,0.74,355,0
8.83,Wheat,Clay,0,0,0.83,423,0
6.84,Sugarcane,Black,1,0,0.34,1348,0
11.9,Cotton,Sandy,0,1,0.28,864,0
8.9,Rice,Loam,0,0,0.61,1449,0
7.21,Wheat,Black,0,1,0.55,710,0
2.88,Cotton,Sandy,0,1,0.87,1285,0
13.33,Millets,Black,0,1,0.73,1240,0
9.4,Wheat,Sandy,1,1,0.5,1162,1
5.91,Maize,Black,1,0,0.28,1173,0
8.4,Sugarcane,Black,0,1,0.4,961,0
8.89,Sugarcane,Loam,1,0,0.24,1387,0
11.63,Maize,Sandy,0,1,0.58,754,0
8.56,Rice,Loam,0,1,0.37,1293,0
1.88,Millets,Clay,1,1,0.21,951,0
12.79,Cotton,Loam,1,1,0.29,1210,0
6.48,Sugarcane,Black,1,1,0.57,1400,1
0.51,Cotton,Black,1,1,0.73,1177,0
11.3,Rice,Sandy,0,1,0.65,531,0
10.7,Maize,Sandy,1,1,0.84,430,1
6.53,Wheat,Clay,0,0,0.76,1390,0
10.26,Rice,Sandy,1,0,0.26,650,0
6.19,Sugarcane,Sandy,1,0,0.74,1490,0
14.94,Rice,Clay,0,1,0.52,1354,0
9.61,Sugarcane,Sandy,1,0,0.48,777,0
14.26,Millets,Sandy,1,1,0.85,457,1
1.47,Cotton,Black,1,1,0.63,1046,0
3.99,Wheat,Black,1,0,0.87,928,0
9.7,Maize,Clay,1,0,0.71,1114,0
12.06,Millets,Sandy,0,0,0.45,515,0
2.59,Sugarcane,Sandy,0,0,0.5,1500,0
4.94,Millets,Loam,0,0,0.66,994,0
12.84,Millets,Sandy,0,1,0.3,511,0
12.27,Wheat,Clay,1,1,0.53,1171,1
5.31,Maize,Black,0,0,0.76,933,0
0.93,Maize,Sandy,0,0,0.9,793,0
2.23,Millets,Black,0,0,0.52,792,0
14.67,Cotton,Sandy,1,1,0.89,788,1
2.52,Maize,Black,1,0,0.91,1133,0
11.49,Sugarcane,Sandy,0,1,0.6,1019,0
14.72,Cotton,Black,0,0,0.92,730,0
2.8,Maize,Loam,1,0,0.25,665,0
0.75,Cotton,Loam,0,1,0.57,348,0
3.8,Wheat,Black,0,0,0.95,1319,0
10.27,Cotton,Clay,0,1,0.68,1456,0
8.45,Wheat,Clay,0,1,0.35,1226,0
10.72,Millets,Clay,1,0,0.38,1160,0
14.66,Rice,Sandy,0,0,0.67,745,0
11.34,Maize,Black,0,0,0.78,462,0
11.91,Maize,Sandy,0,1,0.74,1164,0
6.07,Cotton,Sandy,1,0,0.84,943,0
13.55,Millets,Black,1,1,0.32,1034,0
13.89,Maize,Black,1,0,0.72,857,0
6.35,Cotton,Clay,0,1,0.21,797,0
11.85,Cotton,Loam,0,1,0.23,1389,0
8.59,Maize,Loam,1,1,0.56,1342,1
1.45,Sugarcane,Sandy,1,1,0.5,878,0
13.62,Sugarcane,Black,1,0,0.74,1173,0
9.61,Rice,Sandy,0,1,0.33,333,0
7.16,Rice,Black,0,1,0.45,1387,0
2.54,Maize,Sandy,0,0,0.88,1361,0
12.51,Sugarcane,Loam,1,0,0.3,1198,0
0.6,Millets,Sandy,1,1,0.26,1113,0
13.64,Wheat,Sandy,1,1,0.72,310,1
6.77,Rice,Clay,1,1,0.89,477,1
14.93,Cotton,Black,1,0,0.51,1105,0
8.5,Rice,Clay,1,1,0.4,456,0
12.02,Cotton,Black,1,1,0.79,634,1
2.32,Maize,Black,0,1,0.35,1108,0
4.87,Sugarcane,Clay,1,0,0.44,1435,0
6.0,Rice,Clay,0,1,0.6,1271,0
10.33,Wheat,Loam,1,1,0.35,542,0
9.82,Maize,Sandy,1,0,0.29,1190,0
3.17,Cotton,Sandy,1,0,0.81,720,0
13.48,Millets,Black,0,0,0.94,1047,0
6.01,Millets,Loam,1,0,0.64,909,0
9.01,Maize,Loam,0,0,0.41,1109,0
6.38,Wheat,Loam,1,0,0.95,955,0
14.55,Millets,Loam,0,1,0.77,1382,0
14.59,Millets,Clay,0,0,0.47,1155,0
7.52,Cotton,Loam,1,1,0.59,391,1
13.29,Sugarcane,Black,0,1,0.27,593,0
7.16,Wheat,Sandy,1,1,0.56,698,1
13.07,Sugarcane,Clay,1,0,0.49,737,0
1.11,Millets,Black,0,1,0.81,1044,0
1.27,Rice,Sandy,1,0,0.89,859,0
2.41,Maize,Black,1,1,0.9,1489,1
4.86,Wheat,Loam,0,0,0.66,1406,0
12.67,Sugarcane,Black,0,1,0.94,414,0
4.53,Maize,Sandy,1,0,0.23,656,0
6.85,Sugarcane,Clay,0,1,0.49,1122,0
9.27,Rice,Sandy,1,1,0.65,329,1
10.84,Maize,Loam,1,0,0.76,1166,0
9.26,Millets,Clay,1,0,0.77,1194,0
12.06,Millets,Black,1,1,0.37,697,0
13.55,Millets,Black,0,1,0.77,1455,0
10.61,Sugarcane,Black,0,0,0.47,591,0
7.32,Rice,Sandy,0,0,0.21,553,0
12.58,Millets,Sandy,0,1,0.28,458,0
2.72,Millets,Black,0,0,0.7,930,0
7.01,Cotton,Sandy,1,1,0.43,813,0
4.14,Rice,Clay,0,1,0.78,688,0
0.98,Rice,Clay,1,0,0.8,997,0
4.21,Sugarcane,Sandy,0,1,0.68,890,0
3.4,Rice,Sandy,0,0,0.74,940,0
4.79,Maize,Black,1,1,0.82,659,1
13.85,Sugarcane,Loam,1,0,0.54,1151,0
9.29,Sugarcane,Black,1,0,0.86,1003,0
4.51,Wheat,Sandy,1,1,0.5,378,1
10.68,Wheat,Sandy,0,0,0.21,848,0
7.49,Wheat,Black,1,1,0.88,856,1
1.26,Rice,Black,1,1,0.61,345,0
8.69,Millets,Black,1,1,0.34,374,0
7.48,Wheat,Sandy,1,1,0.72,708,1
10.16,Wheat,Loam,1,1,0.2,584,0
8.52,Millets,Clay,1,1,0.29,370,0
4.43,Sugarcane,Black,1,0,0.92,481,0
2.32,Millets,Sandy,1,0,0.65,839,0
1.09,Rice,Sandy,1,0,0.47,1386,0
1.06,Wheat,Clay,0,0,0.71,1235,0
11.49,Wheat,Loam,1,1,0.41,833,0
12.41,Wheat,Sandy,0,0,0.49,470,0
9.07,Rice,Clay,0,1,0.23,1207,0
9.36,Rice,Clay,0,1,0.4,1066,0
6.88,Sugarcane,Black,1,0,0.49,1042,0
5.17,Maize,Clay,1,1,0.6,364,1
8.47,Cotton,Black,1,1,0.23,317,0
1.24,Millets,Black,1,0,0.8,988,0
13.01,Cotton,Clay,0,0,0.2,1280,0
5.38,Sugarcane,Clay,0,1,0.75,423,0
3.18,Millets,Sandy,1,1,0.62,1173,1
3.08,Wheat,Clay,1,1,0.72,1404,1
1.21,Wheat,Sandy,0,0,0.74,551,0
2.92,Maize,Clay,0,1,0.95,824,0
5.56,Sugarcane,Sandy,1,1,0.83,1194,1
6.94,Cotton,Sandy,1,1,0.65,1077,1
2.36,Cotton,Sandy,1,1,0.57,1173,1
10.76,Rice,Loam,0,1,0.55,888,0
4.68,Maize,Clay,0,0,0.91,1159,0
11.85,Maize,Sandy,0,0,0.93,1023,0
2.65,Wheat,Black,0,0,0.84,1393,0
12.77,Millets,Loam,1,0,0.75,550,0
5.88,Rice,Loam,0,1,0.84,593,0
6.43,Wheat,Clay,0,1,0.4,520,0
7.03,Millets,Clay,0,1,0.31,1028,0
13.06,Maize,Black,0,1,0.52,789,0
2.34,Rice,Black,1,0,0.21,1255,0
12.66,Maize,Sandy,0,1,0.33,830,0
0.72,Sugarcane,Clay,1,1,0.49,933,0
11.58,Maize,Clay,1,0,0.63,488,0
10.4,Maize,Black,1,0,0.24,1215,0
2.07,Sugarcane,Clay,1,1,0.94,1047,1
7.51,Millets,Black,0,1,0.47,814,0
1.88,Maize,Sandy,0,1,0.94,1149,0
7.44,Wheat,Black,1,0,0.81,1177,0
4.91,Wheat,Black,1,1,0.56,839,1
10.55,Millets,Loam,0,1,0.59,1485,0
7.63,Wheat,Sandy,1,0,0.33,501,0
0.82,Millets,Clay,1,1,0.25,938,0
3.27,Sugarcane,Sandy,0,0,0.45,1377,0
11.79,Sugarcane,Sandy,0,0,0.31,884,0
7.41,Cotton,Loam,1,1,0.31,1225,0
12.6,Rice,Clay,1,0,0.44,1208,0
10.6,Wheat,Black,1,0,0.22,621,0
2.08,Rice,Black,0,0,0.63,1382,0
0.64,Millets,Loam,1,0,0.74,620,0
3.84,Maize,Black,0,0,0.22,726,0
2.26,Wheat,Clay,0,1,0.48,887,0
14.21,Wheat,Sandy,0,1,0.72,1477,0
13.88,Sugarcane,Black,0,1,0.88,946,0
7.85,Rice,Loam,1,0,0.56,1399,0
4.69,Maize,Loam,1,1,0.33,1489,0
11.1,Maize,Clay,0,0,0.56,1481,0
14.86,Sugarcane,Black,1,0,0.53,326,0
0.68,Wheat,Clay,0,1,0.58,879,0
2.44,Wheat,Black,1,1,0.85,1032,1
11.36,Wheat,Black,0,1,0.59,1040,0
4.52,Cotton,Sandy,1,1,0.51,1470,1
4.94,Cotton,Loam,0,0,0.85,337,0
6.56,Wheat,Black,0,0,0.65,1403,0
2.21,Cotton,Black,1,0,0.41,598,0
5.25,Rice,Sandy,0,0,0.47,1336,0
12.19,Millets,Sandy,0,0,0.2,1285,0
10.37,Cotton,Sandy,0,1,0.39,633,0
10.77,Maize,Clay,0,0,0.62,307,0
9.54,Maize,Loam,0,0,0.62,1137,0
7.45,Sugarcane,Sandy,0,1,0.39,836,0
9.07,Wheat,Loam,0,1,0.24,1492,0
10.69,Millets,Black,0,1,0.64,1384,0
12.58,Cotton,Loam,0,0,0.37,1396,0
2.09,Rice,Black,1,1,0.58,315,1
2.66,Cotton,Sandy,0,1,0.5,735,0
8.19,Wheat,Black,1,1,0.87,644,1
4.93,Cotton,Clay,0,0,0.28,687,0
10.71,Maize,Sandy,1,1,0.28,667,0
3.92,Wheat,Clay,0,1,0.7,704,0
13.83,Cotton,Black,1,0,0.23,1406,0
0.65,Rice,Clay,0,1,0.69,999,0
12.64,Sugarcane,Loam,1,0,0.28,317,0
2.03,Wheat,Black,0,1,0.7,1182,0
7.02,Maize,Sandy,0,0,0.68,1212,0
7.48,Sugarcane,Clay,1,1,0.37,547,0
12.67,Maize,Loam,1,1,0.76,1154,1
12.93,Wheat,Sandy,0,0,0.67,780,0
6.85,Maize,Loam,0,1,0.81,1027,0
12.1,Millets,Sandy,1,0,0.52,563,0
9.75,Maize,Sandy,0,1,0.28,376,0
5.72,Cotton,Loam,0,1,0.5,864,0
7.04,Cotton,Sandy,0,1,0.54,341,0
10.34,Cotton,Sandy,1,1,0.35,910,0
5.53,Millets,Clay,0,0,0.2,390,0
14.79,Wheat,Loam,1,0,0.77,810,0
1.74,Wheat,Clay,0,0,0.38,334,0
13.87,Cotton,Black,1,0,0.48,866,0
1.28,Rice,Sandy,1,0,0.48,1080,0
10.56,Wheat,Sandy,1,1,0.22,870,0
1.25,Millets,Clay,1,0,0.74,1338,0
5.94,Maize,Black,1,0,0.42,1105,0
3.56,Millets,Black,0,0,0.52,511,0
13.74,Wheat,Black,1,1,0.5,963,1
9.55,Maize,Clay,1,0,0.71,1367,0
4.03,Wheat,Black,0,0,0.72,700,0
0.55,Sugarcane,Loam,1,1,0.48,1309,0
5.8,Millets,Loam,0,0,0.78,1459,0
6.84,Millets,Loam,1,1,0.24,395,0
14.22,Sugarcane,Sandy,0,1,0.86,1317,0
0.68,Sugarcane,Loam,0,0,0.26,1024,0
3.89,Cotton,Sandy,1,1,0.4,1257,0
4.75,Sugarcane,Sandy,0,0,0.52,1337,0
3.02,Cotton,Black,0,1,0.8,971,0
1.98,Wheat,Sandy,0,1,0.82,1378,0
14.79,Sugarcane,Clay,0,1,0.48,790,0
4.63,Millets,Black,1,0,0.41,916,0
6.22,Maize,Sandy,1,1,0.87,434,1
13.75,Sugarcane,Black,1,0,0.62,405,0
7.17,Cotton,Clay,0,0,0.8,655,0
11.61,Rice,Loam,1,0,0.87,572,0
1.64,Wheat,Clay,1,0,0.36,1219,0
4.05,Sugarcane,Clay,1,1,0.75,662,1
10.94,Maize,Loam,0,0,0.78,898,0
4.91,Cotton,Sandy,0,0,0.9,595,0
1.29,Cotton,Clay,0,1,0.9,513,0
6.91,Sugarcane,Loam,1,0,0.83,1093,0
10.13,Millets,Loam,1,0,0.55,1046,0
1.39,Sugarcane,Sandy,1,0,0.94,767,0
3.77,Rice,Black,1,1,0.21,655,0
5.93,Rice,Black,0,0,0.64,1122,0
14.88,Sugarcane,Loam,0,1,0.4,512,0
12.9,Rice,Black,0,0,0.54,800,0
9.88,Cotton,Black,0,1,0.2,1457,0
2.99,Maize,Loam,1,0,0.26,446,0
12.25,Wheat,Sandy,1,0,0.33,681,0
7.38,Maize,Clay,0,1,0.45,803,0
8.64,Maize,Clay,0,1,0.28,998,0
11.55,Maize,Black,0,0,0.3,731,0
12.78,Wheat,Loam,0,1,0.73,900,0
0.89,Rice,Clay,1,0,0.27,805,0
9.85,Cotton,Clay,0,0,0.61,797,0
14.14,Cotton,Clay,0,0,0.84,1075,0
10.4,Sugarcane,Clay,0,0,0.53,612,0
8.09,Rice,Black,0,1,0.86,1396,0
14.31,Millets,Clay,1,1,0.32,1362,0
11.73,Millets,Black,0,1,0.68,867,0
1.59,Rice,Clay,1,1,0.6,914,0
2.59,Wheat,Black,1,0,0.3,554,0
9.27,Cotton,Black,0,0,0.4,480,0
9.53,Sugarcane,Black,1,1,0.45,767,0
7.23,Cotton,Black,1,0,0.72,1165,0
9.26,Sugarcane,Sandy,0,1,0.71,658,0
13.49,Wheat,Sandy,1,0,0.48,649,0
10.28,Rice,Black,1,1,0.92,1082,1
7.6,Rice,Sandy,0,0,0.84,475,0
3.09,Cotton,Sandy,1,1,0.42,1453,0
7.97,Maize,Black,1,1,0.38,684,0
13.51,Cotton,Loam,1,1,0.64,1337,1
0.82,Rice,Sandy,0,1,0.91,1326,0
5.52,Wheat,Clay,1,0,0.93,1128,0
1.69,Maize,Loam,1,1,0.53,1088,0
3.55,Sugarcane,Sandy,0,1,0.29,879,0
8.83,Millets,Loam,1,1,0.2,1233,0
8.78,Cotton,Clay,0,1,0.91,1021,0
10.62,Millets,Loam,0,0,0.81,1311,0
13.85,Cotton,Loam,1,0,0.89,1203,0
11.1,Rice,Loam,0,0,0.47,585,0
1.38,Cotton,Black,0,1,0.69,1126,0
9.91,Millets,Black,0,1,0.5,826,0
9.93,Wheat,Loam,1,0,0.81,601,0
5.05,Rice,Sandy,1,0,0.93,692,0
1.37,Sugarcane,Black,0,1,0.25,1419,0
9.0,Wheat,Clay,1,1,0.27,919,0
8.68,Wheat,Loam,0,0,0.6,360,0
6.66,Millets,Clay,0,0,0.86,310,0
6.03,Wheat,Clay,1,1,0.51,570,1
7.95,Cotton,Sandy,1,1,0.78,449,1
5.73,Rice,Clay,1,0,0.88,385,0
13.7,Cotton,Clay,1,0,0.89,744,0
8.19,Sugarcane,Sandy,1,0,0.45,1406,0
14.0,Maize,Clay,0,0,0.75,1160,0
6.14,Sugarcane,Sandy,0,0,0.66,627,0
9.2,Millets,Clay,0,0,0.34,1257,0
12.19,Sugarcane,Clay,0,1,0.81,1275,0
12.17,Wheat,Loam,1,1,0.39,712,0
14.09,Cotton,Black,1,1,0.75,1454,1
9.74,Sugarcane,Black,0,1,0.56,554,0
9.83,Cotton,Loam,0,1,0.88,1205,0
11.52,Cotton,Black,1,1,0.5,522,1
5.37,Wheat,Clay,0,1,0.47,695,0
7.74,Millets,Sandy,0,1,0.5,500,0
1.69,Sugarcane,Black,0,0,0.94,1375,0
4.53,Sugarcane,Loam,1,1,0.63,689,1
3.12,Cotton,Loam,1,1,0.82,925,1
4.57,Cotton,Loam,1,0,0.46,1000,0
3.7,Wheat,Sandy,0,1,0.74,472,0
8.46,Maize,Clay,0,0,0.22,361,0
3.9,Rice,Loam,0,0,0.77,1415,0
3.41,Maize,Loam,0,1,0.65,1257,0
5.67,Millets,Sandy,1,0,0.33,1111,0
6.37,Millets,Sandy,0,1,0.27,1449,0
6.28,Sugarcane,Clay,0,1,0.23,1327,0
4.64,Maize,Loam,0,1,0.73,409,0
8.27,Sugarcane,Black,1,1,0.41,965,0
10.92,Rice,Loam,1,1,0.65,913,1
10.46,Wheat,Black,0,1,0.52,438,0
11.48,Sugarcane,Black,1,0,0.48,636,0
10.19,Wheat,Black,1,1,0.47,1145,0
3.22,Wheat,Black,1,0,0.22,445,0
0.95,Maize,Clay,0,0,0.71,660,0
12.39,Rice,Loam,0,1,0.25,497,0
7.96,Wheat,Sandy,1,1,0.38,518,0
0.9,Cotton,Black,1,1,0.32,668,0
13.43,Rice,Clay,1,0,0.87,972,0
7.75,Cotton,Black,0,1,0.3,369,0
9.2,Millets,Black,0,0,0.54,560,0
12.91,Rice,Clay,1,0,0.34,440,0
10.92,Maize,Black,0,0,0.85,1039,0
2.42,Cotton,Loam,1,0,0.69,864,0
10.91,Sugarcane,Loam,1,0,0.61,1297,0
12.4,Millets,Black,1,1,0.92,456,1
4.67,Sugarcane,Black,1,1,0.74,1488,1
5.33,Sugarcane,Sandy,1,0,0.63,665,0
11.1,Millets,Sandy,1,1,0.55,967,1
13.31,Cotton,Loam,0,1,0.63,1150,0
4.76,Sugarcane,Black,1,0,0.52,1489,0
2.26,Millets,Loam,1,0,0.42,882,0
9.23,Sugarcane,Loam,1,1,0.58,1353,1
2.35,Cotton,Loam,1,1,0.21,540,0
7.84,Sugarcane,Sandy,1,1,0.76,832,1
3.66,Wheat,Loam,1,0,0.77,774,0
6.87,Wheat,Loam,0,0,0.49,540,0
11.82,Rice,Black,0,0,0.48,783,0
5.05,Maize,Loam,1,1,0.88,1023,1
13.01,Wheat,Loam,1,1,0.25,1286,0
5.52,Sugarcane,Loam,1,1,0.84,357,1
1.16,Wheat,Black,0,1,0.84,790,0
4.89,Maize,Sandy,1,0,0.23,1209,0
11.36,Millets,Loam,1,1,0.67,1495,1
7.72,Cotton,Sandy,0,0,0.44,1353,0
4.34,Rice,Loam,1,1,0.28,1075,0
11.46,Maize,Black,0,0,0.34,1137,0
14.42,Rice,Sandy,0,0,0.32,1043,0
1.04,Rice,Loam,0,1,0.71,1023,0
11.36,Rice,Clay,0,1,0.73,1486,0
3.92,Wheat,Clay,1,0,0.5,902,0
0.74,Millets,Clay,1,1,0.61,444,0
8.71,Cotton,Black,1,0,0.54,965,0
5.77,Rice,Black,0,1,0.71,1498,0
1.93,Wheat,Sandy,0,0,0.78,1188,0
3.87,Sugarcane,Sandy,0,0,0.2,1405,0
2.6,Rice,Loam,1,0,0.38,1179,0
4.26,Rice,Loam,1,1,0.64,742,1
11.09,Rice,Sandy,0,1,0.27,762,0
4.85,Cotton,Loam,1,1,0.61,759,1
14.82,Maize,Sandy,1,1,0.75,317,1
5.18,Sugarcane,Clay,0,0,0.89,1341,0
9.85,Cotton,Sandy,1,0,0.54,1171,0
5.41,Rice,Clay,1,0,0.3,856,0
14.63,Wheat,Loam,0,1,0.49,925,0
11.72,Maize,Clay,1,1,0.33,1231,0
5.94,Sugarcane,Black,1,1,0.9,800,1
2.62,Cotton,Clay,1,1,0.69,1346,1
7.74,Cotton,Black,1,1,0.43,697,0
1.92,Cotton,Loam,1,1,0.93,1121,0
3.4,Wheat,Clay,0,1,0.4,1366,0
6.23,Maize,Black,1,0,0.64,688,0
3.57,Rice,Loam,0,1,0.32,1323,0
1.67,Millets,Sandy,1,0,0.48,975,0
9.87,Sugarcane,Loam,0,1,0.91,1417,0
6.31,Cotton,Clay,1,1,0.3,411,0
0.99,Sugarcane,Loam,0,1,0.69,691,0
9.47,Millets,Clay,1,0,0.94,460,0
5.49,Sugarcane,Loam,1,0,0.25,440,0
10.15,Maize,Loam,0,0,0.82,1375,0
14.84,Cotton,Sandy,0,1,0.41,1489,0
11.35,Wheat,Sandy,0,0,0.75,724,0
6.51,Sugarcane,Black,0,1,0.63,1487,0
1.18,Sugarcane,Loam,1,1,0.5,973,0
2.18,Rice,Loam,1,0,0.31,875,0
11.79,Maize,Sandy,0,0,0.8,1270,0
2.35,Millets,Black,1,1,0.91,908,1
3.99,Wheat,Black,1,1,0.4,551,0
1.16,Wheat,Sandy,1,0,0.23,440,0
3.64,Maize,Clay,1,0,0.94,734,0
13.15,Maize,Black,1,0,0.64,1352,0
6.81,Millets,Sandy,0,0,0.81,949,0
12.62,Sugarcane,Black,0,0,0.3,757,0
14.45,Maize,Black,1,0,0.26,986,0
2.63,Sugarcane,Black,0,1,0.85,725,0
12.69,Maize,Black,1,0,0.67,1430,0
5.22,Rice,Sandy,0,1,0.65,1464,0
13.6,Wheat,Loam,0,0,0.82,1200,0
2.88,Millets,Loam,1,1,0.22,1030,0
8.6,Maize,Loam,1,1,0.35,932,0
6.03,Maize,Sandy,1,0,0.34,306,0
13.35,Sugarcane,Clay,0,0,0.3,1176,0
14.93,Cotton,Loam,0,0,0.51,1233,0
6.07,Rice,Clay,1,1,0.33,769,0
8.13,Wheat,Clay,1,1,0.86,1184,1
6.64,Sugarcane,Sandy,0,0,0.67,889,0
14.55,Maize,Sandy,1,1,0.77,1035,1
8.5,Millets,Sandy,0,0,0.88,890,0
6.52,Sugarcane,Black,0,1,0.92,528,0
11.97,Millets,Sandy,1,0,0.59,1460,0
3.76,Sugarcane,Loam,0,1,0.34,1018,0
3.07,Sugarcane,Sandy,0,0,0.43,1132,0
2.4,Rice,Black,0,1,0.88,328,0
11.17,Millets,Black,0,0,0.8,392,0
10.5,Millets,Sandy,0,1,0.87,515,0
2.66,Maize,Black,1,1,0.48,1205,0
4.39,Maize,Sandy,0,0,0.88,1430,0
14.9,Sugarcane,Clay,1,1,0.37,752,0
7.37,Rice,Black,1,1,0.85,367,1
14.96,Cotton,Black,1,0,0.38,1346,0
10.31,Rice,Clay,0,1,0.57,580,0
10.0,Cotton,Black,0,0,0.32,1110,0
5.16,Wheat,Clay,0,0,0.69,1036,0
11.9,Millets,Black,0,1,0.43,535,0
4.43,Maize,Loam,1,0,0.94,366,0
11.04,Wheat,Sandy,1,1,0.58,311,1
3.14,Millets,Loam,0,0,0.32,1290,0
4.17,Wheat,Black,0,0,0.93,813,0
7.29,Wheat,Sandy,0,1,0.32,958,0
1.15,Sugarcane,Black,0,0,0.3,1255,0
7.46,Maize,Clay,1,1,0.28,1312,0
1.45,Maize,Sandy,1,0,0.68,426,0
11.4,Maize,Clay,0,1,0.26,1439,0
7.05,Millets,Clay,0,1,0.31,932,0
4.85,Maize,Loam,1,0,0.53,1421,0
14.83,Millets,Black,1,0,0.6,878,0
12.68,Cotton,Clay,1,0,0.44,982,0
9.79,Maize,Loam,0,1,0.63,346,0
4.13,Cotton,Sandy,0,1,0.26,1412,0
10.23,Maize,Loam,0,1,0.24,700,0
7.07,Millets,Black,1,0,0.44,921,0
8.4,Rice,Clay,0,0,0.81,1076,0
7.94,Rice,Sandy,1,0,0.86,926,0
2.83,Rice,Sandy,0,0,0.52,1010,0
3.35,Rice,Sandy,1,1,0.59,733,1
11.55,Wheat,Loam,1,1,0.78,1469,1
1.67,Rice,Loam,0,1,0.5,571,0
9.81,Cotton,Sandy,0,0,0.56,542,0
3.78,Maize,Black,0,1,0.53,1185,0
4.83,Rice,Loam,0,1,0.84,852,0
1.93,Rice,Sandy,1,1,0.4,1181,0
10.28,Cotton,Black,0,0,0.8,1475,0
5.68,Wheat,Loam,0,0,0.8,424,0
5.96,Maize,Black,0,1,0.56,1202,0
9.57,Sugarcane,Black,1,1,0.44,1214,0
8.76,Millets,Clay,1,1,0.67,550,1
4.98,Rice,Loam,1,0,0.84,953,0
7.44,Rice,Sandy,1,1,0.83,690,1
7.99,Sugarcane,Black,0,0,0.82,1399,0
7.74,Millets,Clay,0,0,0.37,1222,0
3.32,Millets,Sandy,0,1,0.95,497,0
6.71,Millets,Sandy,0,0,0.88,478,0
1.66,Maize,Sandy,0,0,0.91,671,0
11.83,Maize,Clay,0,0,0.91,1232,0
8.97,Wheat,Sandy,1,1,0.77,336,1
4.2,Wheat,Loam,1,1,0.25,1032,0
4.57,Cotton,Black,0,1,0.74,1375,0
4.27,Maize,Loam,0,0,0.71,908,0
9.85,Millets,Sandy,0,1,0.24,1122,0
12.69,Rice,Clay,1,0,0.8,377,0
5.54,Rice,Loam,0,0,0.59,547,0
8.45,Maize,Sandy,1,1,0.57,1146,1
10.97,Maize,Black,1,0,0.61,879,0
9.89,Rice,Loam,0,0,0.77,381,0
6.26,Cotton,Sandy,1,1,0.93,597,1
13.24,Wheat,Sandy,0,1,0.78,1473,0
11.77,Sugarcane,Black,0,1,0.53,449,0
12.94,Sugarcane,Clay,1,0,0.63,862,0
5.42,Millets,Sandy,0,1,0.26,315,0
5.72,Millets,Loam,0,1,0.42,1488,0
7.59,Rice,Sandy,0,0,0.65,1097,0
8.98,Sugarcane,Clay,1,1,0.39,661,0
12.22,Maize,Loam,1,1,0.25,794,0
6.47,Millets,Loam,0,1,0.77,1268,0
8.58,Cotton,Loam,0,0,0.74,585,0
9.75,Sugarcane,Black,0,1,0.24,478,0
5.22,Maize,Loam,0,0,0.9,1037,0
11.15,Sugarcane,Clay,0,1,0.74,1254,0
9.2,Cotton,Black,0,1,0.6,1233,0
9.75,Rice,Black,0,0,0.51,1143,0
13.9,Wheat,Loam,0,0,0.54,1490,0
2.29,Rice,Sandy,1,1,0.46,327,0
10.29,Sugarcane,Sandy,1,0,0.56,500,0
6.1,Rice,Black,0,0,0.47,425,0
2.67,Rice,Clay,1,1,0.59,1188,1
11.66,Wheat,Sandy,0,0,0.91,1118,0
7.45,Maize,Loam,1,0,0.91,1111,0
10.13,Sugarcane,Black,0,0,0.94,690,0
6.44,Sugarcane,Black,0,0,0.67,1187,0
1.27,Rice,Loam,0,0,0.49,631,0
0.54,Sugarcane,Sandy,1,1,0.78,414,0
11.22,Wheat,Black,0,1,0.51,1088,0
7.23,Millets,Clay,1,1,0.94,652,1
8.43,Sugarcane,Clay,1,1,0.28,303,0
6.15,Sugarcane,Clay,0,0,0.57,414,0
13.28,Maize,Loam,0,0,0.9,613,0
13.69,Maize,Loam,0,1,0.62,309,0
3.47,Millets,Black,0,1,0.25,1139,0
1.1,Sugarcane,Loam,1,1,0.47,550,0
11.55,Rice,Clay,1,0,0.94,844,0
12.79,Sugarcane,Sandy,1,0,0.83,1089,0
3.69,Millets,Black,1,0,0.43,1113,0
1.91,Millets,Clay,1,1,0.8,443,0
5.98,Rice,Black,1,1,0.44,1173,0
13.38,Wheat,Loam,0,0,0.29,624,0
9.8,Maize,Sandy,1,0,0.51,707,0
13.84,Maize,Clay,0,1,0.69,1452,0
3.54,Sugarcane,Loam,1,0,0.84,1032,0
13.87,Maize,Sandy,0,0,0.32,1178,0
11.17,Millets,Loam,1,0,0.38,733,0
7.03,Millets,Loam,0,0,0.49,806,0
2.91,Wheat,Black,1,0,0.88,1011,0
10.96,Maize,Clay,0,1,0.21,1347,0
5.91,Millets,Sandy,1,1,0.46,859,0
1.29,Wheat,Clay,1,0,0.27,920,0
4.13,Millets,Loam,1,0,0.33,349,0
9.83,Wheat,Black,1,0,0.74,563,0
5.42,Maize,Clay,1,1,0.69,1294,1
11.08,Cotton,Clay,1,0,0.93,652,0
11.06,Sugarcane,Loam,0,0,0.61,1194,0
12.83,Sugarcane,Black,1,1,0.95,606,1
4.01,Rice,Sandy,0,1,0.58,1225,0
8.87,Maize,Black,0,0,0.41,1031,0
8.97,Rice,Sandy,1,0,0.68,867,0
3.93,Wheat,Loam,1,1,0.78,950,1
5.46,Sugarcane,Sandy,1,1,0.6,1284,1
1.21,Wheat,Clay,0,0,0.71,371,0
2.74,Cotton,Loam,0,1,0.61,1499,0
13.75,Rice,Clay,0,0,0.34,659,0
11.97,Rice,Black,1,0,0.3,670,0
6.98,Millets,Sandy,1,0,0.27,1412,0
11.87,Maize,Sandy,0,0,0.75,1120,0
4.25,Maize,Sandy,1,1,0.34,999,0
11.81,Rice,Clay,1,0,0.43,546,0
14.69,Sugarcane,Black,0,1,0.93,1061,0
4.31,Cotton,Loam,0,1,0.74,1087,0
1.71,Rice,Black,1,0,0.46,461,0
8.19,Millets,Sandy,1,0,0.54,746,0
8.31,Cotton,Black,0,1,0.3,625,0
14.09,Maize,Loam,1,1,0.43,726,0
11.91,Rice,Black,1,1,0.92,973,1
6.78,Sugarcane,Sandy,0,1,0.39,1097,0
1.47,Wheat,Loam,1,1,0.65,1264,0
11.0,Millets,Clay,1,1,0.22,1103,0
11.28,Wheat,Loam,1,1,0.71,1333,1
10.06,Cotton,Black,0,1,0.41,1463,0
8.7,Sugarcane,Sandy,1,0,0.22,625,0
4.23,Cotton,Clay,0,1,0.46,1339,0
13.87,Cotton,Clay,0,0,0.77,454,0
11.84,Maize,Black,1,1,0.47,988,0
9.35,Millets,Clay,1,1,0.54,1182,1
5.84,Sugarcane,Black,0,0,0.63,1394,0
6.43,Millets,Clay,1,1,0.46,783,0
4.08,Sugarcane,Sandy,1,0,0.89,1103,0
8.68,Wheat,Black,1,1,0.62,860,1
3.32,Wheat,Sandy,1,0,0.87,391,0
8.47,Sugarcane,Clay,1,1,0.57,630,1
13.19,Rice,Black,1,1,0.24,1481,0
2.94,Cotton,Clay,0,1,0.84,687,0
8.59,Wheat,Black,0,1,0.25,1186,0
3.02,Wheat,Clay,0,1,0.81,753,0
8.77,Wheat,Black,0,1,0.81,1449,0
11.94,Rice,Black,0,0,0.28,976,0
7.72,Cotton,Black,1,0,0.34,1137,0
4.81,Maize,Loam,0,1,0.49,1073,0
5.59,Rice,Sandy,1,0,0.48,1350,0
13.88,Millets,Black,1,1,0.8,993,1
9.59,Sugarcane,Sandy,0,0,0.39,476,0
9.03,Wheat,Black,0,1,0.27,1370,0
9.47,Wheat,Sandy,1,1,0.94,959,1
1.01,Maize,Black,0,0,0.8,952,0
0.71,Cotton,Black,1,1,0.27,601,0
9.75,Wheat,Black,1,0,0.79,536,0
3.12,Cotton,Black,1,1,0.3,473,0
12.36,Cotton,Loam,0,1,0.55,855,0
7.13,Maize,Loam,0,0,0.72,322,0
11.26,Maize,Loam,0,0,0.54,507,0
9.27,Rice,Loam,0,0,0.77,530,0
6.49,Millets,Clay,0,0,0.69,1196,0
14.75,Rice,Clay,1,1,0.6,308,1
11.09,Rice,Loam,0,1,0.83,506,0
10.08,Wheat,Clay,0,0,0.35,755,0
7.17,Cotton,Clay,1,1,0.63,1476,1
6.73,Cotton,Sandy,1,0,0.65,499,0
7.25,Rice,Clay,1,0,0.43,399,0
8.13,Maize,Loam,0,0,0.63,1132,0
10.73,Wheat,Loam,1,1,0.67,361,1
11.08,Rice,Clay,1,0,0.87,824,0
6.97,Maize,Sandy,1,0,0.21,1118,0
10.55,Rice,Loam,1,1,0.59,490,1
1.88,Cotton,Sandy,1,1,0.39,1136,0
3.92,Cotton,Sandy,0,1,0.26,992,0
5.58,Wheat,Black,0,0,0.33,1324,0
1.84,Maize,Clay,1,1,0.27,1207,0
3.89,Maize,Black,0,1,0.85,1246,0
8.43,Sugarcane,Sandy,0,0,0.26,1460,0
11.17,Cotton,Clay,0,0,0.43,789,0
4.22,Sugarcane,Sandy,1,0,0.21,1297,0
9.36,Millets,Sandy,1,1,0.76,367,1
2.64,Millets,Loam,1,1,0.82,586,1
5.34,Rice,Black,0,0,0.21,625,0
10.16,Millets,Sandy,1,0,0.31,809,0
14.26,Maize,Black,1,0,0.41,1402,0
13.35,Cotton,Clay,1,0,0.51,1013,0
11.57,Maize,Clay,1,0,0.81,919,0
10.31,Wheat,Loam,1,0,0.87,1311,0
10.53,Maize,Clay,0,0,0.63,609,0
0.67,Maize,Clay,1,1,0.81,761,0
8.95,Sugarcane,Sandy,1,1,0.32,1281,0
1.05,Maize,Loam,1,0,0.43,817,0
14.37,Wheat,Sandy,0,0,0.22,1484,0
1.63,Maize,Black,0,0,0.4,1365,0
8.09,Rice,Sandy,1,0,0.24,1486,0
10.33,Cotton,Sandy,1,0,0.92,943,0
5.94,Sugarcane,Loam,0,1,0.23,751,0
9.25,Maize,Loam,0,0,0.45,761,0
2.88,Maize,Loam,1,0,0.3,906,0
13.44,Cotton,Loam,0,1,0.6,578,0
2.55,Cotton,Black,1,1,0.85,954,1
2.37,Cotton,Black,0,0,0.89,1292,0
8.62,Rice,Clay,1,0,0.35,804,0
1.56,Sugarcane,Black,0,0,0.49,507,0
10.74,Wheat,Sandy,0,0,0.89,1048,0
9.77,Millets,Clay,0,1,0.33,457,0
12.55,Maize,Loam,0,0,0.21,670,0
14.23,Cotton,Sandy,1,0,0.65,1450,0
11.46,Wheat,Loam,0,0,0.23,993,0
1.76,Wheat,Sandy,1,1,0.84,918,0
9.0,Sugarcane,Black,1,1,0.37,1351,0
9.46,Wheat,Loam,1,1,0.48,385,0
5.65,Wheat,Black,1,1,0.41,1233,0
4.65,Sugarcane,Loam,0,0,0.71,1232,0
4.65,Cotton,Black,1,1,0.59,655,1
3.39,Wheat,Sandy,1,1,0.44,1327,0
2.46,Millets,Sandy,0,1,0.23,1385,0
1.9,Cotton,Clay,0,0,0.29,675,0
8.36,Millets,Black,0,1,0.77,1190,0
6.86,Millets,Loam,1,1,0.25,414,0
9.49,Maize,Loam,1,0,0.52,328,0
11.46,Wheat,Clay,0,0,0.93,795,0
4.53,Maize,Black,1,0,0.22,522,0
0.83,Millets,Clay,0,1,0.89,1115,0
1.19,Cotton,Black,1,0,0.34,1036,0
4.47,Rice,Black,0,0,0.61,1319,0
1.1,Millets,Sandy,1,0,0.54,321,0
8.29,Wheat,Black,1,0,0.57,1248,0
8.29,Cotton,Clay,0,1,0.78,800,0
14.13,Sugarcane,Loam,0,1,0.71,534,0
2.64,Wheat,Sandy,0,0,0.46,915,0
4.84,Millets,Clay,0,0,0.73,1126,0
9.08,Millets,Loam,0,1,0.6,1372,0
10.99,Millets,Black,0,1,0.53,808,0
6.13,Sugarcane,Sandy,1,0,0.64,690,0
8.63,Cotton,Loam,1,0,0.66,1132,0
12.71,Millets,Loam,1,1,0.72,840,1
3.43,Cotton,Sandy,1,0,0.78,1261,0
12.92,Cotton,Loam,0,1,0.34,1397,0
3.33,Sugarcane,Clay,1,0,0.76,1011,0
9.85,Cotton,Black,1,1,0.41,314,0
13.07,Rice,Black,0,1,0.48,1500,0
8.14,Maize,Sandy,0,0,0.43,1376,0
0.65,Cotton,Sandy,1,0,0.41,1488,0
3.27,Millets,Sandy,1,1,0.3,612,0
5.09,Sugarcane,Sandy,0,0,0.62,1306,0
11.34,Rice,Loam,0,0,0.93,381,0
2.42,Sugarcane,Clay,1,1,0.69,360,1
10.76,Wheat,Clay,1,0,0.78,623,0
13.97,Rice,Black,1,0,0.87,420,0
6.07,Millets,Sandy,1,1,0.77,1056,1
7.92,Rice,Black,0,0,0.59,663,0
12.79,Millets,Clay,1,0,0.84,336,0
1.07,Wheat,Clay,0,0,0.69,446,0
7.51,Rice,Loam,1,1,0.93,1227,1
11.78,Cotton,Clay,1,0,0.6,581,0
11.79,Cotton,Sandy,0,0,0.63,1181,0
13.24,Maize,Sandy,0,0,0.79,827,0
11.71,Sugarcane,Clay,0,0,0.21,880,0
11.25,Cotton,Loam,1,1,0.31,311,0
11.25,Maize,Black,0,1,0.28,900,0
14.17,Rice,Loam,1,1,0.61,832,1
9.26,Cotton,Clay,0,1,0.38,936,0
12.79,Millets,Loam,1,0,0.67,1198,0
7.34,Maize,Black,0,0,0.78,1143,0
4.89,Millets,Loam,0,1,0.52,328,0
12.55,Millets,Loam,1,1,0.87,432,1
11.12,Cotton,Clay,0,0,0.25,899,0
14.8,Rice,Clay,0,0,0.54,840,0
7.21,Cotton,Clay,1,0,0.84,401,0
5.71,Millets,Clay,0,1,0.81,835,0
5.13,Wheat,Clay,1,0,0.33,993,0
12.95,Wheat,Sandy,0,0,0.23,366,0
8.94,Maize,Sandy,1,0,0.59,921,0
1.13,Cotton,Black,0,0,0.86,1412,0
7.4,Maize,Black,1,0,0.41,1012,0
14.54,Wheat,Black,1,1,0.79,1304,1
1.41,Wheat,Sandy,1,1,0.58,468,0
12.36,Sugarcane,Clay,0,0,0.75,1027,0
10.91,Millets,Clay,0,1,0.4,496,0
13.7,Cotton,Sandy,1,1,0.43,1030,0
4.39,Maize,Clay,1,1,0.83,669,1
8.13,Sugarcane,Clay,0,0,0.25,613,0
9.73,Maize,Loam,0,0,0.52,546,0
6.38,Cotton,Clay,0,0,0.21,607,0
9.9,Sugarcane,Loam,1,0,0.85,793,0
10.16,Cotton,Loam,1,0,0.5,1487,0
10.13,Rice,Black,0,0,0.92,933,0
2.52,Maize,Black,1,0,0.4,541,0
5.79,Rice,Loam,0,1,0.26,553,0
2.92,Sugarcane,Loam,0,1,0.57,1244,0
13.0,Cotton,Black,0,0,0.35,851,0
10.94,Wheat,Sandy,0,1,0.69,731,0
12.95,Cotton,Clay,0,1,0.24,1211,0
10.14,Rice,Black,0,1,0.23,1046,0
3.96,Rice,Clay,0,1,0.94,548,0
2.36,Rice,Loam,0,1,0.38,806,0
9.81,Rice,Loam,0,1,0.68,1178,0
4.87,Maize,Sandy,1,1,0.21,537,0
6.93,Millets,Black,0,0,0.39,1192,0
8.6,Cotton,Clay,1,0,0.69,1149,0
10.45,Wheat,Black,0,0,0.62,1405,0
6.75,Maize,Loam,0,1,0.28,1048,0
3.41,Millets,Sandy,0,1,0.29,892,0
11.85,Rice,Sandy,0,1,0.37,743,0
7.99,Wheat,Sandy,1,0,0.84,434,0
6.44,Millets,Clay,1,0,0.32,458,0
5.76,Cotton,Clay,1,1,0.56,642,1
2.12,Sugarcane,Clay,0,0,0.78,963,0
12.91,Maize,Black,0,0,0.4,1319,0
8.83,Wheat,Sandy,0,0,0.28,1038,0
5.96,Cotton,Sandy,1,0,0.9,465,0
7.85,Cotton,Black,0,0,0.66,602,0
14.35,Millets,Loam,0,0,0.74,1377,0
9.85,Maize,Sandy,0,1,0.63,780,0
2.48,Rice,Clay,0,1,0.44,799,0
11.65,Millets,Black,0,1,0.22,813,0
11.22,Cotton,Black,0,1,0.54,518,0
13.03,Wheat,Sandy,1,0,0.89,1093,0
2.48,Millets,Clay,1,0,0.32,1334,0
4.07,Rice,Loam,0,0,0.61,1359,0
7.26,Maize,Loam,1,0,0.33,1230,0
0.81,Maize,Sandy,1,1,0.47,1043,0
9.95,Rice,Black,0,1,0.31,1143,0
8.72,Maize,Black,0,0,0.22,1126,0
1.87,Maize,Sandy,0,1,0.56,1172,0
14.98,Millets,Loam,1,0,0.58,674,0
7.63,Cotton,Clay,1,0,0.77,762,0
4.94,Rice,Sandy,1,1,0.83,677,1
12.16,Cotton,Sandy,1,0,0.51,1211,0
1.3,Millets,Loam,0,0,0.29,968,0
14.08,Wheat,Sandy,1,0,0.59,1118,0
6.67,Sugarcane,Clay,1,1,0.85,544,1
12.11,Maize,Black,1,1,0.37,660,0
10.01,Maize,Clay,0,0,0.7,567,0
11.39,Rice,Sandy,0,0,0.34,1133,0
3.05,Rice,Clay,0,0,0.26,689,0
9.38,Rice,Clay,1,0,0.74,1202,0
12.88,Maize,Clay,0,1,0.82,332,0
10.87,Cotton,Sandy,0,1,0.7,878,0
3.86,Wheat,Loam,1,1,0.86,850,1
13.23,Millets,Loam,0,1,0.71,763,0
3.33,Sugarcane,Loam,0,1,0.65,763,0
5.18,Sugarcane,Sandy,0,0,0.2,1177,0
13.56,Rice,Loam,0,1,0.51,985,0
3.07,Cotton,Sandy,0,0,0.4,562,0
7.98,Millets,Sandy,0,1,0.26,1344,0
8.81,Sugarcane,Black,1,1,0.48,392,0
1.12,Sugarcane,Clay,1,1,0.65,1069,0
13.04,Sugarcane,Black,1,0,0.36,1491,0
10.66,Maize,Loam,0,1,0.31,908,0
13.11,Wheat,Clay,0,0,0.34,757,0
10.0,Millets,Clay,0,0,0.44,542,0
7.91,Millets,Clay,1,0,0.38,976,0
3.34,Maize,Loam,1,1,0.67,460,1
6.13,Rice,Sandy,1,0,0.66,1330,0
2.98,Millets,Black,0,0,0.6,1005,0
13.07,Millets,Loam,0,1,0.8,586,0
1.35,Sugarcane,Sandy,0,0,0.83,961,0
4.21,Rice,Loam,0,1,0.48,333,0
12.9,Maize,Sandy,1,1,0.55,1216,1
5.22,Cotton,Black,1,1,0.91,379,1
11.19,Cotton,Black,0,1,0.23,609,0
1.92,Wheat,Black,1,0,0.72,1420,0
10.22,Cotton,Sandy,1,0,0.68,341,0
5.24,Millets,Black,0,1,0.69,436,0
2.2,Cotton,Black,1,0,0.23,921,0
11.64,Millets,Sandy,1,1,0.83,1327,1
6.24,Rice,Black,0,0,0.71,877,0
4.46,Wheat,Clay,1,0,0.2,1041,0
13.39,Millets,Loam,1,1,0.91,612,1
2.77,Maize,Loam,1,1,0.8,913,1
12.99,Millets,Loam,0,0,0.86,1044,0
2.03,Sugarcane,Loam,0,0,0.56,1408,0
0.63,Maize,Clay,0,1,0.68,887,0
13.95,Wheat,Sandy,1,0,0.41,1332,0
3.39,Maize,Sandy,1,1,0.73,1080,1
5.02,Wheat,Clay,1,0,0.9,991,0
13.08,Rice,Loam,1,1,0.54,436,1
13.49,Millets,Loam,0,0,0.34,1220,0
9.55,Rice,Loam,1,0,0.57,359,0
1.93,Millets,Loam,0,0,0.75,969,0
9.03,Sugarcane,Clay,1,0,0.31,988,0
6.75,Rice,Black,0,0,0.73,1021,0
4.02,Millets,Loam,1,0,0.85,675,0
1.71,Sugarcane,Loam,0,1,0.83,1463,0
0.99,Wheat,Black,0,1,0.35,792,0
10.47,Rice,Clay,1,0,0.82,1129,0
1.41,Millets,Clay,1,0,0.25,819,0
10.25,Cotton,Loam,1,1,0.94,1376,1
1.21,Maize,Black,1,1,0.63,801,0
14.11,Millets,Clay,0,1,0.72,786,0
2.12,Sugarcane,Black,0,0,0.23,1037,0
3.5,Millets,Black,0,0,0.54,921,0
3.53,Rice,Sandy,0,0,0.74,625,0
5.55,Cotton,Black,0,1,0.93,560,0
3.79,Sugarcane,Black,1,0,0.23,1196,0
14.76,Maize,Clay,1,0,0.71,1204,0
10.33,Wheat,Black,0,1,0.92,760,0
12.62,Millets,Loam,0,0,0.22,802,0
14.06,Wheat,Clay,1,1,0.91,1041,1
2.66,Millets,Clay,0,0,0.5,1246,0
8.57,Cotton,Sandy,0,0,0.33,1298,0
4.87,Millets,Black,0,0,0.68,323,0
4.26,Sugarcane,Loam,0,0,0.28,908,0
11.18,Cotton,Clay,1,0,0.66,902,0
6.98,Wheat,Sandy,1,1,0.85,537,1
5.51,Sugarcane,Clay,1,0,0.27,820,0
14.49,Millets,Black,1,1,0.81,990,1
12.92,Cotton,Sandy,0,0,0.24,746,0
12.63,Sugarcane,Clay,0,0,0.86,897,0
4.89,Millets,Sandy,0,1,0.61,1482,0
4.21,Rice,Clay,1,1,0.81,1436,1
9.3,Rice,Sandy,1,0,0.27,387,0
1.89,Sugarcane,Sandy,1,1,0.72,669,0
1.81,Wheat,Sandy,1,1,0.77,1372,0
7.05,Cotton,Loam,1,0,0.52,1468,0
4.35,Cotton,Sandy,0,1,0.63,478,0
2.65,Wheat,Clay,1,1,0.45,1181,0
11.43,Maize,Sandy,0,0,0.72,442,0
10.1,Cotton,Loam,0,0,0.39,1056,0
2.38,Cotton,Clay,0,0,0.95,1386,0
12.93,Millets,Loam,1,0,0.7,796,0
4.95,Rice,Black,1,1,0.62,1372,1
10.95,Maize,Black,1,1,0.28,965,0
6.23,Millets,Loam,1,0,0.7,1404,0
5.83,Millets,Black,0,0,0.65,631,0
2.87,Maize,Black,1,1,0.37,1348,0
12.4,Rice,Black,0,0,0.52,577,0
3.48,Maize,Black,0,1,0.71,1244,0
14.6,Sugarcane,Clay,0,1,0.29,853,0
2.51,Sugarcane,Loam,0,1,0.29,1263,0
5.44,Maize,Clay,1,0,0.39,879,0
9.86,Wheat,Clay,0,0,0.42,628,0
3.68,Maize,Loam,0,0,0.82,380,0
11.85,Rice,Clay,1,0,0.31,801,0
14.74,Rice,Sandy,1,0,0.49,1436,0
12.73,Rice,Black,1,0,0.9,1095,0
3.25,Sugarcane,Loam,1,1,0.57,963,1
2.86,Millets,Sandy,1,1,0.71,649,1
3.75,Millets,Black,1,0,0.83,683,0
5.82,Wheat,Black,1,1,0.21,1212,0
14.51,Wheat,Loam,0,0,0.35,1158,0
7.11,Maize,Loam,0,0,0.8,563,0
8.85,Maize,Sandy,0,0,0.25,685,0
2.73,Cotton,Sandy,1,0,0.49,300,0
3.05,Maize,Sandy,1,0,0.54,768,0
5.32,Sugarcane,Clay,0,0,0.37,873,0
12.8,Millets,Clay,1,1,0.77,1208,1
3.43,Cotton,Loam,1,1,0.49,1177,0
5.24,Cotton,Black,1,1,0.95,771,1
5.12,Sugarcane,Clay,0,0,0.67,1459,0
7.13,Wheat,Loam,1,0,0.78,1284,0
5.83,Maize,Sandy,0,1,0.46,741,0
9.73,Rice,Sandy,0,0,0.41,1407,0
4.43,Sugarcane,Sandy,1,1,0.35,1270,0
0.79,Maize,Clay,0,1,0.44,777,0
9.96,Millets,Clay,0,0,0.32,701,0
10.33,Wheat,Sandy,0,1,0.61,1408,0
11.26,Millets,Loam,1,0,0.45,1228,0
13.18,Sugarcane,Loam,1,1,0.76,539,1
7.75,Cotton,Sandy,1,1,0.89,990,1
1.87,Sugarcane,Clay,0,1,0.4,1365,0
1.03,Rice,Black,1,0,0.43,389,0
2.57,Rice,Clay,1,1,0.61,919,1
4.62,Rice,Sandy,1,1,0.38,310,0
5.87,Wheat,Sandy,0,0,0.31,639,0
1.4,Rice,Clay,0,0,0.56,1492,0
12.69,Sugarcane,Sandy,0,1,0.66,1072,0
6.26,Cotton,Clay,1,0,0.36,1416,0
4.35,Maize,Loam,1,0,0.37,1029,0
6.47,Sugarcane,Sandy,1,1,0.62,1316,1
10.61,Maize,Loam,0,0,0.2,588,0
1.03,Wheat,Black,0,1,0.54,801,0
13.36,Wheat,Black,0,1,0.22,675,0
11.9,Millets,Sandy,0,1,0.41,917,0
6.96,Wheat,Loam,0,1,0.22,576,0
12.03,Rice,Sandy,0,0,0.5,1404,0
1.24,Rice,Black,1,1,0.94,368,0
11.1,Sugarcane,Loam,1,1,0.7,1306,1
2.44,Rice,Clay,0,1,0.55,1032,0
12.8,Cotton,Black,0,0,0.3,955,0
12.0,Wheat,Sandy,0,1,0.75,475,0
3.19,Maize,Clay,1,0,0.63,1026,0
6.66,Maize,Clay,0,1,0.29,518,0
3.55,Wheat,Clay,1,0,0.21,1360,0
5.18,Wheat,Sandy,0,1,0.53,809,0
1.36,Maize,Black,0,0,0.94,794,0
10.68,Cotton,Loam,1,1,0.45,343,0
7.15,Wheat,Clay,0,0,0.24,1085,0
4.29,Millets,Black,0,1,0.94,570,0
8.5,Wheat,Clay,0,1,0.85,456,0
6.19,Maize,Sandy,0,0,0.2,1107,0
5.6,Maize,Black,0,0,0.63,417,0
6.41,Rice,Sandy,1,1,0.57,767,1
11.0,Sugarcane,Black,0,0,0.86,908,0
3.23,Sugarcane,Sandy,1,0,0.86,634,0
13.3,Cotton,Sandy,0,0,0.43,770,0
10.27,Rice,Loam,0,0,0.43,1254,0
6.44,Cotton,Clay,0,1,0.62,834,0
14.67,Sugarcane,Loam,1,0,0.48,581,0
11.99,Wheat,Sandy,0,0,0.2,1294,0
4.72,Cotton,Loam,0,1,0.95,975,0
8.91,Sugarcane,Sandy,0,1,0.77,1480,0
5.71,Rice,Loam,0,1,0.7,1290,0
2.23,Wheat,Sandy,0,0,0.7,1049,0
5.75,Wheat,Loam,0,0,0.56,1499,0
11.77,Millets,Sandy,1,1,0.42,1168,0
12.12,Maize,Sandy,0,1,0.47,707,0
13.4,Rice,Clay,1,1,0.59,1148,1
13.56,Rice,Sandy,1,1,0.57,1357,1
1.66,Sugarcane,Loam,1,1,0.76,741,0
5.57,Rice,Clay,0,1,0.9,379,0
10.92,Sugarcane,Sandy,1,0,0.68,435,0
5.23,Wheat,Loam,1,0,0.85,1370,0
6.65,Wheat,Black,0,1,0.75,543,0
10.82,Millets,Sandy,0,1,0.8,758,0
0.82,Millets,Loam,1,0,0.74,1126,0
4.67,Sugarcane,Sandy,0,0,0.39,782,0
10.82,Maize,Sandy,1,0,0.49,1199,0
11.09,Rice,Loam,0,0,0.34,696,0
4.46,Maize,Black,1,0,0.42,1426,0
8.46,Rice,Loam,0,0,0.23,1426,0
7.38,Cotton,Black,1,1,0.46,1372,0
3.86,Millets,Clay,0,0,0.93,719,0
9.37,Rice,Black,0,0,0.24,798,0
4.18,Millets,Loam,1,1,0.45,890,0
5.51,Millets,Black,0,0,0.4,492,0
6.42,Sugarcane,Black,0,0,0.65,1204,0
1.61,Millets,Clay,1,1,0.35,1383,0
10.15,Sugarcane,Clay,0,0,0.59,609,0
10.31,Rice,Clay,0,0,0.45,1220,0
1.88,Wheat,Sandy,0,0,0.89,975,0
10.32,Maize,Loam,0,1,0.22,717,0
0.86,Sugarcane,Loam,0,0,0.47,335,0
5.09,Cotton,Black,0,0,0.51,790,0
14.54,Millets,Loam,1,1,0.73,1260,1
12.17,Cotton,Loam,1,0,0.51,1358,0
8.48,Millets,Clay,1,1,0.34,784,0
11.64,Wheat,Loam,0,1,0.61,1054,0
2.5,Rice,Sandy,0,1,0.54,427,0
5.21,Cotton,Clay,0,1,0.22,1326,0
10.77,Maize,Black,0,1,0.28,1283,0
0.64,Rice,Loam,1,1,0.47,724,0
5.93,Rice,Loam,1,1,0.5,1352,1
3.25,Maize,Loam,0,1,0.95,1165,0
5.84,Cotton,Sandy,0,1,0.66,476,0
0.94,Sugarcane,Sandy,0,1,0.71,1302,0
10.35,Cotton,Sandy,1,0,0.75,520,0
4.69,Sugarcane,Sandy,1,1,0.78,1366,1
7.24,Millets,Black,0,0,0.69,1500,0
7.25,Sugarcane,Clay,1,0,0.69,551,0
8.17,Rice,Black,1,1,0.29,488,0
12.25,Cotton,Clay,0,0,0.33,1146,0
9.58,Wheat,Black,0,1,0.58,353,0
13.43,Maize,Clay,0,1,0.38,466,0
13.35,Cotton,Loam,1,1,0.41,765,0
8.41,Cotton,Black,0,1,0.21,550,0
14.62,Millets,Loam,1,1,0.83,1055,1
14.49,Sugarcane,Clay,1,1,0.37,914,0
12.06,Wheat,Clay,0,1,0.78,863,0
11.72,Wheat,Loam,0,1,0.93,636,0
9.26,Millets,Loam,0,1,0.31,753,0
6.96,Rice,Loam,0,1,0.4,1077,0
2.8,Millets,Sandy,0,0,0.51,704,0
2.61,Sugarcane,Black,1,0,0.92,1021,0
4.46,Cotton,Sandy,1,1,0.86,429,1
2.25,Millets,Loam,1,0,0.54,856,0
4.62,Maize,Loam,0,0,0.27,1380,0
13.7,Wheat,Black,0,0,0.92,832,0
8.18,Cotton,Black,1,0,0.9,1203,0
1.54,Millets,Loam,1,0,0.53,1213,0
12.26,Maize,Clay,0,0,0.87,1148,0
13.83,Sugarcane,Black,1,1,0.3,964,0
1.17,Sugarcane,Clay,1,0,0.73,656,0
0.79,Millets,Sandy,1,0,0.48,734,0
11.42,Wheat,Clay,1,1,0.59,337,1
2.36,Sugarcane,Black,1,1,0.49,973,0
12.06,Cotton,Sandy,0,0,0.41,705,0
10.68,Maize,Sandy,1,0,0.21,1327,0
9.69,Cotton,Clay,0,0,0.74,1468,0
13.74,Sugarcane,Black,1,1,0.36,1305,0
11.3,Millets,Black,0,1,0.83,1152,0
9.75,Maize,Sandy,1,0,0.77,1086,0
1.94,Wheat,Loam,1,1,0.79,566,0
13.64,Millets,Clay,1,0,0.69,690,0
14.6,Rice,Loam,1,0,0.28,1294,0
2.61,Wheat,Sandy,0,0,0.66,645,0
13.96,Rice,Black,0,1,0.93,714,0
8.09,Maize,Black,0,0,0.6,1282,0
0.79,Wheat,Loam,1,1,0.24,585,0
14.63,Millets,Sandy,0,0,0.91,937,0
11.43,Rice,Loam,1,0,0.54,873,0
10.22,Cotton,Sandy,0,0,0.74,891,0
1.3,Maize,Clay,0,0,0.32,983,0
10.38,Sugarcane,Loam,1,1,0.89,728,1
13.59,Sugarcane,Black,0,1,0.74,301,0
7.33,Sugarcane,Black,0,0,0.88,1006,0
11.31,Rice,Black,1,0,0.29,471,0
13.79,Sugarcane,Loam,0,1,0.72,927,0
12.59,Rice,Sandy,1,0,0.51,787,0
9.7,Maize,Clay,1,1,0.41,1499,0
13.53,Cotton,Black,0,1,0.83,1022,0
1.83,Cotton,Black,0,0,0.27,467,0
5.17,Wheat,Sandy,1,0,0.92,1039,0
7.08,Maize,Sandy,1,1,0.77,671,1
13.76,Sugarcane,Black,0,1,0.21,397,0
2.73,Wheat,Loam,1,1,0.53,1327,1
14.44,Maize,Black,0,0,0.6,1223,0
4.64,Wheat,Black,1,1,0.82,511,1
11.79,Rice,Clay,1,0,0.23,503,0
2.14,Cotton,Black,1,1,0.44,1061,0
9.02,Maize,Clay,1,1,0.47,979,0
7.15,Wheat,Black,0,0,0.77,938,0
8.64,Sugarcane,Loam,1,0,0.33,688,0
6.02,Rice,Loam,1,0,0.28,1343,0
3.36,Millets,Loam,0,0,0.75,762,0
13.92,Cotton,Black,1,0,0.41,458,0
4.71,Wheat,Loam,1,0,0.29,1109,0
5.52,Cotton,Sandy,1,1,0.53,1268,1
2.34,Rice,Black,0,1,0.64,1465,0
5.42,Sugarcane,Loam,0,0,0.29,1263,0
5.85,Sugarcane,Clay,0,0,0.37,1341,0
6.5,Wheat,Loam,1,0,0.93,908,0
1.31,Cotton,Loam,0,0,0.32,679,0
1.45,Sugarcane,Loam,1,1,0.6,662,0
7.78,Wheat,Sandy,0,0,0.5,818,0
2.67,Rice,Black,1,0,0.21,572,0
4.98,Cotton,Clay,1,1,0.6,913,1
14.97,Wheat,Black,0,1,0.78,1381,0
14.08,Wheat,Clay,1,0,0.64,581,0
9.84,Millets,Black,1,1,0.54,356,1
14.78,Cotton,Sandy,0,1,0.45,1440,0
2.24,Wheat,Sandy,1,1,0.53,1332,1
7.03,Cotton,Black,0,0,0.48,377,0
0.67,Cotton,Black,1,1,0.84,681,0
7.12,Wheat,Loam,0,1,0.46,1249,0
14.14,Maize,Clay,0,1,0.85,658,0
6.36,Rice,Loam,0,0,0.48,528,0
6.56,Wheat,Sandy,1,1,0.67,1138,1
6.02,Rice,Clay,1,1,0.49,1280,0
11.05,Maize,Sandy,1,0,0.39,1022,0
2.47,Cotton,Sandy,1,0,0.48,1134,0
1.94,Cotton,Black,0,0,0.73,553,0
2.23,Sugarcane,Sandy,0,1,0.3,545,0
1.79,Wheat,Sandy,0,1,0.26,411,0
1.12,Maize,Clay,1,1,0.57,333,0
1.6,Millets,Black,0,1,0.78,568,0
9.73,Millets,Sandy,0,1,0.57,470,0
9.67,Cotton,Black,0,1,0.76,483,0
3.0,Wheat,Black,0,0,0.21,512,0
2.5,Wheat,Black,0,1,0.65,1465,0
5.45,Cotton,Loam,1,0,0.46,1013,0
9.98,Wheat,Sandy,0,1,0.72,1364,0
6.14,Sugarcane,Clay,0,1,0.58,423,0
0.88,Cotton,Black,0,0,0.93,722,0
1.15,Cotton,Sandy,1,0,0.67,1149,0
10.68,Wheat,Loam,1,0,0.84,1461,0
14.1,Rice,Loam,1,0,0.61,1490,0
1.71,Cotton,Clay,0,0,0.31,675,0
11.65,Maize,Sandy,0,1,0.6,754,0
7.25,Cotton,Clay,0,1,0.8,619,0
7.92,Sugarcane,Loam,1,0,0.66,1478,0
0.85,Rice,Loam,0,0,0.49,338,0
14.8,Millets,Loam,1,0,0.28,443,0
8.3,Maize,Black,0,1,0.29,615,0
12.65,Sugarcane,Loam,1,1,0.83,682,1
13.33,Sugarcane,Black,1,1,0.78,400,1
5.83,Wheat,Loam,1,1,0.6,734,1
1.28,Rice,Black,1,0,0.65,1495,0
3.47,Millets,Loam,0,0,0.49,1182,0
12.32,Maize,Clay,1,0,0.58,492,0
2.7,Sugarcane,Clay,1,1,0.66,887,1
10.81,Millets,Loam,1,1,0.21,1467,0
8.45,Cotton,Loam,0,0,0.45,817,0
3.17,Cotton,Black,0,0,0.38,1356,0
6.48,Cotton,Loam,0,1,0.31,1328,0
11.87,Cotton,Loam,1,1,0.26,313,0
11.83,Sugarcane,Black,1,1,0.82,385,1
1.33,Wheat,Clay,1,0,0.27,1037,0
5.64,Wheat,Loam,1,1,0.8,1444,1
4.76,Rice,Black,0,0,0.26,682,0
13.84,Maize,Sandy,1,0,0.38,690,0
11.59,Cotton,Black,1,0,0.24,812,0
0.96,Maize,Sandy,1,0,0.56,1484,0
13.17,Sugarcane,Loam,0,0,0.83,1218,0
7.05,Cotton,Sandy,1,1,0.59,395,1
9.01,Rice,Sandy,0,1,0.82,1134,0
9.77,Cotton,Clay,1,0,0.27,838,0
4.13,Rice,Black,0,0,0.75,457,0
13.02,Cotton,Loam,0,1,0.67,953,0
11.92,Cotton,Clay,1,0,0.8,573,0
7.56,Sugarcane,Black,0,1,0.48,1339,0
1.71,Millets,Loam,1,1,0.41,1136,0
11.9,Maize,Clay,0,0,0.84,1168,0
11.75,Sugarcane,Clay,1,0,0.56,1010,0
6.33,Cotton,Black,1,0,0.51,864,0
9.56,Sugarcane,Black,0,1,0.24,594,0
4.48,Cotton,Sandy,0,1,0.93,1044,0
7.37,Sugarcane,Sandy,1,0,0.3,1343,0
2.77,Sugarcane,Black,1,1,0.31,695,0
7.21,Rice,Clay,0,1,0.31,352,0
13.89,Maize,Loam,1,1,0.32,729,0
6.38,Sugarcane,Clay,0,0,0.4,515,0
11.59,Wheat,Sandy,0,0,0.72,1315,0
3.35,Wheat,Sandy,1,1,0.46,1390,0
2.11,Wheat,Sandy,0,1,0.91,921,0
13.84,Cotton,Loam,0,0,0.65,1298,0
14.05,Cotton,Black,1,0,0.53,984,0
4.35,Maize,Black,0,0,0.89,641,0
2.86,Maize,Clay,1,1,0.34,1251,0
3.32,Cotton,Loam,0,1,0.85,1178,0
10.68,Cotton,Loam,0,1,0.9,589,0
14.35,Maize,Black,1,0,0.73,414,0
3.19,Wheat,Clay,0,1,0.39,319,0
9.87,Cotton,Black,0,1,0.61,538,0
4.53,Millets,Loam,0,1,0.86,542,0
11.55,Rice,Black,1,1,0.83,692,1
14.83,Millets,Black,1,1,0.21,823,0
14.16,Wheat,Sandy,1,1,0.34,732,0
4.55,Rice,Clay,0,0,0.59,1088,0
1.13,Cotton,Sandy,1,1,0.8,1000,0
9.86,Wheat,Black,1,1,0.36,1217,0
1.01,Rice,Black,0,1,0.88,1343,0
7.89,Millets,Loam,1,1,0.91,1426,1
10.18,Millets,Loam,0,0,0.63,424,0
13.52,Maize,Clay,1,0,0.41,1457,0
6.96,Sugarcane,Loam,0,1,0.41,1110,0
1.97,Cotton,Black,1,1,0.76,351,0
1.48,Rice,Sandy,1,1,0.45,1147,0
13.28,Sugarcane,Black,1,0,0.92,839,0
1.2,Maize,Black,0,0,0.3,886,0
8.71,Rice,Sandy,0,0,0.78,444,0
4.84,Maize,Clay,1,1,0.4,1260,0
8.13,Rice,Black,1,0,0.69,528,0
2.59,Sugarcane,Clay,0,0,0.88,301,0
2.25,Rice,Sandy,0,0,0.71,728,0
2.45,Sugarcane,Clay,0,0,0.71,498,0
12.94,Cotton,Clay,1,1,0.22,930,0
3.83,Sugarcane,Sandy,0,0,0.62,544,0
0.52,Rice,Clay,0,1,0.35,1275,0
10.23,Sugarcane,Clay,1,0,0.6,1256,0
4.16,Sugarcane,Sandy,0,0,0.66,602,0
7.19,Sugarcane,Clay,0,0,0.65,1061,0
14.03,Sugarcane,Black,0,1,0.28,847,0
7.56,Cotton,Black,1,0,0.39,865,0
7.4,Millets,Sandy,0,1,0.39,346,0
4.13,Sugarcane,Loam,1,0,0.43,945,0
7.52,Rice,Clay,1,1,0.67,821,1
10.18,Sugarcane,Black,1,1,0.92,581,1
12.2,Cotton,Black,0,1,0.88,1376,0
2.65,Wheat,Clay,0,1,0.22,390,0
9.62,Rice,Black,0,1,0.41,788,0
9.35,Cotton,Clay,1,0,0.51,723,0
7.09,Wheat,Sandy,1,1,0.8,1064,1
4.03,Wheat,Clay,1,1,0.9,1272,1
11.16,Sugarcane,Loam,0,1,0.28,609,0
3.23,Wheat,Clay,0,1,0.77,357,0
7.76,Sugarcane,Clay,1,1,0.85,314,1
14.65,Sugarcane,Clay,1,1,0.34,393,0
3.81,Maize,Sandy,1,1,0.46,1321,0
10.29,Rice,Clay,1,0,0.36,618,0
4.41,Rice,Clay,0,1,0.67,1052,0
13.59,Cotton,Sandy,1,0,0.72,611,0
1.14,Wheat,Loam,1,1,0.86,1176,0
13.65,Rice,Black,0,1,0.53,1064,0
8.99,Maize,Sandy,0,1,0.86,1060,0
12.83,Sugarcane,Sandy,0,1,0.25,558,0
4.51,Sugarcane,Loam,0,0,0.29,1175,0
9.7,Wheat,Loam,1,0,0.27,1037,0
8.8,Wheat,Loam,0,1,0.44,981,0
4.96,Sugarcane,Clay,0,0,0.41,430,0
10.65,Wheat,Loam,1,0,0.32,339,0
1.15,Millets,Loam,0,0,0.44,1428,0
13.78,Wheat,Clay,1,1,0.33,898,0
6.62,Sugarcane,Sandy,0,0,0.92,500,0
11.93,Maize,Loam,0,1,0.29,1175,0
4.4,Maize,Black,0,1,0.46,1292,0
8.3,Wheat,Clay,1,0,0.88,519,0
12.39,Millets,Sandy,1,0,0.87,872,0
3.47,Cotton,Loam,1,0,0.61,1200,0
2.35,Wheat,Loam,1,1,0.4,1054,0
1.82,Rice,Loam,1,0,0.49,1028,0
7.62,Rice,Clay,0,1,0.78,845,0
3.88,Sugarcane,Black,0,0,0.22,612,0
5.9,Rice,Black,1,1,0.53,344,1
4.27,Wheat,Black,0,1,0.63,353,0
4.49,Sugarcane,Loam,0,0,0.26,1008,0
4.65,Wheat,Clay,1,1,0.8,452,1
11.6,Rice,Sandy,1,0,0.54,616,0
4.44,Cotton,Loam,0,1,0.81,1158,0
8.11,Cotton,Sandy,1,1,0.53,855,1
10.08,Wheat,Sandy,0,0,0.54,1018,0
5.31,Sugarcane,Black,0,1,0.31,953,0
8.03,Sugarcane,Clay,1,1,0.48,479,0
7.55,Sugarcane,Loam,1,0,0.37,440,0
13.81,Wheat,Black,1,1,0.8,1036,1
6.63,Wheat,Clay,0,0,0.52,910,0
3.32,Millets,Clay,1,1,0.88,1350,1
9.94,Wheat,Clay,1,0,0.75,620,0
2.52,Millets,Loam,1,0,0.55,977,0
11.89,Millets,Loam,1,1,0.86,1040,1
12.9,Maize,Loam,0,0,0.37,837,0
14.37,Rice,Loam,1,1,0.67,995,1
2.0,Rice,Loam,0,0,0.66,1398,0
1.82,Cotton,Sandy,0,0,0.77,766,0
11.04,Cotton,Black,0,0,0.57,925,0
11.42,Sugarcane,Sandy,1,0,0.68,821,0
8.36,Sugarcane,Loam,1,1,0.22,881,0
1.98,Rice,Black,1,1,0.55,483,0
13.36,Rice,Clay,1,1,0.92,522,1
5.63,Millets,Loam,0,0,0.52,1360,0
4.6,Sugarcane,Loam,0,1,0.68,919,0
2.89,Maize,Clay,0,0,0.6,376,0
4.4,Cotton,Clay,1,1,0.84,1390,1
9.47,Cotton,Clay,1,1,0.74,1300,1
8.25,Wheat,Sandy,0,1,0.43,344,0
7.96,Rice,Sandy,0,1,0.44,331,0
1.85,Maize,Loam,0,1,0.73,845,0
7.41,Sugarcane,Sandy,1,0,0.69,1248,0
8.44,Sugarcane,Clay,1,1,0.73,395,1
10.71,Cotton,Loam,0,1,0.83,1164,0
13.53,Cotton,Clay,1,1,0.94,698,1
12.9,Cotton,Black,1,1,0.75,823,1
4.95,Millets,Sandy,0,1,0.36,918,0
3.37,Rice,Clay,0,0,0.64,1130,0
9.51,Millets,Clay,0,1,0.28,528,0
8.22,Maize,Sandy,1,0,0.37,1158,0
3.4,Maize,Sandy,0,1,0.77,563,0
8.58,Maize,Clay,1,1,0.63,1069,1
14.26,Sugarcane,Sandy,0,0,0.81,459,0
3.67,Cotton,Loam,1,1,0.62,1011,1
5.22,Millets,Black,1,1,0.69,802,1
10.56,Cotton,Clay,1,0,0.57,533,0
6.77,Wheat,Black,0,1,0.23,666,0
2.28,Cotton,Clay,1,0,0.45,453,0
10.02,Cotton,Loam,0,0,0.27,518,0
4.6,Cotton,Loam,0,0,0.8,1418,0
1.13,Cotton,Sandy,0,0,0.89,603,0
1.05,Sugarcane,Clay,0,0,0.93,773,0
9.09,Millets,Black,1,1,0.73,1447,1
9.61,Wheat,Black,1,0,0.55,725,0
2.56,Sugarcane,Clay,0,1,0.24,1117,0
9.63,Maize,Clay,0,1,0.85,1496,0
13.6,Cotton,Sandy,1,0,0.6,592,0
1.03,Wheat,Black,0,0,0.42,737,0
8.72,Maize,Loam,0,0,0.92,647,0
11.03,Wheat,Sandy,0,1,0.23,1177,0
12.93,Cotton,Loam,0,1,0.59,1207,0
5.78,Wheat,Sandy,1,0,0.33,418,0
10.67,Maize,Black,0,1,0.58,1435,0
3.38,Millets,Loam,0,1,0.91,617,0
1.73,Maize,Sandy,0,0,0.92,828,0
6.82,Sugarcane,Sandy,1,1,0.5,625,1
4.83,Wheat,Black,1,1,0.79,580,1
11.06,Sugarcane,Loam,0,1,0.88,750,0
9.16,Sugarcane,Sandy,1,0,0.63,346,0
12.77,Millets,Sandy,0,1,0.67,1325,0
13.06,Cotton,Loam,0,1,0.42,862,0
8.26,Maize,Loam,0,1,0.66,566,0
9.37,Sugarcane,Sandy,0,1,0.68,1165,0
5.62,Sugarcane,Black,0,0,0.66,586,0
10.61,Cotton,Sandy,0,0,0.89,654,0
12.23,Millets,Clay,0,0,0.33,866,0
7.93,Sugarcane,Black,1,0,0.22,551,0
13.43,Millets,Loam,1,1,0.75,352,1
6.35,Maize,Black,0,0,0.63,1351,0
13.6,Rice,Clay,0,1,0.2,1323,0
12.93,Rice,Clay,1,0,0.54,688,0
8.24,Wheat,Sandy,1,1,0.55,1186,1
6.73,Millets,Clay,0,1,0.56,544,0
4.31,Sugarcane,Sandy,0,1,0.29,912,0
10.97,Maize,Clay,1,0,0.31,471,0
9.38,Sugarcane,Loam,1,1,0.8,877,1
8.84,Sugarcane,Clay,0,1,0.77,1061,0
5.85,Millets,Sandy,0,1,0.85,1346,0
14.37,Rice,Clay,1,0,0.61,471,0
9.32,Wheat,Sandy,0,1,0.76,871,0
5.97,Rice,Black,1,1,0.54,1488,1
6.53,Cotton,Loam,0,0,0.47,907,0
11.4,Wheat,Loam,0,0,0.68,989,0
11.68,Cotton,Black,0,0,0.49,995,0
4.4,Cotton,Loam,1,1,0.21,688,0
8.43,Rice,Black,1,0,0.24,414,0
13.87,Maize,Loam,1,1,0.87,771,1
7.55,Cotton,Sandy,1,1,0.46,632,0
11.7,Rice,Loam,0,0,0.59,1364,0
13.72,Maize,Loam,1,0,0.33,839,0
13.8,Sugarcane,Black,1,0,0.45,487,0
8.13,Maize,Black,0,0,0.89,324,0
5.81,Maize,Clay,0,0,0.78,407,0
13.13,Cotton,Clay,0,0,0.81,1427,0
1.33,Wheat,Sandy,1,0,0.2,759,0
3.88,Cotton,Loam,0,0,0.43,401,0
3.27,Wheat,Clay,1,0,0.93,603,0
2.03,Sugarcane,Loam,1,1,0.24,1302,0
4.0,Sugarcane,Loam,0,0,0.56,316,0
9.58,Cotton,Black,1,0,0.48,1142,0
12.55,Wheat,Sandy,1,1,0.8,714,1
8.46,Maize,Sandy,0,0,0.79,439,0
2.55,Millets,Sandy,0,1,0.66,913,0
2.46,Rice,Loam,0,0,0.85,1132,0
1.36,Sugarcane,Sandy,0,0,0.42,836,0
10.51,Cotton,Black,1,1,0.21,869,0
13.09,Wheat,Loam,0,0,0.33,1224,0
13.38,Wheat,Black,1,1,0.72,987,1
11.26,Rice,Clay,0,1,0.24,483,0
13.64,Maize,Clay,0,0,0.82,614,0
6.05,Millets,Loam,1,0,0.67,946,0
10.67,Wheat,Black,0,0,0.67,1309,0
12.61,Sugarcane,Sandy,0,0,0.43,1085,0
4.27,Millets,Black,0,0,0.81,925,0
8.38,Sugarcane,Loam,0,0,0.45,422,0
10.44,Millets,Clay,0,0,0.92,1279,0
10.01,Cotton,Black,0,0,0.82,1032,0
11.22,Millets,Loam,0,0,0.31,625,0
7.44,Wheat,Clay,0,1,0.61,1314,0
13.92,Rice,Loam,0,1,0.34,1185,0
10.28,Wheat,Black,1,0,0.42,958,0
4.69,Rice,Loam,0,0,0.25,1126,0
4.43,Cotton,Clay,0,0,0.59,1469,0
7.65,Cotton,Sandy,1,0,0.58,637,0
7.03,Sugarcane,Sandy,0,1,0.43,570,0
7.25,Maize,Sandy,1,0,0.6,980,0
1.34,Sugarcane,Black,1,0,0.95,686,0
1.21,Wheat,Black,1,0,0.36,1103,0
6.43,Cotton,Sandy,1,0,0.91,416,0
14.5,Maize,Clay,0,0,0.42,1117,0
10.63,Cotton,Black,0,0,0.76,317,0
10.48,Cotton,Sandy,1,1,0.81,588,1
7.34,Millets,Black,1,1,0.56,963,1
8.02,Millets,Sandy,1,0,0.37,680,0
8.48,Sugarcane,Sandy,0,1,0.91,815,0
11.17,Maize,Black,1,0,0.79,562,0
9.91,Cotton,Loam,0,0,0.83,1028,0
9.12,Sugarcane,Loam,0,0,0.5,626,0
1.41,Wheat,Clay,0,1,0.49,629,0
10.31,Wheat,Sandy,0,0,0.64,1415,0
13.5,Millets,Clay,0,0,0.3,1485,0
14.95,Maize,Loam,1,1,0.86,390,1
0.64,Wheat,Loam,0,1,0.66,787,0
11.26,Rice,Sandy,1,1,0.56,726,1
5.79,Sugarcane,Clay,1,1,0.65,447,1
4.48,Maize,Black,1,0,0.7,378,0
12.24,Millets,Clay,1,1,0.67,352,1
7.95,Wheat,Sandy,1,0,0.23,1000,0
14.3,Rice,Black,1,0,0.59,1226,0
3.55,Millets,Black,0,1,0.49,1025,0
14.86,Rice,Loam,1,0,0.67,1059,0
10.08,Cotton,Clay,0,0,0.36,1451,0
6.44,Sugarcane,Sandy,0,0,0.22,1453,0
10.24,Wheat,Loam,1,0,0.38,1290,0
12.59,Wheat,Sandy,0,1,0.86,498,0
2.14,Wheat,Loam,1,0,0.55,1253,0
8.55,Rice,Sandy,0,0,0.34,700,0
3.03,Millets,Black,1,0,0.75,892,0
1.27,Maize,Loam,0,1,0.92,1342,0
1.02,Sugarcane,Sandy,1,1,0.74,314,0
3.38,Cotton,Loam,1,0,0.56,454,0
10.22,Maize,Black,1,1,0.84,1169,1
12.44,Cotton,Sandy,1,1,0.7,1152,1
0.88,Maize,Loam,1,0,0.95,1442,0
8.78,Millets,Loam,1,0,0.55,632,0
5.19,Millets,Sandy,1,0,0.62,802,0
5.03,Cotton,Loam,0,1,0.23,805,0
10.5,Cotton,Loam,0,1,0.66,1386,0
5.62,Sugarcane,Black,1,0,0.5,1259,0
11.96,Cotton,Sandy,0,0,0.56,665,0
3.22,Rice,Sandy,0,1,0.85,1337,0
6.74,Millets,Loam,1,1,0.33,1162,0
4.88,Wheat,Loam,0,0,0.73,658,0
4.11,Cotton,Clay,1,1,0.64,1083,1
14.11,Cotton,Clay,0,1,0.82,1390,0
4.71,Cotton,Sandy,0,1,0.35,1421,0
7.87,Wheat,Black,0,0,0.57,717,0
5.54,Maize,Loam,1,0,0.36,1284,0
7.47,Wheat,Sandy,1,1,0.52,665,1
3.89,Rice,Sandy,0,0,0.85,1277,0
4.18,Rice,Loam,0,0,0.27,348,0
5.43,Maize,Clay,1,0,0.44,348,0
10.96,Rice,Black,1,1,0.92,1271,1
1.94,Wheat,Sandy,0,1,0.74,1216,0
3.48,Cotton,Clay,1,1,0.51,963,1
14.66,Sugarcane,Clay,1,0,0.6,871,0
11.41,Maize,Clay,0,1,0.75,953,0
7.29,Millets,Loam,1,1,0.43,1147,0
7.51,Wheat,Sandy,1,1,0.73,691,1
6.92,Rice,Black,1,1,0.44,1059,0
11.05,Maize,Sandy,1,0,0.88,609,0
4.41,Cotton,Loam,1,0,0.53,1327,0
8.08,Millets,Clay,0,0,0.6,1034,0
6.9,Sugarcane,Sandy,0,1,0.36,1113,0
10.04,Maize,Loam,1,0,0.45,718,0
13.28,Rice,Sandy,0,1,0.61,993,0
13.42,Wheat,Loam,1,0,0.72,714,0
12.68,Rice,Loam,1,0,0.7,1003,0
13.68,Sugarcane,Black,1,0,0.78,698,0
3.24,Cotton,Black,0,1,0.34,1012,0
14.86,Wheat,Clay,1,1,0.65,1379,1
4.16,Sugarcane,Sandy,0,0,0.75,1408,0
0.54,Maize,Clay,0,1,0.35,820,0
4.06,Cotton,Black,0,1,0.29,310,0
9.6,Millets,Black,1,0,0.78,723,0
14.08,Rice,Black,0,1,0.25,705,0
3.12,Maize,Clay,1,0,0.48,1471,0
3.93,Wheat,Loam,0,0,0.87,928,0
2.99,Millets,Clay,0,0,0.26,479,0
4.54,Millets,Sandy,0,0,0.74,1338,0
14.75,Millets,Loam,1,0,0.47,826,0
7.68,Rice,Loam,0,1,0.73,495,0
4.8,Wheat,Loam,1,0,0.4,1252,0
3.8,Rice,Sandy,1,0,0.47,1079,0
7.6,Wheat,Loam,1,0,0.27,1484,0
14.54,Maize,Loam,1,1,0.42,1076,0
1.67,Wheat,Loam,1,1,0.47,575,0
6.63,Maize,Sandy,0,1,0.59,1448,0
6.75,Cotton,Black,0,0,0.57,543,0
4.32,Maize,Sandy,1,1,0.68,335,1
10.48,Maize,Sandy,1,1,0.25,1358,0
2.01,Maize,Loam,1,0,0.43,943,0
6.26,Millets,Clay,1,1,0.74,1450,1
8.44,Millets,Black,0,0,0.83,1088,0
10.11,Maize,Sandy,0,0,0.46,528,0
7.34,Wheat,Clay,1,1,0.88,1410,1
11.1,Millets,Loam,0,0,0.61,505,0
9.27,Millets,Black,1,1,0.54,480,1
7.18,Rice,Clay,1,1,0.69,1179,1
1.81,Cotton,Loam,0,0,0.35,525,0
2.07,Sugarcane,Sandy,1,0,0.94,647,0
11.75,Rice,Black,1,1,0.48,817,0
7.29,Millets,Sandy,1,1,0.62,705,1
6.69,Sugarcane,Sandy,1,0,0.3,933,0
2.98,Maize,Black,1,0,0.87,566,0
5.38,Millets,Black,0,0,0.5,908,0
10.54,Wheat,Clay,0,0,0.87,820,0
11.66,Sugarcane,Black,0,1,0.86,775,0
10.68,Sugarcane,Black,0,0,0.25,457,0
7.62,Wheat,Loam,0,1,0.86,1111,0
1.86,Cotton,Black,0,0,0.81,491,0
5.19,Maize,Black,1,0,0.63,1116,0
2.26,Sugarcane,Clay,0,0,0.9,854,0
1.85,Sugarcane,Sandy,0,0,0.95,1006,0
14.84,Wheat,Clay,1,0,0.8,1250,0
1.99,Cotton,Black,0,1,0.55,1130,0
14.1,Cotton,Sandy,1,1,0.48,1427,0
2.19,Sugarcane,Sandy,1,1,0.65,924,1
7.91,Cotton,Clay,1,0,0.82,672,0
0.59,Sugarcane,Black,0,1,0.32,1062,0
10.31,Sugarcane,Loam,0,1,0.91,1449,0
11.59,Rice,Loam,0,0,0.49,1142,0
7.27,Wheat,Black,1,0,0.7,775,0
4.23,Rice,Black,0,0,0.67,863,0
5.09,Cotton,Clay,0,0,0.65,483,0
13.4,Millets,Black,1,0,0.22,738,0
4.58,Millets,Loam,0,0,0.78,1187,0
3.25,Maize,Sandy,0,1,0.58,854,0
12.81,Cotton,Black,0,0,0.53,301,0
10.75,Wheat,Sandy,0,0,0.74,550,0
8.29,Millets,Black,0,1,0.45,1266,0
5.44,Cotton,Clay,0,1,0.72,473,0
1.93,Sugarcane,Clay,0,1,0.22,410,0
13.87,Rice,Sandy,1,1,0.48,300,0
12.89,Millets,Sandy,1,0,0.89,886,0
12.53,Millets,Loam,0,0,0.23,845,0
4.15,Cotton,Loam,0,0,0.88,1229,0
14.98,Cotton,Loam,0,1,0.23,1118,0
2.9,Rice,Black,0,0,0.36,521,0
8.29,Millets,Loam,0,1,0.37,349,0
4.34,Maize,Loam,1,0,0.88,839,0
1.45,Maize,Black,1,1,0.36,924,0
7.06,Maize,Clay,1,0,0.22,1287,0
2.92,Maize,Sandy,0,0,0.48,950,0
10.08,Rice,Sandy,1,0,0.56,612,0
4.76,Maize,Clay,1,1,0.38,749,0
6.24,Millets,Loam,0,0,0.86,758,0
4.2,Rice,Sandy,1,0,0.66,743,0
4.67,Wheat,Loam,1,0,0.2,1438,0
12.87,Rice,Black,0,0,0.9,1014,0
3.41,Sugarcane,Clay,0,1,0.8,1065,0
1.22,Maize,Sandy,1,1,0.43,1229,0
14.2,Rice,Sandy,0,1,0.41,524,0
6.46,Maize,Black,1,0,0.92,465,0
0.57,Millets,Loam,0,1,0.5,898,0
3.76,Millets,Loam,1,0,0.75,672,0
3.47,Sugarcane,Black,1,0,0.43,845,0
6.53,Rice,Clay,0,0,0.74,848,0
7.65,Maize,Sandy,1,0,0.34,1470,0
12.61,Maize,Sandy,1,0,0.78,1458,0
9.58,Wheat,Black,1,0,0.33,817,0
11.05,Millets,Black,0,0,0.21,1215,0
2.13,Rice,Sandy,1,0,0.57,301,0
3.21,Cotton,Loam,0,1,0.7,1183,0
10.61,Maize,Loam,1,0,0.64,679,0
13.36,Maize,Clay,0,0,0.58,1000,0
8.94,Maize,Loam,1,1,0.62,402,1
12.7,Rice,Black,0,0,0.48,1325,0
5.25,Millets,Black,0,1,0.55,837,0
14.96,Millets,Sandy,1,0,0.5,1017,0
4.97,Rice,Sandy,0,0,0.45,493,0
6.63,Cotton,Loam,1,1,0.62,491,1
9.15,Wheat,Black,1,0,0.36,617,0
10.57,Millets,Loam,1,0,0.76,813,0
3.16,Millets,Clay,1,1,0.41,620,0
8.06,Millets,Sandy,1,1,0.21,823,0
3.8,Wheat,Loam,0,0,0.26,1456,0
12.64,Cotton,Sandy,0,1,0.38,894,0
9.39,Sugarcane,Black,0,1,0.81,441,0
7.84,Sugarcane,Black,1,1,0.46,1370,0
2.22,Sugarcane,Loam,0,0,0.5,1022,0
8.45,Millets,Sandy,1,1,0.38,541,0
13.17,Sugarcane,Loam,1,0,0.24,1346,0
12.74,Sugarcane,Sandy,0,1,0.52,1261,0
7.17,Wheat,Sandy,1,1,0.75,1045,1
4.22,Sugarcane,Loam,1,1,0.63,1335,1
6.96,Sugarcane,Clay,1,1,0.78,889,1
10.96,Wheat,Loam,1,0,0.36,984,0
6.24,Maize,Loam,0,1,0.72,445,0
3.25,Maize,Loam,0,0,0.44,550,0
12.26,Wheat,Black,0,0,0.34,1309,0
11.16,Sugarcane,Black,0,0,0.92,684,0
6.32,Rice,Black,0,1,0.25,594,0
14.41,Rice,Black,0,1,0.34,953,0
8.11,Cotton,Clay,1,0,0.3,1413,0
6.59,Wheat,Black,0,1,0.78,1212,0
13.64,Maize,Black,0,0,0.66,764,0
2.0,Millets,Black,0,1,0.21,1245,0
4.13,Wheat,Black,1,1,0.79,958,1
1.49,Millets,Loam,0,1,0.91,1258,0
8.6,Rice,Sandy,0,1,0.5,1488,0
2.98,Maize,Sandy,0,1,0.85,1425,0
5.72,Sugarcane,Black,0,1,0.78,502,0
6.47,Maize,Black,0,0,0.73,1397,0
6.39,Cotton,Sandy,0,1,0.49,369,0
6.9,Cotton,Black,1,0,0.78,308,0
6.2,Sugarcane,Black,1,1,0.37,943,0
4.83,Sugarcane,Black,0,1,0.39,1212,0
2.06,Cotton,Clay,1,0,0.53,338,0
12.66,Cotton,Loam,1,1,0.74,1332,1
1.56,Wheat,Clay,1,0,0.71,762,0
7.58,Cotton,Clay,0,0,0.59,729,0
5.21,Wheat,Loam,1,1,0.5,504,1
7.8,Wheat,Clay,0,1,0.77,543,0
12.14,Wheat,Sandy,1,0,0.27,550,0
3.96,Cotton,Sandy,0,0,0.92,447,0
1.11,Sugarcane,Clay,1,1,0.21,1423,0
10.61,Wheat,Clay,1,1,0.28,1490,0
12.72,Cotton,Sandy,1,0,0.72,523,0
5.47,Millets,Black,0,0,0.63,1254,0
14.37,Rice,Black,1,1,0.22,1471,0
14.15,Sugarcane,Clay,1,1,0.81,1364,1
2.21,Rice,Clay,1,0,0.73,850,0
12.68,Sugarcane,Black,1,0,0.65,762,0
1.76,Rice,Black,1,1,0.68,1403,0
13.96,Cotton,Black,1,0,0.86,530,0
13.82,Maize,Loam,1,1,0.34,983,0
10.2,Sugarcane,Clay,1,1,0.5,1279,1
6.02,Maize,Sandy,1,0,0.76,826,0
5.51,Maize,Clay,0,0,0.3,435,0
4.89,Rice,Black,1,1,0.24,1279,0
8.31,Maize,Black,1,1,0.33,1212,0
11.8,Cotton,Sandy,0,0,0.73,784,0
4.43,Wheat,Loam,0,0,0.32,1400,0
7.62,Rice,Clay,0,1,0.51,978,0
3.76,Wheat,Clay,0,0,0.89,1187,0
11.32,Cotton,Loam,0,0,0.35,1284,0
5.27,Maize,Black,1,0,0.66,588,0
2.47,Sugarcane,Clay,0,1,0.47,794,0
10.01,Cotton,Clay,0,1,0.6,376,0
9.1,Millets,Clay,0,0,0.84,823,0
9.06,Sugarcane,Clay,0,1,0.7,591,0
14.9,Rice,Sandy,0,0,0.3,1312,0
5.99,Wheat,Black,0,1,0.22,1205,0
7.7,Cotton,Clay,0,0,0.44,1257,0
0.99,Sugarcane,Sandy,0,1,0.44,1307,0
6.8,Wheat,Sandy,0,1,0.76,535,0
14.16,Millets,Sandy,0,0,0.81,878,0
4.96,Wheat,Black,1,0,0.45,687,0
9.56,Sugarcane,Sandy,1,1,0.2,792,0
6.22,Cotton,Clay,0,1,0.53,1022,0
11.06,Sugarcane,Clay,1,0,0.88,336,0
7.96,Wheat,Sandy,1,0,0.37,1295,0
14.21,Cotton,Sandy,0,0,0.37,907,0
12.29,Wheat,Clay,0,0,0.57,1322,0
4.57,Maize,Sandy,1,0,0.72,1282,0
2.13,Maize,Sandy,1,1,0.5,356,1
13.42,Millets,Sandy,0,0,0.93,950,0
5.79,Maize,Sandy,1,1,0.22,760,0
10.54,Millets,Clay,1,1,0.46,1103,0
10.37,Cotton,Sandy,0,0,0.73,1383,0
8.63,Cotton,Loam,0,1,0.35,971,0
12.46,Millets,Sandy,1,0,0.61,794,0
14.56,Cotton,Sandy,0,1,0.69,1076,0
0.67,Rice,Black,1,1,0.82,1251,0
14.18,Rice,Black,1,1,0.31,372,0
5.42,Sugarcane,Black,0,1,0.62,1250,0
0.71,Wheat,Sandy,0,1,0.69,442,0
11.81,Sugarcane,Black,1,1,0.38,1363,0
12.34,Rice,Clay,0,1,0.45,562,0
10.69,Cotton,Clay,1,0,0.94,936,0
2.12,Maize,Sandy,1,1,0.37,607,0
6.25,Maize,Black,0,1,0.63,399,0
5.15,Wheat,Sandy,1,0,0.63,1033,0
13.78,Sugarcane,Black,0,0,0.78,1208,0
13.63,Millets,Sandy,1,0,0.34,360,0
6.76,Cotton,Sandy,0,1,0.24,307,0
3.04,Rice,Sandy,1,0,0.54,1124,0
9.8,Sugarcane,Loam,1,0,0.91,1415,0
2.7,Cotton,Sandy,0,1,0.47,905,0
10.96,Cotton,Sandy,0,0,0.58,341,0
8.75,Rice,Black,1,1,0.52,850,1
9.65,Maize,Loam,0,0,0.93,650,0
14.71,Wheat,Sandy,0,0,0.45,1322,0
2.56,Maize,Loam,1,1,0.92,1438,1
12.81,Rice,Clay,0,1,0.21,1098,0
7.2,Cotton,Black,0,1,0.29,1320,0
3.78,Millets,Loam,0,0,0.53,346,0
5.93,Cotton,Loam,0,0,0.24,454,0
5.24,Wheat,Black,0,1,0.72,552,0
12.66,Sugarcane,Black,1,1,0.26,900,0
1.45,Millets,Sandy,0,1,0.93,399,0
1.03,Maize,Black,1,0,0.83,798,0
13.19,Millets,Clay,1,0,0.8,745,0
1.36,Sugarcane,Clay,0,1,0.22,1461,0
11.74,Maize,Loam,0,1,0.61,610,0
9.1,Maize,Black,0,0,0.52,455,0
0.66,Wheat,Black,1,1,0.27,963,0
11.14,Cotton,Clay,1,1,0.91,1027,1
1.8,Sugarcane,Black,0,1,0.73,407,0
5.98,Wheat,Sandy,0,0,0.79,584,0
11.55,Sugarcane,Clay,1,1,0.83,806,1
3.45,Rice,Black,1,0,0.51,990,0
1.33,Wheat,Black,1,1,0.85,918,0
6.92,Maize,Clay,1,0,0.82,1061,0
13.3,Rice,Clay,1,1,0.93,1321,1
5.36,Rice,Clay,1,1,0.88,413,1
4.74,Wheat,Black,0,1,0.46,681,0
4.96,Wheat,Clay,0,0,0.38,1347,0
1.03,Cotton,Clay,0,0,0.65,367,0
2.42,Sugarcane,Sandy,1,0,0.65,1182,0
9.49,Rice,Loam,1,1,0.56,434,1
12.63,Cotton,Black,1,1,0.78,1195,1
6.54,Sugarcane,Loam,1,1,0.33,1106,0
10.61,Cotton,Clay,0,1,0.66,845,0
0.9,Sugarcane,Loam,1,1,0.32,1081,0
1.13,Rice,Loam,0,0,0.45,850,0
4.77,Sugarcane,Clay,1,0,0.32,780,0
4.07,Wheat,Clay,1,1,0.26,888,0
14.21,Wheat,Sandy,1,1,0.79,875,1
2.47,Maize,Sandy,0,1,0.77,492,0
3.6,Rice,Black,0,1,0.24,1249,0
10.84,Sugarcane,Clay,0,0,0.33,573,0
12.24,Millets,Loam,1,0,0.67,846,0
1.65,Cotton,Black,0,0,0.3,589,0
1.51,Millets,Clay,0,1,0.53,1139,0
7.65,Millets,Loam,1,1,0.3,885,0
5.75,Cotton,Sandy,1,1,0.8,1228,1
0.82,Cotton,Black,0,1,0.77,691,0
0.59,Rice,Clay,1,1,0.71,1314,0
4.62,Cotton,Clay,1,1,0.81,1092,1
12.15,Rice,Loam,1,1,0.8,480,1
3.5,Rice,Sandy,0,1,0.54,1138,0
8.56,Rice,Clay,0,0,0.78,510,0
6.5,Rice,Black,0,1,0.74,1171,0
5.06,Maize,Loam,0,0,0.59,1084,0
3.42,Rice,Black,1,1,0.4,453,0
6.8,Maize,Clay,0,1,0.85,1272,0
5.51,Cotton,Clay,1,0,0.47,756,0
5.35,Rice,Sandy,0,1,0.46,947,0
3.23,Maize,Loam,0,0,0.55,583,0
12.91,Millets,Black,0,0,0.76,1243,0
4.91,Sugarcane,Clay,1,0,0.87,431,0
9.71,Millets,Clay,0,0,0.79,751,0
5.12,Rice,Clay,1,0,0.29,729,0
1.12,Maize,Loam,1,0,0.4,956,0
9.08,Rice,Black,0,1,0.44,1231,0
4.71,Sugarcane,Black,1,1,0.49,964,0
3.91,Cotton,Clay,0,0,0.74,349,0
1.13,Maize,Black,1,1,0.41,771,0
8.85,Maize,Black,1,1,0.56,1105,1
8.85,Maize,Sandy,0,1,0.3,1132,0
6.4,Wheat,Sandy,1,1,0.94,560,1
6.3,Wheat,Black,0,1,0.26,1084,0
10.13,Millets,Clay,0,0,0.75,1304,0
5.04,Millets,Black,0,1,0.74,999,0
8.16,Millets,Sandy,1,1,0.69,434,1
11.92,Wheat,Loam,0,1,0.75,1484,0
9.92,Wheat,Black,1,1,0.48,973,0
12.46,Wheat,Sandy,0,0,0.51,1127,0
3.84,Wheat,Black,0,0,0.27,334,0
2.36,Maize,Black,0,0,0.4,344,0
7.92,Cotton,Black,0,0,0.61,1317,0
9.36,Rice,Clay,1,0,0.79,303,0
11.23,Cotton,Loam,0,0,0.35,1281,0
4.52,Cotton,Sandy,0,1,0.59,498,0
4.95,Millets,Black,0,0,0.82,643,0
9.66,Millets,Clay,1,1,0.86,974,1
13.3,Rice,Loam,0,0,0.82,1297,0
0.63,Sugarcane,Sandy,1,0,0.82,522,0
6.32,Rice,Sandy,1,1,0.68,467,1
12.87,Wheat,Sandy,0,1,0.27,1154,0
2.82,Wheat,Black,0,1,0.73,491,0
8.54,Cotton,Sandy,1,1,0.91,970,1
4.43,Millets,Black,1,0,0.3,1126,0
13.18,Rice,Loam,0,0,0.69,303,0
7.07,Maize,Black,1,1,0.82,1139,1
7.73,Cotton,Sandy,0,0,0.42,998,0
5.33,Maize,Sandy,0,0,0.42,640,0
9.82,Wheat,Sandy,1,1,0.47,639,0
6.04,Sugarcane,Sandy,1,0,0.78,1298,0
11.77,Millets,Clay,0,0,0.51,1286,0
10.36,Cotton,Clay,0,0,0.82,619,0
10.74,Millets,Black,0,1,0.6,1134,0
7.11,Wheat,Loam,1,0,0.43,510,0
2.47,Wheat,Clay,0,1,0.3,347,0
1.04,Maize,Black,0,1,0.55,1358,0
8.36,Millets,Sandy,0,1,0.26,743,0
2.84,Wheat,Black,1,0,0.46,1165,0
4.56,Wheat,Sandy,0,1,0.66,1203,0
8.62,Cotton,Black,0,0,0.86,1297,0
4.18,Sugarcane,Loam,1,0,0.38,302,0
2.0,Millets,Clay,1,1,0.69,402,1
13.12,Sugarcane,Loam,0,1,0.47,491,0
0.87,Maize,Clay,0,1,0.63,1023,0
9.87,Wheat,Sandy,0,1,0.34,1488,0
1.9,Maize,Black,0,0,0.38,806,0
6.43,Rice,Black,1,1,0.6,706,1
8.53,Wheat,Sandy,1,0,0.91,1144,0
12.95,Wheat,Sandy,1,0,0.25,1012,0
8.55,Rice,Clay,0,0,0.27,1437,0
9.29,Maize,Black,0,1,0.56,1049,0
14.73,Wheat,Loam,0,1,0.76,1184,0
13.3,Cotton,Black,0,1,0.91,577,0
5.74,Sugarcane,Clay,0,1,0.39,851,0
6.9,Cotton,Loam,1,1,0.22,624,0
7.55,Wheat,Sandy,0,1,0.47,658,0
11.64,Millets,Clay,0,1,0.93,389,0
9.25,Millets,Loam,0,1,0.44,489,0
1.05,Millets,Clay,0,1,0.24,1351,0
3.53,Cotton,Clay,0,1,0.23,1125,0
6.61,Maize,Loam,0,1,0.42,568,0
8.71,Wheat,Sandy,1,1,0.72,891,1
6.14,Cotton,Loam,0,1,0.52,508,0
9.95,Cotton,Loam,1,0,0.61,917,0
7.34,Cotton,Black,1,0,0.26,1341,0
1.17,Millets,Clay,0,1,0.34,311,0
1.17,Sugarcane,Clay,1,1,0.76,355,0
1.87,Maize,Clay,0,0,0.79,592,0
12.16,Cotton,Black,0,0,0.2,440,0
4.78,Sugarcane,Clay,0,0,0.63,1467,0
1.11,Wheat,Sandy,0,0,0.41,1339,0
12.3,Wheat,Black,1,0,0.44,1160,0
7.82,Rice,Loam,1,0,0.78,312,0
9.26,Rice,Clay,0,1,0.46,1459,0
10.37,Rice,Black,1,1,0.54,346,1
12.54,Wheat,Sandy,1,1,0.9,696,1
5.83,Cotton,Sandy,1,0,0.29,1032,0
2.34,Cotton,Black,0,0,0.77,1400,0
6.07,Maize,Clay,0,1,0.49,1065,0
9.26,Maize,Clay,1,1,0.46,1138,0
13.98,Maize,Loam,0,1,0.22,1281,0
8.03,Rice,Sandy,0,0,0.91,812,0
4.43,Maize,Loam,0,0,0.87,1282,0
11.39,Sugarcane,Loam,1,0,0.89,573,0
6.5,Millets,Sandy,1,1,0.68,1297,1
6.16,Cotton,Loam,1,1,0.37,753,0
12.77,Cotton,Loam,0,1,0.26,778,0
11.61,Cotton,Loam,0,0,0.52,1182,0
1.95,Rice,Black,0,0,0.27,433,0
12.69,Wheat,Loam,0,0,0.5,781,0
6.44,Millets,Sandy,0,0,0.83,833,0
8.2,Cotton,Clay,0,1,0.44,1203,0
14.62,Cotton,Loam,1,1,0.65,1211,1
12.38,Sugarcane,Clay,0,1,0.21,534,0
5.64,Millets,Black,0,0,0.73,577,0
9.46,Cotton,Black,1,1,0.73,1446,1
14.55,Sugarcane,Black,1,1,0.7,1291,1
1.0,Wheat,Clay,0,0,0.73,1305,0
14.47,Rice,Black,1,0,0.76,1360,0
2.68,Cotton,Loam,0,1,0.6,572,0
7.83,Rice,Black,1,0,0.7,931,0
11.97,Sugarcane,Black,1,0,0.47,920,0
10.62,Sugarcane,Loam,0,1,0.71,655,0
8.24,Millets,Clay,1,0,0.45,1275,0
1.03,Rice,Loam,0,1,0.84,1235,0
1.95,Millets,Black,0,1,0.63,1229,0
1.75,Millets,Clay,0,1,0.63,814,0
7.04,Sugarcane,Clay,0,0,0.84,1325,0
2.17,Maize,Sandy,0,1,0.88,1406,0
13.91,Maize,Black,1,0,0.81,496,0
4.2,Rice,Sandy,1,0,0.54,854,0
9.03,Cotton,Loam,0,0,0.63,669,0
6.05,Sugarcane,Loam,0,1,0.23,627,0
7.6,Sugarcane,Loam,1,1,0.75,1451,1
7.88,Wheat,Sandy,0,1,0.82,966,0
6.82,Maize,Sandy,0,0,0.65,1063,0
9.15,Maize,Black,1,0,0.33,917,0
9.78,Sugarcane,Loam,0,0,0.24,1093,0
8.04,Sugarcane,Loam,0,0,0.32,540,0
4.33,Rice,Clay,0,0,0.28,1004,0
13.26,Wheat,Clay,0,1,0.43,896,0
9.03,Maize,Black,0,0,0.69,1428,0
11.99,Maize,Clay,0,1,0.71,776,0
7.2,Cotton,Sandy,1,0,0.84,1211,0
12.08,Wheat,Black,1,0,0.38,1132,0
1.55,Rice,Sandy,1,1,0.63,508,0
6.95,Sugarcane,Black,1,1,0.23,1284,0
7.21,Millets,Loam,0,1,0.65,1460,0
5.46,Wheat,Clay,1,1,0.25,681,0
3.15,Rice,Loam,1,1,0.59,859,1
14.24,Millets,Loam,0,0,0.89,905,0
1.0,Rice,Loam,1,1,0.28,1087,0
6.68,Millets,Black,1,1,0.37,545,0
7.38,Rice,Sandy,0,1,0.31,332,0
10.52,Millets,Clay,0,1,0.54,984,0
12.61,Cotton,Black,0,0,0.91,1106,0
1.38,Maize,Clay,1,1,0.63,956,0
9.66,Millets,Sandy,1,1,0.33,573,0
11.54,Rice,Loam,0,1,0.52,327,0
9.99,Wheat,Clay,0,0,0.32,580,0
4.56,Maize,Sandy,1,1,0.21,987,0
14.2,Rice,Sandy,0,1,0.88,1150,0
5.42,Millets,Clay,0,1,0.66,592,0
5.5,Millets,Sandy,1,1,0.83,977,1
14.21,Maize,Black,0,0,0.82,875,0
5.4,Rice,Sandy,0,1,0.37,900,0
13.07,Rice,Loam,1,0,0.46,938,0
4.8,Cotton,Sandy,0,1,0.42,945,0
9.46,Rice,Loam,0,1,0.82,934,0
13.57,Sugarcane,Loam,0,1,0.26,1023,0
4.8,Cotton,Sandy,1,1,0.94,874,1
3.18,Maize,Loam,0,1,0.75,1447,0
8.15,Rice,Clay,1,0,0.89,1126,0
5.07,Sugarcane,Black,0,1,0.92,1047,0
5.33,Cotton,Loam,0,1,0.81,813,0
12.97,Millets,Black,1,0,0.78,582,0
5.66,Wheat,Loam,1,1,0.29,972,0
2.44,Cotton,Loam,1,1,0.57,927,1
1.04,Maize,Black,0,0,0.74,318,0
7.3,Millets,Sandy,1,1,0.77,1322,1
11.19,Maize,Black,1,1,0.24,724,0
6.18,Millets,Sandy,0,0,0.71,1152,0
3.27,Rice,Black,1,0,0.53,381,0
1.49,Maize,Sandy,1,1,0.59,1068,0
8.96,Rice,Loam,0,1,0.42,380,0
10.11,Maize,Loam,1,1,0.4,644,0
9.03,Sugarcane,Sandy,1,0,0.82,764,0
3.83,Maize,Clay,1,0,0.27,429,0
14.49,Rice,Sandy,1,1,0.41,1284,0
11.79,Rice,Black,1,0,0.35,744,0
12.72,Maize,Loam,1,0,0.43,414,0
4.69,Maize,Sandy,1,1,0.34,1390,0
4.2,Rice,Loam,1,0,0.27,373,0
4.99,Wheat,Black,0,1,0.65,476,0
11.18,Wheat,Sandy,1,1,0.24,707,0
13.93,Sugarcane,Black,0,1,0.49,1220,0
6.43,Sugarcane,Black,0,1,0.64,837,0
12.52,Sugarcane,Loam,0,1,0.91,618,0
11.58,Maize,Clay,0,0,0.34,505,0
11.67,Rice,Clay,0,0,0.88,1003,0
10.82,Maize,Clay,0,1,0.65,421,0
6.37,Millets,Loam,0,0,0.37,848,0
6.23,Maize,Black,0,1,0.71,309,0
1.64,Wheat,Black,0,0,0.84,1146,0
12.21,Sugarcane,Black,1,0,0.49,325,0
13.43,Cotton,Loam,0,0,0.34,1171,0
2.21,Maize,Loam,0,1,0.75,1046,0
8.16,Rice,Sandy,1,0,0.89,447,0
2.52,Millets,Black,0,0,0.85,970,0
9.53,Cotton,Sandy,1,1,0.75,387,1
10.63,Maize,Sandy,0,0,0.22,519,0
8.22,Millets,Black,0,1,0.79,1241,0
9.1,Rice,Sandy,0,1,0.45,1481,0
2.18,Wheat,Clay,0,0,0.27,542,0
11.9,Millets,Clay,0,1,0.76,398,0
12.19,Millets,Loam,0,1,0.88,906,0
5.39,Sugarcane,Black,1,1,0.45,1363,0
12.01,Maize,Sandy,1,1,0.94,405,1
2.71,Millets,Sandy,0,1,0.63,1436,0
11.32,Rice,Sandy,0,1,0.68,1140,0
13.08,Rice,Sandy,0,1,0.81,823,0
10.24,Rice,Sandy,0,0,0.85,1287,0
13.86,Rice,Clay,1,0,0.83,889,0
5.55,Maize,Loam,0,1,0.88,1200,0
3.1,Wheat,Sandy,1,0,0.73,579,0
1.64,Wheat,Black,0,1,0.24,865,0
9.88,Sugarcane,Clay,0,0,0.74,1212,0
14.72,Sugarcane,Clay,0,1,0.5,981,0
9.84,Sugarcane,Clay,0,0,0.83,623,0
11.02,Maize,Loam,1,1,0.45,1054,0
2.18,Cotton,Black,1,0,0.8,1328,0
4.65,Wheat,Loam,1,0,0.74,1339,0
1.78,Rice,Loam,0,0,0.47,651,0
2.36,Rice,Clay,1,1,0.27,1156,0
9.43,Sugarcane,Loam,1,0,0.32,915,0
12.07,Sugarcane,Loam,1,0,0.92,510,0
3.29,Millets,Sandy,0,0,0.92,979,0
12.15,Wheat,Black,0,1,0.68,399,0
13.63,Millets,Black,0,0,0.5,935,0
5.8,Maize,Loam,0,1,0.51,1224,0
13.44,Wheat,Sandy,1,0,0.75,399,0
10.53,Sugarcane,Loam,0,0,0.41,1174,0
6.65,Millets,Clay,1,0,0.51,947,0
10.05,Millets,Sandy,1,0,0.27,950,0
2.79,Maize,Black,0,1,0.94,997,0
7.2,Sugarcane,Sandy,1,1,0.54,1328,1
11.07,Wheat,Sandy,0,0,0.29,1084,0
10.0,Rice,Clay,0,0,0.26,1145,0
3.07,Sugarcane,Loam,0,0,0.28,1160,0
3.72,Cotton,Loam,1,0,0.5,1236,0
2.15,Cotton,Clay,0,1,0.76,338,0
10.89,Maize,Loam,0,1,0.72,1367,0
2.24,Rice,Loam,1,0,0.86,779,0
6.17,Millets,Black,1,1,0.29,1499,0
0.97,Wheat,Loam,1,0,0.45,402,0
9.49,Wheat,Clay,0,1,0.88,1010,0
2.6,Millets,Black,0,1,0.87,1103,0
6.81,Maize,Black,0,1,0.59,314,0
10.45,Wheat,Loam,0,1,0.5,480,0
14.08,Wheat,Loam,0,1,0.82,1396,0
13.21,Millets,Black,1,0,0.86,1021,0
14.49,Maize,Sandy,0,1,0.93,1401,0
3.85,Cotton,Sandy,1,1,0.44,904,0
10.86,Cotton,Sandy,0,0,0.22,1137,0
13.79,Wheat,Sandy,1,1,0.8,503,1
6.56,Sugarcane,Sandy,1,0,0.24,574,0
9.35,Wheat,Black,0,0,0.31,1449,0
3.64,Rice,Clay,1,1,0.77,1004,1
9.43,Rice,Clay,1,1,0.63,550,1
5.74,Wheat,Loam,1,0,0.38,386,0
2.94,Maize,Loam,1,0,0.63,1208,0
6.28,Maize,Sandy,0,0,0.49,590,0
1.87,Millets,Loam,1,1,0.77,1418,0
11.33,Millets,Sandy,1,0,0.33,990,0
5.0,Wheat,Clay,0,0,0.56,689,0
9.97,Sugarcane,Clay,0,1,0.65,992,0
4.21,Millets,Loam,0,1,0.5,486,0
5.38,Cotton,Black,0,1,0.76,1176,0
0.63,Millets,Loam,0,1,0.85,1245,0
13.59,Sugarcane,Black,0,1,0.5,697,0
10.57,Cotton,Sandy,1,1,0.94,1060,1
6.38,Wheat,Clay,0,1,0.24,1186,0
1.69,Sugarcane,Loam,1,1,0.37,465,0
10.81,Wheat,Sandy,0,0,0.2,597,0
3.44,Rice,Black,0,0,0.63,907,0
4.33,Wheat,Loam,0,1,0.64,371,0
7.3,Cotton,Black,0,1,0.37,778,0
7.05,Cotton,Clay,0,1,0.8,1031,0
13.58,Maize,Clay,0,1,0.5,1134,0
1.64,Maize,Sandy,1,0,0.61,1415,0
14.18,Sugarcane,Loam,1,0,0.47,1450,0
1.2,Rice,Clay,0,0,0.77,478,0
5.81,Wheat,Loam,0,1,0.82,498,0
5.32,Maize,Loam,0,0,0.64,859,0
4.99,Cotton,Sandy,1,1,0.59,1190,1
13.15,Sugarcane,Loam,1,0,0.39,1259,0
13.55,Millets,Black,1,1,0.94,373,1
5.33,Wheat,Clay,0,1,0.32,601,0
6.94,Wheat,Clay,1,0,0.61,1496,0
0.96,Sugarcane,Black,0,0,0.93,798,0
3.79,Sugarcane,Sandy,1,0,0.6,1237,0
6.57,Sugarcane,Sandy,1,0,0.91,1095,0
14.29,Rice,Sandy,1,0,0.95,320,0
12.98,Millets,Loam,1,1,0.54,332,1
12.36,Rice,Black,0,1,0.43,1186,0
2.21,Cotton,Black,0,0,0.76,942,0
1.22,Rice,Loam,1,0,0.52,1009,0
13.19,Rice,Black,1,1,0.54,1234,1
1.03,Sugarcane,Clay,1,0,0.57,1186,0
13.57,Maize,Black,1,1,0.61,517,1
13.85,Sugarcane,Black,0,1,0.41,1155,0
8.7,Sugarcane,Clay,1,1,0.22,630,0
12.27,Millets,Black,1,0,0.6,588,0
5.03,Millets,Sandy,0,1,0.36,1056,0
13.42,Sugarcane,Clay,0,0,0.77,1487,0
8.36,Rice,Clay,0,1,0.86,441,0
12.09,Cotton,Sandy,0,0,0.32,1358,0
1.81,Rice,Sandy,1,0,0.6,681,0
1.13,Cotton,Loam,0,0,0.49,1154,0
10.54,Rice,Sandy,1,0,0.37,371,0
5.27,Maize,Loam,0,0,0.62,1414,0
0.69,Millets,Black,1,0,0.37,453,0
11.68,Millets,Loam,0,0,0.22,765,0
5.12,Millets,Sandy,1,0,0.93,1415,0
6.09,Sugarcane,Sandy,1,0,0.3,1458,0
6.61,Wheat,Black,0,0,0.39,550,0
1.06,Cotton,Loam,0,0,0.83,1425,0
12.84,Millets,Loam,0,1,0.67,474,0
5.93,Maize,Black,1,0,0.86,617,0
13.43,Cotton,Black,1,0,0.49,1253,0
3.88,Cotton,Black,1,1,0.82,919,1
3.41,Cotton,Loam,0,1,0.21,875,0
6.27,Maize,Loam,0,0,0.47,949,0
8.82,Wheat,Sandy,0,0,0.38,410,0
10.89,Rice,Sandy,1,1,0.4,959,0
4.41,Sugarcane,Loam,1,1,0.62,1473,1
7.2,Maize,Clay,1,1,0.3,1052,0
3.75,Rice,Sandy,0,1,0.28,1497,0
8.96,Maize,Clay,1,1,0.21,985,0
10.09,Sugarcane,Black,1,0,0.41,1384,0
10.44,Maize,Sandy,0,1,0.69,592,0
11.84,Sugarcane,Loam,0,1,0.44,1045,0
6.81,Wheat,Clay,1,1,0.24,626,0
14.82,Rice,Black,0,1,0.67,1319,0
12.69,Maize,Black,1,0,0.53,1174,0
1.5,Cotton,Loam,0,1,0.35,700,0
4.66,Rice,Sandy,1,0,0.36,1381,0
6.75,Wheat,Sandy,1,0,0.48,621,0
1.02,Sugarcane,Clay,1,1,0.42,353,0
9.71,Cotton,Black,0,0,0.67,1163,0
4.58,Cotton,Sandy,0,1,0.25,1476,0
5.42,Rice,Loam,1,1,0.44,322,0
14.64,Rice,Clay,0,0,0.73,831,0
14.74,Sugarcane,Sandy,0,0,0.72,815,0
6.96,Sugarcane,Sandy,1,1,0.56,554,1
5.43,Sugarcane,Loam,1,1,0.86,979,1
14.61,Cotton,Sandy,1,0,0.7,963,0
9.54,Cotton,Clay,1,0,0.25,1206,0
9.61,Rice,Black,0,1,0.78,848,0
5.04,Wheat,Clay,0,0,0.34,388,0
5.19,Cotton,Clay,0,1,0.5,1475,0
1.85,Maize,Clay,0,1,0.65,851,0
2.32,Rice,Sandy,0,1,0.84,1186,0
14.76,Rice,Clay,0,0,0.2,1028,0
2.4,Rice,Sandy,1,1,0.26,385,0
6.35,Sugarcane,Sandy,1,0,0.59,400,0
2.29,Rice,Sandy,0,0,0.26,550,0
10.44,Sugarcane,Clay,0,0,0.38,540,0
2.3,Wheat,Sandy,1,0,0.79,990,0
4.21,Sugarcane,Loam,1,0,0.62,947,0
12.58,Millets,Black,1,0,0.43,1199,0
0.95,Maize,Sandy,0,0,0.26,1204,0
7.24,Maize,Sandy,0,1,0.45,581,0
12.69,Wheat,Clay,1,1,0.82,532,1
11.8,Wheat,Black,1,0,0.31,453,0
1.67,Sugarcane,Black,1,1,0.29,772,0
12.75,Maize,Clay,0,0,0.25,1325,0
13.2,Rice,Loam,1,0,0.69,647,0
8.02,Rice,Loam,0,1,0.45,1410,0
0.84,Millets,Clay,1,0,0.39,474,0
10.93,Rice,Sandy,1,1,0.57,895,1
6.43,Millets,Loam,0,0,0.89,359,0
14.13,Wheat,Sandy,0,1,0.34,1304,0
3.05,Millets,Clay,0,0,0.46,556,0
1.1,Cotton,Black,1,0,0.5,316,0
12.92,Millets,Sandy,1,1,0.77,716,1
10.88,Maize,Black,0,0,0.73,770,0
9.79,Wheat,Clay,0,1,0.51,512,0
1.13,Cotton,Sandy,0,0,0.85,371,0
12.21,Millets,Sandy,0,1,0.44,1402,0
2.19,Cotton,Black,1,1,0.89,885,1
14.65,Millets,Sandy,1,1,0.29,867,0
14.1,Rice,Black,1,1,0.34,627,0
2.22,Maize,Black,1,0,0.33,1007,0
7.26,Sugarcane,Sandy,1,0,0.48,1469,0
6.74,Rice,Clay,1,0,0.45,757,0
0.92,Rice,Loam,1,0,0.94,1110,0
11.86,Sugarcane,Clay,0,0,0.84,1047,0
5.37,Cotton,Loam,1,1,0.37,806,0
10.67,Wheat,Clay,0,0,0.32,1153,0
3.04,Sugarcane,Clay,1,1,0.69,1319,1
2.93,Wheat,Sandy,1,0,0.86,1193,0
7.39,Maize,Loam,1,0,0.9,1245,0
10.36,Cotton,Black,1,0,0.55,700,0
2.43,Sugarcane,Loam,0,1,0.27,328,0
3.9,Millets,Black,1,0,0.34,699,0
14.2,Wheat,Black,1,1,0.83,416,1
7.08,Millets,Loam,1,1,0.71,428,1
12.33,Cotton,Sandy,1,1,0.57,632,1
11.14,Sugarcane,Black,1,0,0.71,544,0
9.08,Sugarcane,Sandy,1,0,0.57,855,0
7.13,Rice,Sandy,0,1,0.44,355,0
6.43,Sugarcane,Sandy,0,1,0.33,364,0
9.55,Wheat,Loam,0,0,0.83,1347,0
8.84,Sugarcane,Loam,1,0,0.51,642,0
3.48,Millets,Black,0,1,0.66,1241,0
5.32,Wheat,Clay,1,0,0.43,830,0
2.41,Maize,Sandy,1,0,0.26,480,0
2.3,Sugarcane,Clay,0,0,0.32,1449,0
9.18,Sugarcane,Clay,1,0,0.7,698,0
10.48,Wheat,Clay,0,0,0.58,727,0
0.98,Millets,Clay,0,1,0.39,321,0
11.29,Millets,Black,0,1,0.46,1188,0
14.68,Cotton,Black,0,0,0.77,1454,0
3.34,Maize,Sandy,1,1,0.49,473,0
10.82,Maize,Black,1,1,0.64,897,1
8.24,Rice,Loam,1,1,0.29,682,0
12.3,Sugarcane,Black,1,0,0.88,687,0
11.93,Millets,Sandy,0,1,0.8,1081,0
14.04,Wheat,Sandy,1,1,0.32,475,0
2.13,Sugarcane,Black,0,1,0.58,1283,0
11.67,Cotton,Loam,0,1,0.38,307,0
4.32,Rice,Black,0,0,0.41,507,0
11.41,Rice,Clay,1,1,0.94,835,1
2.1,Cotton,Clay,0,0,0.54,1215,0
9.62,Wheat,Black,0,0,0.69,1104,0
12.67,Rice,Clay,1,0,0.91,419,0
7.46,Wheat,Loam,0,0,0.81,1020,0
4.8,Cotton,Black,1,0,0.73,826,0
7.66,Cotton,Sandy,1,0,0.32,861,0
5.24,Sugarcane,Loam,0,0,0.41,739,0
8.89,Wheat,Black,0,0,0.71,961,0
6.62,Sugarcane,Clay,0,1,0.91,1273,0
6.95,Maize,Sandy,1,0,0.78,826,0
2.59,Sugarcane,Sandy,0,0,0.36,359,0
12.93,Cotton,Clay,1,1,0.79,988,1
2.01,Sugarcane,Clay,1,1,0.75,1226,1
2.77,Maize,Black,0,0,0.82,761,0
13.78,Cotton,Black,1,1,0.49,895,0
8.86,Cotton,Sandy,0,0,0.89,1250,0
4.64,Maize,Clay,1,1,0.83,604,1
9.62,Millets,Sandy,0,1,0.67,693,0
9.58,Sugarcane,Black,1,1,0.61,352,1
9.34,Maize,Black,0,1,0.45,916,0
5.23,Rice,Sandy,1,0,0.77,625,0
11.89,Cotton,Black,1,1,0.72,716,1
12.94,Cotton,Loam,1,1,0.57,875,1
7.05,Wheat,Loam,0,1,0.33,804,0
1.61,Cotton,Black,1,1,0.74,1425,0
3.19,Wheat,Clay,0,0,0.33,700,0
14.2,Maize,Sandy,1,0,0.53,1359,0
11.68,Millets,Loam,0,0,0.39,810,0
8.71,Rice,Sandy,1,0,0.28,1187,0
8.1,Rice,Loam,0,0,0.38,789,0
5.81,Rice,Sandy,0,0,0.36,697,0
8.94,Sugarcane,Sandy,1,0,0.78,916,0
7.67,Millets,Black,0,0,0.87,473,0
2.29,Rice,Loam,0,0,0.71,363,0
9.52,Wheat,Black,1,1,0.28,552,0
11.61,Wheat,Black,0,1,0.71,414,0
10.1,Wheat,Loam,1,0,0.53,914,0
4.37,Millets,Sandy,0,1,0.94,380,0
13.09,Cotton,Clay,1,0,0.31,658,0
1.51,Sugarcane,Loam,1,1,0.68,1035,0
10.88,Cotton,Sandy,1,1,0.43,344,0
4.24,Sugarcane,Clay,1,1,0.49,627,0
7.97,Cotton,Loam,0,0,0.57,1363,0
10.24,Wheat,Black,1,1,0.38,361,0
13.03,Rice,Sandy,0,0,0.33,663,0
0.6,Maize,Clay,1,0,0.54,897,0
5.71,Millets,Clay,0,1,0.39,1328,0
7.3,Wheat,Loam,0,1,0.39,1475,0
13.34,Rice,Sandy,1,0,0.36,999,0
13.92,Millets,Clay,1,1,0.4,1209,0
9.07,Rice,Loam,0,1,0.41,661,0
11.89,Wheat,Black,1,0,0.6,1361,0
8.85,Maize,Loam,1,0,0.74,459,0
8.38,Rice,Loam,0,1,0.48,1470,0
5.84,Millets,Clay,1,0,0.57,732,0
13.16,Millets,Loam,1,1,0.72,1451,1
1.11,Cotton,Sandy,0,0,0.32,773,0
12.89,Cotton,Loam,1,1,0.67,935,1
5.42,Wheat,Loam,0,0,0.57,1441,0
3.17,Sugarcane,Loam,0,0,0.83,865,0
11.86,Rice,Clay,0,0,0.78,900,0
5.9,Rice,Clay,0,1,0.79,1414,0
3.39,Maize,Loam,1,0,0.45,930,0
4.3,Wheat,Sandy,1,1,0.54,1293,1
11.46,Sugarcane,Sandy,1,1,0.77,1041,1
9.28,Wheat,Clay,0,1,0.43,1068,0
14.54,Sugarcane,Sandy,1,1,0.77,1299,1
5.12,Millets,Loam,0,0,0.49,1192,0
2.23,Cotton,Clay,1,1,0.24,594,0
4.5,Sugarcane,Loam,1,1,0.48,1008,0
13.89,Millets,Sandy,0,1,0.73,425,0
8.18,Sugarcane,Loam,1,0,0.73,963,0
9.2,Cotton,Clay,0,0,0.56,432,0
5.36,Maize,Black,0,1,0.24,1325,0
1.37,Cotton,Clay,0,0,0.71,412,0
6.61,Maize,Black,0,0,0.6,1379,0
4.68,Sugarcane,Black,1,1,0.3,1313,0
11.71,Wheat,Clay,0,1,0.5,1304,0
3.81,Wheat,Loam,1,1,0.79,660,1
13.24,Rice,Sandy,0,0,0.59,1482,0
4.46,Rice,Clay,0,0,0.29,1049,0
7.32,Cotton,Black,0,1,0.22,622,0
4.16,Rice,Loam,1,1,0.76,500,1
1.54,Millets,Black,0,1,0.41,776,0
8.06,Millets,Clay,1,1,0.54,825,1
13.57,Cotton,Loam,0,1,0.85,1415,0
11.24,Wheat,Loam,0,0,0.56,313,0
2.77,Sugarcane,Loam,0,0,0.8,1398,0
6.8,Rice,Loam,0,0,0.74,631,0
10.51,Rice,Black,0,0,0.55,850,0
7.38,Sugarcane,Clay,0,0,0.5,1438,0
9.11,Rice,Sandy,0,0,0.53,655,0
4.96,Sugarcane,Loam,1,1,0.21,304,0
2.49,Maize,Black,0,0,0.27,1364,0
14.17,Rice,Loam,1,0,0.39,903,0
6.94,Millets,Clay,0,0,0.31,755,0
1.33,Sugarcane,Black,0,1,0.92,989,0
13.6,Millets,Clay,0,0,0.58,1328,0
2.08,Maize,Loam,0,1,0.64,989,0
14.32,Maize,Clay,0,1,0.62,493,0
14.3,Sugarcane,Loam,1,1,0.85,1386,1
0.8,Wheat,Black,1,0,0.58,486,0
12.83,Maize,Loam,1,1,0.6,727,1
6.98,Cotton,Black,0,0,0.71,647,0
10.02,Rice,Black,0,1,0.43,583,0
3.38,Rice,Loam,1,0,0.35,405,0
14.27,Sugarcane,Loam,0,1,0.54,1138,0
14.44,Wheat,Loam,1,1,0.36,944,0
7.07,Cotton,Clay,0,0,0.9,956,0
9.17,Cotton,Black,1,1,0.45,1448,0
13.79,Rice,Black,1,0,0.64,1273,0
3.7,Sugarcane,Clay,1,0,0.87,525,0
13.58,Millets,Clay,0,0,0.48,1170,0
14.44,Rice,Black,1,0,0.58,1072,0
10.47,Wheat,Black,0,0,0.72,356,0
9.69,Maize,Loam,0,1,0.52,927,0
2.12,Maize,Loam,0,0,0.52,1186,0
7.58,Maize,Clay,0,0,0.5,891,0
9.72,Sugarcane,Black,1,0,0.25,613,0
13.21,Rice,Sandy,0,0,0.76,1386,0
10.7,Maize,Clay,1,1,0.88,649,1
10.61,Wheat,Black,1,0,0.46,751,0
0.52,Rice,Black,0,0,0.59,896,0
12.64,Millets,Sandy,1,0,0.61,398,0
0.56,Cotton,Black,0,1,0.28,522,0
5.42,Wheat,Sandy,1,1,0.83,739,1
6.16,Maize,Sandy,1,0,0.58,487,0
7.02,Cotton,Sandy,1,1,0.93,1132,1
9.88,Rice,Black,0,0,0.28,489,0
9.52,Millets,Sandy,1,0,0.84,878,0
9.66,Wheat,Sandy,1,1,0.23,576,0
1.77,Rice,Clay,1,0,0.3,533,0
7.5,Sugarcane,Sandy,1,1,0.3,1263,0
11.65,Rice,Clay,1,0,0.53,1103,0
14.12,Rice,Black,1,0,0.67,889,0
0.68,Millets,Black,1,1,0.6,1237,0
12.8,Cotton,Loam,1,0,0.74,927,0
5.76,Rice,Clay,0,1,0.73,1222,0
11.8,Rice,Sandy,0,1,0.31,537,0
11.08,Maize,Loam,1,1,0.57,1207,1
10.84,Sugarcane,Black,0,0,0.93,689,0
9.74,Wheat,Loam,1,0,0.46,1199,0
14.74,Millets,Clay,0,0,0.62,1053,0
4.4,Wheat,Loam,0,0,0.51,729,0
2.78,Rice,Black,1,0,0.9,885,0
7.49,Rice,Sandy,1,1,0.44,1136,0
6.22,Sugarcane,Black,0,0,0.4,1361,0
7.56,Maize,Black,1,0,0.68,379,0
5.46,Sugarcane,Black,1,0,0.83,886,0
5.22,Cotton,Black,1,1,0.34,418,0
0.92,Rice,Loam,1,1,0.64,427,0
6.47,Millets,Clay,1,0,0.94,1253,0
12.13,Rice,Sandy,1,0,0.9,579,0
13.52,Wheat,Clay,1,1,0.77,974,1
9.71,Wheat,Loam,0,1,0.3,1414,0
3.48,Rice,Loam,0,1,0.73,704,0
12.44,Millets,Sandy,1,1,0.93,1132,1
5.47,Wheat,Black,1,0,0.92,481,0
8.6,Wheat,Black,1,1,0.58,584,1
7.57,Millets,Black,1,1,0.74,963,1
10.69,Sugarcane,Loam,0,0,0.46,1289,0
10.78,Maize,Loam,0,0,0.58,732,0
8.8,Cotton,Black,1,0,0.64,1219,0
6.47,Rice,Loam,1,1,0.25,617,0
12.94,Sugarcane,Sandy,0,0,0.9,695,0
11.29,Sugarcane,Loam,0,0,0.63,986,0
12.9,Sugarcane,Sandy,1,0,0.84,1119,0
8.37,Cotton,Clay,0,0,0.27,656,0
8.63,Cotton,Clay,0,0,0.53,1335,0
9.68,Wheat,Clay,0,0,0.48,992,0
9.9,Millets,Loam,1,0,0.38,1034,0
13.25,Rice,Loam,0,0,0.44,486,0
13.66,Rice,Sandy,1,0,0.73,1182,0
12.44,Rice,Black,1,0,0.46,1332,0
10.46,Rice,Clay,0,0,0.67,1363,0
6.32,Maize,Sandy,1,1,0.42,666,0
4.14,Cotton,Clay,0,1,0.73,1235,0
3.3,Wheat,Black,0,0,0.81,1362,0
0.76,Cotton,Black,1,1,0.42,1093,0
2.85,Maize,Sandy,1,0,0.33,693,0
5.72,Wheat,Loam,1,1,0.3,752,0
5.51,Cotton,Clay,1,1,0.82,419,1
4.32,Millets,Sandy,1,0,0.51,1295,0
10.82,Cotton,Clay,0,0,0.74,760,0
12.48,Maize,Sandy,1,0,0.92,1390,0
4.2,Maize,Clay,0,1,0.8,680,0
13.48,Sugarcane,Clay,1,0,0.27,974,0
10.69,Rice,Sandy,0,1,0.31,449,0
6.25,Millets,Clay,1,1,0.49,314,0
2.23,Wheat,Loam,0,0,0.87,967,0
7.54,Sugarcane,Loam,0,1,0.51,1420,0
12.85,Millets,Black,0,1,0.24,419,0
11.45,Cotton,Black,0,0,0.66,896,0
13.8,Cotton,Sandy,1,1,0.44,360,0
7.95,Sugarcane,Sandy,1,0,0.68,353,0
12.56,Millets,Black,0,1,0.8,1080,0
4.3,Rice,Black,0,1,0.54,972,0
3.41,Maize,Sandy,0,1,0.73,687,0
11.87,Cotton,Loam,0,0,0.44,754,0
10.29,Millets,Clay,1,0,0.67,1123,0
9.93,Millets,Black,1,1,0.89,1409,1
12.33,Millets,Loam,0,0,0.92,1480,0
2.19,Millets,Black,1,0,0.58,401,0
7.37,Rice,Loam,0,1,0.65,446,0
10.17,Cotton,Black,1,0,0.57,661,0
4.92,Millets,Loam,1,0,0.44,486,0
1.74,Rice,Loam,1,0,0.89,913,0
11.43,Cotton,Black,0,0,0.77,1294,0
9.23,Sugarcane,Loam,1,1,0.4,1464,0
11.34,Wheat,Clay,0,0,0.58,429,0
14.3,Maize,Sandy,0,1,0.65,708,0
2.79,Millets,Clay,1,1,0.34,1115,0
1.72,Millets,Clay,1,0,0.38,625,0
2.77,Wheat,Black,0,1,0.46,635,0
2.5,Wheat,Sandy,1,0,0.49,641,0
14.34,Millets,Sandy,1,0,0.81,540,0
11.87,Wheat,Sandy,1,1,0.29,973,0
7.07,Cotton,Clay,0,1,0.39,1154,0
6.32,Millets,Black,1,0,0.42,1276,0
3.43,Millets,Loam,1,1,0.93,343,1
2.87,Wheat,Clay,0,0,0.66,1314,0
12.86,Cotton,Sandy,1,1,0.9,1499,1
7.0,Cotton,Loam,1,0,0.29,924,0
2.37,Maize,Clay,1,0,0.62,658,0
13.73,Sugarcane,Black,0,1,0.75,1073,0
6.32,Maize,Black,0,1,0.6,569,0
8.89,Sugarcane,Loam,0,1,0.44,712,0
6.22,Rice,Loam,1,1,0.79,1149,1
6.46,Maize,Clay,1,1,0.57,578,1
5.64,Rice,Loam,1,1,0.37,606,0
1.09,Millets,Black,1,1,0.35,719,0
4.84,Rice,Sandy,0,1,0.24,1278,0
0.85,Wheat,Loam,1,0,0.66,1258,0
2.91,Wheat,Black,0,1,0.9,982,0
10.77,Millets,Sandy,0,1,0.44,1116,0
2.74,Millets,Black,1,1,0.27,703,0
13.13,Millets,Black,1,0,0.58,837,0
6.93,Cotton,Clay,0,1,0.72,538,0
9.55,Rice,Loam,1,1,0.42,439,0
10.24,Wheat,Loam,0,0,0.36,540,0
3.82,Wheat,Clay,0,1,0.85,1413,0
11.09,Rice,Loam,0,1,0.9,1142,0
11.81,Sugarcane,Black,1,0,0.37,1359,0
9.39,Maize,Sandy,1,0,0.66,390,0
11.82,Maize,Clay,0,1,0.94,383,0
12.5,Rice,Clay,0,1,0.93,939,0
11.01,Cotton,Sandy,0,0,0.52,902,0
1.33,Millets,Black,0,0,0.48,1393,0
3.68,Maize,Black,0,1,0.94,1367,0
9.43,Millets,Loam,0,1,0.26,1406,0
3.33,Wheat,Black,0,1,0.85,944,0
14.87,Wheat,Loam,0,0,0.9,341,0
14.91,Millets,Loam,0,0,0.44,884,0
13.45,Wheat,Loam,0,1,0.58,446,0
10.83,Cotton,Clay,0,0,0.82,490,0
0.92,Rice,Loam,0,1,0.56,1392,0
12.41,Millets,Sandy,0,0,0.38,618,0
3.22,Sugarcane,Black,0,1,0.53,1063,0
1.74,Rice,Black,1,0,0.24,1292,0
14.93,Cotton,Clay,1,0,0.52,1082,0
7.76,Millets,Black,1,1,0.4,1308,0
14.9,Millets,Clay,0,0,0.54,1415,0
2.18,Rice,Clay,0,1,0.4,871,0
4.73,Sugarcane,Black,1,0,0.32,1317,0
12.78,Maize,Clay,1,0,0.86,1235,0
5.42,Millets,Loam,1,1,0.64,1279,1
5.91,Rice,Sandy,1,1,0.94,804,1
2.42,Millets,Sandy,1,0,0.37,1405,0
2.14,Rice,Black,0,0,0.88,459,0
10.72,Rice,Clay,0,0,0.22,822,0
12.03,Maize,Clay,0,0,0.58,985,0
13.72,Wheat,Loam,1,1,0.37,1338,0
3.14,Wheat,Loam,1,1,0.9,1224,1
11.28,Maize,Clay,1,1,0.66,1336,1
13.17,Maize,Loam,1,1,0.6,1234,1
5.71,Maize,Loam,1,1,0.24,1089,0
12.83,Sugarcane,Loam,0,0,0.7,509,0
14.56,Cotton,Clay,1,0,0.38,414,0
0.59,Rice,Sandy,0,1,0.84,655,0
8.45,Cotton,Clay,1,1,0.82,1271,1
6.25,Maize,Sandy,1,0,0.38,1448,0
13.59,Millets,Sandy,0,1,0.69,1360,0
12.33,Cotton,Black,0,1,0.33,509,0
13.98,Cotton,Black,1,0,0.46,423,0
11.29,Maize,Loam,0,0,0.32,910,0
3.14,Maize,Clay,0,1,0.92,1443,0
4.27,Maize,Black,0,1,0.3,339,0
1.6,Millets,Sandy,1,0,0.46,947,0
7.5,Wheat,Black,0,1,0.45,1101,0
9.99,Sugarcane,Loam,0,1,0.72,1497,0
2.56,Rice,Loam,1,1,0.62,1346,1
12.79,Maize,Loam,1,0,0.62,1127,0
14.66,Wheat,Sandy,0,1,0.32,650,0
12.87,Cotton,Sandy,1,0,0.33,617,0
8.92,Rice,Clay,0,1,0.82,1224,0
4.86,Maize,Black,0,1,0.61,463,0
2.5,Cotton,Sandy,0,0,0.67,742,0
14.0,Maize,Black,1,1,0.78,734,1
14.08,Maize,Clay,0,1,0.61,1149,0
8.35,Millets,Sandy,0,0,0.69,819,0
14.99,Millets,Loam,1,1,0.91,335,1
11.75,Rice,Loam,0,1,0.38,1285,0
2.46,Millets,Loam,1,1,0.95,1459,1
6.92,Maize,Black,1,0,0.24,410,0
10.15,Rice,Black,1,1,0.47,1209,0
10.54,Sugarcane,Black,1,0,0.33,1218,0
5.12,Maize,Sandy,1,1,0.49,1194,0
9.9,Rice,Clay,1,1,0.4,990,0
7.19,Maize,Clay,1,0,0.35,795,0
0.76,Wheat,Sandy,0,0,0.38,1017,0
12.26,Wheat,Sandy,0,0,0.71,1181,0
7.34,Wheat,Sandy,0,0,0.85,771,0
9.47,Millets,Sandy,1,0,0.59,569,0
3.34,Sugarcane,Black,1,1,0.86,798,1
8.25,Cotton,Black,1,0,0.61,1432,0
3.36,Wheat,Black,0,1,0.48,535,0
3.23,Maize,Black,0,0,0.33,1102,0
13.97,Millets,Clay,1,0,0.53,313,0
4.24,Millets,Clay,0,0,0.26,460,0
5.02,Rice,Loam,0,0,0.44,843,0
3.44,Rice,Clay,1,1,0.46,1463,0
1.92,Cotton,Loam,0,0,0.23,1139,0
3.93,Maize,Clay,1,0,0.6,708,0
6.67,Millets,Black,0,0,0.31,985,0
9.93,Wheat,Black,1,0,0.65,350,0
0.57,Maize,Loam,0,0,0.47,334,0
3.13,Sugarcane,Clay,1,1,0.34,1280,0
8.1,Cotton,Black,0,1,0.78,778,0
2.61,Rice,Black,0,0,0.92,1009,0
9.31,Sugarcane,Black,0,1,0.76,1103,0
12.24,Cotton,Clay,1,0,0.65,1215,0
5.37,Millets,Black,1,1,0.79,1425,1
12.01,Millets,Clay,1,1,0.94,732,1
1.03,Wheat,Black,0,1,0.69,1454,0
5.77,Maize,Clay,1,0,0.83,1252,0
8.16,Rice,Clay,1,0,0.91,912,0
6.8,Rice,Loam,0,1,0.9,1344,0
13.19,Millets,Clay,0,0,0.71,1136,0
13.79,Millets,Loam,0,0,0.83,415,0
3.52,Sugarcane,Loam,0,1,0.24,481,0
6.72,Sugarcane,Loam,1,1,0.72,807,1
8.9,Cotton,Clay,1,0,0.87,1224,0
7.77,Millets,Clay,0,1,0.53,1080,0
7.31,Cotton,Sandy,1,0,0.65,347,0
7.98,Rice,Clay,1,1,0.23,1252,0
8.48,Maize,Black,0,0,0.2,1070,0
14.93,Millets,Loam,0,0,0.87,689,0
13.28,Millets,Clay,1,1,0.76,940,1
11.1,Cotton,Black,0,0,0.37,916,0
9.2,Millets,Black,0,1,0.22,679,0
13.91,Millets,Sandy,1,1,0.22,1005,0
1.75,Wheat,Clay,0,1,0.94,1294,0
9.15,Wheat,Black,0,1,0.41,627,0
7.28,Sugarcane,Sandy,1,1,0.23,1053,0
3.32,Sugarcane,Loam,0,0,0.86,351,0
11.48,Rice,Loam,1,0,0.32,704,0
9.56,Maize,Black,0,1,0.85,638,0
6.27,Wheat,Clay,1,0,0.85,1175,0
4.96,Cotton,Sandy,1,1,0.87,379,1
14.02,Cotton,Clay,1,1,0.89,1154,1
8.86,Cotton,Loam,1,1,0.91,1183,1
6.51,Sugarcane,Clay,0,1,0.75,526,0
12.54,Maize,Sandy,1,1,0.32,1196,0
13.76,Rice,Sandy,1,1,0.31,657,0
4.51,Wheat,Black,1,1,0.42,722,0
2.43,Rice,Sandy,0,1,0.82,1374,0
2.6,Wheat,Loam,0,1,0.95,543,0
4.01,Sugarcane,Sandy,0,0,0.72,1004,0
4.68,Cotton,Loam,1,0,0.48,1026,0
10.28,Rice,Black,0,0,0.93,549,0
8.82,Rice,Clay,0,0,0.57,327,0
8.92,Millets,Clay,1,1,0.68,1006,1
2.99,Millets,Loam,0,0,0.88,722,0
3.47,Rice,Clay,0,1,0.62,1389,0
6.49,Millets,Loam,1,0,0.33,382,0
9.82,Wheat,Loam,1,0,0.28,357,0
14.8,Maize,Black,1,0,0.41,745,0
6.82,Rice,Black,1,1,0.78,838,1
3.15,Millets,Clay,1,0,0.42,927,0
14.49,Millets,Clay,1,1,0.39,664,0
6.0,Maize,Loam,0,1,0.32,1364,0
5.88,Millets,Black,1,1,0.39,957,0
7.64,Sugarcane,Sandy,1,1,0.64,1368,1
10.14,Millets,Black,1,0,0.68,817,0
12.58,Wheat,Sandy,0,0,0.48,521,0
7.56,Maize,Black,1,0,0.3,1169,0
8.97,Maize,Black,0,1,0.92,1152,0
12.6,Rice,Sandy,1,1,0.23,489,0
7.93,Maize,Loam,0,0,0.69,400,0
2.46,Wheat,Black,1,0,0.73,1174,0
1.57,Maize,Black,1,0,0.71,785,0
4.42,Cotton,Loam,1,0,0.85,1303,0
7.52,Sugarcane,Loam,1,1,0.62,1132,1
5.82,Millets,Sandy,1,1,0.71,1380,1
10.86,Millets,Black,1,0,0.65,1129,0
8.62,Rice,Clay,1,1,0.83,403,1
11.57,Wheat,Sandy,1,0,0.23,550,0
12.09,Millets,Black,1,1,0.72,1414,1
1.94,Maize,Black,1,1,0.9,490,0
12.37,Cotton,Sandy,0,1,0.45,1190,0
5.21,Wheat,Sandy,0,0,0.25,1250,0
8.93,Wheat,Loam,1,0,0.39,377,0
10.01,Maize,Black,1,1,0.75,424,1
11.14,Millets,Loam,1,0,0.83,844,0
13.36,Rice,Clay,1,0,0.79,793,0
6.67,Sugarcane,Loam,0,0,0.47,512,0
6.52,Millets,Clay,1,1,0.59,1422,1
8.99,Maize,Black,1,0,0.86,1352,0
8.07,Rice,Loam,1,0,0.5,569,0
8.17,Maize,Sandy,0,0,0.69,1152,0
13.28,Sugarcane,Clay,0,1,0.43,327,0
11.88,Cotton,Sandy,1,0,0.83,1445,0
8.21,Cotton,Sandy,1,0,0.51,1447,0
2.83,Wheat,Loam,0,1,0.39,1064,0
4.39,Maize,Black,0,1,0.3,306,0
11.05,Rice,Loam,1,1,0.32,712,0
7.81,Maize,Sandy,1,0,0.74,825,0
2.38,Wheat,Loam,0,0,0.91,917,0
3.46,Millets,Clay,1,0,0.29,464,0
12.31,Cotton,Clay,1,1,0.89,829,1
4.5,Maize,Clay,0,0,0.88,787,0
5.23,Millets,Black,0,0,0.44,626,0
5.43,Sugarcane,Loam,0,1,0.44,751,0
1.35,Maize,Black,0,1,0.41,1084,0
10.85,Sugarcane,Sandy,0,1,0.3,992,0
14.02,Maize,Clay,1,0,0.58,1202,0
1.9,Millets,Loam,0,1,0.26,843,0
14.2,Cotton,Clay,0,1,0.87,718,0
10.44,Rice,Sandy,0,1,0.32,1384,0
13.14,Sugarcane,Black,1,1,0.51,669,1
1.18,Millets,Loam,0,0,0.27,1296,0
7.81,Rice,Sandy,0,1,0.62,493,0
8.39,Millets,Loam,1,1,0.58,1426,1
11.52,Rice,Clay,0,1,0.89,782,0
12.28,Maize,Clay,1,1,0.32,1035,0
6.38,Millets,Loam,1,0,0.46,1158,0
4.86,Millets,Loam,1,1,0.56,974,1
9.59,Wheat,Sandy,1,1,0.51,699,1
0.78,Wheat,Sandy,1,0,0.89,783,0
13.89,Maize,Sandy,0,1,0.52,321,0
7.35,Sugarcane,Clay,0,1,0.22,847,0
3.23,Cotton,Clay,1,0,0.69,1288,0
3.96,Wheat,Sandy,1,1,0.64,1178,1
5.69,Maize,Sandy,0,0,0.27,1233,0
10.18,Cotton,Loam,1,1,0.92,1292,1
3.71,Maize,Clay,0,1,0.81,750,0
1.48,Wheat,Loam,0,1,0.76,1172,0
14.75,Rice,Sandy,0,0,0.22,901,0
8.78,Millets,Sandy,1,0,0.86,1043,0
14.42,Wheat,Loam,0,0,0.84,1336,0
10.71,Maize,Sandy,1,1,0.57,1225,1
8.09,Sugarcane,Loam,1,1,0.23,1253,0
1.95,Sugarcane,Sandy,0,0,0.87,1243,0
2.39,Rice,Black,1,0,0.22,918,0
3.77,Maize,Clay,1,1,0.27,931,0
12.69,Sugarcane,Black,0,0,0.47,971,0
8.82,Maize,Loam,0,0,0.71,1370,0
8.25,Wheat,Black,0,0,0.94,794,0
7.26,Millets,Black,1,0,0.62,1125,0
10.06,Cotton,Loam,0,1,0.61,1008,0
6.34,Sugarcane,Clay,1,1,0.71,630,1
5.17,Wheat,Loam,0,1,0.5,899,0
14.58,Rice,Clay,1,0,0.44,1335,0
14.5,Sugarcane,Loam,0,1,0.34,1182,0
12.09,Maize,Sandy,0,1,0.56,1026,0
8.38,Wheat,Clay,0,1,0.24,1006,0
1.01,Rice,Sandy,0,1,0.83,307,0
14.19,Wheat,Sandy,1,0,0.33,330,0
8.63,Sugarcane,Sandy,1,0,0.72,1167,0
14.87,Rice,Clay,0,0,0.91,323,0
0.84,Millets,Sandy,0,1,0.72,1337,0
4.69,Millets,Loam,0,1,0.64,595,0
6.6,Rice,Sandy,1,0,0.71,363,0
12.29,Millets,Clay,0,0,0.29,445,0
14.37,Maize,Loam,1,1,0.85,1474,1
13.69,Cotton,Sandy,0,0,0.38,816,0
7.21,Wheat,Sandy,0,0,0.74,1045,0
8.64,Maize,Sandy,1,0,0.7,1221,0
2.56,Sugarcane,Clay,1,0,0.72,1449,0
6.11,Maize,Loam,1,1,0.47,725,0
4.51,Cotton,Black,1,1,0.42,912,0
9.22,Rice,Sandy,1,0,0.4,1139,0
11.92,Cotton,Sandy,1,0,0.21,1340,0
13.39,Sugarcane,Sandy,0,1,0.4,491,0
14.28,Rice,Clay,0,0,0.85,707,0
2.24,Wheat,Black,0,1,0.37,1042,0
2.2,Maize,Black,0,1,0.62,1393,0
13.51,Cotton,Black,0,0,0.65,1326,0
6.65,Sugarcane,Loam,1,1,0.91,583,1
14.97,Maize,Loam,0,1,0.29,701,0
1.01,Rice,Black,1,1,0.92,617,0
8.65,Wheat,Black,0,1,0.67,952,0
2.66,Millets,Loam,1,0,0.5,740,0
6.76,Maize,Sandy,0,1,0.34,370,0
0.57,Wheat,Black,1,1,0.81,421,0
9.65,Wheat,Sandy,1,0,0.95,1434,0
14.86,Wheat,Clay,0,1,0.28,1480,0
1.76,Wheat,Black,1,0,0.63,799,0
14.14,Sugarcane,Clay,0,1,0.94,804,0
2.23,Rice,Loam,0,0,0.92,430,0
12.16,Rice,Sandy,1,1,0.44,1441,0
3.95,Cotton,Black,0,1,0.61,599,0
1.38,Millets,Clay,0,0,0.29,304,0
10.71,Wheat,Sandy,1,1,0.68,707,1
3.72,Sugarcane,Loam,1,0,0.54,1451,0
2.8,Rice,Loam,0,0,0.62,920,0
14.72,Maize,Sandy,1,1,0.31,1220,0
4.8,Cotton,Black,1,1,0.6,538,1
13.89,Wheat,Loam,1,0,0.69,992,0
6.91,Millets,Clay,1,0,0.36,574,0
5.42,Cotton,Clay,0,1,0.77,401,0
0.97,Wheat,Black,0,0,0.84,936,0
10.72,Millets,Sandy,1,1,0.63,823,1
13.45,Maize,Black,1,0,0.53,1205,0
14.87,Wheat,Black,0,0,0.76,880,0
13.17,Sugarcane,Black,0,0,0.71,1000,0
6.28,Rice,Sandy,0,1,0.37,1086,0
5.61,Maize,Clay,0,1,0.39,971,0
9.06,Cotton,Clay,1,0,0.62,1247,0
14.16,Cotton,Loam,1,1,0.21,305,0
13.7,Sugarcane,Loam,1,1,0.36,1229,0
6.36,Sugarcane,Loam,0,1,0.49,1223,0
9.6,Cotton,Clay,1,1,0.82,620,1
10.13,Sugarcane,Black,0,0,0.61,727,0
11.71,Millets,Loam,0,1,0.79,370,0
8.01,Wheat,Clay,0,0,0.83,1068,0
7.77,Sugarcane,Sandy,0,0,0.49,1169,0
1.12,Millets,Loam,1,1,0.34,889,0
3.9,Rice,Black,1,0,0.75,730,0
2.08,Sugarcane,Black,1,1,0.9,747,1
4.32,Wheat,Loam,1,1,0.23,536,0
13.43,Cotton,Loam,0,1,0.29,1114,0
2.66,Rice,Sandy,0,0,0.74,1039,0
3.95,Wheat,Black,1,0,0.28,473,0
3.46,Maize,Black,1,1,0.62,1175,1
9.96,Cotton,Loam,1,0,0.78,1425,0
6.48,Rice,Loam,0,1,0.24,534,0
4.68,Maize,Loam,0,1,0.39,635,0
12.69,Sugarcane,Sandy,0,0,0.32,974,0
10.89,Rice,Loam,1,1,0.69,1058,1
3.14,Rice,Loam,1,0,0.37,619,0
8.28,Maize,Black,1,1,0.85,1336,1
7.68,Wheat,Clay,1,0,0.33,603,0
9.55,Wheat,Sandy,0,1,0.83,1000,0
9.56,Millets,Black,1,0,0.82,309,0
4.24,Rice,Loam,1,1,0.22,858,0
7.69,Millets,Black,1,0,0.45,458,0
5.38,Millets,Loam,1,0,0.49,1134,0
3.5,Wheat,Loam,1,1,0.59,1274,1
6.12,Maize,Clay,1,0,0.4,570,0
1.98,Millets,Black,0,0,0.93,790,0
14.72,Wheat,Black,1,0,0.8,459,0
3.1,Rice,Loam,0,0,0.72,1097,0
10.77,Maize,Black,0,0,0.36,590,0
13.42,Rice,Clay,0,0,0.39,1500,0
7.37,Maize,Black,0,1,0.56,519,0
8.6,Cotton,Sandy,0,1,0.55,1440,0
2.67,Millets,Sandy,0,0,0.37,564,0
11.55,Cotton,Black,1,1,0.52,596,1
4.56,Wheat,Black,0,1,0.81,1268,0
13.2,Rice,Loam,1,0,0.42,830,0
12.11,Maize,Sandy,0,0,0.76,811,0
3.22,Wheat,Sandy,0,0,0.33,1097,0
6.17,Maize,Clay,0,1,0.24,332,0
3.2,Wheat,Loam,1,0,0.33,411,0
14.31,Maize,Black,0,0,0.58,777,0
2.15,Wheat,Clay,1,0,0.62,1228,0
6.33,Sugarcane,Loam,0,1,0.48,639,0
13.09,Rice,Loam,1,0,0.93,760,0
12.41,Cotton,Black,1,0,0.72,904,0
5.38,Wheat,Sandy,0,0,0.52,914,0
10.03,Rice,Sandy,1,0,0.28,1420,0
9.89,Cotton,Sandy,1,0,0.39,1185,0
0.79,Maize,Sandy,0,0,0.63,1286,0
12.74,Cotton,Sandy,1,1,0.42,1322,0
11.07,Cotton,Clay,1,1,0.24,1478,0
13.64,Cotton,Sandy,0,1,0.73,1180,0
10.38,Millets,Sandy,0,0,0.42,938,0
11.59,Wheat,Sandy,1,0,0.83,317,0
7.91,Cotton,Clay,1,0,0.9,1500,0
1.81,Maize,Loam,1,1,0.87,455,0
0.63,Sugarcane,Clay,0,0,0.24,1432,0
13.58,Millets,Clay,1,1,0.48,1350,0
10.96,Cotton,Loam,1,1,0.49,1308,0
1.99,Maize,Clay,1,1,0.55,1216,0
0.94,Cotton,Clay,1,0,0.87,300,0
13.85,Sugarcane,Black,1,0,0.77,664,0
12.22,Maize,Sandy,1,0,0.34,501,0
9.85,Sugarcane,Sandy,1,0,0.56,1233,0
10.56,Cotton,Loam,1,1,0.42,631,0
14.9,Wheat,Clay,0,1,0.57,694,0
13.6,Cotton,Black,0,0,0.83,306,0
14.95,Rice,Sandy,1,1,0.83,795,1
14.88,Cotton,Clay,1,0,0.29,1437,0
4.79,Maize,Black,1,0,0.64,380,0
1.29,Cotton,Sandy,1,1,0.3,520,0
10.33,Wheat,Sandy,1,0,0.92,931,0
2.46,Rice,Loam,1,0,0.31,813,0
4.65,Millets,Black,0,1,0.2,518,0
12.57,Wheat,Loam,1,1,0.44,629,0
12.82,Sugarcane,Black,1,0,0.22,513,0
2.08,Wheat,Black,1,0,0.27,459,0
3.49,Wheat,Black,0,0,0.88,788,0
8.97,Sugarcane,Sandy,1,1,0.33,334,0
6.58,Millets,Loam,0,1,0.53,473,0
7.28,Millets,Sandy,0,0,0.33,477,0
7.33,Cotton,Sandy,0,0,0.95,760,0
3.23,Cotton,Black,1,1,0.24,765,0
2.03,Maize,Sandy,1,1,0.68,1434,1
3.56,Rice,Loam,1,1,0.48,338,0
12.96,Rice,Clay,1,0,0.55,707,0
6.74,Sugarcane,Black,1,0,0.28,1234,0
10.1,Sugarcane,Sandy,1,1,0.78,1160,1
4.09,Wheat,Clay,1,0,0.63,883,0
14.97,Millets,Sandy,0,0,0.73,550,0
5.78,Cotton,Sandy,0,0,0.44,1128,0
11.66,Rice,Sandy,0,1,0.7,1029,0
5.72,Millets,Loam,1,0,0.92,970,0
2.91,Maize,Clay,1,0,0.27,844,0
2.56,Maize,Clay,0,1,0.38,708,0
5.32,Wheat,Sandy,0,0,0.43,510,0
10.05,Cotton,Loam,1,1,0.32,614,0
12.74,Millets,Loam,1,1,0.75,1034,1
5.35,Maize,Sandy,0,0,0.64,987,0
13.23,Millets,Sandy,0,1,0.35,1353,0
13.84,Cotton,Loam,0,0,0.86,957,0
5.95,Millets,Black,1,0,0.2,1128,0
13.84,Rice,Sandy,0,1,0.28,1119,0
14.01,Millets,Sandy,0,1,0.78,1162,0
2.98,Sugarcane,Sandy,0,0,0.55,1376,0
6.48,Cotton,Black,1,0,0.75,1390,0
2.4,Cotton,Sandy,0,1,0.7,1250,0
11.87,Rice,Sandy,0,0,0.55,474,0
8.28,Cotton,Clay,0,1,0.55,1342,0
6.1,Sugarcane,Clay,0,1,0.3,447,0
9.28,Rice,Clay,0,0,0.26,918,0
13.54,Rice,Sandy,1,0,0.47,373,0
13.25,Maize,Clay,1,0,0.86,1210,0
2.5,Millets,Loam,1,1,0.44,990,0
10.72,Sugarcane,Clay,0,0,0.39,551,0
9.22,Maize,Clay,1,0,0.21,1318,0
0.73,Cotton,Sandy,1,0,0.93,1084,0
5.15,Wheat,Clay,1,0,0.67,760,0
12.65,Rice,Black,1,0,0.52,636,0
9.07,Millets,Sandy,1,0,0.49,607,0
3.36,Cotton,Black,0,1,0.46,693,0
9.85,Maize,Clay,0,1,0.22,1173,0
14.64,Millets,Clay,1,0,0.85,487,0
9.54,Sugarcane,Sandy,0,1,0.84,633,0
2.87,Wheat,Loam,0,0,0.86,933,0
1.54,Cotton,Loam,1,0,0.31,472,0
9.97,Sugarcane,Black,0,0,0.83,1488,0
12.7,Wheat,Clay,0,0,0.81,335,0
3.54,Rice,Sandy,0,1,0.62,1209,0
5.08,Cotton,Sandy,0,0,0.57,581,0
2.21,Wheat,Black,1,1,0.94,461,1
2.66,Rice,Sandy,0,1,0.61,798,0
10.55,Millets,Loam,0,1,0.78,1431,0
6.68,Maize,Clay,1,1,0.82,993,1
13.88,Rice,Clay,1,1,0.87,1068,1
10.65,Rice,Sandy,0,0,0.29,323,0
11.0,Rice,Sandy,1,1,0.59,826,1
8.13,Rice,Clay,1,0,0.89,1437,0
0.93,Rice,Loam,1,0,0.28,510,0
12.84,Rice,Black,1,1,0.34,1463,0
5.99,Maize,Clay,0,0,0.45,832,0
0.8,Cotton,Sandy,0,1,0.66,1229,0
9.39,Maize,Black,0,1,0.58,1237,0
8.12,Rice,Loam,0,1,0.86,1163,0
10.35,Cotton,Sandy,0,0,0.74,969,0
11.14,Maize,Loam,0,1,0.87,1351,0
8.99,Cotton,Clay,0,1,0.55,487,0
3.86,Wheat,Sandy,1,0,0.53,460,0
12.67,Maize,Loam,1,0,0.78,341,0
8.44,Cotton,Sandy,1,1,0.41,1072,0
10.05,Rice,Loam,0,1,0.36,890,0
9.22,Millets,Black,0,0,0.8,1115,0
13.73,Rice,Sandy,1,1,0.54,817,1
2.68,Cotton,Sandy,1,1,0.41,519,0
10.57,Wheat,Loam,1,0,0.49,1074,0
5.53,Cotton,Loam,0,0,0.33,311,0
6.61,Sugarcane,Clay,1,1,0.57,1230,1
14.59,Rice,Clay,1,0,0.71,822,0
8.6,Maize,Clay,1,1,0.31,1108,0
0.98,Cotton,Sandy,0,1,0.84,431,0
6.46,Millets,Sandy,0,0,0.69,708,0
2.81,Rice,Black,0,0,0.8,793,0
13.39,Maize,Loam,1,1,0.39,852,0
10.08,Maize,Clay,1,1,0.4,1134,0
11.63,Wheat,Clay,1,0,0.88,928,0
14.56,Millets,Clay,1,0,0.41,1478,0
11.75,Cotton,Sandy,1,1,0.82,1456,1
5.88,Maize,Black,0,0,0.5,1338,0
1.95,Cotton,Black,1,0,0.49,569,0
4.24,Cotton,Loam,0,1,0.92,1149,0
9.37,Millets,Sandy,1,1,0.81,671,1
12.7,Millets,Loam,0,0,0.33,1450,0
13.62,Sugarcane,Sandy,1,1,0.48,1461,0
13.52,Rice,Sandy,1,1,0.76,1208,1
9.63,Sugarcane,Sandy,0,1,0.52,807,0
12.67,Cotton,Clay,0,0,0.55,472,0
1.76,Cotton,Loam,0,0,0.89,1363,0
8.72,Maize,Black,1,0,0.49,888,0
14.89,Wheat,Black,0,0,0.6,566,0
14.24,Millets,Loam,0,1,0.87,383,0
11.37,Rice,Clay,0,1,0.4,1329,0
9.96,Sugarcane,Black,0,1,0.58,1362,0
7.09,Wheat,Clay,0,0,0.23,887,0
0.58,Rice,Sandy,1,0,0.34,451,0
14.25,Wheat,Sandy,0,0,0.69,596,0
14.2,Millets,Clay,0,1,0.79,1393,0
14.74,Sugarcane,Black,0,0,0.92,1306,0
7.29,Sugarcane,Black,1,1,0.67,1327,1
14.48,Rice,Sandy,1,0,0.36,1310,0
5.47,Sugarcane,Black,0,0,0.92,928,0
2.24,Millets,Black,0,1,0.59,1065,0
0.76,Maize,Loam,0,0,0.89,377,0
10.35,Cotton,Black,1,0,0.23,904,0
3.28,Wheat,Loam,0,1,0.79,955,0
0.82,Maize,Loam,1,0,0.24,432,0
7.59,Sugarcane,Clay,1,1,0.84,992,1
1.26,Rice,Sandy,0,1,0.59,610,0
12.76,Cotton,Sandy,0,0,0.9,1474,0
1.8,Maize,Sandy,1,1,0.31,323,0
10.82,Rice,Black,1,1,0.83,1275,1
1.06,Maize,Loam,0,0,0.62,1248,0
3.91,Cotton,Sandy,1,1,0.68,948,1
9.63,Maize,Black,0,0,0.71,1241,0
14.88,Maize,Sandy,1,0,0.75,621,0
3.61,Millets,Sandy,1,1,0.89,343,1
4.82,Millets,Loam,1,1,0.35,668,0
3.98,Maize,Loam,1,0,0.79,1168,0
4.76,Cotton,Clay,0,0,0.91,858,0
10.61,Cotton,Sandy,0,1,0.56,1199,0
7.57,Maize,Loam,0,0,0.49,862,0
11.78,Wheat,Loam,1,1,0.78,461,1
14.34,Wheat,Black,1,0,0.22,486,0
1.66,Cotton,Sandy,1,0,0.88,764,0
6.7,Wheat,Black,1,1,0.64,494,1
5.65,Sugarcane,Clay,0,0,0.22,1320,0
7.83,Millets,Clay,1,0,0.68,878,0
2.04,Cotton,Loam,0,0,0.64,1168,0
3.69,Maize,Clay,0,0,0.95,1393,0
13.55,Millets,Black,0,0,0.24,495,0
14.46,Sugarcane,Black,1,1,0.49,759,0
2.31,Sugarcane,Black,1,0,0.4,754,0
7.63,Sugarcane,Sandy,1,0,0.32,555,0
3.63,Maize,Loam,0,0,0.25,985,0
14.84,Millets,Clay,1,1,0.74,947,1
5.41,Maize,Loam,0,0,0.2,777,0
14.31,Millets,Loam,1,1,0.57,1456,1
10.88,Millets,Loam,0,0,0.33,848,0
11.92,Wheat,Sandy,1,0,0.8,318,0
12.84,Wheat,Clay,1,0,0.6,545,0
0.71,Maize,Loam,0,1,0.39,925,0
5.45,Rice,Loam,1,0,0.89,1198,0
4.2,Sugarcane,Black,0,0,0.53,1055,0
4.51,Wheat,Sandy,1,1,0.87,1019,1
0.81,Rice,Clay,1,0,0.84,1107,0
13.77,Sugarcane,Black,0,1,0.4,1376,0
11.58,Millets,Sandy,1,1,0.49,1434,0
1.02,Cotton,Loam,0,0,0.44,1237,0
10.53,Millets,Clay,0,0,0.42,543,0
11.47,Maize,Black,1,0,0.51,1222,0
9.22,Cotton,Clay,0,1,0.56,796,0
1.56,Maize,Loam,0,0,0.86,1261,0
13.58,Sugarcane,Clay,0,1,0.68,1081,0
10.02,Sugarcane,Sandy,1,0,0.57,599,0
11.7,Rice,Sandy,0,1,0.57,474,0
5.19,Cotton,Loam,1,0,0.86,1270,0
2.37,Maize,Loam,0,0,0.65,1422,0
12.37,Millets,Sandy,1,1,0.92,1276,1
6.37,Cotton,Loam,0,0,0.87,589,0
7.77,Wheat,Black,1,0,0.64,954,0
10.58,Rice,Clay,1,1,0.65,1245,1
3.32,Maize,Black,0,0,0.6,726,0
12.51,Millets,Black,1,0,0.22,1242,0
10.04,Rice,Black,0,1,0.62,1281,0
4.65,Rice,Loam,0,1,0.92,936,0
14.05,Sugarcane,Black,0,1,0.86,1158,0
7.29,Sugarcane,Loam,0,1,0.83,322,0
12.02,Wheat,Black,1,1,0.3,1483,0
11.77,Rice,Sandy,0,1,0.44,378,0
8.97,Millets,Loam,1,0,0.37,355,0
7.84,Sugarcane,Clay,1,1,0.21,826,0
8.76,Millets,Black,0,0,0.54,1240,0
11.57,Wheat,Sandy,1,1,0.22,709,0
9.76,Maize,Loam,1,0,0.71,1424,0
3.14,Maize,Clay,1,0,0.86,1083,0
13.37,Rice,Black,0,0,0.45,1478,0
4.7,Rice,Clay,1,0,0.9,1225,0
2.72,Wheat,Loam,1,1,0.76,1225,1
5.99,Millets,Loam,0,0,0.83,1249,0
4.36,Cotton,Clay,1,1,0.22,1369,0
9.09,Maize,Black,1,0,0.59,1105,0
2.78,Wheat,Sandy,1,0,0.7,520,0
9.69,Rice,Black,1,0,0.3,633,0
13.0,Wheat,Sandy,1,0,0.87,971,0
11.26,Sugarcane,Sandy,0,0,0.62,790,0
8.88,Cotton,Black,1,1,0.27,960,0
1.52,Maize,Loam,1,0,0.26,487,0
4.5,Maize,Loam,0,1,0.9,1070,0
11.5,Cotton,Loam,0,1,0.68,394,0
1.66,Maize,Sandy,0,1,0.57,448,0
10.59,Cotton,Loam,1,1,0.36,1332,0
1.58,Rice,Clay,0,0,0.37,853,0
7.83,Maize,Clay,1,0,0.36,943,0
7.54,Rice,Clay,0,0,0.93,1070,0
1.66,Millets,Clay,0,0,0.56,1499,0
6.09,Cotton,Clay,1,0,0.22,635,0
12.3,Maize,Clay,1,0,0.6,567,0
12.86,Maize,Loam,1,0,0.77,785,0
12.01,Rice,Loam,1,1,0.86,975,1
2.44,Maize,Clay,0,1,0.51,510,0
4.21,Maize,Sandy,0,0,0.31,365,0
3.69,Cotton,Sandy,0,1,0.44,934,0
2.59,Rice,Sandy,0,0,0.28,981,0
9.37,Maize,Loam,0,0,0.83,1362,0
7.29,Wheat,Loam,0,0,0.74,639,0
5.08,Millets,Loam,1,1,0.21,1186,0
3.65,Cotton,Loam,1,1,0.51,970,1
14.3,Wheat,Sandy,0,0,0.33,867,0
3.22,Maize,Black,0,1,0.41,681,0
3.51,Cotton,Black,0,1,0.91,1217,0
9.61,Maize,Loam,0,1,0.43,378,0
0.63,Wheat,Sandy,0,0,0.51,1140,0
12.73,Rice,Sandy,0,0,0.49,715,0
1.2,Rice,Clay,1,1,0.65,523,0
10.45,Maize,Clay,1,0,0.87,1019,0
12.85,Millets,Black,0,0,0.42,499,0
3.3,Rice,Black,1,1,0.34,1459,0
14.19,Millets,Loam,0,1,0.25,1404,0
4.09,Cotton,Loam,0,1,0.29,1231,0
10.56,Sugarcane,Clay,0,0,0.73,547,0
9.57,Maize,Loam,1,0,0.76,341,0
7.4,Rice,Clay,1,0,0.44,1496,0
10.39,Cotton,Black,0,0,0.35,1276,0
11.39,Maize,Sandy,1,1,0.93,360,1
2.15,Wheat,Sandy,0,1,0.7,744,0
10.59,Maize,Black,0,0,0.53,641,0
6.37,Maize,Sandy,1,1,0.48,769,0
3.36,Maize,Loam,1,0,0.67,1113,0
9.4,Cotton,Black,1,0,0.69,959,0
8.02,Cotton,Black,0,0,0.67,676,0
1.14,Wheat,Sandy,0,0,0.39,693,0
1.11,Maize,Black,1,0,0.64,1485,0
3.6,Sugarcane,Loam,1,0,0.54,795,0
4.47,Maize,Sandy,0,0,0.41,567,0
13.8,Millets,Black,0,1,0.71,1305,0
7.92,Maize,Loam,0,0,0.5,528,0
12.21,Maize,Sandy,1,1,0.88,310,1
2.72,Cotton,Loam,0,0,0.94,616,0
13.05,Sugarcane,Black,0,0,0.65,1083,0
4.98,Sugarcane,Loam,0,0,0.63,897,0
1.38,Millets,Black,1,1,0.45,551,0
14.71,Rice,Loam,0,1,0.51,688,0
6.73,Millets,Sandy,0,1,0.76,1402,0
9.0,Sugarcane,Loam,0,0,0.73,1253,0
4.2,Maize,Clay,1,0,0.24,1023,0
5.43,Cotton,Clay,0,1,0.93,1351,0
13.61,Millets,Loam,0,0,0.75,733,0
14.96,Maize,Clay,1,1,0.87,349,1
8.77,Maize,Clay,1,0,0.31,1341,0
5.59,Maize,Loam,1,0,0.54,1005,0
13.56,Cotton,Loam,0,1,0.63,750,0
7.02,Wheat,Loam,1,0,0.6,1443,0
9.18,Maize,Black,0,1,0.44,726,0
14.84,Millets,Clay,1,1,0.6,785,1
9.54,Millets,Clay,0,0,0.41,1074,0
14.37,Wheat,Clay,1,1,0.6,738,1
8.04,Rice,Clay,1,1,0.88,567,1
4.7,Sugarcane,Loam,1,1,0.59,1408,1
13.42,Wheat,Black,1,1,0.86,1299,1
7.9,Cotton,Loam,0,1,0.53,948,0
11.5,Cotton,Sandy,1,0,0.3,1119,0
5.34,Sugarcane,Sandy,1,1,0.39,940,0
6.14,Cotton,Sandy,1,1,0.33,1366,0
7.4,Rice,Black,1,1,0.74,646,1
7.81,Sugarcane,Sandy,0,1,0.54,1035,0
11.21,Sugarcane,Clay,0,1,0.83,350,0
3.55,Cotton,Black,1,0,0.89,540,0
7.0,Rice,Sandy,0,1,0.51,550,0
3.12,Rice,Sandy,0,1,0.71,985,0
7.57,Wheat,Black,1,1,0.44,1301,0
12.14,Cotton,Clay,0,1,0.91,1101,0
9.57,Cotton,Black,0,1,0.25,732,0
1.08,Cotton,Sandy,0,1,0.41,1305,0
9.8,Wheat,Loam,1,0,0.55,676,0
8.08,Maize,Sandy,0,0,0.51,1199,0
6.04,Rice,Loam,1,0,0.44,372,0
14.75,Wheat,Loam,1,1,0.7,1034,1
6.96,Millets,Loam,0,0,0.45,1002,0
1.62,Millets,Clay,0,0,0.6,1221,0
8.46,Wheat,Clay,1,0,0.83,455,0
13.63,Rice,Black,1,0,0.87,1002,0
11.41,Maize,Black,1,1,0.47,1062,0
2.06,Cotton,Black,0,0,0.46,1182,0
4.54,Wheat,Clay,1,0,0.64,853,0
12.01,Sugarcane,Black,0,1,0.74,757,0
8.77,Millets,Sandy,0,1,0.44,936,0
13.14,Cotton,Clay,1,1,0.47,384,0
2.15,Millets,Loam,0,1,0.32,1009,0
8.6,Rice,Sandy,0,0,0.4,978,0
3.31,Millets,Loam,0,1,0.65,822,0
8.53,Rice,Black,0,0,0.44,941,0
0.61,Rice,Sandy,0,0,0.91,1432,0
0.66,Cotton,Sandy,1,0,0.25,1050,0
8.23,Millets,Loam,1,0,0.59,960,0
1.55,Sugarcane,Clay,1,0,0.52,303,0
5.03,Rice,Loam,1,1,0.27,1193,0
11.3,Wheat,Sandy,1,0,0.4,1263,0
2.28,Sugarcane,Loam,0,0,0.48,1062,0
11.72,Millets,Sandy,1,0,0.89,373,0
5.74,Cotton,Loam,0,0,0.22,1323,0
13.7,Wheat,Sandy,0,1,0.3,303,0
8.58,Rice,Loam,1,1,0.31,1496,0
13.21,Millets,Black,1,1,0.9,416,1
4.44,Sugarcane,Loam,0,0,0.34,1315,0
11.11,Sugarcane,Black,0,1,0.24,1098,0
5.76,Rice,Black,0,1,0.41,846,0
5.61,Cotton,Sandy,0,0,0.32,953,0
7.67,Sugarcane,Sandy,1,1,0.89,1372,1
13.78,Sugarcane,Clay,0,0,0.25,386,0
4.86,Cotton,Black,0,0,0.42,705,0
7.25,Maize,Loam,0,0,0.79,730,0
4.95,Wheat,Loam,0,1,0.4,1495,0
11.77,Cotton,Sandy,1,1,0.35,1361,0
0.55,Rice,Black,0,0,0.47,1437,0
5.89,Sugarcane,Sandy,1,0,0.53,726,0
7.78,Sugarcane,Sandy,0,1,0.36,477,0
12.28,Sugarcane,Sandy,1,1,0.9,1001,1
9.61,Cotton,Clay,0,0,0.32,707,0
3.88,Cotton,Clay,1,1,0.23,465,0
12.39,Sugarcane,Clay,1,0,0.68,1171,0
14.36,Rice,Clay,0,0,0.3,399,0
7.76,Cotton,Loam,0,1,0.88,1315,0
11.98,Wheat,Clay,1,1,0.89,962,1
8.13,Sugarcane,Sandy,0,0,0.41,1350,0
9.09,Millets,Sandy,1,1,0.92,1369,1
12.74,Maize,Sandy,1,0,0.48,687,0
8.53,Maize,Sandy,0,0,0.7,459,0
0.57,Maize,Clay,1,0,0.37,448,0
10.48,Maize,Black,1,0,0.76,1142,0
9.33,Rice,Loam,0,0,0.52,772,0
6.06,Cotton,Clay,1,0,0.75,1320,0
9.5,Sugarcane,Loam,0,1,0.6,902,0
11.4,Millets,Loam,1,0,0.7,966,0
6.82,Rice,Sandy,0,1,0.59,955,0
4.48,Maize,Black,1,0,0.84,664,0
14.53,Rice,Sandy,0,0,0.6,1105,0
10.37,Sugarcane,Black,1,0,0.84,1379,0
11.22,Sugarcane,Sandy,1,1,0.82,1045,1
12.83,Millets,Sandy,0,0,0.42,586,0
6.17,Maize,Sandy,0,1,0.65,689,0
14.47,Millets,Loam,1,1,0.44,1321,0
7.91,Wheat,Sandy,1,0,0.92,1272,0
4.36,Rice,Black,0,1,0.67,1100,0
3.47,Maize,Clay,1,1,0.76,1347,1
4.77,Maize,Black,1,1,0.69,1116,1
10.18,Wheat,Clay,0,1,0.37,949,0
12.69,Millets,Loam,1,1,0.77,596,1
1.48,Cotton,Loam,1,0,0.67,879,0
2.5,Sugarcane,Clay,1,1,0.88,1288,1
8.73,Rice,Sandy,1,0,0.94,1223,0
3.24,Cotton,Loam,0,0,0.77,457,0
1.93,Wheat,Black,0,0,0.72,718,0
6.59,Cotton,Sandy,0,0,0.27,1475,0
11.51,Millets,Black,1,0,0.95,1228,0
9.75,Wheat,Black,0,1,0.63,451,0
2.62,Rice,Clay,1,1,0.31,989,0
5.06,Wheat,Loam,0,1,0.81,674,0
10.88,Millets,Sandy,1,1,0.45,795,0
5.09,Maize,Black,0,0,0.25,1109,0
14.57,Wheat,Sandy,1,0,0.59,370,0
5.18,Cotton,Clay,1,0,0.65,1083,0
4.54,Cotton,Loam,0,0,0.44,635,0
14.03,Wheat,Black,0,0,0.34,673,0
11.49,Cotton,Sandy,0,0,0.22,1347,0
5.67,Wheat,Loam,1,0,0.38,1025,0
14.73,Cotton,Sandy,0,0,0.77,366,0
9.44,Rice,Clay,1,1,0.68,1300,1
1.12,Maize,Loam,1,0,0.3,478,0
6.19,Millets,Loam,1,0,0.24,548,0
3.47,Sugarcane,Sandy,1,1,0.45,1418,0
13.2,Wheat,Loam,1,0,0.55,590,0
11.36,Rice,Black,1,1,0.28,713,0
2.45,Millets,Clay,1,0,0.25,684,0
5.61,Wheat,Sandy,1,1,0.38,883,0
4.99,Maize,Clay,1,1,0.85,1296,1
8.15,Maize,Black,1,1,0.38,667,0
2.28,Millets,Black,1,1,0.6,1103,1
5.36,Maize,Clay,1,0,0.4,307,0
8.42,Maize,Loam,1,1,0.55,1101,1
12.5,Millets,Sandy,0,1,0.2,720,0
7.2,Millets,Black,0,0,0.53,639,0
14.68,Maize,Black,1,0,0.71,1067,0
5.06,Millets,Sandy,0,1,0.26,489,0
1.35,Sugarcane,Clay,0,0,0.3,1080,0
4.07,Millets,Loam,0,1,0.47,1492,0
7.58,Sugarcane,Loam,0,1,0.78,1408,0
8.75,Cotton,Sandy,0,0,0.65,556,0
5.19,Wheat,Loam,1,1,0.67,493,1
10.9,Rice,Clay,0,1,0.59,475,0
3.59,Cotton,Black,0,1,0.79,1491,0
11.0,Sugarcane,Black,0,0,0.7,443,0
6.12,Sugarcane,Black,1,1,0.73,782,1
3.41,Wheat,Clay,1,0,0.87,1192,0
12.92,Maize,Black,0,0,0.24,590,0
11.11,Maize,Sandy,0,0,0.87,878,0
10.33,Sugarcane,Sandy,1,1,0.77,963,1
1.24,Maize,Sandy,0,1,0.7,1105,0
1.28,Sugarcane,Loam,0,1,0.44,1091,0
4.89,Sugarcane,Sandy,1,1,0.52,924,1
10.58,Rice,Sandy,0,0,0.81,1439,0
6.49,Maize,Clay,0,0,0.84,530,0
14.94,Cotton,Loam,1,1,0.36,605,0
7.2,Wheat,Clay,0,1,0.35,641,0
14.61,Millets,Black,1,1,0.85,1390,1
13.59,Maize,Loam,1,1,0.65,1158,1
3.9,Wheat,Black,1,1,0.21,988,0
12.29,Wheat,Clay,1,0,0.54,1438,0
8.39,Maize,Sandy,0,1,0.38,399,0
3.82,Millets,Clay,1,0,0.75,691,0
2.58,Maize,Black,0,0,0.37,775,0
14.37,Cotton,Black,1,0,0.38,1212,0
14.56,Rice,Clay,1,1,0.79,1438,1
13.98,Sugarcane,Clay,1,0,0.46,405,0
4.41,Wheat,Sandy,0,0,0.48,304,0
10.96,Wheat,Clay,0,1,0.92,1223,0
13.5,Maize,Black,0,0,0.46,447,0
1.62,Sugarcane,Clay,1,0,0.73,1017,0
13.49,Millets,Sandy,1,1,0.4,1063,0
6.64,Cotton,Sandy,0,1,0.88,1352,0
8.32,Millets,Black,0,0,0.31,1383,0
3.55,Millets,Loam,1,0,0.36,953,0
4.16,Cotton,Clay,1,0,0.25,365,0
8.54,Maize,Loam,1,0,0.28,496,0
4.48,Cotton,Black,1,0,0.52,305,0
3.67,Millets,Sandy,1,0,0.65,352,0
9.61,Maize,Black,0,1,0.47,1044,0
5.83,Rice,Loam,1,0,0.44,328,0
11.94,Maize,Sandy,1,0,0.34,1131,0
7.19,Maize,Sandy,1,1,0.49,1111,0
2.76,Cotton,Sandy,1,0,0.67,430,0
13.69,Maize,Sandy,1,0,0.59,512,0
2.33,Maize,Clay,1,0,0.38,462,0
9.54,Wheat,Clay,0,0,0.94,545,0
13.02,Cotton,Clay,0,0,0.47,507,0
1.35,Rice,Loam,0,1,0.3,853,0
12.17,Sugarcane,Black,0,1,0.88,551,0
6.06,Millets,Sandy,0,1,0.43,980,0
13.82,Rice,Black,1,1,0.92,1250,1
5.03,Millets,Black,1,0,0.23,1333,0
3.93,Cotton,Clay,1,0,0.79,1425,0
5.06,Millets,Sandy,0,1,0.33,323,0
0.68,Wheat,Clay,1,0,0.78,883,0
4.69,Sugarcane,Clay,1,1,0.72,725,1
6.76,Sugarcane,Sandy,1,0,0.74,526,0
11.45,Millets,Loam,1,0,0.82,1416,0
14.21,Sugarcane,Black,1,1,0.64,1353,1
4.14,Cotton,Clay,1,1,0.6,571,1
14.96,Rice,Clay,1,0,0.49,1113,0
6.78,Cotton,Black,1,0,0.55,1237,0
2.04,Cotton,Black,1,1,0.75,1282,1
3.63,Sugarcane,Sandy,1,0,0.86,500,0
12.7,Wheat,Loam,1,0,0.85,1479,0
6.64,Rice,Loam,1,0,0.92,1475,0
6.71,Rice,Loam,0,0,0.29,1465,0
1.93,Wheat,Loam,1,0,0.26,1450,0
4.16,Maize,Sandy,0,1,0.62,1324,0
11.57,Wheat,Loam,1,1,0.64,988,1
2.55,Millets,Sandy,1,1,0.65,566,1
4.53,Sugarcane,Clay,0,0,0.32,1397,0
11.24,Rice,Loam,0,1,0.43,677,0
4.69,Sugarcane,Loam,1,1,0.64,418,1
13.32,Cotton,Loam,0,1,0.47,565,0
8.6,Wheat,Black,0,1,0.36,713,0
11.0,Sugarcane,Sandy,1,0,0.24,1041,0
14.81,Maize,Sandy,0,1,0.83,1022,0
1.64,Maize,Loam,0,1,0.38,1443,0
9.67,Maize,Clay,0,0,0.56,628,0
0.86,Wheat,Black,1,0,0.63,334,0
13.85,Wheat,Loam,1,0,0.31,410,0
1.32,Rice,Loam,1,1,0.89,778,0
7.52,Wheat,Black,0,0,0.62,655,0
8.54,Cotton,Loam,0,1,0.74,1370,0
5.56,Sugarcane,Sandy,1,1,0.56,881,1
13.88,Maize,Loam,0,0,0.64,1315,0
3.96,Cotton,Black,1,1,0.23,929,0
3.37,Wheat,Black,1,0,0.61,582,0
12.22,Sugarcane,Clay,1,1,0.77,842,1
6.94,Maize,Clay,0,0,0.93,651,0
2.09,Maize,Loam,0,1,0.73,1402,0
10.95,Maize,Sandy,0,0,0.83,918,0
10.01,Rice,Clay,1,0,0.41,366,0
5.89,Millets,Clay,1,0,0.56,927,0
0.51,Cotton,Black,0,0,0.79,633,0
7.54,Wheat,Loam,1,1,0.6,457,1
14.57,Rice,Sandy,0,1,0.3,1076,0
5.71,Sugarcane,Black,1,1,0.47,1300,0
8.64,Sugarcane,Sandy,1,1,0.3,1488,0
8.31,Maize,Black,1,0,0.69,829,0
1.11,Millets,Clay,0,0,0.53,1266,0
0.94,Cotton,Black,0,1,0.88,1050,0
2.19,Rice,Loam,0,0,0.48,1280,0
8.81,Rice,Black,0,0,0.54,350,0
9.21,Cotton,Black,0,0,0.25,1450,0
8.23,Wheat,Black,1,1,0.88,1393,1
12.06,Maize,Loam,1,1,0.45,727,0
13.74,Wheat,Black,0,1,0.31,1086,0
10.39,Maize,Clay,0,0,0.42,998,0
9.58,Sugarcane,Sandy,1,0,0.74,1256,0
11.67,Wheat,Sandy,0,1,0.71,1134,0
2.32,Sugarcane,Black,0,1,0.7,832,0
7.81,Wheat,Loam,1,1,0.41,329,0
6.77,Cotton,Black,0,0,0.28,907,0
8.72,Maize,Clay,1,1,0.89,832,1
12.86,Millets,Sandy,1,1,0.4,874,0
13.3,Maize,Sandy,0,1,0.43,1060,0
2.43,Maize,Sandy,1,0,0.8,1234,0
3.49,Sugarcane,Clay,1,1,0.92,1278,1
9.36,Cotton,Black,1,1,0.35,1450,0
8.26,Sugarcane,Clay,1,1,0.62,817,1
13.43,Cotton,Clay,1,1,0.9,544,1
11.0,Sugarcane,Loam,0,1,0.84,1421,0
2.52,Rice,Sandy,0,1,0.22,1406,0
2.74,Sugarcane,Clay,1,1,0.36,672,0
0.86,Wheat,Black,0,1,0.27,1408,0
1.61,Sugarcane,Black,0,1,0.76,1028,0
9.48,Cotton,Black,1,0,0.68,1067,0
8.26,Sugarcane,Black,0,1,0.33,336,0
0.9,Sugarcane,Sandy,1,1,0.65,498,0
3.2,Cotton,Loam,1,1,0.22,761,0
7.49,Millets,Black,0,1,0.32,580,0
1.9,Rice,Sandy,0,0,0.78,1115,0
1.23,Sugarcane,Sandy,1,0,0.33,1341,0
8.09,Maize,Clay,0,0,0.91,1070,0
6.9,Maize,Black,1,1,0.38,782,0
6.05,Wheat,Black,0,0,0.65,723,0
2.29,Cotton,Loam,0,1,0.47,539,0
1.2,Maize,Sandy,0,1,0.26,1491,0
4.98,Sugarcane,Sandy,1,1,0.22,405,0
9.15,Wheat,Sandy,0,0,0.92,1123,0
6.01,Cotton,Sandy,0,0,0.52,827,0
2.75,Cotton,Sandy,1,0,0.9,517,0
9.04,Cotton,Black,0,1,0.37,997,0
8.07,Millets,Sandy,1,1,0.52,1435,1
12.05,Cotton,Loam,1,1,0.92,1301,1
0.58,Millets,Black,1,1,0.41,702,0
7.29,Wheat,Loam,0,0,0.94,615,0
12.86,Wheat,Loam,0,0,0.41,1089,0
12.22,Cotton,Black,0,0,0.65,1101,0
1.05,Rice,Clay,1,0,0.44,449,0
0.61,Cotton,Sandy,1,1,0.77,814,0
12.56,Wheat,Black,0,1,0.59,985,0
12.33,Rice,Black,1,1,0.23,1039,0
0.84,Wheat,Black,1,1,0.58,1444,0
12.51,Rice,Black,1,1,0.67,1282,1
7.28,Sugarcane,Clay,0,1,0.75,401,0
1.63,Millets,Loam,0,1,0.71,1144,0
6.64,Sugarcane,Sandy,1,1,0.25,1024,0
5.47,Rice,Clay,0,0,0.33,1136,0
9.19,Maize,Black,0,1,0.79,669,0
14.89,Sugarcane,Loam,1,0,0.3,322,0
4.63,Wheat,Clay,0,0,0.87,930,0
4.34,Millets,Clay,0,0,0.53,711,0
5.22,Wheat,Loam,0,0,0.41,1157,0
13.06,Rice,Black,0,1,0.36,1274,0
1.76,Wheat,Black,0,1,0.73,1492,0
6.13,Millets,Sandy,1,0,0.3,489,0
7.45,Rice,Sandy,1,1,0.71,1087,1
14.39,Sugarcane,Clay,1,0,0.56,1217,0
14.73,Cotton,Black,0,0,0.34,326,0
11.75,Cotton,Sandy,0,0,0.66,1314,0
10.39,Millets,Sandy,0,0,0.36,441,0
9.0,Sugarcane,Loam,0,1,0.25,1212,0
8.01,Cotton,Clay,0,0,0.53,714,0
3.46,Millets,Sandy,1,1,0.23,1396,0
4.2,Cotton,Black,0,1,0.45,1472,0
8.89,Millets,Sandy,1,1,0.67,837,1
3.9,Maize,Sandy,1,1,0.4,875,0
6.58,Wheat,Black,0,1,0.52,698,0
4.7,Wheat,Sandy,1,1,0.73,1309,1
5.3,Cotton,Loam,0,1,0.88,975,0
6.25,Maize,Black,0,1,0.65,934,0
3.12,Maize,Sandy,1,0,0.74,1067,0
5.47,Cotton,Loam,1,0,0.54,1135,0
5.25,Cotton,Sandy,1,0,0.91,1298,0
12.11,Maize,Black,0,0,0.46,523,0
11.47,Sugarcane,Loam,1,1,0.75,660,1
2.75,Wheat,Clay,0,0,0.89,665,0
11.89,Rice,Clay,0,1,0.64,1250,0
4.69,Maize,Black,0,1,0.59,1238,0
0.76,Cotton,Loam,0,0,0.83,976,0
12.37,Sugarcane,Clay,1,1,0.53,1168,1
9.7,Cotton,Sandy,0,1,0.8,1110,0
3.57,Rice,Sandy,1,0,0.4,395,0
14.42,Rice,Black,1,1,0.5,987,1
4.03,Sugarcane,Sandy,0,0,0.75,496,0
9.62,Millets,Clay,1,1,0.44,857,0
9.92,Cotton,Clay,0,1,0.21,1143,0
14.77,Sugarcane,Sandy,0,0,0.41,972,0
9.5,Millets,Loam,0,0,0.52,871,0
13.38,Cotton,Sandy,0,1,0.61,677,0
10.93,Rice,Clay,1,1,0.9,1410,1
6.47,Wheat,Clay,1,1,0.5,318,1
4.77,Cotton,Black,1,1,0.93,678,1
1.78,Maize,Loam,1,0,0.3,583,0
6.67,Cotton,Clay,1,1,0.44,1376,0
12.34,Sugarcane,Clay,1,0,0.54,525,0
5.94,Sugarcane,Sandy,1,0,0.62,593,0
3.79,Wheat,Clay,1,0,0.84,738,0
12.24,Sugarcane,Clay,1,1,0.64,1325,1
8.55,Millets,Clay,1,0,0.66,1101,0
6.52,Millets,Sandy,1,1,0.49,951,0
12.22,Rice,Sandy,0,0,0.33,460,0
6.43,Maize,Loam,0,1,0.69,808,0
6.1,Sugarcane,Sandy,0,0,0.39,1273,0
8.03,Sugarcane,Black,0,0,0.5,1197,0
10.58,Cotton,Black,0,1,0.82,1388,0
12.23,Maize,Black,1,0,0.87,987,0
10.28,Millets,Black,0,0,0.35,1102,0
14.41,Sugarcane,Clay,1,1,0.49,548,0
7.34,Sugarcane,Black,0,0,0.7,1065,0
12.16,Cotton,Loam,0,0,0.31,1261,0
5.57,Wheat,Black,0,0,0.64,563,0
4.5,Millets,Loam,1,0,0.43,581,0
3.87,Millets,Loam,0,0,0.74,319,0
11.69,Maize,Loam,1,1,0.61,664,1
0.87,Wheat,Clay,1,0,0.47,388,0
0.66,Cotton,Clay,0,0,0.7,1135,0
2.35,Rice,Black,0,0,0.6,1447,0
2.11,Rice,Black,0,1,0.47,737,0
11.37,Maize,Clay,1,0,0.86,1239,0
5.79,Cotton,Clay,0,1,0.63,849,0
3.16,Sugarcane,Black,1,0,0.59,1377,0
10.42,Cotton,Sandy,0,1,0.44,1179,0
5.03,Wheat,Clay,0,1,0.31,1220,0
4.97,Cotton,Black,0,1,0.5,391,0
7.29,Millets,Black,0,1,0.75,1390,0
2.36,Maize,Clay,0,1,0.93,1300,0
7.11,Wheat,Clay,0,1,0.75,1481,0
9.43,Wheat,Loam,1,0,0.58,878,0
7.89,Rice,Black,1,1,0.21,606,0
11.74,Wheat,Loam,1,0,0.28,774,0
2.73,Rice,Clay,0,0,0.44,804,0
1.96,Sugarcane,Black,0,1,0.33,1039,0
6.71,Rice,Loam,0,1,0.92,449,0
3.22,Rice,Clay,0,1,0.33,921,0
9.04,Wheat,Sandy,1,0,0.94,619,0
12.72,Rice,Black,1,1,0.73,588,1
10.9,Cotton,Black,0,0,0.49,827,0
1.04,Sugarcane,Loam,1,1,0.4,982,0
9.69,Cotton,Black,0,1,0.38,1223,0
4.22,Wheat,Loam,0,0,0.37,1091,0
12.23,Millets,Sandy,0,1,0.93,544,0
5.41,Millets,Loam,0,1,0.82,1044,0
14.74,Millets,Clay,1,1,0.67,1217,1
1.84,Sugarcane,Loam,1,1,0.78,349,0
1.81,Cotton,Black,0,1,0.21,611,0
2.78,Millets,Loam,0,0,0.33,1188,0
1.28,Maize,Loam,1,1,0.78,1240,0
6.47,Wheat,Black,1,1,0.71,1363,1
12.37,Wheat,Clay,0,1,0.75,1496,0
0.87,Millets,Sandy,0,0,0.29,762,0
6.73,Cotton,Sandy,0,1,0.48,599,0
8.28,Cotton,Sandy,1,1,0.34,1245,0
12.42,Millets,Black,1,1,0.5,550,1
0.6,Millets,Clay,0,1,0.37,975,0
2.99,Cotton,Clay,1,0,0.46,1365,0
7.02,Maize,Sandy,1,1,0.55,837,1
3.53,Rice,Sandy,0,0,0.59,960,0
6.33,Cotton,Sandy,1,1,0.23,576,0
1.12,Millets,Sandy,0,0,0.45,564,0
1.8,Cotton,Loam,0,1,0.59,966,0
4.93,Sugarcane,Loam,0,0,0.59,366,0
10.43,Sugarcane,Clay,0,1,0.73,1387,0
13.5,Sugarcane,Clay,1,1,0.81,1138,1
10.3,Wheat,Black,1,1,0.46,1319,0
9.39,Rice,Sandy,0,0,0.35,971,0
14.56,Wheat,Clay,1,1,0.58,900,1
13.46,Wheat,Clay,0,1,0.52,1438,0
7.0,Sugarcane,Clay,1,0,0.66,1007,0
6.25,Rice,Sandy,0,1,0.89,731,0
8.58,Sugarcane,Clay,1,0,0.89,456,0
5.36,Cotton,Clay,0,0,0.27,874,0
3.97,Millets,Clay,0,1,0.65,803,0
6.75,Millets,Clay,1,0,0.71,1288,0
8.71,Wheat,Black,1,0,0.86,541,0
9.72,Maize,Loam,1,1,0.3,1034,0
6.74,Rice,Sandy,0,1,0.59,515,0
11.54,Maize,Clay,1,1,0.43,976,0
7.21,Sugarcane,Clay,1,1,0.36,690,0
5.13,Maize,Loam,1,0,0.52,1444,0
3.44,Rice,Sandy,1,1,0.57,554,1
8.05,Cotton,Black,0,0,0.2,412,0
6.43,Rice,Clay,0,0,0.21,570,0
11.31,Rice,Black,1,1,0.72,896,1
3.3,Millets,Sandy,0,0,0.74,686,0
4.45,Cotton,Black,1,1,0.52,710,1
2.91,Millets,Sandy,1,0,0.39,983,0
0.86,Rice,Clay,0,0,0.94,1210,0
9.48,Wheat,Loam,1,0,0.84,726,0
4.74,Rice,Black,0,1,0.78,992,0
2.44,Millets,Loam,1,0,0.85,544,0
0.92,Rice,Loam,0,0,0.52,422,0
14.62,Millets,Loam,1,0,0.55,1389,0
3.99,Rice,Sandy,1,1,0.92,1034,1
5.34,Rice,Loam,0,0,0.63,759,0
11.07,Sugarcane,Loam,0,1,0.36,1410,0
0.57,Maize,Black,1,1,0.46,685,0
13.78,Cotton,Clay,0,0,0.86,366,0
13.42,Maize,Loam,1,1,0.49,717,0
5.92,Wheat,Sandy,1,1,0.5,1408,1
9.17,Sugarcane,Sandy,0,1,0.56,780,0
3.21,Maize,Black,1,1,0.44,1163,0
9.51,Cotton,Loam,0,0,0.74,1092,0
7.57,Millets,Sandy,0,0,0.64,651,0
3.47,Cotton,Clay,1,0,0.51,315,0
9.93,Cotton,Black,1,1,0.22,336,0
3.07,Sugarcane,Sandy,0,1,0.55,1040,0
11.3,Rice,Clay,1,1,0.41,535,0
8.4,Rice,Clay,1,1,0.27,1164,0
1.35,Wheat,Loam,0,0,0.37,1041,0
7.09,Millets,Black,0,1,0.88,469,0
14.68,Rice,Loam,0,1,0.2,890,0
0.99,Maize,Sandy,1,1,0.64,1219,0
2.66,Cotton,Loam,1,1,0.46,684,0
12.56,Cotton,Loam,0,0,0.9,1215,0
11.06,Wheat,Clay,1,1,0.6,561,1
6.62,Rice,Sandy,0,1,0.66,873,0
1.14,Maize,Black,0,1,0.92,1346,0
12.22,Maize,Clay,1,0,0.95,895,0
2.51,Sugarcane,Clay,1,1,0.7,758,1
5.43,Maize,Loam,1,0,0.37,1275,0
5.79,Millets,Loam,1,1,0.55,517,1
8.71,Wheat,Black,0,0,0.79,988,0
2.59,Rice,Loam,0,0,0.44,1144,0
14.09,Millets,Clay,1,1,0.22,1332,0
3.48,Wheat,Sandy,1,0,0.57,541,0
5.49,Cotton,Sandy,1,1,0.88,608,1
10.57,Maize,Black,0,1,0.73,867,0
0.92,Sugarcane,Sandy,1,1,0.31,997,0
5.69,Sugarcane,Sandy,0,0,0.26,364,0
4.31,Rice,Sandy,1,0,0.46,1383,0
1.19,Rice,Black,0,1,0.72,689,0
7.28,Rice,Sandy,0,1,0.42,595,0
2.05,Wheat,Loam,0,0,0.4,1075,0
11.82,Maize,Clay,0,0,0.72,431,0
3.54,Rice,Loam,0,0,0.29,1264,0
7.27,Maize,Loam,1,0,0.37,458,0
11.58,Sugarcane,Black,0,1,0.54,1267,0
12.73,Wheat,Loam,0,1,0.32,708,0
12.34,Cotton,Sandy,0,0,0.73,1066,0
13.48,Sugarcane,Loam,0,1,0.52,689,0
8.7,Cotton,Black,1,0,0.4,535,0
13.12,Millets,Sandy,1,0,0.43,1186,0
9.38,Cotton,Sandy,0,0,0.59,1446,0
3.31,Rice,Sandy,1,0,0.31,1327,0
9.98,Wheat,Clay,1,0,0.82,529,0
6.66,Wheat,Clay,1,1,0.45,1490,0
4.75,Sugarcane,Loam,0,1,0.46,838,0
11.78,Millets,Clay,1,0,0.76,652,0
6.22,Wheat,Loam,0,1,0.5,1022,0
14.79,Sugarcane,Sandy,1,1,0.24,517,0
4.79,Sugarcane,Sandy,0,1,0.43,1070,0
10.12,Rice,Loam,1,0,0.93,403,0
10.52,Cotton,Black,0,0,0.38,667,0
3.65,Sugarcane,Clay,1,0,0.48,1259,0
11.77,Millets,Sandy,1,1,0.47,834,0
11.2,Millets,Sandy,1,0,0.84,892,0
1.66,Millets,Loam,1,1,0.76,1140,0
12.58,Cotton,Black,1,1,0.69,1371,1
10.55,Sugarcane,Loam,1,1,0.45,1366,0
7.43,Wheat,Black,1,0,0.89,882,0
7.45,Millets,Loam,1,1,0.94,519,1
6.92,Maize,Loam,0,1,0.59,720,0
2.25,Millets,Sandy,1,1,0.54,1088,1
3.25,Wheat,Black,0,0,0.75,1365,0
7.82,Cotton,Sandy,1,1,0.69,499,1
3.45,Cotton,Clay,0,0,0.63,1482,0
5.68,Millets,Sandy,1,0,0.23,885,0
12.73,Rice,Sandy,0,0,0.22,693,0
6.07,Millets,Loam,1,0,0.52,536,0
2.83,Wheat,Clay,1,1,0.38,352,0
13.89,Rice,Sandy,0,0,0.87,815,0
10.39,Maize,Loam,0,1,0.72,1304,0
3.27,Wheat,Loam,0,1,0.78,666,0
4.54,Cotton,Clay,1,1,0.38,407,0
13.83,Wheat,Clay,1,0,0.82,1442,0
2.31,Rice,Sandy,1,0,0.59,1104,0
8.05,Wheat,Clay,0,0,0.27,332,0
4.03,Maize,Loam,1,1,0.34,1282,0
1.56,Cotton,Black,0,1,0.53,1235,0
3.99,Millets,Clay,1,1,0.53,596,1
9.16,Wheat,Black,1,0,0.6,1287,0
7.75,Wheat,Loam,0,1,0.25,652,0
5.61,Wheat,Black,0,0,0.36,305,0
1.99,Sugarcane,Sandy,1,0,0.31,979,0
0.74,Cotton,Clay,1,1,0.89,830,0
5.96,Wheat,Black,1,1,0.58,1086,1
10.89,Rice,Clay,0,1,0.44,561,0
10.74,Sugarcane,Clay,0,1,0.45,669,0
6.02,Cotton,Black,1,0,0.82,534,0
14.01,Maize,Loam,1,0,0.36,318,0
11.63,Sugarcane,Loam,1,1,0.28,1149,0
7.8,Wheat,Black,1,0,0.32,410,0
2.12,Sugarcane,Black,1,0,0.8,1289,0
9.49,Millets,Sandy,1,0,0.34,568,0
1.52,Rice,Loam,1,0,0.76,862,0
8.48,Cotton,Loam,0,0,0.26,783,0
14.03,Sugarcane,Loam,1,1,0.88,425,1
6.2,Sugarcane,Sandy,0,1,0.36,673,0
11.45,Cotton,Loam,0,0,0.49,871,0
5.88,Rice,Loam,0,1,0.44,1382,0
5.08,Sugarcane,Black,0,1,0.68,1334,0
11.72,Rice,Loam,1,0,0.24,690,0
11.21,Millets,Sandy,1,1,0.52,1319,1
9.1,Maize,Black,0,0,0.4,688,0
7.21,Rice,Sandy,1,1,0.74,1385,1
11.63,Cotton,Black,0,1,0.64,1192,0
14.64,Millets,Clay,0,1,0.33,1437,0
7.11,Sugarcane,Sandy,1,0,0.95,819,0
12.36,Sugarcane,Black,1,1,0.7,625,1
8.52,Cotton,Black,0,0,0.26,1442,0
3.93,Sugarcane,Loam,0,1,0.52,1388,0
13.45,Maize,Black,0,1,0.92,994,0
13.21,Maize,Clay,0,1,0.39,824,0
5.12,Wheat,Loam,0,1,0.45,1266,0
9.85,Cotton,Black,0,0,0.86,545,0
12.52,Millets,Loam,0,1,0.79,1194,0
8.8,Wheat,Sandy,1,1,0.55,1048,1
5.81,Cotton,Loam,1,1,0.48,883,0
10.56,Millets,Loam,1,1,0.94,1224,1
9.01,Maize,Black,0,0,0.27,494,0
11.49,Wheat,Black,1,0,0.76,804,0
10.94,Rice,Clay,0,1,0.35,726,0
4.47,Wheat,Sandy,1,1,0.36,1347,0
13.72,Rice,Loam,0,0,0.39,913,0
5.24,Millets,Clay,1,0,0.31,720,0
4.09,Cotton,Clay,0,1,0.41,717,0
13.34,Millets,Sandy,1,0,0.59,1217,0
9.74,Maize,Clay,0,1,0.64,1200,0
11.46,Maize,Clay,1,0,0.3,462,0
12.56,Sugarcane,Loam,0,0,0.78,854,0
1.16,Millets,Black,0,1,0.92,993,0
12.57,Millets,Clay,1,1,0.84,1264,1
11.78,Rice,Sandy,1,0,0.9,1287,0
7.45,Rice,Clay,1,1,0.53,992,1
10.41,Wheat,Black,0,1,0.23,1263,0
5.67,Cotton,Clay,0,0,0.71,430,0
2.35,Cotton,Clay,1,1,0.61,478,1
6.95,Millets,Loam,1,0,0.72,507,0
14.87,Cotton,Black,1,0,0.26,762,0
14.07,Rice,Loam,1,0,0.23,976,0
5.08,Millets,Clay,0,0,0.28,989,0
3.29,Wheat,Black,0,1,0.41,1267,0
10.52,Rice,Clay,1,1,0.48,318,0
4.22,Millets,Black,1,0,0.53,1298,0
11.63,Rice,Sandy,1,0,0.77,996,0
10.66,Maize,Clay,0,0,0.34,1135,0
11.86,Cotton,Clay,0,0,0.36,383,0
4.33,Maize,Clay,1,0,0.78,442,0
11.99,Rice,Sandy,1,1,0.8,1002,1
11.51,Sugarcane,Sandy,1,1,0.54,1244,1
4.48,Maize,Black,1,0,0.42,1179,0
6.66,Maize,Black,0,1,0.32,323,0
10.82,Millets,Loam,0,0,0.32,330,0
5.34,Cotton,Sandy,1,1,0.37,1167,0
12.89,Millets,Black,1,1,0.33,1033,0
2.83,Millets,Black,0,1,0.68,1100,0
10.56,Sugarcane,Black,0,1,0.92,1326,0
10.33,Millets,Sandy,0,0,0.53,458,0
3.85,Wheat,Loam,1,1,0.86,424,1
5.95,Sugarcane,Clay,0,1,0.91,1066,0
4.91,Sugarcane,Loam,1,1,0.58,326,1
8.0,Millets,Sandy,1,0,0.26,697,0
1.82,Cotton,Black,0,0,0.41,1477,0
9.76,Rice,Loam,0,1,0.39,634,0
10.39,Rice,Sandy,0,0,0.3,342,0
1.86,Millets,Black,0,0,0.78,887,0
1.93,Sugarcane,Sandy,0,1,0.9,1101,0
10.83,Wheat,Sandy,1,1,0.3,820,0
7.53,Wheat,Sandy,0,0,0.55,826,0
13.02,Rice,Loam,0,0,0.73,415,0
6.24,Wheat,Black,1,1,0.66,746,1
9.34,Sugarcane,Loam,0,0,0.39,581,0
7.45,Maize,Clay,0,1,0.67,1012,0
14.15,Wheat,Loam,1,1,0.58,373,1
6.37,Sugarcane,Sandy,0,0,0.34,794,0
2.97,Wheat,Black,0,1,0.65,678,0
2.31,Wheat,Loam,0,0,0.8,1299,0
6.4,Wheat,Sandy,1,0,0.93,652,0
1.42,Millets,Loam,1,1,0.62,1172,0
3.21,Millets,Loam,1,1,0.83,1256,1
5.32,Rice,Loam,0,1,0.73,1156,0
6.03,Rice,Clay,1,1,0.51,343,1
0.53,Wheat,Clay,0,1,0.8,1008,0
6.95,Wheat,Loam,1,0,0.24,1458,0
12.32,Millets,Black,0,1,0.56,306,0
7.06,Millets,Loam,1,1,0.92,743,1
3.31,Maize,Loam,0,0,0.55,749,0
8.42,Rice,Black,1,1,0.3,1467,0
6.43,Cotton,Clay,0,1,0.25,1283,0
3.5,Rice,Clay,1,0,0.52,1041,0
13.66,Cotton,Clay,1,1,0.72,1288,1
1.18,Millets,Clay,0,1,0.22,1055,0
12.95,Maize,Black,0,0,0.49,1401,0
14.65,Wheat,Loam,1,1,0.88,975,1
2.27,Rice,Black,1,1,0.56,762,1
14.78,Maize,Loam,1,0,0.58,877,0
11.13,Wheat,Black,0,0,0.58,1382,0
4.68,Rice,Black,1,0,0.38,1051,0
1.72,Maize,Clay,1,0,0.85,1105,0
14.9,Millets,Loam,1,1,0.52,973,1
8.99,Rice,Black,0,1,0.27,588,0
11.65,Millets,Sandy,1,0,0.8,806,0
0.8,Sugarcane,Black,1,0,0.25,710,0
11.0,Wheat,Loam,1,1,0.36,1083,0
10.45,Wheat,Sandy,1,1,0.66,850,1
1.38,Maize,Clay,1,1,0.36,483,0
6.93,Sugarcane,Loam,1,0,0.37,310,0
6.31,Wheat,Loam,1,1,0.7,1172,1
1.81,Cotton,Black,0,0,0.79,1274,0
11.82,Millets,Clay,1,1,0.65,641,1
9.63,Cotton,Sandy,1,1,0.79,450,1
1.34,Cotton,Loam,0,1,0.55,566,0
2.04,Cotton,Loam,1,0,0.47,938,0
12.77,Maize,Black,0,0,0.56,723,0
7.67,Wheat,Clay,0,0,0.81,846,0
2.29,Maize,Loam,1,1,0.37,1350,0
8.29,Millets,Sandy,1,0,0.84,1117,0
14.44,Millets,Loam,1,0,0.35,502,0
14.25,Millets,Black,0,0,0.54,1080,0
2.48,Rice,Clay,1,0,0.5,1147,0
1.95,Cotton,Sandy,0,1,0.78,811,0
3.81,Millets,Clay,0,0,0.41,723,0
14.7,Maize,Loam,0,0,0.63,817,0
1.57,Maize,Black,0,0,0.45,929,0
6.36,Cotton,Clay,0,1,0.95,827,0
12.91,Rice,Clay,0,0,0.44,980,0
2.46,Rice,Loam,1,0,0.73,1176,0
5.21,Maize,Clay,1,0,0.93,730,0
7.03,Wheat,Sandy,1,1,0.88,1426,1
7.1,Wheat,Sandy,0,1,0.34,856,0
12.03,Rice,Clay,0,1,0.74,954,0
5.54,Maize,Sandy,1,0,0.77,1361,0
13.01,Sugarcane,Loam,1,0,0.51,1446,0
9.27,Rice,Sandy,1,1,0.33,337,0
3.26,Millets,Loam,1,0,0.81,759,0
6.16,Sugarcane,Sandy,0,1,0.43,1491,0
4.03,Rice,Loam,0,0,0.23,1266,0
0.96,Rice,Sandy,1,0,0.83,1181,0
14.46,Wheat,Black,0,1,0.31,1285,0
8.81,Millets,Sandy,1,1,0.67,772,1
1.93,Maize,Clay,1,1,0.95,1418,0
3.37,Maize,Black,1,0,0.25,1441,0
3.42,Maize,Loam,1,0,0.76,378,0
7.64,Wheat,Loam,0,0,0.48,383,0
1.13,Cotton,Clay,0,0,0.35,658,0
6.07,Sugarcane,Loam,1,0,0.34,1213,0
13.08,Cotton,Loam,0,0,0.45,880,0
8.99,Cotton,Clay,0,1,0.37,1370,0
6.11,Rice,Black,0,0,0.34,1123,0
6.39,Sugarcane,Loam,1,1,0.95,1442,1
4.11,Wheat,Loam,0,0,0.71,1283,0
8.37,Millets,Sandy,0,0,0.26,303,0
8.42,Millets,Sandy,0,0,0.71,1342,0
7.2,Millets,Black,1,1,0.43,1337,0
2.68,Rice,Clay,1,0,0.2,801,0
7.72,Rice,Clay,0,1,0.36,425,0
10.87,Millets,Loam,0,1,0.64,508,0
5.93,Millets,Loam,0,0,0.83,1173,0
3.45,Rice,Loam,0,1,0.29,370,0
13.68,Sugarcane,Black,0,0,0.56,1340,0
13.3,Wheat,Loam,1,1,0.48,1494,0
3.22,Rice,Black,0,0,0.76,751,0
8.68,Sugarcane,Sandy,0,1,0.47,1233,0
3.22,Cotton,Sandy,1,0,0.28,960,0
9.56,Wheat,Clay,1,1,0.64,961,1
6.01,Millets,Clay,0,0,0.79,622,0
8.81,Sugarcane,Black,0,0,0.93,575,0
5.4,Rice,Sandy,0,1,0.94,685,0
3.87,Millets,Sandy,0,1,0.61,1467,0
6.03,Wheat,Loam,1,0,0.55,1496,0
14.97,Sugarcane,Sandy,0,1,0.46,705,0
11.49,Wheat,Black,0,0,0.42,600,0
11.79,Maize,Clay,1,1,0.32,705,0
13.67,Maize,Loam,1,1,0.75,370,1
7.64,Rice,Clay,0,0,0.82,779,0
8.55,Maize,Loam,0,0,0.31,481,0
10.56,Millets,Loam,0,1,0.5,368,0
8.94,Sugarcane,Clay,1,1,0.66,1100,1
2.06,Sugarcane,Loam,1,1,0.51,1478,1
12.01,Sugarcane,Sandy,0,1,0.65,672,0
3.86,Rice,Sandy,1,1,0.68,522,1
12.72,Wheat,Black,1,1,0.35,877,0
2.96,Rice,Clay,1,0,0.69,394,0
7.9,Maize,Black,1,1,0.71,873,1
3.64,Maize,Clay,1,0,0.91,569,0
12.27,Millets,Black,0,0,0.5,829,0
13.65,Millets,Loam,0,0,0.47,485,0
4.64,Wheat,Black,1,1,0.49,925,0
10.65,Cotton,Sandy,1,1,0.61,363,1
5.57,Rice,Clay,0,1,0.26,865,0
1.02,Sugarcane,Sandy,1,0,0.58,1069,0
12.22,Sugarcane,Clay,1,1,0.28,1288,0
0.83,Millets,Black,1,1,0.56,1399,0
9.93,Sugarcane,Black,1,0,0.32,1416,0
6.86,Millets,Black,1,0,0.2,1310,0
13.0,Maize,Sandy,1,0,0.42,443,0
8.14,Wheat,Clay,1,1,0.41,1249,0
13.42,Maize,Black,1,1,0.25,826,0
13.06,Wheat,Clay,1,1,0.71,1359,1
8.66,Millets,Sandy,0,1,0.95,979,0
3.89,Sugarcane,Sandy,0,1,0.22,576,0
4.12,Rice,Sandy,0,1,0.59,1417,0
1.0,Wheat,Clay,0,0,0.22,1107,0
6.04,Cotton,Loam,1,0,0.92,561,0
2.11,Millets,Loam,0,0,0.59,543,0
14.86,Millets,Sandy,1,1,0.64,579,1
9.86,Sugarcane,Black,1,0,0.31,451,0
4.06,Sugarcane,Sandy,1,1,0.23,1047,0
12.49,Sugarcane,Clay,0,0,0.43,668,0
0.83,Rice,Clay,0,1,0.5,604,0
10.98,Rice,Sandy,0,0,0.58,561,0
12.57,Rice,Loam,1,1,0.68,1488,1
2.61,Maize,Sandy,1,1,0.73,1299,1
3.34,Millets,Loam,1,0,0.58,501,0
2.56,Wheat,Clay,1,0,0.22,1466,0
14.5,Sugarcane,Black,0,1,0.23,619,0
7.79,Millets,Loam,1,0,0.44,1086,0
7.96,Millets,Black,0,1,0.68,392,0
12.14,Cotton,Sandy,0,0,0.48,1122,0
11.24,Sugarcane,Clay,0,1,0.32,348,0
7.31,Millets,Clay,0,0,0.69,1247,0
5.53,Wheat,Black,1,1,0.2,1459,0
6.57,Millets,Black,0,0,0.21,1245,0
5.84,Sugarcane,Clay,0,1,0.3,943,0
14.96,Rice,Clay,0,0,0.3,1358,0
11.56,Sugarcane,Black,1,1,0.41,781,0
5.58,Sugarcane,Loam,0,0,0.48,1377,0
2.73,Maize,Loam,0,1,0.89,1216,0
1.13,Maize,Clay,1,1,0.63,1069,0
11.69,Sugarcane,Black,1,1,0.22,606,0
9.07,Millets,Loam,1,0,0.51,880,0
5.03,Millets,Black,0,0,0.62,822,0
6.12,Rice,Black,0,0,0.54,880,0
4.44,Wheat,Clay,1,1,0.54,755,1
12.43,Rice,Loam,1,0,0.75,1139,0
8.75,Wheat,Clay,0,1,0.68,1444,0
8.75,Maize,Loam,1,1,0.31,1150,0
4.85,Maize,Loam,0,1,0.59,510,0
6.12,Cotton,Clay,1,1,0.52,656,1
14.34,Maize,Black,0,0,0.76,1012,0
8.5,Wheat,Sandy,1,0,0.92,437,0
13.77,Wheat,Loam,1,1,0.4,753,0
11.64,Rice,Clay,0,0,0.28,879,0
12.53,Sugarcane,Loam,0,1,0.51,1190,0
5.84,Maize,Clay,0,0,0.32,798,0
8.44,Cotton,Loam,0,0,0.9,681,0
9.8,Wheat,Sandy,0,0,0.39,1038,0
13.97,Millets,Clay,1,0,0.42,980,0
4.78,Maize,Loam,1,1,0.75,1310,1
5.19,Sugarcane,Sandy,0,1,0.26,338,0
4.02,Millets,Black,0,1,0.64,848,0
10.64,Maize,Sandy,0,1,0.88,1119,0
12.78,Sugarcane,Black,0,1,0.95,407,0
0.83,Wheat,Sandy,1,0,0.62,608,0
14.42,Millets,Black,0,0,0.53,1141,0
6.52,Sugarcane,Loam,1,1,0.56,307,1
8.16,Millets,Sandy,0,0,0.35,1347,0
3.9,Maize,Loam,0,1,0.53,1383,0
3.07,Wheat,Black,1,1,0.52,680,1
5.15,Wheat,Black,0,1,0.91,1362,0
2.47,Cotton,Black,0,0,0.33,547,0
13.93,Rice,Sandy,0,0,0.95,1187,0
11.86,Rice,Sandy,0,0,0.7,1328,0
4.49,Millets,Black,0,0,0.23,1251,0
6.22,Maize,Clay,0,0,0.9,1374,0
2.08,Sugarcane,Clay,0,1,0.54,533,0
3.66,Maize,Clay,1,1,0.65,778,1
8.77,Rice,Sandy,0,0,0.57,815,0
7.67,Rice,Clay,0,1,0.6,742,0
2.34,Millets,Clay,1,1,0.38,341,0
1.23,Cotton,Black,1,1,0.84,841,0
4.54,Sugarcane,Sandy,1,0,0.36,551,0
5.03,Cotton,Black,0,1,0.67,764,0
5.19,Millets,Black,1,1,0.57,678,1
14.29,Maize,Sandy,1,1,0.81,1108,1
2.91,Rice,Clay,1,0,0.4,349,0
1.92,Sugarcane,Black,1,1,0.86,1131,0
6.5,Cotton,Black,0,1,0.72,1078,0
14.86,Maize,Clay,1,0,0.6,882,0
2.0,Maize,Sandy,1,1,0.73,1362,1
11.7,Sugarcane,Black,1,1,0.75,763,1
6.27,Wheat,Clay,1,1,0.89,1322,1
12.57,Maize,Clay,0,0,0.65,1454,0
4.67,Millets,Sandy,0,0,0.49,1363,0
4.84,Sugarcane,Black,0,0,0.69,830,0
13.96,Sugarcane,Sandy,0,0,0.64,431,0
10.06,Cotton,Loam,0,1,0.21,1468,0
2.65,Cotton,Sandy,1,0,0.75,1148,0
7.96,Millets,Black,0,1,0.54,1210,0
11.27,Millets,Black,0,1,0.38,1479,0
6.01,Cotton,Black,0,0,0.54,1194,0
4.55,Millets,Clay,0,1,0.71,1355,0
13.62,Wheat,Loam,0,0,0.24,867,0
6.87,Millets,Sandy,1,0,0.46,346,0
7.19,Cotton,Loam,0,1,0.4,457,0
11.83,Cotton,Loam,1,1,0.57,1204,1
8.95,Wheat,Sandy,0,0,0.47,891,0
4.92,Rice,Sandy,1,1,0.29,944,0
7.98,Millets,Black,0,0,0.22,722,0
0.99,Rice,Black,1,0,0.56,1288,0
2.78,Cotton,Sandy,0,0,0.54,329,0
5.09,Rice,Black,0,0,0.72,1342,0
2.51,Wheat,Clay,1,0,0.4,1251,0
13.82,Rice,Sandy,0,1,0.37,1138,0
12.17,Rice,Black,0,1,0.31,1221,0
1.09,Wheat,Clay,1,1,0.64,1433,0
2.51,Rice,Loam,1,1,0.29,1059,0
14.36,Rice,Loam,1,1,0.94,1260,1
14.76,Sugarcane,Clay,0,1,0.74,1330,0
5.9,Millets,Loam,0,0,0.92,1284,0
13.01,Wheat,Sandy,1,0,0.39,1393,0
0.54,Cotton,Black,1,0,0.51,1322,0
13.98,Rice,Loam,0,1,0.21,862,0
1.96,Sugarcane,Black,0,1,0.89,1205,0
3.13,Maize,Clay,1,1,0.25,1342,0
6.15,Maize,Black,1,0,0.6,936,0
13.2,Wheat,Sandy,0,1,0.25,355,0
13.0,Sugarcane,Black,0,1,0.32,1098,0
7.57,Wheat,Sandy,0,0,0.38,1263,0
9.18,Sugarcane,Black,0,1,0.45,562,0
13.54,Rice,Black,1,1,0.47,821,0
9.16,Cotton,Clay,1,1,0.26,1255,0
3.48,Wheat,Loam,0,0,0.85,991,0
10.47,Maize,Black,1,1,0.39,1124,0
0.67,Wheat,Black,0,1,0.67,1396,0
7.49,Sugarcane,Sandy,0,1,0.4,971,0
10.39,Wheat,Black,0,1,0.53,622,0
4.45,Wheat,Sandy,1,0,0.39,1195,0
9.78,Maize,Black,0,0,0.7,609,0
7.11,Sugarcane,Loam,1,1,0.61,1072,1
7.48,Rice,Black,0,0,0.67,1008,0
11.89,Maize,Sandy,1,1,0.79,1216,1
9.11,Sugarcane,Clay,1,1,0.75,601,1
6.0,Maize,Black,1,0,0.78,1154,0
10.2,Cotton,Loam,1,1,0.62,999,1
2.29,Rice,Black,1,1,0.78,394,1
14.11,Sugarcane,Black,1,1,0.55,502,1
14.6,Wheat,Clay,0,1,0.85,937,0
14.18,Millets,Clay,1,1,0.26,570,0
14.91,Maize,Loam,0,1,0.28,1272,0
7.06,Sugarcane,Clay,0,1,0.83,783,0
8.53,Rice,Loam,1,1,0.27,682,0
6.64,Millets,Loam,0,1,0.69,713,0
8.04,Millets,Sandy,1,0,0.77,948,0
2.62,Sugarcane,Sandy,0,1,0.43,539,0
14.89,Maize,Clay,1,1,0.56,1265,1
13.15,Millets,Sandy,0,0,0.59,976,0
12.46,Wheat,Loam,1,1,0.28,720,0
11.65,Wheat,Loam,0,0,0.81,626,0
13.23,Maize,Sandy,0,0,0.47,1038,0
12.95,Sugarcane,Sandy,0,0,0.35,332,0
4.31,Sugarcane,Sandy,0,0,0.74,317,0
10.78,Cotton,Clay,0,1,0.32,1415,0
3.22,Cotton,Clay,1,0,0.62,758,0
10.05,Maize,Sandy,0,1,0.7,824,0
9.64,Maize,Clay,1,1,0.63,1352,1
7.79,Wheat,Clay,0,0,0.41,496,0
14.73,Millets,Loam,0,0,0.39,1253,0
6.0,Rice,Black,0,1,0.62,1295,0
7.21,Millets,Loam,0,1,0.36,1338,0
7.46,Sugarcane,Sandy,1,1,0.62,497,1
4.94,Cotton,Black,1,1,0.72,836,1
14.01,Maize,Sandy,0,1,0.48,1446,0
3.28,Cotton,Black,1,1,0.59,1478,1
1.15,Millets,Clay,1,0,0.58,1227,0
10.71,Maize,Clay,0,1,0.85,1049,0
11.19,Wheat,Clay,0,0,0.54,360,0
7.6,Cotton,Clay,1,0,0.59,1191,0
11.94,Cotton,Clay,1,1,0.9,324,1
12.66,Wheat,Clay,0,0,0.84,598,0
13.95,Millets,Sandy,1,0,0.62,547,0
7.84,Sugarcane,Loam,0,1,0.42,1152,0
0.8,Maize,Sandy,0,0,0.7,600,0
6.88,Millets,Black,0,1,0.36,406,0
14.74,Millets,Sandy,1,1,0.43,1215,0
13.18,Cotton,Clay,1,0,0.86,1325,0
6.51,Maize,Black,1,0,0.35,1465,0
7.13,Maize,Sandy,1,0,0.27,1268,0
7.08,Rice,Sandy,0,1,0.7,722,0
8.76,Cotton,Black,1,0,0.4,1320,0
1.12,Millets,Black,0,1,0.36,668,0
13.59,Sugarcane,Clay,0,1,0.93,470,0
11.31,Maize,Loam,0,0,0.63,1230,0
0.66,Rice,Sandy,0,1,0.65,584,0
6.39,Millets,Loam,1,1,0.68,656,1
14.38,Cotton,Black,0,0,0.89,1158,0
4.3,Cotton,Black,0,0,0.43,1251,0
2.06,Millets,Clay,1,0,0.62,769,0
5.46,Cotton,Loam,0,0,0.39,1307,0
12.12,Maize,Loam,1,0,0.54,609,0
10.17,Rice,Sandy,1,1,0.93,1273,1
12.15,Sugarcane,Loam,0,1,0.52,1256,0
6.48,Rice,Clay,1,0,0.3,799,0
11.17,Wheat,Clay,0,0,0.54,1106,0
7.82,Cotton,Sandy,0,1,0.43,718,0
4.37,Maize,Black,0,0,0.73,855,0
3.57,Maize,Sandy,1,0,0.91,662,0
14.22,Rice,Clay,1,0,0.88,1425,0
11.32,Wheat,Loam,0,1,0.3,791,0
9.01,Maize,Loam,0,0,0.66,846,0
7.9,Millets,Black,1,0,0.25,1390,0
2.49,Cotton,Sandy,0,0,0.81,558,0
3.31,Rice,Black,0,1,0.62,1439,0
11.29,Millets,Black,0,1,0.67,704,0
3.73,Wheat,Sandy,1,0,0.89,1258,0
0.76,Wheat,Clay,1,0,0.45,1329,0
12.92,Rice,Black,1,1,0.56,328,1
10.51,Cotton,Sandy,1,0,0.32,1449,0
11.27,Maize,Black,1,0,0.68,703,0
11.08,Cotton,Black,0,1,0.62,1241,0
7.39,Sugarcane,Black,1,0,0.67,962,0
1.16,Sugarcane,Loam,1,1,0.31,380,0
1.25,Sugarcane,Sandy,0,0,0.67,1295,0
4.03,Sugarcane,Sandy,0,1,0.55,1028,0
14.18,Wheat,Sandy,0,1,0.6,1459,0
9.75,Rice,Clay,0,1,0.4,1259,0
4.99,Millets,Loam,0,0,0.23,1108,0
14.74,Sugarcane,Clay,0,1,0.58,1301,0
5.93,Wheat,Black,0,0,0.28,519,0
3.73,Rice,Sandy,0,1,0.28,546,0
10.51,Cotton,Loam,1,1,0.85,1062,1
3.32,Cotton,Loam,0,0,0.72,1064,0
0.61,Wheat,Clay,0,1,0.57,1402,0
0.88,Sugarcane,Sandy,0,1,0.41,1098,0
5.91,Millets,Black,0,1,0.62,1229,0
3.86,Rice,Clay,0,0,0.65,1160,0
9.39,Cotton,Loam,1,1,0.27,1493,0
13.28,Maize,Black,0,0,0.49,1398,0
6.01,Cotton,Clay,0,0,0.47,1012,0
12.45,Millets,Loam,1,0,0.64,630,0
7.58,Maize,Black,1,1,0.93,717,1
8.13,Rice,Loam,0,1,0.27,811,0
14.06,Sugarcane,Loam,0,0,0.61,1159,0
0.91,Millets,Black,0,0,0.36,765,0
1.44,Sugarcane,Sandy,0,1,0.31,1017,0
14.22,Cotton,Black,1,0,0.85,1156,0
14.39,Wheat,Sandy,0,1,0.86,506,0
11.38,Sugarcane,Sandy,1,0,0.82,1354,0
5.69,Wheat,Clay,1,1,0.81,920,1
5.0,Wheat,Clay,1,1,0.52,748,1
10.77,Sugarcane,Loam,0,0,0.82,1460,0
11.17,Rice,Sandy,0,0,0.35,955,0
10.78,Sugarcane,Clay,1,1,0.56,489,1
12.09,Cotton,Sandy,1,0,0.36,740,0
7.39,Sugarcane,Clay,0,0,0.31,608,0
10.39,Maize,Clay,0,1,0.35,596,0
11.96,Rice,Black,1,0,0.36,388,0
6.02,Rice,Black,1,0,0.28,938,0
6.1,Maize,Clay,0,1,0.49,730,0
11.9,Maize,Black,0,1,0.53,572,0
8.31,Wheat,Sandy,0,1,0.44,1084,0
2.09,Maize,Loam,0,1,0.86,522,0
1.59,Millets,Clay,0,1,0.72,356,0
12.54,Rice,Clay,1,0,0.53,879,0
3.68,Wheat,Black,0,0,0.76,908,0
9.52,Maize,Loam,1,0,0.61,546,0
2.59,Millets,Clay,0,0,0.33,1304,0
11.18,Wheat,Black,0,1,0.21,889,0
3.28,Maize,Loam,0,0,0.75,988,0
2.55,Wheat,Clay,0,0,0.2,467,0
12.66,Cotton,Clay,0,0,0.63,922,0
13.3,Wheat,Clay,0,1,0.5,1275,0
6.33,Millets,Sandy,1,0,0.27,485,0
0.81,Wheat,Black,0,1,0.75,1386,0
8.33,Rice,Loam,1,0,0.83,641,0
1.93,Rice,Clay,1,1,0.62,1336,0
3.6,Rice,Black,1,1,0.68,1116,1
7.75,Wheat,Clay,1,0,0.92,494,0
4.92,Cotton,Black,1,0,0.26,767,0
3.47,Rice,Black,0,0,0.74,553,0
4.51,Maize,Sandy,1,1,0.46,1402,0
14.62,Millets,Clay,1,0,0.62,344,0
1.44,Cotton,Sandy,0,1,0.49,535,0
5.54,Rice,Clay,1,1,0.56,1381,1
3.82,Cotton,Clay,0,1,0.34,993,0
3.17,Millets,Black,0,0,0.29,329,0
8.29,Rice,Black,1,0,0.68,520,0
13.98,Millets,Sandy,1,0,0.49,1038,0
10.61,Rice,Sandy,1,1,0.87,479,1
7.12,Wheat,Clay,1,1,0.61,402,1
10.31,Cotton,Loam,1,1,0.23,707,0
8.93,Wheat,Clay,1,1,0.51,1440,1
6.26,Millets,Clay,1,0,0.35,1203,0
3.14,Sugarcane,Black,1,0,0.33,516,0
1.9,Rice,Black,0,1,0.47,1401,0
5.29,Cotton,Clay,0,0,0.48,865,0
4.11,Sugarcane,Black,0,1,0.58,1456,0
6.08,Wheat,Clay,0,0,0.43,766,0
12.25,Rice,Clay,1,1,0.57,867,1
4.14,Rice,Black,0,1,0.23,1397,0
1.68,Maize,Clay,0,1,0.34,699,0
13.85,Cotton,Black,0,1,0.29,1064,0
12.4,Wheat,Black,0,0,0.46,1380,0
7.04,Maize,Loam,1,0,0.8,1422,0
8.53,Maize,Black,0,0,0.91,1335,0
11.46,Cotton,Sandy,0,0,0.36,1158,0
13.84,Wheat,Black,1,0,0.69,439,0
12.66,Cotton,Black,0,0,0.93,1180,0
10.09,Millets,Clay,1,0,0.81,1354,0
11.47,Wheat,Clay,1,0,0.74,1347,0
5.6,Cotton,Sandy,0,1,0.22,423,0
0.88,Cotton,Sandy,1,0,0.46,1208,0
8.3,Maize,Black,1,0,0.93,1053,0
8.62,Wheat,Loam,0,0,0.57,818,0
7.36,Wheat,Sandy,1,0,0.59,1148,0
7.97,Rice,Loam,0,0,0.33,310,0
14.19,Sugarcane,Loam,1,1,0.5,1319,1
11.73,Sugarcane,Clay,1,0,0.21,699,0
0.89,Cotton,Clay,0,1,0.2,897,0
2.64,Rice,Clay,1,0,0.4,1270,0
13.58,Millets,Loam,0,1,0.35,610,0
12.04,Millets,Clay,0,0,0.5,1238,0
8.59,Sugarcane,Black,1,0,0.5,461,0
4.82,Rice,Clay,0,0,0.66,415,0
11.51,Cotton,Loam,1,0,0.79,896,0
5.79,Millets,Black,1,0,0.27,1297,0
6.09,Millets,Clay,1,1,0.27,517,0
12.62,Millets,Loam,0,1,0.39,1212,0
5.06,Wheat,Clay,1,1,0.68,909,1
4.59,Wheat,Black,0,0,0.57,599,0
0.93,Cotton,Black,0,1,0.93,407,0
8.03,Sugarcane,Clay,1,1,0.25,808,0
9.52,Maize,Clay,1,0,0.21,565,0
11.5,Maize,Clay,1,0,0.43,462,0
13.28,Millets,Loam,0,1,0.55,1487,0
1.38,Rice,Clay,1,0,0.81,352,0
11.78,Maize,Clay,1,1,0.68,633,1
7.17,Cotton,Loam,1,0,0.37,1018,0
1.59,Millets,Black,1,1,0.43,740,0
9.44,Cotton,Clay,0,1,0.81,839,0
6.18,Maize,Black,1,1,0.52,1466,1
13.09,Rice,Black,0,0,0.55,1099,0
12.99,Sugarcane,Sandy,1,1,0.51,1306,1
12.63,Millets,Loam,0,1,0.8,927,0
10.23,Sugarcane,Black,1,1,0.53,677,1
4.42,Sugarcane,Clay,0,1,0.71,443,0
0.77,Maize,Clay,1,0,0.87,803,0
6.04,Millets,Sandy,0,0,0.62,727,0
5.56,Maize,Loam,0,0,0.81,547,0
14.92,Maize,Clay,0,0,0.74,321,0
8.94,Rice,Black,0,0,0.6,446,0
5.21,Millets,Black,0,0,0.27,776,0
11.87,Sugarcane,Black,1,0,0.75,336,0
3.2,Cotton,Clay,0,0,0.75,1214,0
9.11,Wheat,Clay,1,1,0.5,380,1
10.03,Rice,Loam,1,0,0.4,1268,0
3.61,Millets,Black,1,1,0.73,1466,1
13.16,Maize,Sandy,1,1,0.22,354,0
12.17,Cotton,Black,0,0,0.75,357,0
8.42,Rice,Clay,1,0,0.78,820,0
1.66,Sugarcane,Loam,0,0,0.23,878,0
13.47,Rice,Loam,0,0,0.33,529,0
6.12,Wheat,Clay,0,1,0.89,1294,0
3.1,Maize,Sandy,1,0,0.68,1219,0
1.09,Rice,Clay,0,1,0.44,781,0
3.78,Rice,Clay,0,0,0.84,907,0
14.98,Wheat,Loam,0,1,0.64,1368,0
4.72,Wheat,Clay,0,1,0.27,1026,0
10.95,Sugarcane,Clay,0,1,0.32,1266,0
5.06,Maize,Loam,0,1,0.31,878,0
6.04,Maize,Black,0,1,0.51,1098,0
6.4,Wheat,Clay,1,0,0.22,980,0
6.95,Millets,Sandy,1,1,0.85,598,1
6.5,Wheat,Clay,0,1,0.73,1318,0
1.01,Rice,Clay,0,0,0.82,1093,0
12.25,Wheat,Black,0,1,0.63,378,0
11.38,Cotton,Loam,0,1,0.52,309,0
11.42,Wheat,Loam,1,0,0.92,938,0
8.72,Maize,Sandy,0,0,0.56,505,0
11.35,Sugarcane,Clay,0,1,0.44,1104,0
1.96,Rice,Clay,0,1,0.76,720,0
6.75,Sugarcane,Sandy,0,1,0.72,479,0
3.45,Millets,Clay,0,1,0.76,1406,0
10.4,Millets,Sandy,0,1,0.81,808,0
12.71,Cotton,Loam,0,0,0.33,419,0
5.8,Millets,Loam,0,0,0.24,833,0
14.87,Sugarcane,Clay,0,0,0.26,489,0
8.99,Wheat,Black,0,1,0.42,1171,0
9.55,Sugarcane,Black,0,0,0.87,434,0
13.46,Sugarcane,Clay,1,0,0.93,814,0
12.86,Millets,Loam,1,0,0.54,621,0
7.26,Rice,Black,1,0,0.89,1249,0
5.44,Wheat,Black,1,1,0.88,683,1
11.01,Wheat,Black,1,0,0.38,811,0
1.46,Maize,Loam,1,0,0.84,336,0
9.2,Sugarcane,Black,0,0,0.59,706,0
5.82,Millets,Clay,1,0,0.58,734,0
11.17,Sugarcane,Clay,1,0,0.31,1488,0
9.31,Millets,Sandy,1,1,0.43,1154,0
12.39,Maize,Clay,0,0,0.7,540,0
13.14,Millets,Loam,1,0,0.34,980,0
4.24,Wheat,Clay,0,1,0.64,1231,0
7.05,Maize,Clay,1,0,0.54,1105,0
2.89,Rice,Sandy,0,0,0.83,1265,0
0.77,Millets,Loam,1,1,0.22,301,0
5.45,Maize,Sandy,0,1,0.79,843,0
14.94,Wheat,Black,1,0,0.68,1083,0
6.58,Sugarcane,Black,0,0,0.61,596,0
3.62,Rice,Clay,1,1,0.59,879,1
14.72,Millets,Loam,1,0,0.67,755,0
3.71,Rice,Loam,1,0,0.91,761,0
3.87,Millets,Sandy,1,0,0.53,788,0
9.94,Maize,Black,1,1,0.93,982,1
6.74,Maize,Sandy,1,1,0.93,487,1
0.78,Millets,Sandy,0,1,0.86,970,0
9.84,Millets,Loam,1,0,0.76,1423,0
6.56,Maize,Clay,1,0,0.63,1426,0
12.54,Rice,Sandy,0,0,0.28,1009,0
2.55,Cotton,Clay,1,0,0.76,969,0
9.26,Wheat,Clay,0,1,0.23,1329,0
11.55,Rice,Loam,1,1,0.69,310,1
2.24,Millets,Loam,0,0,0.82,1053,0
14.08,Millets,Sandy,1,1,0.35,1121,0
13.75,Rice,Sandy,0,1,0.73,458,0
6.97,Millets,Loam,0,0,0.61,1190,0
2.37,Millets,Sandy,1,1,0.64,1031,1
5.19,Maize,Loam,0,1,0.48,672,0
13.87,Millets,Sandy,0,1,0.63,317,0
6.5,Maize,Clay,0,0,0.44,1202,0
4.95,Rice,Loam,1,1,0.63,1253,1
9.78,Cotton,Loam,1,1,0.24,393,0
14.64,Cotton,Black,0,1,0.38,683,0
0.74,Cotton,Black,1,0,0.53,313,0
9.29,Maize,Black,0,1,0.5,683,0
10.3,Millets,Sandy,1,0,0.7,892,0
10.53,Rice,Clay,0,0,0.84,816,0
1.84,Millets,Black,0,0,0.51,980,0
3.11,Wheat,Clay,0,0,0.27,1180,0
14.55,Millets,Sandy,1,0,0.66,499,0
4.41,Millets,Loam,0,1,0.88,1172,0
14.95,Maize,Sandy,0,1,0.21,656,0
1.78,Rice,Loam,1,0,0.69,1197,0
14.64,Cotton,Sandy,1,1,0.32,1278,0
10.18,Maize,Sandy,0,1,0.37,459,0
2.17,Millets,Sandy,0,0,0.89,332,0
13.41,Wheat,Black,1,1,0.69,355,1
4.86,Millets,Loam,0,1,0.4,309,0
8.81,Wheat,Loam,1,1,0.53,1156,1
1.49,Millets,Black,0,1,0.79,614,0
9.81,Millets,Sandy,0,1,0.36,548,0
13.11,Rice,Loam,0,1,0.86,769,0
8.71,Wheat,Black,0,0,0.36,1273,0
10.59,Sugarcane,Black,1,1,0.92,928,1
1.37,Maize,Clay,1,0,0.9,774,0
7.58,Sugarcane,Loam,0,0,0.66,1193,0
12.22,Cotton,Clay,0,1,0.48,420,0
12.99,Sugarcane,Clay,1,1,0.57,1100,1
9.33,Millets,Black,1,1,0.77,637,1
1.78,Cotton,Black,0,1,0.48,958,0
1.43,Maize,Black,1,1,0.27,1485,0
2.7,Millets,Clay,1,0,0.6,1413,0
1.52,Millets,Clay,0,0,0.6,677,0
13.27,Cotton,Loam,0,1,0.68,657,0
9.7,Cotton,Loam,0,1,0.3,305,0
14.56,Rice,Sandy,0,1,0.66,858,0
14.62,Sugarcane,Sandy,1,1,0.73,653,1
6.24,Millets,Sandy,1,1,0.43,350,0
10.0,Wheat,Black,0,1,0.47,546,0
9.72,Millets,Loam,0,0,0.75,872,0
12.5,Rice,Loam,1,0,0.33,784,0
1.98,Sugarcane,Black,0,0,0.29,1273,0
12.27,Wheat,Clay,0,1,0.73,310,0
13.5,Rice,Black,1,1,0.95,325,1
2.59,Millets,Sandy,0,1,0.62,941,0
13.79,Millets,Loam,0,1,0.89,706,0
3.09,Wheat,Black,1,1,0.51,788,1
14.69,Maize,Sandy,0,0,0.51,1420,0
7.9,Millets,Clay,0,1,0.26,910,0
8.51,Wheat,Clay,0,0,0.51,900,0
1.08,Millets,Sandy,0,0,0.44,538,0
7.93,Rice,Clay,1,1,0.29,936,0
12.81,Maize,Sandy,0,1,0.92,711,0
6.93,Wheat,Clay,1,0,0.3,379,0
0.61,Rice,Sandy,1,1,0.72,598,0
5.54,Wheat,Sandy,0,1,0.93,1357,0
9.8,Rice,Loam,1,1,0.31,427,0
2.43,Maize,Loam,1,0,0.54,1326,0
7.37,Cotton,Clay,1,1,0.42,445,0
5.24,Sugarcane,Loam,1,1,0.93,744,1
7.43,Wheat,Loam,0,0,0.63,553,0
5.12,Sugarcane,Clay,0,1,0.48,789,0
13.79,Cotton,Loam,0,1,0.63,1432,0
10.57,Sugarcane,Clay,0,1,0.75,416,0
14.28,Sugarcane,Black,0,0,0.5,871,0
4.59,Millets,Black,1,1,0.62,373,1
4.2,Rice,Loam,1,0,0.51,316,0
13.36,Millets,Clay,0,0,0.46,792,0
4.58,Sugarcane,Black,0,1,0.54,972,0
6.52,Maize,Sandy,1,1,0.28,1298,0
2.92,Maize,Sandy,1,1,0.27,612,0
0.71,Rice,Clay,1,0,0.57,606,0
2.45,Cotton,Sandy,0,0,0.89,849,0
4.19,Cotton,Clay,1,0,0.95,1259,0
0.94,Millets,Sandy,1,1,0.93,696,0
10.96,Sugarcane,Clay,1,1,0.61,1333,1
0.96,Rice,Loam,0,0,0.39,637,0
14.09,Cotton,Sandy,1,0,0.25,1369,0
1.45,Rice,Loam,1,1,0.81,624,0
2.72,Wheat,Black,0,0,0.25,1155,0
14.4,Millets,Loam,1,1,0.25,1337,0
11.77,Sugarcane,Sandy,0,0,0.61,1331,0
9.48,Millets,Black,1,1,0.49,586,0
4.27,Sugarcane,Black,0,1,0.4,1331,0
7.69,Cotton,Sandy,1,0,0.64,953,0
8.61,Rice,Black,0,0,0.74,850,0
14.38,Cotton,Black,1,0,0.81,848,0
3.27,Sugarcane,Black,1,1,0.95,1354,1
11.11,Cotton,Black,0,0,0.95,1441,0
1.57,Rice,Sandy,1,1,0.8,713,0
5.46,Wheat,Clay,0,0,0.72,1023,0
6.11,Maize,Black,1,0,0.88,963,0
9.27,Maize,Clay,0,0,0.44,1206,0
7.29,Sugarcane,Loam,1,1,0.39,557,0
3.85,Rice,Sandy,1,0,0.64,1265,0
8.9,Sugarcane,Clay,0,0,0.7,797,0
10.27,Millets,Black,0,1,0.45,1452,0
12.74,Millets,Sandy,1,0,0.42,1340,0
8.71,Rice,Clay,1,0,0.24,1253,0
0.8,Millets,Black,1,1,0.48,1252,0
9.71,Sugarcane,Black,1,0,0.4,1009,0
7.38,Wheat,Clay,1,1,0.21,1212,0
2.62,Rice,Loam,1,0,0.22,918,0
1.04,Maize,Loam,0,1,0.22,1131,0
3.44,Maize,Clay,1,0,0.27,787,0
10.66,Cotton,Sandy,0,1,0.65,1229,0
3.57,Millets,Sandy,1,0,0.32,744,0
9.88,Rice,Sandy,1,1,0.67,1431,1
14.18,Wheat,Black,0,0,0.68,1406,0
5.81,Maize,Loam,1,0,0.22,689,0
3.77,Rice,Black,1,1,0.72,1439,1
14.49,Rice,Clay,0,0,0.33,757,0
5.04,Cotton,Loam,0,1,0.4,853,0
7.45,Maize,Sandy,0,1,0.29,345,0
10.06,Wheat,Clay,0,1,0.79,467,0
0.62,Sugarcane,Black,0,1,0.22,1222,0
5.23,Wheat,Loam,1,0,0.3,731,0
1.34,Wheat,Sandy,0,0,0.88,1314,0
2.01,Rice,Black,1,1,0.41,439,0
0.67,Maize,Sandy,1,1,0.63,1109,0
4.45,Sugarcane,Sandy,1,0,0.81,1283,0
8.65,Rice,Clay,0,0,0.67,506,0
0.72,Rice,Sandy,0,1,0.5,1317,0
10.39,Cotton,Loam,0,1,0.73,682,0
4.22,Sugarcane,Black,0,0,0.68,929,0
11.6,Maize,Loam,1,1,0.67,1364,1
11.06,Cotton,Sandy,1,1,0.91,1391,1
5.61,Maize,Black,0,0,0.68,380,0
7.29,Millets,Sandy,0,1,0.37,1198,0
9.95,Maize,Clay,0,0,0.29,712,0
7.93,Millets,Clay,1,1,0.84,482,1
4.64,Maize,Sandy,1,0,0.35,300,0
14.64,Rice,Black,0,1,0.55,860,0
10.49,Sugarcane,Sandy,0,1,0.33,970,0
6.76,Maize,Sandy,1,1,0.65,623,1
7.71,Wheat,Black,0,0,0.94,362,0
10.95,Maize,Black,0,1,0.49,914,0
1.73,Wheat,Sandy,0,1,0.91,518,0
8.08,Cotton,Loam,0,1,0.47,834,0
1.98,Sugarcane,Loam,0,0,0.28,903,0
5.15,Cotton,Loam,1,0,0.88,1424,0
6.16,Wheat,Loam,0,1,0.67,1190,0
13.93,Cotton,Black,1,0,0.75,526,0
6.27,Rice,Sandy,1,1,0.9,882,1
7.32,Cotton,Clay,0,0,0.69,882,0
2.19,Maize,Loam,0,0,0.45,365,0
12.77,Cotton,Black,1,0,0.62,1191,0
9.49,Sugarcane,Clay,0,1,0.26,701,0
3.95,Maize,Loam,0,0,0.31,1273,0
8.89,Sugarcane,Clay,1,0,0.67,1132,0
14.79,Cotton,Clay,0,1,0.7,386,0
0.93,Cotton,Black,0,1,0.57,518,0
4.98,Rice,Sandy,0,1,0.3,660,0
10.6,Millets,Black,1,1,0.61,1443,1
4.46,Rice,Black,0,0,0.71,1454,0
10.64,Sugarcane,Sandy,1,1,0.6,674,1
6.96,Millets,Black,0,0,0.75,776,0
4.17,Rice,Loam,1,1,0.59,488,1
6.32,Rice,Sandy,1,1,0.43,1033,0
9.27,Wheat,Black,0,1,0.29,720,0
6.07,Cotton,Sandy,0,0,0.71,712,0
12.0,Millets,Clay,0,1,0.58,693,0
1.91,Sugarcane,Loam,1,1,0.49,1253,0
8.58,Cotton,Black,0,0,0.84,1369,0
6.42,Cotton,Black,1,0,0.41,788,0
7.36,Sugarcane,Clay,0,0,0.9,839,0
5.58,Millets,Clay,1,1,0.39,409,0
10.02,Wheat,Sandy,1,1,0.69,612,1
14.95,Maize,Clay,0,1,0.63,457,0
5.08,Millets,Clay,0,0,0.31,1450,0
6.06,Sugarcane,Sandy,1,0,0.44,1230,0
2.39,Wheat,Loam,1,1,0.61,1336,1
13.51,Wheat,Sandy,1,0,0.55,1252,0
2.97,Cotton,Sandy,0,1,0.54,775,0
14.35,Cotton,Clay,0,0,0.46,752,0
9.94,Sugarcane,Black,0,1,0.23,1436,0
3.99,Cotton,Black,0,1,0.54,1478,0
4.02,Rice,Loam,0,1,0.42,1278,0
7.61,Millets,Loam,0,1,0.71,606,0
4.61,Cotton,Sandy,1,0,0.29,326,0
7.41,Cotton,Clay,0,0,0.57,1361,0
11.35,Millets,Loam,0,0,0.52,1325,0
2.65,Cotton,Clay,0,0,0.58,585,0
10.94,Cotton,Loam,1,1,0.95,650,1
1.48,Maize,Clay,1,1,0.55,786,0
11.0,Sugarcane,Sandy,0,1,0.72,1417,0
2.38,Sugarcane,Sandy,0,0,0.76,1447,0
10.52,Rice,Black,0,0,0.94,1040,0
4.53,Sugarcane,Black,1,0,0.35,886,0
14.42,Rice,Loam,0,0,0.8,1286,0
6.13,Sugarcane,Clay,1,0,0.46,1332,0
11.42,Maize,Sandy,0,1,0.55,1462,0
3.71,Sugarcane,Sandy,0,0,0.7,1204,0
0.55,Wheat,Clay,1,1,0.49,1428,0
11.9,Wheat,Loam,0,1,0.65,1137,0
13.74,Millets,Loam,1,0,0.43,1112,0
2.85,Rice,Loam,0,1,0.66,1327,0
3.57,Sugarcane,Loam,1,1,0.77,457,1
3.35,Maize,Sandy,1,0,0.28,783,0
9.65,Cotton,Clay,0,0,0.4,315,0
13.44,Wheat,Sandy,0,0,0.37,1216,0
2.46,Rice,Clay,1,1,0.21,1485,0
12.78,Cotton,Black,1,1,0.26,1298,0
12.49,Sugarcane,Loam,0,0,0.92,1459,0
9.49,Maize,Clay,0,1,0.27,817,0
0.59,Millets,Sandy,1,1,0.41,1215,0
14.6,Millets,Clay,0,0,0.43,1288,0
11.34,Cotton,Loam,0,0,0.54,312,0
12.32,Maize,Black,1,1,0.37,503,0
4.25,Cotton,Black,1,0,0.48,961,0
6.5,Maize,Loam,1,0,0.45,500,0
1.31,Sugarcane,Sandy,0,1,0.8,840,0
2.54,Wheat,Clay,1,0,0.26,496,0
6.27,Rice,Loam,0,0,0.87,598,0
1.58,Millets,Black,0,1,0.47,446,0
13.4,Maize,Clay,1,1,0.66,1459,1
1.54,Millets,Sandy,1,1,0.68,562,0
11.3,Rice,Black,0,1,0.77,533,0
0.69,Sugarcane,Black,1,1,0.74,1080,0
11.97,Sugarcane,Clay,1,1,0.4,850,0
9.72,Rice,Sandy,0,1,0.7,1303,0
9.68,Cotton,Black,0,0,0.69,1398,0
9.82,Rice,Loam,1,1,0.88,661,1
9.13,Cotton,Black,1,1,0.2,310,0
2.08,Cotton,Loam,1,0,0.38,1085,0
14.34,Sugarcane,Black,0,0,0.36,462,0
4.68,Rice,Sandy,0,0,0.35,976,0
3.02,Rice,Sandy,0,1,0.55,890,0
3.66,Cotton,Loam,1,0,0.3,1485,0
14.49,Sugarcane,Black,0,1,0.57,383,0
14.06,Sugarcane,Black,0,1,0.81,319,0
8.01,Maize,Loam,0,1,0.6,1088,0
8.88,Millets,Sandy,1,0,0.54,808,0
7.0,Rice,Loam,1,1,0.44,1332,0
7.21,Cotton,Loam,1,0,0.67,595,0
8.05,Rice,Loam,1,1,0.58,1494,1
7.44,Wheat,Black,0,1,0.87,382,0
6.45,Rice,Black,1,1,0.35,1158,0
13.36,Cotton,Loam,1,1,0.78,921,1
1.26,Sugarcane,Loam,0,0,0.47,1332,0
5.06,Sugarcane,Loam,0,1,0.85,552,0
14.35,Maize,Sandy,0,0,0.55,1386,0
2.37,Rice,Clay,1,0,0.64,396,0
2.33,Millets,Sandy,1,0,0.65,1303,0
8.64,Wheat,Black,0,1,0.2,1273,0
12.63,Wheat,Sandy,1,1,0.57,500,1
10.64,Millets,Sandy,0,0,0.79,1145,0
14.83,Rice,Loam,0,0,0.71,378,0
0.72,Maize,Sandy,0,1,0.44,486,0
10.0,Wheat,Clay,0,1,0.42,627,0
1.98,Maize,Clay,0,1,0.39,1013,0
10.04,Millets,Clay,1,1,0.39,1290,0
3.62,Cotton,Loam,0,1,0.25,380,0
0.53,Millets,Black,1,0,0.82,369,0
3.36,Sugarcane,Black,1,0,0.75,431,0
13.04,Millets,Black,0,1,0.26,1187,0
8.74,Maize,Loam,1,1,0.62,602,1
14.77,Wheat,Clay,1,0,0.27,313,0
13.63,Cotton,Sandy,0,0,0.3,1145,0
7.76,Maize,Loam,0,0,0.46,1047,0
12.62,Maize,Sandy,1,0,0.44,1253,0
7.74,Rice,Loam,0,1,0.56,523,0
6.74,Cotton,Black,0,1,0.41,1048,0
7.44,Maize,Sandy,1,1,0.81,1315,1
10.98,Millets,Loam,0,0,0.69,480,0
12.57,Maize,Black,0,0,0.84,916,0
7.84,Maize,Loam,1,1,0.27,420,0
3.8,Rice,Clay,1,1,0.91,1089,1
10.01,Cotton,Black,1,0,0.46,980,0
14.12,Millets,Black,0,0,0.67,582,0
13.28,Rice,Sandy,1,0,0.74,946,0
3.87,Millets,Sandy,0,0,0.89,1384,0
4.86,Millets,Sandy,1,0,0.73,1092,0
2.06,Wheat,Loam,1,1,0.71,356,1
5.9,Rice,Clay,1,0,0.41,1143,0
4.59,Sugarcane,Black,1,0,0.66,1071,0
10.8,Wheat,Black,0,1,0.62,1026,0
14.39,Cotton,Sandy,1,1,0.83,853,1
1.16,Rice,Sandy,0,0,0.2,518,0
11.23,Rice,Black,1,0,0.58,353,0
9.6,Maize,Sandy,0,1,0.54,358,0
3.68,Rice,Loam,1,1,0.32,796,0
7.08,Wheat,Black,1,0,0.37,1136,0
3.16,Wheat,Clay,1,1,0.31,350,0
9.28,Wheat,Clay,1,0,0.88,1436,0
10.89,Wheat,Clay,0,1,0.71,699,0
2.15,Cotton,Sandy,0,0,0.58,501,0
5.39,Rice,Black,1,0,0.61,938,0
4.14,Cotton,Sandy,0,1,0.37,1065,0
4.65,Wheat,Clay,0,1,0.37,1208,0
2.58,Rice,Black,0,0,0.32,584,0
12.08,Rice,Sandy,1,1,0.42,775,0
12.81,Maize,Black,1,1,0.6,954,1
13.69,Wheat,Clay,0,0,0.48,1425,0
11.54,Rice,Loam,0,0,0.41,921,0
10.63,Wheat,Loam,1,0,0.66,867,0
4.36,Rice,Black,0,1,0.49,336,0
3.71,Maize,Clay,0,1,0.9,1063,0
10.98,Cotton,Sandy,0,1,0.54,1122,0
5.16,Wheat,Loam,1,1,0.78,1326,1
13.97,Wheat,Loam,0,0,0.43,476,0
0.77,Cotton,Clay,1,0,0.51,705,0
9.01,Maize,Black,0,0,0.5,361,0
10.54,Cotton,Loam,1,1,0.7,1370,1
3.85,Rice,Loam,1,0,0.21,325,0
12.02,Rice,Sandy,1,0,0.24,433,0
2.42,Wheat,Black,1,1,0.77,1100,1
8.29,Rice,Sandy,0,1,0.44,1011,0
2.76,Maize,Loam,1,0,0.67,1027,0
2.47,Cotton,Clay,0,1,0.26,1021,0
6.46,Rice,Sandy,1,0,0.88,465,0
14.12,Cotton,Sandy,0,1,0.93,808,0
1.62,Rice,Black,1,0,0.77,680,0
14.49,Millets,Sandy,0,0,0.72,1433,0
7.53,Maize,Clay,1,1,0.82,1476,1
8.16,Rice,Clay,0,1,0.69,433,0
7.77,Sugarcane,Sandy,0,1,0.53,674,0
5.88,Maize,Clay,0,0,0.81,530,0
1.74,Cotton,Sandy,0,1,0.43,1180,0
13.86,Sugarcane,Sandy,0,1,0.77,1328,0
0.73,Rice,Loam,1,1,0.22,728,0
8.57,Maize,Loam,0,1,0.32,848,0
3.87,Rice,Sandy,1,1,0.33,1480,0
8.69,Rice,Sandy,1,1,0.35,337,0
5.4,Wheat,Sandy,0,0,0.5,1242,0
6.9,Cotton,Sandy,1,0,0.56,749,0
8.74,Millets,Sandy,0,0,0.86,699,0
10.1,Millets,Clay,0,0,0.67,855,0
6.9,Maize,Black,0,1,0.8,1293,0
9.35,Millets,Black,1,0,0.88,345,0
12.01,Sugarcane,Sandy,1,0,0.51,950,0
8.59,Sugarcane,Loam,0,1,0.75,518,0
11.05,Wheat,Black,1,1,0.42,668,0
12.23,Rice,Black,1,1,0.84,952,1
10.82,Maize,Sandy,1,1,0.75,1288,1
11.45,Cotton,Clay,0,1,0.46,1390,0
3.97,Cotton,Sandy,1,0,0.29,1130,0
1.52,Sugarcane,Black,1,1,0.38,1415,0
4.51,Sugarcane,Clay,0,0,0.76,995,0
7.84,Cotton,Black,0,1,0.48,1209,0
9.3,Cotton,Clay,1,1,0.48,341,0
10.37,Wheat,Black,1,0,0.36,493,0
7.09,Millets,Loam,1,1,0.21,773,0
10.22,Sugarcane,Clay,1,1,0.48,1113,0
5.56,Rice,Sandy,0,0,0.71,335,0
3.48,Millets,Sandy,0,0,0.47,670,0
14.12,Cotton,Black,0,0,0.51,832,0
9.98,Wheat,Black,1,1,0.37,1188,0
7.14,Wheat,Clay,1,1,0.3,721,0
14.29,Millets,Black,1,0,0.2,347,0
11.65,Wheat,Black,1,1,0.66,1345,1
4.18,Cotton,Sandy,1,1,0.63,1047,1
0.65,Sugarcane,Loam,0,1,0.78,945,0
3.75,Cotton,Clay,1,1,0.37,842,0
12.77,Sugarcane,Sandy,1,1,0.79,687,1
1.16,Cotton,Loam,0,0,0.82,959,0
4.85,Wheat,Sandy,0,0,0.66,415,0
5.43,Rice,Clay,0,0,0.71,937,0
14.94,Wheat,Loam,0,0,0.58,1452,0
12.59,Cotton,Black,0,1,0.4,513,0
12.27,Sugarcane,Loam,0,1,0.69,873,0
11.97,Rice,Black,1,1,0.58,836,1
11.14,Cotton,Sandy,1,1,0.42,1305,0
0.54,Wheat,Clay,0,0,0.58,1351,0
14.16,Rice,Clay,1,0,0.73,1074,0
1.89,Maize,Black,0,0,0.25,1407,0
10.6,Wheat,Sandy,1,0,0.47,1092,0
13.39,Rice,Clay,0,0,0.71,938,0
5.34,Cotton,Loam,0,1,0.76,807,0
8.04,Sugarcane,Loam,0,1,0.73,927,0
12.57,Sugarcane,Black,0,1,0.76,523,0
1.72,Sugarcane,Loam,1,0,0.63,877,0
2.99,Cotton,Black,1,1,0.67,1014,1
0.62,Millets,Sandy,0,1,0.55,1425,0
7.8,Maize,Loam,1,0,0.39,1206,0
4.34,Sugarcane,Clay,0,1,0.28,818,0
8.21,Sugarcane,Sandy,1,1,0.76,960,1
1.06,Rice,Clay,1,0,0.86,878,0
4.08,Rice,Clay,0,0,0.22,714,0
3.78,Wheat,Loam,1,0,0.34,1288,0
12.92,Millets,Black,1,0,0.93,550,0
3.48,Maize,Clay,0,1,0.91,928,0
6.51,Rice,Loam,1,1,0.75,671,1
10.14,Rice,Loam,1,1,0.56,784,1
13.59,Rice,Sandy,1,0,0.92,1305,0
3.75,Maize,Black,1,0,0.77,969,0
1.56,Sugarcane,Sandy,0,0,0.78,928,0
4.17,Rice,Black,1,1,0.82,1136,1
7.88,Sugarcane,Clay,0,1,0.28,421,0
6.42,Sugarcane,Loam,1,0,0.51,477,0
3.44,Millets,Clay,0,0,0.39,325,0
7.65,Sugarcane,Black,1,0,0.88,1145,0
7.35,Wheat,Loam,0,1,0.78,1264,0
5.04,Cotton,Black,1,1,0.5,705,1
7.07,Rice,Clay,1,0,0.24,888,0
7.1,Sugarcane,Clay,1,1,0.72,536,1
2.37,Sugarcane,Sandy,1,1,0.21,701,0
11.77,Rice,Clay,0,1,0.57,1276,0
14.62,Cotton,Black,0,1,0.28,1029,0
4.26,Cotton,Black,1,1,0.55,435,1
11.5,Sugarcane,Sandy,0,1,0.39,1452,0
4.25,Cotton,Clay,0,0,0.64,997,0
2.3,Wheat,Loam,0,1,0.44,1334,0
14.41,Rice,Black,0,1,0.79,752,0
9.79,Millets,Loam,0,1,0.31,1154,0
0.94,Sugarcane,Loam,0,1,0.26,1272,0
3.36,Sugarcane,Sandy,0,0,0.66,1308,0
7.44,Rice,Loam,0,1,0.89,1271,0
12.48,Maize,Sandy,0,0,0.83,1379,0
6.24,Sugarcane,Black,1,1,0.43,986,0
3.44,Cotton,Sandy,0,0,0.37,892,0
13.39,Rice,Clay,1,0,0.64,822,0
13.07,Millets,Clay,0,0,0.61,951,0
5.65,Sugarcane,Clay,0,0,0.9,605,0
12.57,Maize,Black,1,0,0.55,1463,0
3.14,Rice,Clay,0,1,0.71,1214,0
12.56,Millets,Black,0,1,0.25,1347,0
9.8,Millets,Sandy,0,1,0.45,450,0
9.4,Maize,Clay,1,1,0.48,1189,0
10.13,Wheat,Black,0,0,0.25,935,0
9.37,Sugarcane,Sandy,1,0,0.8,1365,0
7.49,Millets,Loam,1,1,0.74,879,1
12.98,Cotton,Clay,1,1,0.86,1318,1
9.91,Rice,Loam,1,1,0.65,1405,1
2.97,Cotton,Black,1,0,0.83,322,0
9.32,Wheat,Loam,1,0,0.64,1237,0
14.55,Rice,Loam,1,1,0.43,676,0
8.16,Cotton,Loam,1,1,0.46,775,0
10.36,Cotton,Sandy,1,0,0.25,1117,0
14.5,Cotton,Black,0,1,0.37,824,0
14.67,Wheat,Loam,1,0,0.45,503,0
5.65,Sugarcane,Sandy,0,1,0.94,501,0
3.31,Millets,Sandy,0,0,0.29,495,0
12.25,Sugarcane,Clay,0,1,0.79,919,0
12.88,Wheat,Clay,0,1,0.24,777,0
1.7,Maize,Black,1,0,0.71,1155,0
11.91,Cotton,Loam,0,0,0.6,1212,0
11.65,Maize,Sandy,0,0,0.61,1303,0
1.86,Maize,Black,1,1,0.65,680,0
3.68,Rice,Clay,0,0,0.23,1258,0
1.17,Millets,Black,1,0,0.23,419,0
9.56,Wheat,Clay,1,0,0.57,315,0
6.5,Sugarcane,Black,0,1,0.84,527,0
7.4,Wheat,Loam,0,1,0.23,394,0
6.79,Sugarcane,Sandy,0,0,0.68,314,0
2.35,Wheat,Sandy,1,1,0.45,325,0
11.05,Cotton,Clay,1,1,0.68,1306,1
11.78,Sugarcane,Sandy,1,0,0.94,1444,0
5.58,Cotton,Sandy,0,1,0.32,335,0
4.18,Millets,Clay,0,0,0.52,1331,0
11.21,Cotton,Loam,0,0,0.43,1148,0
11.77,Maize,Black,1,0,0.49,713,0
9.24,Cotton,Loam,0,1,0.25,1177,0
9.33,Maize,Loam,0,0,0.75,931,0
8.0,Maize,Black,1,0,0.45,695,0
4.78,Sugarcane,Loam,1,1,0.93,1248,1
11.66,Cotton,Black,0,1,0.83,1305,0
12.07,Cotton,Sandy,0,0,0.23,1358,0
2.99,Rice,Sandy,1,1,0.62,517,1
7.8,Rice,Loam,1,0,0.38,887,0
7.6,Wheat,Clay,1,1,0.92,1319,1
4.33,Sugarcane,Clay,1,0,0.3,936,0
7.34,Millets,Loam,0,1,0.91,1165,0
7.01,Wheat,Clay,0,1,0.43,1018,0
6.61,Cotton,Clay,0,0,0.52,473,0
9.72,Wheat,Sandy,0,0,0.89,1464,0
11.7,Millets,Sandy,0,1,0.78,434,0
9.25,Maize,Clay,0,0,0.6,714,0
11.27,Cotton,Loam,0,1,0.73,669,0
1.88,Cotton,Sandy,1,0,0.83,390,0
5.92,Maize,Clay,0,0,0.4,811,0
3.03,Sugarcane,Sandy,1,0,0.55,1500,0
12.58,Cotton,Black,0,1,0.52,1164,0
11.1,Maize,Clay,0,0,0.5,492,0
11.89,Millets,Clay,0,0,0.28,1127,0
6.86,Millets,Loam,1,0,0.54,738,0
11.47,Sugarcane,Black,0,1,0.95,346,0
13.03,Cotton,Sandy,0,1,0.35,1247,0
11.42,Wheat,Loam,1,1,0.87,840,1
10.23,Cotton,Sandy,1,0,0.81,1097,0
13.1,Rice,Clay,0,0,0.33,1044,0
1.01,Cotton,Sandy,1,1,0.25,692,0
12.01,Wheat,Sandy,0,0,0.5,1203,0
13.28,Wheat,Loam,1,1,0.67,1442,1
12.84,Wheat,Loam,1,1,0.7,719,1
11.51,Cotton,Sandy,1,1,0.25,1453,0
3.29,Sugarcane,Sandy,1,0,0.26,1222,0
3.7,Maize,Loam,1,0,0.86,879,0
2.67,Sugarcane,Black,0,1,0.71,1070,0
2.93,Sugarcane,Loam,0,0,0.82,1204,0
9.39,Maize,Sandy,1,1,0.79,869,1
13.82,Wheat,Sandy,1,1,0.33,966,0
14.66,Cotton,Black,0,0,0.76,830,0
4.25,Rice,Sandy,1,0,0.92,342,0
9.48,Wheat,Sandy,0,0,0.94,686,0
10.2,Millets,Black,0,1,0.5,1450,0
9.7,Wheat,Black,1,0,0.21,1491,0
3.6,Cotton,Loam,1,1,0.45,1201,0
10.02,Cotton,Sandy,1,1,0.33,1050,0
6.7,Rice,Sandy,0,0,0.63,410,0
9.21,Cotton,Clay,1,0,0.49,406,0
0.85,Millets,Clay,0,0,0.33,829,0
13.94,Sugarcane,Black,0,0,0.39,801,0
9.14,Wheat,Loam,1,0,0.6,383,0
10.5,Wheat,Black,0,0,0.77,351,0
7.96,Wheat,Clay,1,0,0.41,653,0
5.1,Cotton,Loam,0,1,0.46,1008,0
13.48,Cotton,Sandy,1,0,0.85,555,0
8.59,Cotton,Black,1,1,0.49,1119,0
5.26,Cotton,Black,0,1,0.34,703,0
2.29,Cotton,Clay,0,0,0.59,1390,0
2.86,Wheat,Black,0,0,0.9,1230,0
9.73,Wheat,Loam,0,1,0.9,649,0
7.26,Cotton,Black,0,1,0.68,667,0
4.13,Wheat,Loam,1,0,0.61,1432,0
5.67,Sugarcane,Sandy,0,0,0.81,1382,0
0.58,Wheat,Sandy,1,1,0.31,625,0
11.97,Rice,Black,1,1,0.34,1408,0
1.34,Sugarcane,Loam,0,1,0.53,967,0
8.06,Wheat,Black,0,0,0.49,1004,0
2.28,Cotton,Clay,0,0,0.24,517,0
13.86,Cotton,Black,0,1,0.3,1366,0
10.46,Rice,Black,0,1,0.75,550,0
1.47,Maize,Clay,1,1,0.52,665,0
10.37,Cotton,Sandy,1,1,0.66,1403,1
12.08,Rice,Loam,1,1,0.65,1225,1
9.42,Cotton,Black,0,1,0.85,1372,0
5.92,Maize,Loam,1,1,0.67,701,1
12.38,Cotton,Loam,0,1,0.54,639,0
13.53,Cotton,Black,0,1,0.92,1267,0
0.56,Maize,Sandy,1,1,0.21,1174,0
2.59,Rice,Black,0,0,0.69,952,0
7.29,Wheat,Clay,1,0,0.54,927,0
12.3,Sugarcane,Black,1,1,0.77,1457,1
11.33,Millets,Sandy,1,0,0.54,908,0
5.19,Sugarcane,Clay,0,1,0.69,1309,0
10.26,Wheat,Loam,1,0,0.3,355,0
11.38,Rice,Black,1,0,0.22,777,0
13.67,Wheat,Sandy,1,1,0.89,1056,1
12.3,Maize,Clay,1,1,0.86,899,1
9.58,Cotton,Sandy,0,1,0.23,890,0
8.1,Wheat,Loam,1,0,0.46,1286,0
9.71,Rice,Black,0,1,0.28,905,0
10.86,Millets,Black,0,0,0.75,835,0
10.57,Wheat,Sandy,0,0,0.93,1470,0
11.52,Millets,Loam,0,1,0.92,847,0
10.14,Sugarcane,Clay,1,0,0.75,360,0
4.23,Rice,Loam,1,1,0.46,1090,0
11.2,Maize,Sandy,0,1,0.75,658,0
2.23,Sugarcane,Black,0,1,0.34,1288,0
8.07,Sugarcane,Loam,0,1,0.4,1415,0
13.95,Rice,Black,0,0,0.53,1086,0
7.74,Wheat,Sandy,0,0,0.21,1352,0
3.24,Rice,Loam,0,0,0.76,653,0
13.75,Maize,Black,1,1,0.78,665,1
10.3,Rice,Loam,1,1,0.52,1300,1
3.25,Millets,Loam,1,1,0.89,1334,1
5.77,Sugarcane,Sandy,1,1,0.22,988,0
0.8,Wheat,Clay,1,1,0.88,901,0
2.85,Rice,Loam,1,0,0.49,1079,0
3.55,Maize,Sandy,0,1,0.4,697,0
14.42,Millets,Sandy,1,0,0.78,951,0
4.21,Maize,Sandy,1,1,0.37,658,0
5.43,Cotton,Sandy,0,0,0.29,1202,0
8.07,Sugarcane,Loam,1,1,0.23,550,0
9.28,Maize,Black,0,0,0.87,537,0
10.05,Wheat,Clay,0,0,0.72,893,0
6.25,Cotton,Sandy,0,0,0.43,954,0
1.7,Sugarcane,Sandy,1,1,0.57,448,0
13.45,Wheat,Clay,0,1,0.81,950,0
12.98,Cotton,Black,1,1,0.38,1324,0
13.75,Wheat,Loam,0,1,0.64,450,0
7.35,Millets,Sandy,1,1,0.92,1221,1
3.49,Wheat,Clay,0,1,0.54,847,0
10.18,Rice,Black,0,1,0.47,945,0
9.25,Maize,Sandy,0,1,0.93,334,0
6.89,Wheat,Loam,1,1,0.68,471,1
0.95,Maize,Clay,1,0,0.87,1278,0
4.34,Cotton,Clay,1,1,0.73,339,1
0.67,Millets,Loam,0,0,0.61,695,0
12.63,Sugarcane,Black,1,0,0.79,1179,0
10.65,Cotton,Sandy,0,1,0.38,1034,0
12.25,Cotton,Sandy,0,0,0.94,1167,0
4.73,Rice,Loam,0,0,0.79,1373,0
3.31,Rice,Clay,0,0,0.64,1390,0
2.65,Cotton,Loam,0,0,0.93,352,0
2.13,Millets,Sandy,0,1,0.76,893,0
2.11,Sugarcane,Clay,1,0,0.29,468,0
0.69,Maize,Clay,0,0,0.25,804,0
1.14,Maize,Clay,1,0,0.47,398,0
2.68,Cotton,Sandy,1,0,0.33,986,0
12.82,Maize,Sandy,0,1,0.44,308,0
1.16,Millets,Black,1,1,0.28,888,0
9.0,Millets,Loam,0,0,0.52,484,0
6.02,Maize,Black,0,0,0.67,1230,0
13.3,Cotton,Sandy,0,1,0.95,801,0
5.08,Sugarcane,Black,1,1,0.25,1194,0
9.23,Wheat,Clay,1,1,0.68,1038,1
2.2,Rice,Clay,1,0,0.54,1172,0
8.18,Wheat,Clay,0,0,0.42,1090,0
12.44,Maize,Sandy,1,0,0.49,723,0
9.19,Cotton,Black,0,0,0.67,1011,0
4.51,Wheat,Loam,0,1,0.36,326,0
11.69,Cotton,Sandy,0,0,0.53,638,0
10.17,Wheat,Clay,0,1,0.72,777,0
2.86,Wheat,Clay,0,1,0.2,663,0
3.9,Wheat,Loam,1,0,0.43,650,0
14.89,Maize,Loam,0,0,0.8,563,0
14.41,Sugarcane,Loam,1,1,0.65,771,1
14.82,Rice,Loam,1,1,0.27,1492,0
6.42,Sugarcane,Sandy,1,0,0.7,995,0
11.0,Maize,Clay,0,1,0.44,1086,0
4.38,Maize,Loam,1,1,0.27,363,0
2.62,Millets,Sandy,1,0,0.22,1158,0
4.51,Millets,Loam,1,0,0.8,1206,0
4.16,Millets,Sandy,1,0,0.37,1288,0
7.84,Sugarcane,Loam,0,1,0.64,834,0
3.14,Cotton,Sandy,1,0,0.25,1466,0
5.59,Millets,Loam,0,0,0.23,1150,0
2.81,Maize,Black,1,1,0.28,924,0
13.94,Millets,Sandy,0,1,0.37,562,0
13.02,Maize,Loam,0,1,0.68,681,0
2.56,Sugarcane,Sandy,1,0,0.83,820,0
12.22,Rice,Sandy,0,1,0.57,1264,0
1.31,Cotton,Black,1,0,0.32,1456,0
12.35,Rice,Clay,1,0,0.36,677,0
9.51,Millets,Black,1,0,0.71,975,0
9.21,Cotton,Clay,0,0,0.68,949,0
4.47,Cotton,Sandy,0,0,0.66,590,0
4.51,Millets,Clay,0,1,0.72,1226,0
1.66,Millets,Clay,1,1,0.86,319,0
3.53,Cotton,Loam,0,0,0.86,758,0
2.27,Wheat,Sandy,1,0,0.28,1352,0
5.21,Rice,Black,1,0,0.75,1392,0
6.07,Wheat,Black,0,0,0.84,781,0
2.6,Wheat,Clay,1,1,0.7,991,1
7.74,Cotton,Sandy,1,1,0.61,1448,1
6.82,Rice,Black,1,1,0.57,1043,1
14.42,Cotton,Loam,1,0,0.24,1326,0
2.28,Millets,Sandy,1,1,0.86,647,1
5.42,Sugarcane,Sandy,1,1,0.9,809,1
8.21,Rice,Clay,0,0,0.48,311,0
8.01,Millets,Clay,0,1,0.83,404,0
10.04,Rice,Loam,0,1,0.48,1056,0
5.73,Maize,Clay,1,0,0.34,932,0
9.08,Sugarcane,Black,0,1,0.92,666,0
9.22,Wheat,Clay,0,1,0.93,891,0
6.25,Sugarcane,Loam,0,0,0.41,592,0
5.87,Millets,Sandy,1,0,0.91,836,0
9.16,Wheat,Sandy,0,0,0.73,509,0
8.5,Sugarcane,Loam,1,1,0.85,829,1
1.1,Maize,Black,1,0,0.41,1078,0
10.61,Wheat,Clay,0,0,0.93,882,0
8.87,Rice,Loam,0,1,0.69,1398,0
2.58,Rice,Clay,0,0,0.4,1288,0
0.51,Maize,Loam,0,1,0.85,1187,0
1.09,Rice,Black,0,0,0.79,1345,0
7.41,Millets,Clay,1,1,0.43,1431,0
1.57,Cotton,Clay,0,0,0.6,1337,0
4.45,Rice,Sandy,0,1,0.51,435,0
10.02,Maize,Black,0,0,0.29,1477,0
10.25,Millets,Black,0,0,0.74,373,0
13.13,Wheat,Black,1,0,0.69,1256,0
2.21,Maize,Black,1,0,0.27,808,0
11.85,Maize,Sandy,0,0,0.82,750,0
10.33,Cotton,Sandy,0,0,0.64,669,0
10.85,Wheat,Sandy,0,1,0.29,1237,0
1.43,Rice,Sandy,1,0,0.38,711,0
6.0,Maize,Clay,1,0,0.21,1163,0
8.72,Rice,Clay,0,1,0.9,1184,0
5.2,Wheat,Sandy,0,0,0.24,855,0
8.79,Sugarcane,Sandy,1,0,0.44,362,0
9.74,Maize,Black,0,0,0.5,823,0
14.48,Cotton,Loam,0,1,0.37,1218,0
11.46,Millets,Clay,0,0,0.37,1203,0
12.38,Sugarcane,Clay,0,1,0.59,546,0
3.46,Maize,Sandy,0,1,0.39,1257,0
8.84,Cotton,Clay,0,0,0.28,329,0
6.37,Wheat,Loam,1,0,0.29,579,0
6.0,Cotton,Loam,0,1,0.92,1367,0
13.36,Maize,Sandy,0,0,0.58,1249,0
13.07,Rice,Clay,0,1,0.7,1438,0
1.01,Millets,Clay,0,0,0.37,636,0
3.57,Millets,Sandy,0,1,0.28,1357,0
3.59,Sugarcane,Black,1,0,0.79,1109,0
8.31,Sugarcane,Clay,1,1,0.54,492,1
13.49,Sugarcane,Sandy,1,1,0.35,924,0
7.66,Cotton,Sandy,1,1,0.86,1023,1
12.6,Sugarcane,Loam,0,0,0.44,723,0
8.59,Wheat,Sandy,1,1,0.58,671,1
8.75,Sugarcane,Sandy,1,0,0.73,585,0
3.59,Wheat,Sandy,1,0,0.51,1252,0
11.72,Maize,Black,0,0,0.31,1160,0
14.06,Rice,Clay,0,1,0.52,635,0
11.6,Sugarcane,Loam,1,0,0.44,888,0
4.79,Cotton,Clay,1,1,0.66,651,1
7.61,Wheat,Black,1,0,0.72,1097,0
1.22,Maize,Black,0,0,0.58,1376,0
14.95,Cotton,Sandy,0,0,0.83,849,0
9.78,Cotton,Loam,0,0,0.2,1027,0
12.1,Sugarcane,Loam,1,0,0.36,1181,0
5.01,Maize,Black,0,0,0.41,1239,0
14.78,Wheat,Sandy,1,0,0.27,1303,0
3.66,Rice,Clay,0,1,0.36,578,0
5.4,Sugarcane,Loam,1,1,0.36,450,0
6.04,Millets,Black,0,1,0.42,714,0
3.75,Cotton,Loam,0,1,0.2,946,0
12.62,Maize,Sandy,0,1,0.77,1345,0
14.35,Wheat,Sandy,1,1,0.52,1106,1
7.66,Rice,Clay,0,0,0.49,782,0
2.64,Rice,Loam,0,1,0.77,503,0
1.55,Maize,Loam,1,1,0.42,1159,0
1.35,Sugarcane,Loam,1,1,0.54,1114,0
1.37,Millets,Clay,0,1,0.3,1108,0
8.63,Wheat,Clay,0,0,0.82,628,0
9.23,Cotton,Clay,0,1,0.95,737,0
14.12,Maize,Clay,0,0,0.75,1028,0
12.85,Rice,Loam,0,0,0.59,403,0
12.61,Rice,Sandy,0,1,0.9,564,0
11.07,Rice,Black,1,0,0.84,1441,0
13.57,Rice,Loam,0,1,0.68,1411,0
12.57,Sugarcane,Clay,0,1,0.84,501,0
8.11,Sugarcane,Sandy,1,0,0.69,557,0
10.9,Wheat,Loam,0,0,0.84,633,0
14.31,Rice,Sandy,1,0,0.21,408,0
3.1,Sugarcane,Sandy,1,1,0.37,1122,0
14.13,Wheat,Sandy,0,1,0.6,509,0
6.46,Maize,Loam,1,1,0.69,631,1
3.18,Wheat,Black,1,0,0.56,1127,0
6.23,Rice,Loam,1,1,0.93,658,1
3.17,Maize,Loam,0,1,0.86,670,0
13.7,Sugarcane,Black,1,1,0.53,913,1
3.01,Wheat,Black,0,1,0.24,1137,0
7.92,Millets,Sandy,1,1,0.44,1276,0
8.58,Maize,Sandy,1,0,0.36,698,0
5.33,Rice,Clay,0,1,0.94,793,0
8.26,Rice,Clay,1,1,0.66,1232,1
13.43,Sugarcane,Loam,1,0,0.75,1454,0
8.72,Maize,Sandy,1,0,0.67,854,0
5.35,Maize,Black,1,1,0.22,510,0
5.34,Maize,Clay,0,1,0.94,678,0
7.65,Millets,Clay,0,0,0.49,405,0
5.29,Cotton,Clay,1,1,0.57,591,1
11.41,Rice,Black,0,1,0.82,734,0
7.99,Sugarcane,Sandy,1,1,0.24,465,0
9.44,Maize,Clay,1,0,0.93,738,0
6.6,Millets,Sandy,1,0,0.51,1229,0
12.17,Rice,Black,1,1,0.32,837,0
2.89,Rice,Sandy,0,0,0.34,1108,0
14.89,Wheat,Black,1,0,0.23,890,0
4.07,Maize,Black,0,0,0.71,705,0
13.01,Wheat,Clay,0,0,0.92,437,0
7.92,Millets,Clay,1,0,0.84,1156,0
12.57,Maize,Clay,1,1,0.53,335,1
5.45,Millets,Sandy,1,0,0.31,683,0
6.04,Cotton,Black,0,1,0.22,1409,0
1.22,Wheat,Loam,1,0,0.75,385,0
8.37,Millets,Sandy,1,0,0.7,1301,0
12.38,Sugarcane,Clay,1,0,0.5,921,0
13.56,Wheat,Sandy,0,0,0.68,1016,0
13.71,Sugarcane,Clay,1,1,0.46,1304,0
12.46,Millets,Loam,0,0,0.26,434,0
6.83,Wheat,Sandy,1,0,0.31,418,0
9.47,Maize,Sandy,0,0,0.89,408,0
4.37,Cotton,Sandy,0,1,0.91,1038,0
8.61,Sugarcane,Sandy,1,0,0.48,524,0
14.67,Cotton,Sandy,1,1,0.48,739,0
4.51,Cotton,Loam,1,0,0.38,1108,0
14.69,Sugarcane,Sandy,1,1,0.39,1269,0
3.22,Wheat,Loam,1,0,0.21,928,0
10.61,Millets,Clay,0,0,0.42,556,0
10.31,Rice,Loam,0,1,0.4,806,0
12.94,Rice,Black,0,1,0.62,1293,0
2.4,Cotton,Black,1,1,0.75,1194,1
8.06,Rice,Loam,0,1,0.83,669,0
3.28,Cotton,Clay,1,0,0.92,1372,0
13.64,Sugarcane,Sandy,0,0,0.62,1455,0
10.56,Millets,Sandy,1,0,0.5,780,0
12.37,Wheat,Clay,1,1,0.87,978,1
3.28,Sugarcane,Black,1,0,0.26,573,0
7.94,Wheat,Clay,0,0,0.35,374,0
13.23,Rice,Loam,1,0,0.23,1213,0
6.29,Cotton,Sandy,0,0,0.46,1019,0
11.85,Cotton,Loam,1,1,0.3,1304,0
0.92,Cotton,Clay,0,1,0.87,1489,0
6.18,Cotton,Sandy,0,0,0.45,893,0
14.09,Rice,Sandy,1,0,0.5,453,0
4.0,Maize,Sandy,0,1,0.22,1141,0
9.58,Wheat,Black,0,1,0.47,483,0
11.01,Millets,Sandy,0,1,0.88,1404,0
8.16,Cotton,Clay,1,0,0.56,732,0
8.69,Millets,Black,1,1,0.22,718,0
14.73,Millets,Loam,1,0,0.34,466,0
8.0,Cotton,Clay,1,0,0.94,871,0
2.99,Cotton,Loam,0,0,0.66,466,0
2.35,Maize,Clay,1,1,0.75,506,1
0.73,Wheat,Sandy,1,0,0.88,961,0
9.07,Sugarcane,Black,0,0,0.31,1087,0
7.79,Sugarcane,Loam,1,0,0.31,1459,0
4.66,Maize,Clay,1,0,0.83,601,0
13.58,Sugarcane,Loam,1,1,0.91,810,1
8.88,Millets,Black,0,1,0.64,896,0
12.28,Millets,Loam,0,1,0.92,1015,0
2.9,Millets,Clay,1,0,0.2,1024,0
7.83,Cotton,Sandy,1,1,0.31,1249,0
1.21,Rice,Sandy,0,0,0.61,1077,0
13.0,Millets,Clay,1,0,0.45,306,0
5.73,Millets,Sandy,1,1,0.93,1458,1
10.58,Rice,Clay,1,0,0.43,611,0
10.12,Wheat,Clay,0,1,0.3,1318,0
11.0,Wheat,Black,1,0,0.28,1256,0
3.43,Millets,Clay,1,1,0.65,405,1
5.39,Maize,Clay,1,0,0.54,1019,0
10.01,Sugarcane,Loam,0,0,0.44,1188,0
0.6,Millets,Sandy,1,0,0.72,1132,0
11.55,Millets,Sandy,0,1,0.59,526,0
2.64,Cotton,Sandy,0,0,0.36,786,0
12.28,Cotton,Black,0,1,0.77,1485,0
10.08,Sugarcane,Sandy,0,0,0.44,358,0
11.64,Cotton,Loam,0,1,0.79,980,0
9.31,Maize,Sandy,0,0,0.83,1380,0
14.35,Cotton,Black,1,1,0.53,1095,1
2.68,Millets,Clay,0,1,0.5,412,0
13.79,Millets,Loam,1,1,0.29,1035,0
4.25,Maize,Sandy,1,0,0.87,1442,0
7.7,Millets,Black,0,0,0.39,853,0
6.83,Wheat,Clay,1,0,0.68,1359,0
8.09,Wheat,Black,1,0,0.61,988,0
3.61,Maize,Black,0,0,0.49,1131,0
12.06,Rice,Loam,1,1,0.48,1163,0
3.51,Cotton,Black,1,1,0.25,360,0
6.34,Sugarcane,Loam,1,1,0.59,1472,1
14.69,Sugarcane,Sandy,0,0,0.78,599,0
12.72,Maize,Black,1,0,0.78,1326,0
1.31,Millets,Black,1,0,0.4,654,0
8.75,Wheat,Sandy,0,1,0.58,433,0
10.13,Millets,Clay,0,1,0.62,1135,0
7.21,Sugarcane,Loam,0,1,0.81,524,0
1.62,Maize,Clay,0,0,0.42,738,0
2.17,Sugarcane,Sandy,1,1,0.69,1431,1
6.46,Rice,Black,1,1,0.56,1436,1
6.18,Maize,Clay,0,1,0.72,1217,0
12.21,Maize,Black,0,1,0.75,934,0
6.18,Millets,Loam,1,1,0.7,804,1
1.63,Millets,Clay,0,1,0.4,345,0
7.18,Rice,Clay,1,0,0.31,711,0
14.13,Cotton,Sandy,1,0,0.91,490,0
13.02,Millets,Clay,1,0,0.39,720,0
2.81,Rice,Loam,1,1,0.59,601,1
14.3,Rice,Loam,1,1,0.47,1190,0
13.24,Rice,Loam,0,0,0.2,1176,0
3.29,Sugarcane,Loam,0,1,0.42,1157,0
6.57,Cotton,Sandy,0,1,0.43,1305,0
8.79,Rice,Loam,1,0,0.63,1115,0
13.68,Rice,Sandy,0,0,0.8,561,0
1.83,Cotton,Clay,0,0,0.41,678,0
11.72,Wheat,Sandy,0,0,0.4,889,0
13.67,Sugarcane,Loam,1,1,0.35,1309,0
3.47,Cotton,Black,0,0,0.41,647,0
11.18,Maize,Black,0,1,0.93,717,0
2.46,Maize,Sandy,0,1,0.9,1108,0
0.93,Sugarcane,Black,1,0,0.68,1360,0
10.76,Sugarcane,Clay,0,1,0.67,1253,0
6.5,Maize,Loam,0,1,0.32,1174,0
3.33,Maize,Loam,1,0,0.6,1109,0
10.68,Sugarcane,Clay,1,1,0.61,833,1
8.52,Millets,Sandy,1,1,0.39,490,0
2.22,Cotton,Black,1,1,0.85,435,1
11.88,Cotton,Loam,1,1,0.94,1257,1
6.57,Millets,Loam,1,0,0.87,463,0
4.44,Cotton,Black,0,0,0.38,1096,0
2.31,Rice,Black,0,1,0.51,914,0
7.65,Cotton,Loam,0,0,0.54,549,0
3.18,Sugarcane,Black,0,1,0.37,817,0
6.2,Sugarcane,Black,1,0,0.72,717,0
5.25,Rice,Loam,1,0,0.7,1180,0
12.59,Rice,Black,0,1,0.2,481,0
9.26,Sugarcane,Black,1,0,0.26,956,0
12.22,Rice,Black,0,1,0.25,1144,0
10.5,Rice,Loam,1,1,0.69,580,1
3.86,Wheat,Clay,0,1,0.56,1485,0
7.87,Rice,Loam,1,0,0.63,931,0
6.56,Sugarcane,Black,0,1,0.77,798,0
6.01,Wheat,Clay,0,1,0.64,656,0
14.41,Sugarcane,Black,0,0,0.78,1163,0
8.18,Rice,Sandy,0,0,0.47,1062,0
12.78,Sugarcane,Black,0,1,0.28,1409,0
1.98,Millets,Loam,0,1,0.46,891,0
6.24,Millets,Loam,1,1,0.8,856,1
2.57,Cotton,Sandy,0,0,0.43,1396,0
4.43,Maize,Loam,0,1,0.42,763,0
14.2,Cotton,Sandy,0,1,0.22,849,0
10.36,Sugarcane,Sandy,0,1,0.64,1305,0
12.83,Maize,Clay,0,0,0.4,555,0
14.54,Maize,Loam,0,1,0.78,806,0
0.51,Sugarcane,Clay,0,1,0.34,340,0
12.63,Maize,Clay,0,0,0.43,1398,0
10.44,Maize,Loam,0,0,0.82,574,0
7.0,Maize,Black,0,1,0.21,710,0
14.19,Sugarcane,Black,0,0,0.4,993,0
5.29,Rice,Loam,0,1,0.84,617,0
2.84,Rice,Sandy,0,1,0.74,1311,0
12.78,Sugarcane,Clay,0,0,0.81,412,0
11.02,Millets,Loam,1,1,0.25,740,0
7.18,Wheat,Clay,1,1,0.28,1496,0
4.11,Wheat,Clay,1,0,0.8,1466,0
7.42,Wheat,Loam,1,1,0.29,953,0
3.91,Millets,Sandy,0,0,0.54,608,0
9.12,Maize,Loam,0,0,0.63,577,0
3.07,Millets,Black,0,1,0.73,927,0
2.97,Wheat,Loam,1,1,0.25,1429,0
0.68,Sugarcane,Clay,1,1,0.89,727,0
3.24,Rice,Clay,1,1,0.5,900,1
10.33,Cotton,Sandy,1,1,0.5,1304,1
12.99,Wheat,Black,1,0,0.83,692,0
4.84,Wheat,Black,1,0,0.31,1139,0
1.84,Sugarcane,Clay,1,0,0.34,595,0
4.24,Millets,Sandy,0,0,0.39,573,0
10.23,Cotton,Loam,1,1,0.72,971,1
12.92,Sugarcane,Black,0,0,0.58,602,0
8.32,Rice,Loam,0,1,0.75,924,0
2.32,Cotton,Clay,0,1,0.4,1409,0
1.23,Wheat,Black,1,1,0.39,866,0
11.51,Wheat,Black,1,0,0.26,1168,0
12.3,Rice,Clay,1,0,0.51,462,0
9.62,Rice,Loam,0,1,0.73,1464,0
1.18,Rice,Loam,0,1,0.56,1362,0
9.4,Millets,Clay,1,1,0.31,1487,0
7.37,Wheat,Black,0,0,0.84,647,0
5.29,Rice,Black,0,0,0.37,751,0
1.8,Maize,Loam,0,0,0.46,996,0
1.64,Millets,Sandy,1,1,0.58,1113,0
7.31,Wheat,Loam,1,1,0.61,963,1
9.87,Sugarcane,Clay,0,0,0.35,1311,0
11.89,Millets,Sandy,1,0,0.45,974,0
8.55,Wheat,Black,0,1,0.87,837,0
11.64,Millets,Loam,0,0,0.77,739,0
4.05,Rice,Black,0,0,0.67,571,0
7.58,Millets,Clay,1,1,0.79,857,1
5.03,Sugarcane,Black,0,1,0.48,541,0
2.47,Sugarcane,Loam,0,1,0.74,1428,0
10.9,Maize,Loam,1,0,0.23,865,0
12.78,Millets,Black,0,0,0.72,1479,0
8.45,Wheat,Clay,1,1,0.88,1304,1
13.39,Maize,Sandy,0,0,0.32,338,0
2.03,Rice,Loam,0,1,0.71,695,0
7.05,Rice,Black,1,0,0.37,1464,0
3.35,Millets,Clay,0,1,0.32,1030,0
9.32,Sugarcane,Loam,1,1,0.81,801,1
12.62,Maize,Sandy,0,1,0.31,835,0
9.66,Wheat,Black,1,1,0.41,549,0
6.37,Wheat,Sandy,0,1,0.44,980,0
11.15,Millets,Clay,0,0,0.38,1500,0
1.38,Maize,Sandy,1,1,0.69,488,0
12.0,Rice,Loam,1,1,0.66,1378,1
14.82,Rice,Sandy,0,0,0.61,1010,0
4.6,Cotton,Sandy,0,1,0.37,1158,0
14.27,Wheat,Sandy,0,1,0.53,631,0
11.24,Sugarcane,Loam,1,0,0.72,1480,0
9.35,Sugarcane,Clay,0,0,0.66,1024,0
14.45,Maize,Sandy,0,1,0.47,1200,0
1.12,Wheat,Sandy,0,1,0.39,1339,0
4.68,Wheat,Sandy,0,0,0.74,621,0
4.88,Maize,Clay,1,1,0.59,1172,1
4.12,Sugarcane,Loam,0,1,0.39,315,0
5.76,Sugarcane,Loam,0,1,0.91,1424,0
7.03,Sugarcane,Clay,1,0,0.9,633,0
5.8,Wheat,Black,1,1,0.66,524,1
12.76,Maize,Loam,0,0,0.51,597,0
2.0,Cotton,Clay,0,1,0.24,618,0
13.05,Millets,Sandy,1,0,0.95,1378,0
3.0,Millets,Black,1,1,0.21,1150,0
7.27,Rice,Loam,0,0,0.48,604,0
6.86,Cotton,Clay,0,1,0.65,1398,0
5.19,Maize,Loam,1,0,0.25,1149,0
14.6,Maize,Black,1,0,0.24,376,0
3.09,Sugarcane,Loam,1,1,0.39,1443,0
3.79,Rice,Sandy,0,1,0.69,1143,0
11.87,Sugarcane,Clay,1,0,0.52,438,0
10.01,Cotton,Loam,1,0,0.63,961,0
13.47,Millets,Sandy,0,0,0.79,1171,0
1.48,Millets,Loam,0,1,0.65,1061,0
12.26,Cotton,Black,0,1,0.32,878,0
0.72,Maize,Black,0,1,0.92,528,0
3.62,Maize,Sandy,1,0,0.31,1129,0
4.13,Maize,Black,0,0,0.29,922,0
6.04,Sugarcane,Sandy,1,0,0.21,463,0
2.74,Millets,Clay,1,1,0.68,1185,1
11.61,Rice,Loam,0,1,0.81,721,0
8.01,Millets,Clay,0,0,0.31,1008,0
4.06,Millets,Loam,0,1,0.51,701,0
11.66,Cotton,Clay,1,0,0.83,933,0
10.24,Sugarcane,Sandy,0,0,0.53,854,0
7.23,Wheat,Clay,0,1,0.37,1196,0
0.71,Sugarcane,Loam,0,1,0.85,708,0
12.09,Cotton,Clay,0,0,0.76,1141,0
8.3,Millets,Loam,1,0,0.81,1306,0
4.06,Maize,Clay,1,0,0.36,975,0
5.22,Cotton,Loam,1,1,0.35,800,0
3.4,Millets,Clay,1,0,0.71,746,0
3.41,Cotton,Loam,0,0,0.34,880,0
10.04,Sugarcane,Loam,1,0,0.74,751,0
10.6,Rice,Black,1,1,0.76,779,1
4.17,Maize,Black,1,0,0.7,1310,0
10.19,Millets,Sandy,1,1,0.33,1214,0
13.91,Millets,Black,0,0,0.91,929,0
12.49,Sugarcane,Black,1,0,0.46,1398,0
6.28,Sugarcane,Black,1,1,0.53,1306,1
10.49,Maize,Sandy,0,0,0.25,912,0
13.11,Sugarcane,Clay,0,1,0.36,1266,0
8.27,Cotton,Clay,1,1,0.91,728,1
1.81,Rice,Black,0,0,0.33,674,0
14.08,Wheat,Loam,0,0,0.87,757,0
7.31,Maize,Black,1,1,0.67,549,1
9.45,Sugarcane,Black,1,1,0.6,957,1
5.64,Cotton,Loam,1,1,0.23,360,0
11.39,Maize,Sandy,1,1,0.71,624,1
9.93,Rice,Clay,1,1,0.21,523,0
7.63,Millets,Sandy,0,0,0.68,1370,0
10.56,Sugarcane,Clay,0,1,0.33,775,0
5.73,Maize,Loam,0,1,0.23,544,0
2.24,Wheat,Loam,1,0,0.74,1019,0
11.3,Maize,Black,1,0,0.49,752,0
8.77,Sugarcane,Clay,1,0,0.79,790,0
4.42,Millets,Clay,1,0,0.63,745,0
9.47,Cotton,Black,1,0,0.24,1212,0
14.63,Rice,Black,1,0,0.58,895,0
14.97,Cotton,Black,0,1,0.89,704,0
7.62,Sugarcane,Loam,1,1,0.38,406,0
13.75,Rice,Black,1,0,0.76,1188,0
8.5,Sugarcane,Loam,0,0,0.6,1348,0
0.74,Wheat,Black,1,1,0.68,1071,0
6.17,Cotton,Loam,0,0,0.63,1171,0
7.75,Millets,Sandy,1,0,0.56,373,0
6.79,Maize,Sandy,1,1,0.53,1409,1
11.18,Cotton,Sandy,1,1,0.79,755,1
2.88,Cotton,Sandy,0,0,0.85,652,0
2.07,Maize,Black,0,1,0.65,1148,0
4.21,Wheat,Black,1,1,0.86,1338,1
5.98,Rice,Clay,0,0,0.33,863,0
11.02,Sugarcane,Sandy,0,1,0.63,992,0
4.53,Rice,Black,1,1,0.51,1337,1
6.1,Maize,Loam,0,1,0.9,932,0
5.17,Cotton,Clay,1,1,0.44,1221,0
12.87,Rice,Sandy,1,1,0.84,1193,1
6.31,Millets,Sandy,1,1,0.51,893,1
5.46,Rice,Clay,0,1,0.72,768,0
3.1,Cotton,Sandy,1,1,0.53,1378,1
7.2,Rice,Clay,0,1,0.55,944,0
11.73,Cotton,Loam,1,1,0.4,323,0
12.6,Rice,Loam,0,0,0.25,446,0
12.32,Millets,Black,1,0,0.34,949,0
12.14,Sugarcane,Black,0,1,0.43,1322,0
7.84,Maize,Loam,0,0,0.79,1346,0
8.54,Millets,Black,1,0,0.63,769,0
9.04,Wheat,Black,0,0,0.7,306,0
7.22,Cotton,Clay,1,1,0.81,552,1
7.73,Cotton,Black,0,1,0.81,642,0
14.93,Rice,Sandy,1,0,0.61,548,0
8.34,Wheat,Clay,0,1,0.8,882,0
12.71,Maize,Loam,1,1,0.84,1428,1
2.86,Maize,Sandy,1,1,0.5,415,1
14.38,Maize,Sandy,0,1,0.36,407,0
9.66,Maize,Loam,0,0,0.95,817,0
13.21,Millets,Sandy,0,0,0.31,1172,0
5.23,Maize,Black,0,1,0.27,1434,0
8.49,Millets,Sandy,1,1,0.7,362,1
8.78,Rice,Loam,1,1,0.91,942,1
3.28,Maize,Loam,0,1,0.53,993,0
2.2,Sugarcane,Black,0,0,0.21,641,0
12.76,Millets,Black,0,1,0.52,582,0
12.84,Rice,Sandy,0,1,0.56,517,0
2.19,Sugarcane,Loam,0,0,0.48,872,0
12.17,Rice,Loam,1,1,0.29,783,0
4.26,Maize,Loam,0,1,0.63,491,0
12.96,Wheat,Clay,1,0,0.28,786,0
8.74,Millets,Black,0,1,0.94,310,0
4.68,Sugarcane,Black,0,1,0.7,863,0
5.75,Sugarcane,Sandy,1,1,0.22,1343,0
4.22,Sugarcane,Clay,1,0,0.67,934,0
5.02,Sugarcane,Sandy,1,1,0.77,431,1
0.89,Rice,Sandy,1,0,0.55,913,0
8.28,Millets,Black,1,0,0.52,359,0
12.8,Wheat,Sandy,1,1,0.81,368,1
14.23,Rice,Sandy,1,0,0.21,1437,0
14.39,Rice,Black,0,0,0.2,443,0
9.23,Sugarcane,Black,0,0,0.51,916,0
14.4,Wheat,Loam,0,1,0.92,968,0
9.07,Sugarcane,Clay,1,1,0.2,1043,0
10.58,Wheat,Sandy,0,0,0.83,1353,0
13.29,Cotton,Sandy,0,0,0.71,615,0
4.14,Cotton,Loam,0,1,0.62,1036,0
12.06,Cotton,Sandy,0,0,0.88,708,0
7.93,Maize,Sandy,0,1,0.76,1018,0
9.05,Millets,Sandy,1,1,0.46,769,0
2.18,Maize,Clay,1,1,0.76,1114,1
4.93,Sugarcane,Sandy,1,0,0.87,853,0
11.34,Maize,Clay,1,1,0.36,896,0
10.15,Wheat,Clay,1,0,0.29,994,0
7.33,Sugarcane,Black,0,1,0.83,991,0
9.93,Rice,Clay,0,1,0.23,302,0
11.87,Sugarcane,Black,0,1,0.37,699,0
1.16,Rice,Loam,1,0,0.37,524,0
6.02,Millets,Loam,0,1,0.6,1414,0
4.57,Sugarcane,Clay,0,0,0.59,1174,0
6.71,Wheat,Loam,0,0,0.75,813,0
6.62,Sugarcane,Clay,1,1,0.85,738,1
5.17,Wheat,Clay,0,1,0.83,981,0
13.05,Rice,Loam,0,0,0.45,573,0
14.17,Sugarcane,Sandy,1,1,0.82,1307,1
4.24,Cotton,Clay,1,0,0.51,611,0
6.94,Sugarcane,Sandy,1,1,0.26,1474,0
4.19,Sugarcane,Clay,0,0,0.34,1359,0
10.22,Millets,Black,0,1,0.6,852,0
3.33,Sugarcane,Loam,1,1,0.22,1314,0
11.81,Sugarcane,Black,0,0,0.73,786,0
10.63,Maize,Sandy,0,1,0.29,851,0
7.24,Sugarcane,Black,1,1,0.75,442,1
11.79,Millets,Loam,1,0,0.94,1189,0
10.26,Sugarcane,Sandy,0,1,0.34,366,0
14.75,Sugarcane,Clay,1,0,0.46,687,0
6.45,Cotton,Clay,1,1,0.45,1415,0
10.58,Millets,Clay,1,1,0.93,1284,1
11.43,Maize,Clay,0,0,0.83,710,0
7.35,Rice,Loam,1,1,0.73,661,1
2.66,Maize,Black,0,0,0.79,737,0
14.61,Cotton,Sandy,0,0,0.88,545,0
5.96,Cotton,Black,1,0,0.47,1125,0
2.74,Sugarcane,Black,1,1,0.26,1264,0
10.57,Cotton,Loam,1,1,0.69,947,1
3.98,Rice,Clay,1,0,0.59,378,0
12.1,Maize,Clay,1,1,0.74,850,1
3.14,Maize,Loam,1,1,0.43,956,0
5.81,Cotton,Sandy,1,1,0.4,855,0
3.55,Sugarcane,Black,1,0,0.56,1023,0
4.21,Wheat,Sandy,1,0,0.93,649,0
10.38,Wheat,Loam,1,1,0.73,838,1
11.94,Cotton,Black,0,1,0.62,874,0
14.02,Cotton,Loam,0,0,0.81,672,0
4.06,Millets,Clay,1,1,0.6,442,1
7.89,Sugarcane,Loam,1,1,0.82,484,1
14.69,Rice,Sandy,1,1,0.51,1266,1
10.36,Wheat,Black,0,0,0.74,1395,0
9.76,Rice,Sandy,0,1,0.73,1483,0
7.12,Rice,Sandy,1,0,0.44,989,0
13.99,Maize,Sandy,0,0,0.64,1038,0
12.12,Millets,Loam,1,1,0.65,860,1
3.52,Cotton,Sandy,0,0,0.22,857,0
9.2,Rice,Black,0,1,0.85,653,0
5.31,Sugarcane,Loam,0,1,0.82,1397,0
6.41,Cotton,Black,1,0,0.62,785,0
12.56,Cotton,Loam,1,1,0.21,776,0
7.07,Sugarcane,Loam,1,1,0.42,1402,0
10.71,Rice,Black,1,1,0.95,788,1
10.51,Millets,Clay,1,1,0.47,1323,0
10.78,Maize,Black,1,1,0.94,1001,1
11.38,Cotton,Sandy,1,1,0.27,636,0
1.33,Cotton,Black,1,0,0.48,917,0
2.48,Wheat,Sandy,0,1,0.95,595,0
2.82,Wheat,Loam,0,1,0.58,1426,0
8.59,Cotton,Sandy,0,0,0.38,716,0
7.42,Cotton,Loam,0,0,0.91,626,0
10.83,Maize,Clay,0,1,0.45,1484,0
13.58,Maize,Clay,1,0,0.42,344,0
9.33,Cotton,Sandy,1,1,0.56,666,1
13.76,Millets,Black,0,0,0.22,563,0
3.39,Maize,Loam,1,1,0.94,488,1
1.15,Cotton,Loam,1,1,0.33,977,0
3.05,Rice,Sandy,1,0,0.85,1340,0
11.97,Cotton,Black,0,1,0.9,1015,0
11.11,Millets,Sandy,0,1,0.65,347,0
7.42,Maize,Black,0,0,0.72,897,0
9.18,Wheat,Clay,1,1,0.55,795,1
9.31,Sugarcane,Black,0,0,0.71,1227,0
4.52,Wheat,Black,1,0,0.66,949,0
11.12,Cotton,Clay,1,0,0.69,1283,0
2.76,Maize,Sandy,0,0,0.54,1107,0
13.86,Cotton,Clay,1,0,0.44,761,0
1.41,Wheat,Loam,0,1,0.93,1440,0
3.95,Millets,Black,1,1,0.72,697,1
9.74,Millets,Black,1,1,0.33,444,0
11.72,Rice,Black,1,1,0.4,1076,0
4.33,Sugarcane,Sandy,1,0,0.3,1356,0
13.47,Rice,Black,1,0,0.9,365,0
1.04,Rice,Clay,0,0,0.72,707,0
5.35,Wheat,Black,0,0,0.54,402,0
2.29,Wheat,Sandy,0,1,0.49,736,0
11.38,Millets,Sandy,1,0,0.83,1172,0
14.72,Maize,Loam,0,1,0.34,902,0
5.5,Maize,Black,0,0,0.91,759,0
10.08,Cotton,Clay,0,1,0.75,1097,0
10.72,Maize,Black,1,0,0.85,637,0
8.42,Millets,Black,1,0,0.57,505,0
2.32,Rice,Clay,1,1,0.94,911,1
4.73,Millets,Sandy,1,1,0.89,637,1
9.4,Maize,Clay,0,0,0.83,1057,0
6.72,Millets,Sandy,0,0,0.24,1307,0
7.59,Millets,Black,1,0,0.48,519,0
3.56,Cotton,Sandy,1,0,0.46,1155,0
12.32,Millets,Sandy,1,1,0.71,885,1
5.85,Cotton,Clay,1,1,0.61,761,1
2.85,Millets,Loam,0,1,0.83,1121,0
1.43,Rice,Loam,0,0,0.81,589,0
1.86,Rice,Clay,1,0,0.59,344,0
14.37,Cotton,Loam,1,1,0.79,706,1
14.51,Millets,Black,0,0,0.24,806,0
10.42,Cotton,Black,0,1,0.73,308,0
10.61,Cotton,Clay,1,1,0.93,1267,1
7.18,Maize,Black,1,1,0.74,518,1
1.43,Cotton,Sandy,0,0,0.79,1051,0
10.66,Rice,Loam,0,1,0.44,1419,0
7.52,Millets,Clay,0,1,0.6,1133,0
9.69,Millets,Clay,0,1,0.86,983,0
3.35,Maize,Loam,1,1,0.77,996,1
3.16,Sugarcane,Black,1,1,0.79,1472,1
7.49,Millets,Clay,1,0,0.47,590,0
14.02,Maize,Clay,1,1,0.28,318,0
1.41,Sugarcane,Black,1,1,0.81,371,0
5.6,Wheat,Loam,0,1,0.47,984,0
8.49,Millets,Clay,1,1,0.86,756,1
2.59,Rice,Loam,1,1,0.51,1058,1
7.65,Rice,Clay,1,0,0.4,461,0
9.13,Cotton,Black,0,1,0.32,525,0
7.85,Maize,Clay,0,0,0.78,1422,0
14.78,Cotton,Clay,1,1,0.26,1197,0
3.8,Sugarcane,Loam,1,1,0.47,726,0
3.41,Maize,Black,1,1,0.92,754,1
5.97,Cotton,Sandy,0,0,0.74,782,0
12.74,Maize,Black,0,1,0.87,429,0
8.51,Wheat,Black,1,0,0.61,1212,0
11.05,Sugarcane,Black,0,0,0.58,1274,0
5.65,Sugarcane,Loam,0,0,0.88,1193,0
9.64,Millets,Loam,0,0,0.42,1358,0
9.71,Rice,Black,1,0,0.32,1450,0
12.25,Millets,Black,1,0,0.66,694,0
10.51,Sugarcane,Clay,1,1,0.69,367,1
2.14,Rice,Sandy,1,0,0.3,988,0
10.64,Sugarcane,Clay,0,1,0.75,666,0
7.88,Wheat,Loam,1,0,0.89,1479,0
2.79,Maize,Loam,1,1,0.63,954,1
14.0,Sugarcane,Black,0,1,0.68,1242,0
12.51,Millets,Sandy,1,1,0.92,1074,1
9.64,Millets,Clay,1,0,0.72,410,0
6.49,Sugarcane,Loam,0,1,0.42,478,0
11.09,Maize,Clay,0,0,0.29,605,0
1.38,Maize,Black,1,1,0.35,805,0
3.33,Millets,Loam,0,1,0.39,1199,0
1.03,Rice,Clay,0,1,0.33,1134,0
12.81,Sugarcane,Clay,1,0,0.41,486,0
3.65,Cotton,Clay,1,0,0.72,772,0
9.42,Cotton,Sandy,0,0,0.51,425,0
7.53,Sugarcane,Clay,1,1,0.77,1493,1
11.96,Rice,Clay,0,1,0.32,565,0
13.53,Sugarcane,Loam,0,0,0.82,1103,0
4.29,Sugarcane,Clay,1,1,0.42,1455,0
3.78,Sugarcane,Black,1,1,0.65,376,1
0.91,Cotton,Clay,0,1,0.84,784,0
3.35,Millets,Sandy,0,1,0.77,699,0
6.18,Maize,Loam,1,0,0.84,1079,0
14.74,Cotton,Sandy,1,0,0.37,483,0
2.33,Millets,Black,1,1,0.56,1307,1
13.81,Maize,Sandy,0,0,0.92,1351,0
12.87,Rice,Sandy,0,1,0.35,1376,0
8.24,Millets,Black,0,0,0.72,562,0
8.24,Millets,Loam,1,1,0.63,1002,1
8.81,Maize,Sandy,0,0,0.22,1442,0
14.92,Rice,Sandy,0,1,0.61,908,0
3.6,Maize,Clay,0,0,0.89,1102,0
5.06,Rice,Clay,0,0,0.35,1072,0
5.43,Cotton,Sandy,1,1,0.42,385,0
11.94,Cotton,Black,1,0,0.6,1065,0
4.46,Sugarcane,Black,1,1,0.54,422,1
9.05,Millets,Loam,0,0,0.79,743,0
1.87,Maize,Loam,0,0,0.48,859,0
1.01,Millets,Clay,1,0,0.43,588,0
3.66,Cotton,Sandy,1,1,0.28,817,0
4.59,Cotton,Loam,1,0,0.94,1259,0
11.14,Wheat,Black,0,0,0.59,1465,0
10.65,Maize,Sandy,0,0,0.33,917,0
2.93,Maize,Clay,0,1,0.61,872,0
2.89,Rice,Loam,1,1,0.34,631,0
1.59,Cotton,Black,0,1,0.4,1020,0
13.89,Rice,Black,1,0,0.54,527,0
8.65,Wheat,Loam,0,0,0.57,1275,0
10.15,Rice,Loam,0,1,0.51,1443,0
0.88,Sugarcane,Sandy,1,0,0.62,369,0
11.91,Cotton,Clay,0,0,0.22,1332,0
13.51,Maize,Black,0,1,0.53,1372,0
9.51,Millets,Black,0,1,0.61,501,0
2.73,Rice,Clay,0,1,0.82,1118,0
7.66,Rice,Clay,0,1,0.53,1234,0
12.56,Maize,Loam,1,1,0.33,549,0
7.26,Sugarcane,Sandy,1,0,0.73,646,0
9.01,Sugarcane,Black,1,1,0.68,535,1
14.76,Sugarcane,Loam,0,1,0.4,837,0
11.48,Sugarcane,Sandy,0,0,0.26,1349,0
4.39,Rice,Clay,0,0,0.3,878,0
5.36,Wheat,Black,1,1,0.76,1021,1
12.89,Maize,Sandy,1,1,0.76,1130,1
5.02,Wheat,Loam,1,1,0.42,1184,0
3.52,Maize,Black,0,0,0.47,972,0
3.49,Maize,Clay,1,1,0.43,1304,0
3.56,Sugarcane,Black,0,0,0.46,637,0
13.87,Cotton,Clay,1,1,0.84,317,1
5.53,Rice,Black,1,1,0.48,947,0
7.5,Maize,Clay,0,0,0.8,356,0
11.41,Cotton,Sandy,1,1,0.79,1139,1
8.14,Rice,Black,1,0,0.47,479,0
1.52,Rice,Sandy,0,1,0.33,754,0
13.69,Maize,Clay,0,1,0.78,1031,0
5.39,Cotton,Clay,1,1,0.38,1118,0
5.0,Rice,Sandy,1,1,0.34,532,0
5.76,Cotton,Clay,0,1,0.35,1056,0
14.2,Cotton,Sandy,1,0,0.7,882,0
6.94,Cotton,Clay,1,1,0.81,743,1
11.22,Cotton,Clay,1,1,0.66,812,1
12.89,Maize,Loam,1,1,0.5,471,1
4.26,Maize,Black,1,0,0.86,1058,0
7.79,Rice,Black,1,1,0.64,1470,1
8.74,Cotton,Clay,0,0,0.76,766,0
4.33,Wheat,Loam,0,0,0.79,487,0
9.32,Sugarcane,Loam,1,0,0.46,1386,0
11.37,Maize,Clay,0,0,0.86,965,0
11.37,Wheat,Black,1,0,0.88,617,0
14.49,Sugarcane,Sandy,0,1,0.45,998,0
12.9,Rice,Black,1,1,0.45,1390,0
7.08,Maize,Black,0,1,0.58,1240,0
8.43,Rice,Loam,1,1,0.42,407,0
2.5,Cotton,Clay,0,1,0.94,1223,0
3.17,Cotton,Loam,0,1,0.82,838,0
14.32,Cotton,Black,1,0,0.95,1461,0
6.81,Rice,Loam,1,1,0.72,841,1
1.2,Millets,Clay,0,0,0.75,747,0
6.63,Cotton,Clay,0,0,0.33,349,0
7.79,Wheat,Sandy,0,1,0.63,722,0
7.06,Sugarcane,Loam,1,1,0.41,670,0
3.67,Rice,Clay,1,1,0.62,1248,1
8.03,Rice,Loam,0,0,0.58,1165,0
1.64,Wheat,Loam,0,0,0.43,373,0
12.75,Millets,Sandy,0,0,0.72,1287,0
12.57,Rice,Clay,1,1,0.67,905,1
10.73,Cotton,Clay,1,0,0.3,333,0
3.16,Millets,Black,0,0,0.61,509,0
4.98,Sugarcane,Loam,1,0,0.52,790,0
6.61,Maize,Loam,0,1,0.73,1020,0
13.41,Cotton,Clay,0,1,0.26,1034,0
2.73,Rice,Sandy,1,0,0.27,1209,0
11.79,Sugarcane,Sandy,1,0,0.58,501,0
10.86,Millets,Black,1,0,0.94,988,0
7.13,Wheat,Loam,0,1,0.44,1013,0
10.24,Wheat,Sandy,0,0,0.74,1148,0
11.44,Maize,Sandy,1,0,0.91,303,0
12.86,Maize,Black,1,0,0.42,524,0
11.56,Cotton,Loam,0,0,0.47,1001,0
0.99,Sugarcane,Clay,1,1,0.7,802,0
5.01,Sugarcane,Loam,1,1,0.27,1454,0
8.78,Maize,Clay,1,0,0.93,1083,0
1.02,Rice,Clay,1,0,0.65,1500,0
4.74,Wheat,Loam,0,1,0.29,1023,0
7.58,Sugarcane,Sandy,1,0,0.46,1401,0
4.61,Sugarcane,Loam,1,0,0.73,1272,0
3.73,Millets,Loam,0,0,0.54,1281,0
12.02,Maize,Black,1,1,0.49,1116,0
11.41,Millets,Sandy,0,0,0.64,367,0
3.94,Cotton,Loam,1,0,0.54,883,0
12.86,Maize,Sandy,0,0,0.72,503,0
3.4,Wheat,Clay,1,1,0.48,433,0
6.36,Wheat,Clay,1,0,0.33,308,0
14.93,Maize,Black,1,0,0.89,1445,0
14.02,Rice,Clay,0,1,0.66,1270,0
8.64,Cotton,Clay,1,0,0.67,1331,0
11.43,Millets,Sandy,1,1,0.88,688,1
11.96,Maize,Clay,1,0,0.76,1320,0
6.57,Maize,Black,0,1,0.54,572,0
8.38,Wheat,Clay,0,1,0.95,1156,0
8.46,Maize,Black,0,0,0.55,650,0
8.87,Cotton,Black,0,0,0.26,724,0
11.83,Cotton,Sandy,1,1,0.5,1273,1
4.45,Maize,Loam,1,1,0.29,1148,0
9.36,Maize,Loam,1,0,0.22,1096,0
8.61,Maize,Black,0,0,0.25,821,0
12.88,Millets,Sandy,0,1,0.74,1102,0
5.73,Sugarcane,Loam,1,1,0.39,418,0
2.41,Wheat,Black,0,0,0.61,1350,0
13.21,Wheat,Loam,0,1,0.64,1115,0
0.55,Sugarcane,Black,1,1,0.44,479,0
7.19,Wheat,Black,0,1,0.26,1108,0
10.77,Cotton,Black,0,1,0.46,1117,0
7.16,Maize,Sandy,1,0,0.91,591,0
6.29,Sugarcane,Loam,0,0,0.26,426,0
1.24,Wheat,Black,0,0,0.21,938,0
2.02,Sugarcane,Clay,1,0,0.54,1029,0
0.6,Cotton,Clay,1,0,0.49,1249,0
8.2,Sugarcane,Black,0,0,0.65,1432,0
7.33,Maize,Sandy,0,0,0.24,1078,0
6.57,Sugarcane,Black,1,0,0.77,414,0
13.87,Maize,Sandy,0,0,0.27,340,0
2.07,Rice,Loam,0,0,0.9,1355,0
10.18,Wheat,Loam,0,1,0.86,432,0
9.88,Sugarcane,Black,0,0,0.76,957,0
7.74,Millets,Black,1,1,0.48,347,0
8.64,Rice,Sandy,0,0,0.35,837,0
1.5,Cotton,Loam,1,1,0.9,1012,0
11.15,Sugarcane,Loam,1,1,0.86,311,1
7.4,Sugarcane,Sandy,1,1,0.49,951,0
5.58,Sugarcane,Clay,1,0,0.66,819,0
10.38,Rice,Loam,0,1,0.84,993,0
2.62,Rice,Black,0,1,0.44,1298,0
8.4,Maize,Loam,0,1,0.52,813,0
14.41,Maize,Sandy,0,0,0.32,1371,0
6.62,Sugarcane,Sandy,1,0,0.77,511,0
7.34,Sugarcane,Black,0,0,0.65,641,0
10.71,Maize,Clay,1,0,0.32,308,0
7.36,Sugarcane,Black,1,0,0.77,1038,0
11.47,Cotton,Clay,1,1,0.63,501,1
6.54,Rice,Sandy,1,1,0.43,1289,0
12.08,Rice,Black,1,0,0.48,1437,0
3.87,Maize,Sandy,1,0,0.33,1276,0
9.05,Wheat,Sandy,0,0,0.3,522,0
12.14,Wheat,Sandy,0,0,0.81,774,0
3.43,Rice,Sandy,1,0,0.56,1180,0
10.43,Maize,Black,0,0,0.73,1055,0
4.92,Sugarcane,Black,0,0,0.41,536,0
11.56,Millets,Black,0,1,0.46,345,0
4.06,Maize,Loam,1,0,0.36,825,0
10.61,Wheat,Black,1,0,0.23,351,0
3.92,Maize,Clay,0,0,0.49,771,0
2.87,Rice,Black,1,1,0.31,764,0
5.8,Rice,Black,1,0,0.6,1248,0
2.46,Sugarcane,Sandy,1,0,0.82,536,0
12.64,Maize,Loam,1,0,0.34,1017,0
13.05,Rice,Clay,0,1,0.77,523,0
3.3,Cotton,Clay,0,0,0.3,1023,0
12.44,Sugarcane,Clay,0,1,0.67,713,0
12.16,Sugarcane,Sandy,1,1,0.78,1215,1
6.28,Millets,Clay,1,1,0.92,766,1
10.49,Cotton,Sandy,1,1,0.78,563,1
1.93,Maize,Loam,1,1,0.47,433,0
9.17,Rice,Sandy,1,0,0.53,1233,0
7.84,Rice,Sandy,1,1,0.43,508,0
2.7,Millets,Sandy,1,1,0.8,759,1
4.49,Cotton,Clay,1,1,0.7,302,1
1.13,Rice,Sandy,1,1,0.73,741,0
3.71,Millets,Sandy,0,1,0.92,839,0
6.9,Millets,Loam,0,0,0.59,1141,0
2.46,Cotton,Loam,1,1,0.29,1371,0
8.3,Rice,Loam,0,0,0.29,1407,0
5.67,Rice,Loam,0,0,0.81,959,0
8.57,Sugarcane,Clay,0,1,0.88,927,0
12.91,Sugarcane,Loam,0,1,0.46,300,0
9.94,Wheat,Loam,1,1,0.27,1391,0
8.56,Cotton,Sandy,0,1,0.84,454,0
8.97,Maize,Black,0,0,0.62,473,0
4.94,Millets,Clay,0,1,0.86,912,0
9.19,Maize,Sandy,0,0,0.89,306,0
5.29,Cotton,Sandy,0,0,0.29,1278,0
3.64,Wheat,Black,1,0,0.48,584,0
1.43,Wheat,Clay,0,1,0.63,1094,0
2.34,Wheat,Clay,1,0,0.5,527,0
3.06,Rice,Clay,1,0,0.88,793,0
4.14,Sugarcane,Clay,1,1,0.53,1050,1
9.78,Wheat,Sandy,1,1,0.22,768,0
13.74,Sugarcane,Sandy,1,0,0.67,317,0
2.04,Rice,Sandy,0,1,0.68,719,0
4.86,Millets,Clay,1,1,0.62,964,1
9.57,Rice,Black,1,0,0.51,494,0
9.86,Maize,Black,0,0,0.68,733,0
9.07,Wheat,Black,1,1,0.42,332,0
5.94,Cotton,Loam,1,0,0.45,971,0
0.89,Cotton,Clay,0,1,0.69,416,0
12.06,Rice,Black,0,0,0.44,643,0
9.49,Maize,Loam,0,1,0.53,942,0
6.55,Cotton,Loam,1,1,0.78,973,1
9.03,Sugarcane,Loam,0,0,0.35,727,0
3.32,Rice,Loam,0,1,0.38,815,0
13.21,Wheat,Clay,0,0,0.77,427,0
1.26,Wheat,Loam,1,0,0.8,1337,0
12.38,Millets,Clay,0,0,0.76,480,0
9.97,Millets,Black,0,1,0.5,1052,0
10.85,Sugarcane,Clay,1,0,0.83,800,0
2.7,Rice,Black,1,0,0.37,985,0
3.75,Rice,Clay,0,0,0.77,786,0
13.43,Rice,Loam,1,1,0.4,636,0
7.87,Millets,Clay,1,1,0.51,949,1
13.12,Rice,Loam,1,1,0.78,508,1
7.97,Maize,Black,1,1,0.69,836,1
13.67,Millets,Sandy,0,1,0.33,509,0
1.31,Millets,Clay,1,0,0.87,427,0
0.77,Cotton,Black,1,0,0.24,1033,0
14.6,Maize,Clay,0,1,0.9,696,0
8.11,Cotton,Loam,0,1,0.24,1308,0
13.96,Millets,Sandy,1,1,0.77,880,1
10.07,Rice,Sandy,0,0,0.54,878,0
7.94,Sugarcane,Clay,1,1,0.84,429,1
9.55,Sugarcane,Loam,1,1,0.69,428,1
0.65,Millets,Sandy,1,1,0.86,924,0
7.52,Cotton,Loam,1,0,0.89,543,0
1.88,Sugarcane,Black,0,1,0.25,494,0
12.66,Rice,Sandy,1,1,0.64,644,1
7.5,Wheat,Clay,1,0,0.54,417,0
9.11,Millets,Sandy,1,0,0.55,1152,0
7.02,Millets,Sandy,0,1,0.38,877,0
0.97,Maize,Sandy,0,0,0.37,434,0
10.22,Rice,Black,0,1,0.38,591,0
13.02,Sugarcane,Loam,0,1,0.79,702,0
9.74,Millets,Black,1,1,0.83,1322,1
3.36,Cotton,Clay,1,1,0.83,573,1
10.35,Rice,Clay,0,0,0.37,568,0
2.58,Wheat,Clay,0,0,0.79,479,0
5.92,Wheat,Loam,0,0,0.61,780,0
13.4,Millets,Black,1,0,0.24,1264,0
2.24,Sugarcane,Loam,1,1,0.84,1026,1
3.57,Sugarcane,Black,0,1,0.28,645,0
10.3,Cotton,Clay,1,0,0.88,714,0
6.02,Sugarcane,Sandy,1,1,0.9,1486,1
3.48,Maize,Loam,0,0,0.84,621,0
1.34,Wheat,Sandy,0,0,0.65,938,0
5.86,Maize,Clay,0,1,0.4,846,0
9.27,Maize,Loam,1,1,0.35,375,0
2.1,Sugarcane,Clay,1,1,0.69,489,1
4.51,Maize,Black,0,0,0.79,302,0
4.81,Maize,Sandy,1,0,0.74,343,0
3.15,Wheat,Sandy,1,1,0.21,693,0
10.32,Cotton,Black,1,1,0.29,1114,0
3.72,Wheat,Black,0,0,0.64,801,0
1.79,Cotton,Clay,0,1,0.67,552,0
12.09,Sugarcane,Sandy,0,1,0.9,1076,0
8.92,Wheat,Black,1,0,0.39,1235,0
5.6,Rice,Black,1,0,0.26,1074,0
11.23,Wheat,Sandy,1,0,0.82,401,0
10.32,Sugarcane,Loam,0,1,0.36,1185,0
6.04,Sugarcane,Black,0,1,0.77,450,0
14.37,Rice,Black,0,1,0.93,1100,0
5.58,Maize,Loam,1,0,0.32,362,0
4.92,Wheat,Black,1,1,0.28,925,0
1.65,Maize,Sandy,1,0,0.39,1146,0
10.62,Millets,Black,1,0,0.7,523,0
12.02,Millets,Loam,0,1,0.31,1181,0
0.58,Cotton,Sandy,1,1,0.78,1493,0
14.58,Sugarcane,Sandy,1,1,0.88,1268,1
5.67,Cotton,Loam,1,0,0.83,1384,0
2.66,Rice,Sandy,1,1,0.56,954,1
6.34,Cotton,Sandy,1,1,0.69,1066,1
8.46,Rice,Sandy,1,0,0.3,1337,0
1.92,Rice,Clay,0,1,0.64,772,0
1.69,Maize,Black,1,1,0.37,767,0
2.37,Wheat,Clay,0,1,0.62,667,0
4.64,Cotton,Clay,1,1,0.58,448,1
4.19,Rice,Loam,1,0,0.92,611,0
9.53,Cotton,Sandy,1,0,0.57,1415,0
11.01,Wheat,Loam,1,0,0.82,681,0
7.58,Rice,Loam,0,1,0.83,1151,0
1.26,Rice,Loam,0,1,0.44,782,0
9.0,Cotton,Black,0,1,0.22,1490,0
8.2,Rice,Loam,1,1,0.85,1393,1
8.82,Cotton,Loam,0,0,0.82,1221,0
6.22,Rice,Clay,0,0,0.5,1422,0
2.96,Maize,Clay,1,1,0.89,387,1
8.61,Rice,Clay,0,1,0.76,1309,0
7.64,Maize,Black,0,0,0.77,1247,0
10.68,Rice,Black,1,1,0.27,1388,0
6.92,Sugarcane,Clay,0,0,0.9,701,0
6.03,Sugarcane,Black,0,0,0.8,855,0
11.77,Wheat,Sandy,0,0,0.24,309,0
14.65,Cotton,Black,0,1,0.81,1353,0
7.17,Cotton,Black,1,1,0.6,651,1
10.12,Wheat,Clay,1,1,0.22,1419,0
6.86,Maize,Clay,1,1,0.43,362,0
9.13,Maize,Black,0,0,0.53,912,0
10.95,Maize,Loam,1,1,0.51,550,1
3.15,Rice,Loam,1,0,0.38,1467,0
2.32,Sugarcane,Clay,1,1,0.25,1334,0
3.8,Cotton,Loam,0,1,0.71,375,0
9.46,Rice,Black,0,0,0.27,971,0
4.44,Sugarcane,Black,1,0,0.64,766,0
14.54,Rice,Loam,0,1,0.92,1009,0
13.45,Wheat,Clay,1,1,0.44,1013,0
14.13,Maize,Black,1,0,0.39,1001,0
1.57,Millets,Clay,1,0,0.39,759,0
4.82,Millets,Clay,0,1,0.55,1342,0
3.43,Cotton,Clay,1,0,0.49,1373,0
10.02,Millets,Black,0,0,0.39,705,0
0.98,Maize,Loam,0,0,0.48,861,0
1.01,Rice,Sandy,1,1,0.45,333,0
10.58,Wheat,Loam,0,0,0.79,1076,0
12.52,Millets,Sandy,0,1,0.55,1330,0
0.98,Maize,Clay,0,0,0.28,701,0
3.92,Wheat,Sandy,1,1,0.42,1486,0
12.22,Cotton,Loam,1,1,0.64,1293,1
13.03,Wheat,Black,1,0,0.5,904,0
13.5,Rice,Sandy,0,0,0.9,519,0
3.75,Rice,Clay,0,1,0.83,865,0
2.92,Sugarcane,Black,1,1,0.44,988,0
13.21,Maize,Black,0,0,0.41,517,0
5.69,Millets,Sandy,0,1,0.92,917,0
4.94,Millets,Black,0,1,0.89,1175,0
5.49,Maize,Clay,0,0,0.95,571,0
1.77,Rice,Clay,0,1,0.32,337,0
9.31,Rice,Sandy,1,0,0.22,905,0
8.51,Cotton,Loam,0,1,0.22,1214,0
12.17,Wheat,Loam,1,1,0.76,394,1
14.17,Wheat,Clay,1,1,0.41,1399,0
11.28,Millets,Black,0,1,0.65,1229,0
7.87,Maize,Clay,1,0,0.77,1090,0
3.6,Rice,Clay,0,1,0.78,1402,0
1.96,Cotton,Clay,0,0,0.55,748,0
2.15,Rice,Clay,1,1,0.46,642,0
2.58,Rice,Sandy,0,0,0.3,768,0
6.78,Cotton,Black,1,0,0.58,811,0
0.64,Sugarcane,Clay,1,0,0.62,1007,0
1.34,Millets,Black,1,1,0.91,618,0
9.06,Cotton,Loam,0,1,0.47,1419,0
6.18,Wheat,Clay,1,1,0.62,773,1
9.0,Rice,Clay,1,0,0.35,1500,0
1.25,Cotton,Loam,1,1,0.6,574,0
3.36,Sugarcane,Loam,0,0,0.73,1495,0
12.64,Wheat,Sandy,1,0,0.87,1328,0
13.99,Sugarcane,Sandy,1,0,0.6,940,0
8.71,Cotton,Clay,0,1,0.49,473,0
2.39,Wheat,Clay,0,0,0.25,1359,0
5.2,Rice,Black,0,0,0.82,455,0
0.73,Cotton,Black,1,0,0.41,1445,0
4.18,Rice,Loam,0,1,0.75,1479,0
6.12,Sugarcane,Black,1,0,0.9,763,0
9.87,Wheat,Sandy,1,1,0.62,1356,1
8.11,Wheat,Clay,1,1,0.91,454,1
11.8,Wheat,Sandy,1,1,0.66,1286,1
11.74,Maize,Black,1,1,0.91,536,1
5.98,Sugarcane,Clay,1,1,0.65,1212,1
1.4,Sugarcane,Black,0,1,0.32,868,0
3.51,Maize,Sandy,1,0,0.36,1399,0
12.16,Wheat,Clay,0,1,0.39,628,0
10.82,Rice,Black,1,0,0.27,1430,0
1.02,Maize,Clay,1,1,0.72,413,0
3.21,Millets,Loam,1,1,0.37,439,0
3.75,Millets,Black,0,1,0.63,975,0
10.46,Rice,Clay,0,1,0.57,667,0
7.27,Rice,Black,1,0,0.37,466,0
9.0,Wheat,Sandy,1,0,0.35,504,0
5.55,Wheat,Loam,1,0,0.38,1483,0
6.8,Cotton,Clay,1,1,0.44,1012,0
8.46,Sugarcane,Black,0,0,0.68,706,0
2.49,Cotton,Sandy,1,1,0.46,1475,0
6.02,Millets,Black,1,0,0.88,546,0
9.5,Sugarcane,Black,0,1,0.93,798,0
13.52,Wheat,Loam,0,0,0.46,638,0
6.18,Maize,Clay,1,1,0.37,398,0
11.31,Wheat,Clay,0,1,0.43,457,0
1.17,Sugarcane,Sandy,1,0,0.75,1410,0
4.7,Sugarcane,Sandy,1,0,0.45,1366,0
5.19,Maize,Loam,0,0,0.43,1117,0
13.05,Maize,Clay,0,1,0.9,899,0
3.91,Sugarcane,Loam,0,0,0.4,610,0
0.66,Millets,Clay,0,1,0.48,1148,0
10.46,Cotton,Loam,1,0,0.58,1270,0
3.55,Cotton,Sandy,0,0,0.22,569,0
4.5,Wheat,Loam,1,0,0.45,1281,0
11.75,Cotton,Clay,0,0,0.93,418,0
2.64,Sugarcane,Clay,0,1,0.77,556,0
11.95,Millets,Clay,0,1,0.81,1083,0
3.92,Cotton,Loam,1,0,0.48,316,0
5.6,Cotton,Loam,0,0,0.7,1108,0
13.27,Maize,Sandy,0,1,0.77,563,0
11.44,Millets,Sandy,1,0,0.63,1084,0
3.13,Maize,Clay,0,1,0.66,678,0
12.02,Wheat,Clay,1,1,0.26,1327,0
3.53,Wheat,Loam,1,1,0.59,1360,1
8.32,Millets,Loam,1,1,0.69,305,1
12.2,Sugarcane,Black,0,1,0.82,1381,0
8.03,Cotton,Loam,0,0,0.86,1459,0
13.98,Cotton,Black,1,1,0.61,725,1
14.81,Millets,Loam,0,1,0.9,639,0
2.28,Rice,Loam,1,0,0.28,699,0
12.09,Sugarcane,Clay,0,0,0.21,1384,0
1.83,Millets,Black,0,0,0.7,654,0
8.66,Rice,Sandy,1,0,0.55,1049,0
7.73,Maize,Sandy,1,1,0.46,1163,0
14.31,Rice,Sandy,0,1,0.71,1287,0
0.8,Millets,Sandy,0,1,0.77,1270,0
8.6,Maize,Loam,0,0,0.21,1116,0
8.5,Sugarcane,Clay,1,0,0.94,990,0
14.97,Sugarcane,Clay,1,1,0.76,353,1
3.63,Sugarcane,Sandy,1,0,0.88,761,0
2.28,Millets,Clay,1,1,0.44,990,0
4.03,Rice,Clay,1,0,0.92,974,0
7.23,Millets,Clay,0,0,0.66,830,0
14.78,Maize,Sandy,0,1,0.86,919,0
6.71,Cotton,Sandy,0,0,0.65,537,0
4.38,Sugarcane,Black,0,1,0.21,706,0
9.13,Maize,Sandy,1,1,0.64,1449,1
7.75,Cotton,Black,0,0,0.71,485,0
14.46,Wheat,Loam,1,1,0.47,1153,0
13.94,Maize,Clay,1,1,0.9,1123,1
13.8,Wheat,Sandy,0,1,0.67,617,0
5.21,Rice,Sandy,0,0,0.28,997,0
4.72,Cotton,Black,0,1,0.8,472,0
1.03,Rice,Black,0,0,0.76,969,0
2.55,Sugarcane,Clay,0,0,0.58,1297,0
3.92,Rice,Sandy,0,0,0.78,520,0
4.8,Rice,Sandy,1,0,0.72,773,0
8.86,Rice,Black,0,1,0.55,1389,0
13.75,Rice,Clay,1,1,0.56,1026,1
2.8,Maize,Clay,1,0,0.84,1054,0
4.89,Rice,Loam,0,1,0.95,1435,0
8.89,Cotton,Black,1,1,0.3,697,0
0.89,Maize,Clay,0,0,0.34,1340,0
12.28,Sugarcane,Loam,1,0,0.82,811,0
3.88,Wheat,Clay,0,1,0.46,468,0
8.45,Rice,Loam,0,1,0.82,772,0
5.43,Rice,Black,1,0,0.83,1479,0
7.33,Cotton,Sandy,1,1,0.74,983,1
14.81,Cotton,Clay,1,1,0.89,1148,1
12.35,Sugarcane,Black,0,1,0.43,1316,0
12.97,Millets,Black,0,1,0.53,936,0
6.09,Millets,Sandy,1,1,0.44,1020,0
10.62,Wheat,Sandy,0,0,0.26,1249,0
5.67,Rice,Black,1,0,0.47,804,0
7.38,Maize,Clay,0,0,0.64,824,0
5.1,Wheat,Loam,0,0,0.41,617,0
4.28,Cotton,Black,0,1,0.25,1157,0
9.8,Cotton,Loam,1,0,0.68,949,0
1.22,Millets,Loam,1,1,0.7,1482,0
11.84,Sugarcane,Sandy,1,1,0.67,863,1
6.55,Sugarcane,Clay,0,0,0.24,942,0
3.31,Millets,Clay,1,0,0.83,1026,0
0.98,Wheat,Black,0,0,0.45,672,0
4.41,Millets,Sandy,1,1,0.45,956,0
2.07,Wheat,Sandy,0,0,0.33,907,0
7.83,Sugarcane,Black,1,0,0.52,472,0
8.16,Sugarcane,Loam,0,1,0.22,577,0
6.09,Rice,Clay,1,1,0.52,995,1
7.8,Sugarcane,Clay,0,1,0.58,1415,0
14.06,Wheat,Clay,0,0,0.9,698,0
2.87,Maize,Sandy,0,1,0.5,445,0
14.4,Millets,Loam,1,1,0.49,1377,0
3.45,Maize,Sandy,0,1,0.64,486,0
12.93,Sugarcane,Loam,0,1,0.41,391,0
2.41,Rice,Sandy,1,0,0.82,1184,0
13.66,Wheat,Clay,0,1,0.52,824,0
8.75,Wheat,Loam,0,0,0.59,1206,0
9.14,Wheat,Black,0,0,0.44,1367,0
13.55,Rice,Clay,1,1,0.64,1331,1
8.76,Wheat,Sandy,1,0,0.39,1349,0
4.6,Maize,Clay,0,0,0.48,1289,0
12.22,Cotton,Sandy,1,1,0.25,771,0
10.55,Millets,Clay,1,0,0.5,1290,0
7.81,Rice,Loam,1,0,0.7,621,0
12.14,Cotton,Sandy,0,0,0.72,856,0
1.69,Wheat,Clay,0,1,0.46,429,0
9.39,Maize,Sandy,1,1,0.51,700,1
6.4,Millets,Black,0,0,0.47,820,0
13.49,Millets,Sandy,0,0,0.29,1124,0
2.72,Cotton,Sandy,0,0,0.54,1041,0
0.8,Wheat,Clay,1,1,0.79,1097,0
9.67,Millets,Clay,1,1,0.26,500,0
6.22,Wheat,Black,1,1,0.56,1073,1
0.93,Rice,Loam,0,0,0.44,627,0
4.32,Sugarcane,Sandy,0,0,0.56,428,0
13.35,Wheat,Sandy,0,1,0.35,383,0
5.6,Millets,Sandy,0,0,0.89,672,0
0.6,Sugarcane,Sandy,0,1,0.66,1387,0
4.0,Wheat,Black,1,1,0.93,1365,1
2.15,Maize,Black,0,0,0.89,434,0
14.91,Maize,Clay,0,0,0.81,1461,0
2.12,Sugarcane,Sandy,0,0,0.72,892,0
0.94,Rice,Sandy,0,1,0.29,1470,0
11.26,Sugarcane,Clay,0,0,0.91,775,0
4.32,Cotton,Black,1,0,0.44,1340,0
6.22,Millets,Loam,1,0,0.69,451,0
3.8,Rice,Loam,1,1,0.8,996,1
14.8,Maize,Sandy,1,1,0.38,439,0
7.45,Sugarcane,Black,0,0,0.78,364,0
12.69,Sugarcane,Clay,1,0,0.35,1436,0
11.92,Rice,Clay,0,0,0.93,1270,0
3.59,Cotton,Sandy,0,1,0.76,564,0
8.68,Wheat,Clay,0,0,0.7,1352,0
2.16,Wheat,Sandy,1,1,0.92,529,1
12.33,Rice,Loam,1,0,0.38,1212,0
10.95,Wheat,Loam,0,1,0.62,1463,0
6.5,Maize,Clay,0,1,0.82,482,0
3.6,Millets,Clay,1,1,0.23,862,0
12.28,Sugarcane,Clay,0,0,0.45,517,0
2.72,Cotton,Clay,0,1,0.45,1302,0
12.87,Rice,Sandy,1,1,0.3,1321,0
12.99,Sugarcane,Sandy,0,0,0.65,301,0
3.71,Millets,Clay,0,0,0.46,638,0
4.41,Maize,Loam,0,0,0.59,606,0
2.86,Maize,Black,1,1,0.63,808,1
10.29,Sugarcane,Sandy,1,0,0.61,1421,0
6.91,Millets,Loam,0,0,0.36,854,0
10.32,Wheat,Loam,0,0,0.39,1454,0
3.35,Sugarcane,Sandy,0,1,0.22,336,0
8.69,Wheat,Clay,0,1,0.81,322,0
13.67,Sugarcane,Sandy,1,1,0.71,871,1
12.82,Cotton,Sandy,0,1,0.78,808,0
8.94,Millets,Clay,1,1,0.79,1500,1
6.56,Millets,Clay,1,1,0.45,785,0
9.14,Cotton,Clay,1,1,0.44,334,0
13.03,Sugarcane,Black,0,1,0.75,754,0
12.79,Millets,Clay,1,0,0.46,597,0
1.46,Millets,Clay,1,1,0.54,1056,0
4.72,Wheat,Black,1,1,0.83,898,1
14.83,Wheat,Black,1,1,0.75,1383,1
7.23,Cotton,Clay,0,1,0.32,687,0
2.17,Cotton,Black,1,0,0.21,801,0
12.77,Rice,Sandy,0,0,0.28,650,0
6.56,Wheat,Loam,0,1,0.25,575,0
13.61,Rice,Loam,1,1,0.57,1225,1
6.34,Sugarcane,Loam,1,1,0.41,746,0
6.62,Sugarcane,Black,0,1,0.24,1092,0
3.86,Millets,Black,1,0,0.77,1166,0
1.88,Cotton,Sandy,0,1,0.39,746,0
1.16,Sugarcane,Black,0,0,0.21,1126,0
1.22,Maize,Black,1,1,0.9,947,0
13.11,Sugarcane,Sandy,1,0,0.65,601,0
13.55,Maize,Clay,1,1,0.21,1396,0
1.56,Sugarcane,Black,1,0,0.4,741,0
1.0,Millets,Clay,0,1,0.73,1231,0
13.65,Millets,Sandy,0,1,0.45,686,0
9.73,Cotton,Loam,1,1,0.64,779,1
9.42,Rice,Loam,0,0,0.58,630,0
2.08,Sugarcane,Black,1,0,0.88,1445,0
6.62,Rice,Loam,0,1,0.24,783,0
14.09,Sugarcane,Black,0,1,0.6,660,0
1.29,Rice,Sandy,0,0,0.67,1006,0
12.02,Rice,Clay,0,1,0.71,718,0
2.83,Rice,Clay,1,0,0.38,1368,0
7.68,Wheat,Loam,0,0,0.94,656,0
6.98,Sugarcane,Loam,1,0,0.93,385,0
13.28,Wheat,Black,1,0,0.72,772,0
9.49,Sugarcane,Black,0,0,0.61,1314,0
9.31,Millets,Sandy,1,0,0.83,1117,0
10.93,Maize,Clay,1,1,0.83,1007,1
11.16,Rice,Loam,1,1,0.65,942,1
8.8,Cotton,Clay,1,1,0.71,1251,1
2.11,Maize,Sandy,1,0,0.37,968,0
4.37,Rice,Black,1,1,0.91,1159,1
8.45,Maize,Sandy,0,0,0.54,1322,0
13.01,Wheat,Clay,1,1,0.38,332,0
7.07,Cotton,Black,0,0,0.66,984,0
9.79,Rice,Loam,0,1,0.84,553,0
11.59,Rice,Loam,1,0,0.78,476,0
13.87,Sugarcane,Clay,0,0,0.89,1404,0
3.1,Sugarcane,Clay,0,1,0.51,897,0
10.49,Maize,Clay,1,1,0.41,901,0
2.85,Maize,Sandy,0,1,0.25,1367,0
11.66,Cotton,Sandy,0,1,0.38,1187,0
1.88,Sugarcane,Clay,0,0,0.21,981,0
12.41,Rice,Clay,1,1,0.37,408,0
1.03,Rice,Black,0,1,0.64,323,0
14.4,Maize,Clay,1,1,0.93,713,1
12.56,Sugarcane,Sandy,1,1,0.6,740,1
9.9,Cotton,Black,1,0,0.45,810,0
5.52,Sugarcane,Sandy,1,0,0.7,308,0
3.29,Sugarcane,Sandy,1,0,0.76,1099,0
5.48,Cotton,Loam,1,1,0.77,1232,1
8.45,Cotton,Loam,1,1,0.91,603,1
6.18,Maize,Sandy,0,1,0.92,1438,0
9.82,Maize,Clay,0,1,0.32,1147,0
3.84,Wheat,Clay,1,1,0.85,1409,1
5.55,Maize,Clay,1,0,0.95,876,0
5.6,Rice,Clay,1,0,0.52,1324,0
10.46,Wheat,Black,1,0,0.77,1010,0
10.71,Cotton,Clay,1,0,0.38,753,0
7.42,Millets,Sandy,1,1,0.31,1121,0
5.74,Rice,Sandy,0,0,0.57,783,0
10.54,Sugarcane,Black,0,0,0.36,929,0
12.35,Rice,Sandy,0,1,0.8,522,0
2.1,Cotton,Loam,0,1,0.94,704,0
14.75,Millets,Black,0,0,0.71,463,0
1.7,Sugarcane,Clay,0,0,0.73,602,0
6.23,Cotton,Black,0,0,0.3,1474,0
9.64,Rice,Clay,1,0,0.92,318,0
13.26,Sugarcane,Sandy,0,1,0.79,841,0
6.26,Rice,Black,0,0,0.26,1157,0
7.36,Wheat,Sandy,0,0,0.67,1195,0
12.94,Cotton,Sandy,1,0,0.62,810,0
0.85,Sugarcane,Loam,1,0,0.59,988,0
7.13,Maize,Clay,1,1,0.63,1367,1
8.3,Cotton,Black,0,0,0.67,1020,0
5.51,Wheat,Clay,0,1,0.52,1368,0
14.71,Rice,Loam,1,1,0.72,1212,1
1.11,Maize,Loam,1,1,0.52,426,0
5.17,Cotton,Clay,1,0,0.62,780,0
4.15,Cotton,Sandy,0,0,0.43,1267,0
7.93,Sugarcane,Clay,0,0,0.24,971,0
13.0,Rice,Clay,0,1,0.5,1282,0
3.65,Cotton,Sandy,1,0,0.6,779,0
14.23,Rice,Loam,1,0,0.91,971,0
7.18,Millets,Sandy,1,1,0.84,1470,1
10.92,Rice,Loam,0,1,0.26,670,0
1.13,Rice,Clay,0,1,0.92,481,0
10.12,Millets,Loam,1,1,0.44,561,0
10.83,Cotton,Sandy,1,1,0.57,1184,1
6.72,Millets,Loam,0,0,0.77,1174,0
9.11,Sugarcane,Black,0,1,0.55,1357,0
14.54,Wheat,Clay,1,1,0.27,609,0
4.69,Rice,Loam,1,1,0.31,1468,0
4.91,Sugarcane,Clay,0,1,0.75,612,0
10.64,Cotton,Black,1,1,0.38,828,0
8.31,Maize,Loam,1,1,0.44,464,0
4.55,Sugarcane,Sandy,1,0,0.39,1418,0
14.91,Wheat,Clay,0,0,0.76,485,0
13.27,Cotton,Loam,0,0,0.74,616,0
4.77,Maize,Loam,1,1,0.54,928,1
8.3,Millets,Sandy,1,1,0.33,310,0
4.66,Sugarcane,Sandy,0,1,0.4,1365,0
3.27,Rice,Black,1,0,0.8,803,0
5.22,Maize,Sandy,1,0,0.75,824,0
3.48,Millets,Loam,0,1,0.9,1439,0
9.73,Maize,Sandy,1,0,0.73,1256,0
14.51,Cotton,Clay,1,1,0.49,1318,0
4.31,Rice,Loam,0,0,0.94,747,0
7.29,Millets,Black,1,0,0.62,1455,0
9.79,Cotton,Clay,1,1,0.67,1303,1
9.47,Cotton,Black,1,0,0.67,1382,0
9.88,Sugarcane,Clay,1,1,0.65,892,1
14.27,Cotton,Clay,1,1,0.22,676,0
7.02,Maize,Loam,1,0,0.48,547,0
6.95,Millets,Sandy,1,1,0.6,358,1
8.99,Maize,Clay,1,0,0.9,1301,0
11.68,Cotton,Loam,1,0,0.55,1209,0
11.24,Wheat,Clay,0,1,0.35,1462,0
3.75,Maize,Black,0,0,0.57,347,0
2.63,Wheat,Black,1,0,0.81,858,0
4.35,Sugarcane,Black,0,1,0.95,689,0
6.01,Sugarcane,Clay,0,0,0.42,315,0
5.12,Maize,Sandy,0,0,0.24,1001,0
9.31,Rice,Clay,0,0,0.49,1354,0
5.68,Wheat,Black,1,1,0.44,717,0
7.93,Wheat,Black,1,0,0.71,707,0
6.5,Maize,Clay,1,0,0.56,1374,0
1.8,Sugarcane,Clay,1,0,0.66,983,0
3.21,Wheat,Clay,1,1,0.68,713,1
10.15,Sugarcane,Clay,1,0,0.78,955,0
1.45,Maize,Black,0,0,0.59,648,0
3.65,Rice,Black,1,1,0.57,898,1
11.8,Wheat,Black,0,0,0.22,1146,0
11.17,Rice,Black,0,0,0.37,838,0
14.65,Rice,Clay,0,1,0.74,996,0
11.34,Sugarcane,Sandy,1,0,0.6,543,0
9.13,Maize,Black,0,0,0.82,774,0
1.68,Rice,Clay,0,0,0.71,1415,0
10.5,Sugarcane,Black,0,0,0.38,1468,0
2.91,Rice,Clay,0,1,0.39,650,0
13.03,Maize,Loam,0,1,0.94,695,0
5.92,Maize,Sandy,1,1,0.93,376,1
13.23,Sugarcane,Clay,0,1,0.45,1072,0
11.14,Sugarcane,Black,0,1,0.73,1295,0
12.17,Wheat,Loam,1,1,0.75,1268,1
9.26,Cotton,Sandy,1,1,0.93,1193,1
9.09,Millets,Black,0,1,0.29,1300,0
2.66,Sugarcane,Sandy,0,1,0.65,1475,0
5.96,Sugarcane,Sandy,1,0,0.89,648,0
4.37,Rice,Sandy,0,0,0.48,904,0
7.83,Sugarcane,Black,1,1,0.8,454,1
8.86,Maize,Clay,0,0,0.86,810,0
14.54,Sugarcane,Sandy,0,0,0.21,776,0
9.32,Wheat,Black,1,1,0.26,1397,0
6.64,Rice,Loam,0,0,0.58,1213,0
8.29,Cotton,Loam,0,0,0.84,1237,0
5.49,Maize,Sandy,0,1,0.5,759,0
3.11,Rice,Clay,0,0,0.53,1042,0
0.82,Wheat,Sandy,0,1,0.44,1145,0
9.88,Sugarcane,Clay,0,0,0.26,982,0
9.11,Maize,Clay,1,0,0.25,810,0
7.46,Sugarcane,Clay,1,1,0.72,1092,1
10.56,Wheat,Sandy,0,1,0.44,982,0
9.44,Maize,Clay,0,0,0.28,879,0
4.74,Maize,Sandy,1,1,0.53,707,1
0.76,Maize,Black,1,0,0.93,1143,0
14.55,Wheat,Black,1,1,0.31,1029,0
2.59,Sugarcane,Loam,1,1,0.53,388,1
1.21,Cotton,Black,1,1,0.85,715,0
7.73,Rice,Sandy,0,0,0.9,1474,0
2.88,Maize,Black,1,1,0.9,316,1
4.68,Maize,Sandy,0,1,0.67,378,0
8.5,Wheat,Loam,0,1,0.88,1126,0
2.6,Rice,Sandy,1,1,0.34,865,0
13.03,Millets,Loam,1,0,0.83,1132,0
11.55,Rice,Black,1,0,0.64,916,0
11.57,Wheat,Black,1,1,0.58,550,1
9.11,Rice,Black,1,1,0.77,1150,1
14.36,Wheat,Loam,0,0,0.61,583,0
8.16,Wheat,Clay,0,0,0.26,542,0
9.22,Sugarcane,Loam,1,0,0.29,644,0
9.01,Cotton,Loam,0,0,0.43,1031,0
1.98,Maize,Sandy,0,1,0.82,1280,0
10.04,Sugarcane,Sandy,0,1,0.91,1174,0
11.56,Sugarcane,Clay,0,0,0.52,913,0
6.94,Millets,Loam,1,0,0.51,1380,0
11.63,Wheat,Loam,1,1,0.62,974,1
2.2,Rice,Loam,1,1,0.91,1367,1
9.94,Sugarcane,Sandy,1,0,0.69,742,0
7.57,Millets,Loam,0,0,0.86,837,0
13.09,Wheat,Sandy,1,1,0.82,1296,1
2.75,Rice,Sandy,0,1,0.5,399,0
1.8,Wheat,Clay,1,1,0.29,630,0
7.92,Sugarcane,Clay,0,0,0.28,1470,0
8.02,Cotton,Sandy,0,0,0.29,1035,0
5.62,Cotton,Sandy,0,0,0.38,419,0
14.55,Sugarcane,Sandy,0,1,0.52,930,0
5.4,Wheat,Clay,1,0,0.48,356,0
4.55,Cotton,Sandy,0,1,0.5,586,0
10.55,Wheat,Black,0,1,0.28,489,0
14.72,Wheat,Loam,1,0,0.49,623,0
14.22,Rice,Sandy,0,0,0.95,1011,0
10.24,Maize,Black,0,0,0.53,1297,0
2.88,Cotton,Black,0,1,0.29,836,0
13.92,Maize,Black,1,1,0.59,414,1
5.03,Rice,Sandy,1,1,0.47,780,0
11.78,Wheat,Loam,0,0,0.47,1338,0
8.12,Millets,Sandy,0,1,0.45,776,0
7.66,Sugarcane,Black,0,0,0.7,1167,0
8.3,Millets,Loam,1,1,0.57,449,1
4.38,Maize,Loam,0,1,0.59,313,0
5.03,Millets,Loam,1,0,0.48,488,0
13.1,Millets,Clay,1,0,0.69,832,0
6.09,Millets,Black,0,1,0.38,1240,0
3.94,Wheat,Black,0,0,0.65,949,0
10.29,Millets,Black,1,1,0.33,1227,0
14.03,Rice,Black,0,1,0.83,552,0
2.56,Cotton,Loam,1,1,0.93,808,1
11.6,Cotton,Clay,0,0,0.81,367,0
10.99,Sugarcane,Loam,0,1,0.68,347,0
14.79,Millets,Clay,0,1,0.82,552,0
7.6,Wheat,Black,1,0,0.66,1270,0
4.89,Rice,Sandy,1,1,0.56,531,1
4.83,Cotton,Sandy,0,0,0.36,1290,0
6.76,Wheat,Loam,0,1,0.28,1443,0
3.83,Sugarcane,Loam,1,1,0.58,1029,1
12.97,Wheat,Sandy,0,1,0.23,975,0
14.43,Wheat,Black,1,1,0.8,1348,1
8.5,Maize,Loam,0,0,0.44,504,0
5.6,Rice,Sandy,1,1,0.76,1283,1
8.05,Maize,Clay,0,0,0.5,1057,0
7.31,Millets,Black,1,0,0.77,1395,0
14.61,Wheat,Clay,0,0,0.47,805,0
2.34,Wheat,Clay,1,1,0.41,768,0
10.25,Maize,Sandy,1,0,0.84,484,0
4.5,Cotton,Sandy,0,1,0.22,1162,0
13.54,Rice,Clay,1,0,0.61,918,0
0.91,Millets,Clay,1,1,0.58,470,0
12.11,Sugarcane,Sandy,1,0,0.53,1192,0
9.39,Maize,Clay,1,0,0.92,948,0
12.42,Wheat,Sandy,1,0,0.33,708,0
7.76,Millets,Clay,0,1,0.59,710,0
8.53,Sugarcane,Sandy,0,1,0.45,1435,0
3.2,Wheat,Sandy,1,1,0.59,379,1
11.1,Millets,Loam,1,0,0.35,589,0
0.76,Maize,Clay,0,0,0.64,1154,0
14.04,Wheat,Black,1,1,0.68,629,1
7.59,Wheat,Loam,1,1,0.51,683,1
7.41,Rice,Loam,1,1,0.5,1124,1
8.75,Wheat,Black,1,0,0.4,945,0
5.08,Wheat,Black,1,1,0.76,1096,1
2.29,Wheat,Black,1,0,0.78,1025,0
12.94,Rice,Loam,1,1,0.27,336,0
12.41,Sugarcane,Sandy,0,0,0.34,1039,0
4.24,Rice,Sandy,1,1,0.64,470,1
8.79,Rice,Black,0,0,0.76,800,0
3.86,Maize,Clay,0,1,0.92,384,0
4.94,Sugarcane,Sandy,1,0,0.9,593,0
3.17,Maize,Clay,1,1,0.39,1308,0
5.41,Cotton,Clay,0,1,0.25,1072,0
6.01,Sugarcane,Sandy,0,0,0.77,538,0
4.29,Wheat,Loam,1,0,0.64,1251,0
3.32,Sugarcane,Black,1,1,0.21,605,0
8.3,Maize,Loam,0,1,0.39,462,0
7.27,Millets,Loam,0,0,0.47,600,0
14.27,Rice,Loam,1,0,0.77,1167,0
3.76,Wheat,Sandy,1,0,0.73,1102,0
4.66,Cotton,Sandy,1,0,0.7,1431,0
14.95,Rice,Clay,0,1,0.63,518,0
4.77,Wheat,Loam,0,0,0.88,825,0
8.78,Rice,Loam,0,0,0.35,1203,0
3.65,Cotton,Clay,1,1,0.25,422,0
1.27,Maize,Loam,0,0,0.26,906,0
3.67,Cotton,Black,1,0,0.47,550,0
4.51,Sugarcane,Loam,1,0,0.64,1213,0
8.26,Maize,Sandy,0,0,0.38,496,0
1.2,Wheat,Clay,1,0,0.77,1429,0
10.44,Maize,Loam,0,0,0.89,482,0
8.0,Maize,Black,0,0,0.42,1193,0
8.21,Cotton,Sandy,0,0,0.62,1380,0
8.5,Rice,Sandy,0,1,0.32,347,0
4.5,Cotton,Clay,0,0,0.63,557,0
6.58,Sugarcane,Clay,0,1,0.91,1411,0
5.28,Wheat,Loam,1,0,0.64,813,0
8.84,Cotton,Loam,1,1,0.21,481,0
6.94,Sugarcane,Sandy,0,1,0.38,920,0
9.78,Sugarcane,Loam,1,1,0.91,1332,1
14.88,Rice,Clay,1,1,0.87,1185,1
5.64,Millets,Sandy,1,1,0.35,581,0
8.2,Millets,Sandy,1,0,0.78,692,0
4.89,Rice,Sandy,1,0,0.57,766,0
2.74,Cotton,Clay,0,1,0.49,858,0
4.43,Maize,Black,0,0,0.91,1110,0
4.01,Rice,Sandy,1,0,0.3,482,0
11.27,Maize,Sandy,1,0,0.54,1359,0
3.17,Wheat,Clay,1,0,0.53,1289,0
11.64,Cotton,Loam,1,0,0.62,1486,0
10.62,Rice,Black,0,1,0.48,1323,0
5.99,Rice,Sandy,1,0,0.95,627,0
11.76,Sugarcane,Clay,1,1,0.32,1004,0
5.71,Rice,Sandy,0,1,0.5,838,0
12.81,Rice,Clay,1,0,0.35,679,0
3.38,Cotton,Clay,1,0,0.91,1435,0
10.48,Maize,Black,1,1,0.26,1314,0
14.86,Rice,Clay,1,1,0.87,1112,1
1.03,Wheat,Loam,0,1,0.47,342,0
14.94,Millets,Black,0,0,0.93,1433,0
14.81,Rice,Sandy,0,0,0.85,450,0
14.37,Millets,Sandy,0,0,0.31,946,0
11.09,Cotton,Loam,1,0,0.22,1335,0
12.16,Sugarcane,Clay,1,1,0.48,1102,0
7.04,Millets,Clay,0,1,0.68,782,0
11.35,Sugarcane,Sandy,0,0,0.6,694,0
10.16,Wheat,Clay,1,1,0.2,814,0
11.5,Wheat,Clay,1,0,0.84,1468,0
14.79,Maize,Sandy,1,0,0.29,1088,0
6.99,Millets,Sandy,0,1,0.38,503,0
1.89,Rice,Black,1,1,0.22,1186,0
9.18,Rice,Loam,1,1,0.7,927,1
13.62,Rice,Clay,0,0,0.86,412,0
6.72,Millets,Clay,1,1,0.23,1239,0
5.13,Wheat,Loam,1,0,0.89,593,0
5.12,Millets,Black,1,0,0.53,550,0
7.08,Maize,Loam,0,0,0.51,1330,0
2.44,Millets,Clay,1,0,0.7,1152,0
10.4,Millets,Loam,1,1,0.65,424,1
12.52,Cotton,Clay,1,0,0.82,1067,0
12.2,Wheat,Loam,1,0,0.4,466,0
12.28,Rice,Clay,0,1,0.59,1283,0
2.02,Cotton,Clay,0,0,0.57,424,0
12.86,Sugarcane,Loam,1,1,0.45,1031,0
3.65,Cotton,Sandy,0,0,0.56,1292,0
7.66,Rice,Black,0,0,0.5,1400,0
6.19,Rice,Black,1,1,0.28,496,0
9.8,Maize,Clay,0,0,0.76,404,0
2.03,Maize,Clay,0,1,0.36,396,0
12.69,Rice,Sandy,0,1,0.33,1308,0
5.93,Wheat,Black,1,0,0.6,573,0
4.1,Maize,Loam,0,0,0.61,1452,0
2.04,Maize,Loam,1,1,0.83,1029,1
6.18,Millets,Loam,1,0,0.48,910,0
10.27,Millets,Loam,0,0,0.94,330,0
13.07,Millets,Sandy,0,1,0.44,762,0
6.49,Maize,Black,0,1,0.62,586,0
1.09,Rice,Black,1,1,0.68,651,0
13.43,Cotton,Clay,1,0,0.23,851,0
13.67,Wheat,Clay,1,1,0.84,616,1
2.29,Wheat,Loam,0,0,0.46,760,0
13.02,Cotton,Sandy,0,0,0.53,1130,0
1.36,Wheat,Clay,1,0,0.47,1036,0
7.0,Sugarcane,Loam,0,1,0.49,1285,0
6.85,Cotton,Clay,1,0,0.37,1318,0
13.72,Maize,Loam,1,0,0.82,474,0
8.74,Wheat,Black,1,1,0.43,1286,0
8.98,Sugarcane,Sandy,0,1,0.32,404,0
3.85,Wheat,Loam,0,1,0.44,1264,0
9.86,Cotton,Clay,1,0,0.75,339,0
7.97,Millets,Clay,0,1,0.43,1244,0
1.47,Wheat,Clay,0,1,0.47,1286,0
6.13,Cotton,Loam,0,0,0.92,1061,0
4.0,Rice,Clay,0,0,0.54,1451,0
12.3,Maize,Sandy,0,1,0.56,478,0
4.14,Wheat,Loam,0,0,0.6,1376,0
9.4,Cotton,Loam,1,1,0.9,538,1
10.12,Rice,Loam,0,0,0.58,1199,0
5.93,Sugarcane,Sandy,1,1,0.52,574,1
8.18,Cotton,Sandy,1,0,0.3,1106,0
6.4,Cotton,Clay,0,1,0.8,866,0
7.03,Cotton,Clay,1,1,0.58,392,1
3.38,Sugarcane,Loam,1,1,0.33,965,0
4.11,Sugarcane,Black,0,1,0.66,772,0
14.56,Wheat,Sandy,0,1,0.47,1282,0
7.49,Sugarcane,Clay,0,0,0.66,1044,0
3.08,Millets,Black,1,1,0.83,606,1
10.91,Cotton,Sandy,1,1,0.75,1119,1
6.99,Rice,Clay,1,1,0.85,981,1
5.95,Rice,Loam,0,0,0.91,1341,0
13.27,Wheat,Sandy,1,1,0.56,923,1
4.72,Sugarcane,Clay,0,0,0.83,1476,0
12.56,Maize,Black,1,1,0.26,345,0
9.07,Maize,Black,0,1,0.9,1367,0
15.0,Maize,Sandy,1,0,0.58,839,0
8.71,Maize,Loam,0,0,0.23,1201,0
2.4,Maize,Loam,0,0,0.39,664,0
9.86,Maize,Black,0,1,0.34,1117,0
8.26,Maize,Sandy,1,0,0.76,971,0
14.47,Wheat,Clay,0,1,0.68,1244,0
13.86,Sugarcane,Black,0,0,0.55,742,0
1.01,Rice,Loam,1,0,0.66,578,0
7.13,Sugarcane,Sandy,1,1,0.5,511,1
4.13,Sugarcane,Black,1,1,0.4,597,0
3.92,Rice,Sandy,0,1,0.59,700,0
9.2,Millets,Black,1,1,0.3,623,0
13.01,Maize,Loam,0,1,0.28,353,0
6.65,Maize,Sandy,0,1,0.84,1161,0
12.22,Maize,Loam,1,1,0.65,472,1
8.37,Maize,Black,0,1,0.73,463,0
6.86,Wheat,Clay,1,1,0.79,963,1
1.66,Rice,Loam,0,0,0.24,415,0
11.99,Sugarcane,Clay,1,0,0.29,1167,0
9.08,Wheat,Clay,1,0,0.81,822,0
7.13,Millets,Loam,0,1,0.5,986,0
12.85,Maize,Black,0,0,0.69,319,0
13.38,Sugarcane,Black,0,0,0.44,1064,0
10.31,Maize,Clay,1,0,0.25,897,0
3.49,Maize,Black,1,1,0.89,1234,1
11.89,Rice,Sandy,1,1,0.24,1163,0
4.46,Wheat,Sandy,1,0,0.55,637,0
0.6,Cotton,Black,0,1,0.48,991,0
10.05,Rice,Sandy,1,1,0.47,1278,0
1.5,Wheat,Loam,1,0,0.2,409,0
3.08,Millets,Black,0,1,0.86,704,0
10.14,Wheat,Black,0,1,0.31,590,0
13.04,Cotton,Black,0,1,0.76,801,0
12.18,Sugarcane,Black,1,1,0.86,916,1
13.11,Maize,Sandy,0,1,0.46,643,0
2.56,Sugarcane,Clay,0,1,0.86,451,0
12.03,Sugarcane,Loam,1,0,0.38,625,0
1.25,Cotton,Clay,0,0,0.27,939,0
4.71,Millets,Loam,0,1,0.89,586,0
3.98,Maize,Sandy,0,1,0.49,672,0
13.06,Cotton,Sandy,0,0,0.56,556,0
11.94,Wheat,Clay,1,0,0.61,788,0
2.37,Cotton,Clay,1,1,0.71,331,1
1.37,Maize,Sandy,0,1,0.22,413,0
12.89,Rice,Clay,0,1,0.72,558,0
8.64,Wheat,Sandy,0,0,0.57,509,0
6.62,Sugarcane,Black,1,0,0.26,978,0
6.57,Millets,Sandy,0,0,0.41,388,0
5.39,Millets,Sandy,0,1,0.37,1307,0
0.77,Sugarcane,Sandy,0,1,0.87,532,0
8.5,Wheat,Loam,0,1,0.39,621,0
10.64,Wheat,Sandy,0,1,0.3,629,0
12.59,Millets,Loam,1,1,0.74,981,1
10.55,Cotton,Black,1,0,0.87,458,0
10.05,Millets,Clay,0,0,0.91,925,0
4.74,Millets,Clay,1,1,0.35,547,0
11.51,Cotton,Loam,1,1,0.71,712,1
6.25,Millets,Loam,1,0,0.83,695,0
3.96,Cotton,Sandy,0,1,0.75,396,0
12.04,Millets,Loam,1,1,0.6,1211,1
5.28,Rice,Clay,1,0,0.72,1375,0
0.85,Cotton,Black,0,1,0.53,1200,0
3.88,Millets,Clay,1,0,0.7,1406,0
2.38,Cotton,Loam,0,1,0.58,608,0
7.59,Millets,Loam,0,0,0.25,476,0
10.17,Wheat,Sandy,1,0,0.94,809,0
6.55,Maize,Sandy,0,1,0.37,1334,0
9.61,Millets,Black,0,0,0.92,1065,0
1.65,Rice,Loam,0,0,0.73,1487,0
3.99,Sugarcane,Clay,0,0,0.91,308,0
8.53,Maize,Clay,1,0,0.64,1276,0
0.84,Millets,Sandy,1,1,0.28,427,0
0.68,Maize,Loam,0,1,0.29,1353,0
3.48,Millets,Black,0,1,0.93,1315,0
13.41,Wheat,Sandy,1,1,0.56,1336,1
10.14,Rice,Loam,0,1,0.76,346,0
7.8,Maize,Clay,1,0,0.49,759,0
13.92,Cotton,Clay,0,1,0.88,353,0
8.12,Cotton,Clay,0,1,0.86,1374,0
4.48,Cotton,Loam,1,0,0.77,667,0
7.33,Cotton,Clay,1,1,0.53,694,1
9.62,Wheat,Clay,0,1,0.33,1146,0
7.61,Cotton,Black,0,0,0.63,999,0
5.37,Rice,Loam,0,1,0.67,556,0
5.01,Maize,Clay,0,1,0.85,615,0
3.2,Maize,Sandy,1,1,0.64,1110,1
7.75,Cotton,Loam,1,1,0.73,1406,1
4.38,Sugarcane,Black,0,1,0.66,740,0
7.39,Wheat,Sandy,0,0,0.22,326,0
14.48,Sugarcane,Sandy,1,0,0.6,490,0
7.95,Rice,Loam,1,0,0.22,1443,0
6.98,Sugarcane,Clay,0,0,0.43,709,0
6.23,Wheat,Sandy,1,1,0.5,1095,1
1.69,Cotton,Sandy,1,0,0.56,1494,0
5.36,Rice,Loam,0,0,0.34,712,0
4.85,Millets,Loam,0,1,0.54,487,0
12.16,Cotton,Clay,1,0,0.9,1116,0
13.31,Maize,Black,0,0,0.91,1487,0
10.44,Rice,Sandy,1,0,0.21,791,0
0.82,Millets,Clay,0,1,0.76,1029,0
8.7,Rice,Sandy,0,0,0.48,1478,0
12.11,Cotton,Black,0,1,0.62,1488,0
6.75,Rice,Sandy,0,1,0.89,1158,0
5.25,Cotton,Sandy,0,0,0.86,1153,0
2.3,Maize,Clay,1,1,0.35,522,0
9.06,Millets,Black,1,1,0.21,595,0
10.89,Maize,Clay,0,1,0.21,1367,0
9.71,Rice,Loam,0,1,0.69,1037,0
6.29,Wheat,Black,0,1,0.81,1193,0
13.93,Sugarcane,Loam,0,1,0.8,1269,0
2.65,Wheat,Loam,1,0,0.29,1155,0
11.21,Millets,Loam,1,1,0.7,1427,1
1.42,Maize,Loam,0,0,0.82,974,0
1.45,Maize,Sandy,0,0,0.75,1377,0
7.07,Rice,Loam,0,0,0.3,909,0
12.07,Rice,Black,1,0,0.66,787,0
1.17,Sugarcane,Sandy,0,1,0.31,787,0
8.7,Millets,Sandy,0,1,0.86,855,0
14.87,Wheat,Loam,1,1,0.77,555,1
10.14,Rice,Clay,1,1,0.88,1282,1
6.55,Rice,Loam,0,0,0.94,1293,0
3.82,Millets,Clay,1,0,0.86,1170,0
7.86,Rice,Loam,0,0,0.88,823,0
4.45,Sugarcane,Loam,1,0,0.64,1235,0
2.21,Wheat,Loam,1,0,0.8,329,0
12.97,Millets,Sandy,1,0,0.92,899,0
13.22,Wheat,Clay,0,0,0.85,360,0
4.36,Millets,Black,1,0,0.75,1239,0
14.1,Wheat,Black,1,1,0.3,874,0
6.98,Cotton,Sandy,1,0,0.48,1167,0
12.64,Cotton,Clay,1,1,0.27,725,0
8.05,Millets,Clay,1,0,0.71,652,0
10.83,Rice,Loam,0,1,0.23,1182,0
4.54,Cotton,Clay,0,1,0.9,1159,0
5.11,Wheat,Black,1,0,0.22,1099,0
7.0,Rice,Loam,0,0,0.46,1187,0
8.46,Maize,Clay,0,1,0.82,1340,0
6.92,Cotton,Loam,0,0,0.7,863,0
7.87,Cotton,Loam,1,0,0.73,498,0
6.0,Wheat,Black,1,0,0.22,611,0
9.03,Sugarcane,Black,1,1,0.32,942,0
2.99,Wheat,Loam,1,1,0.87,402,1
2.25,Sugarcane,Clay,1,0,0.6,963,0
13.14,Wheat,Loam,0,1,0.69,1490,0
11.83,Maize,Loam,1,1,0.59,917,1
0.69,Wheat,Black,0,1,0.39,1176,0
3.05,Cotton,Loam,1,1,0.73,1289,1
1.24,Cotton,Black,0,1,0.53,418,0
13.67,Cotton,Black,1,0,0.23,697,0
8.25,Cotton,Loam,1,0,0.41,591,0
14.44,Sugarcane,Sandy,1,0,0.72,434,0
8.99,Maize,Loam,1,1,0.5,1453,1
4.97,Maize,Loam,0,1,0.27,857,0
4.53,Wheat,Clay,1,1,0.58,955,1
1.69,Maize,Loam,0,0,0.9,703,0
12.2,Rice,Loam,0,1,0.88,1287,0
7.92,Millets,Black,0,0,0.89,755,0
8.6,Cotton,Black,0,1,0.25,357,0
3.15,Maize,Loam,1,1,0.6,380,1
9.2,Wheat,Black,0,1,0.92,814,0
2.58,Maize,Sandy,0,1,0.65,956,0
14.02,Millets,Sandy,0,0,0.72,384,0
3.08,Cotton,Clay,0,1,0.44,1301,0
14.26,Cotton,Loam,0,0,0.6,970,0
6.06,Millets,Clay,0,1,0.3,616,0
1.02,Wheat,Sandy,0,0,0.42,1087,0
5.47,Cotton,Loam,1,0,0.66,1006,0
6.71,Wheat,Sandy,1,1,0.62,1164,1
1.9,Millets,Black,0,1,0.46,351,0
7.35,Maize,Sandy,1,1,0.94,324,1
1.26,Cotton,Black,0,0,0.54,399,0
2.93,Cotton,Clay,1,1,0.53,386,1
3.59,Cotton,Clay,1,0,0.31,1225,0
6.03,Cotton,Sandy,1,1,0.35,1440,0
3.22,Sugarcane,Clay,0,1,0.28,1145,0
9.45,Maize,Loam,1,1,0.4,805,0
9.34,Maize,Sandy,0,1,0.21,890,0
4.37,Sugarcane,Sandy,0,0,0.58,683,0
11.11,Sugarcane,Loam,0,0,0.4,1296,0
2.96,Rice,Clay,1,1,0.95,607,1
3.31,Wheat,Clay,1,1,0.49,681,0
7.09,Maize,Loam,1,1,0.7,1358,1
8.81,Wheat,Clay,1,0,0.59,1440,0
12.18,Millets,Sandy,0,1,0.64,321,0
6.58,Wheat,Clay,1,1,0.54,766,1
11.56,Sugarcane,Sandy,0,0,0.22,838,0
10.14,Maize,Black,0,1,0.49,1235,0
6.81,Cotton,Clay,0,0,0.69,1144,0
7.57,Sugarcane,Black,1,0,0.33,1256,0
5.25,Millets,Sandy,1,1,0.62,1131,1
8.36,Wheat,Sandy,0,1,0.75,1111,0
6.77,Maize,Black,1,1,0.71,571,1
2.54,Rice,Black,0,0,0.26,833,0
12.92,Rice,Black,0,0,0.22,773,0
14.78,Rice,Clay,1,1,0.42,544,0
3.94,Millets,Black,1,1,0.78,615,1
9.96,Millets,Sandy,0,0,0.76,1038,0
7.54,Maize,Sandy,0,0,0.84,1236,0
3.39,Cotton,Black,0,1,0.83,1486,0
8.74,Rice,Black,1,0,0.51,422,0
5.37,Wheat,Black,1,0,0.9,524,0
5.68,Maize,Clay,1,0,0.37,1270,0
3.73,Wheat,Loam,0,0,0.65,709,0
8.54,Wheat,Sandy,0,1,0.39,1330,0
13.76,Cotton,Black,0,0,0.93,383,0
3.85,Millets,Clay,0,0,0.56,551,0
11.64,Millets,Clay,1,0,0.67,662,0
13.18,Millets,Black,0,1,0.83,1154,0
6.54,Wheat,Sandy,0,1,0.86,1186,0
7.78,Maize,Black,0,0,0.35,1021,0
11.04,Rice,Clay,0,0,0.78,1035,0
4.7,Millets,Loam,1,0,0.65,1206,0
4.12,Millets,Clay,1,0,0.4,1231,0
1.25,Cotton,Sandy,0,0,0.41,837,0
13.67,Maize,Clay,0,0,0.85,539,0
6.58,Wheat,Clay,0,0,0.78,785,0
7.03,Millets,Black,0,1,0.71,770,0
8.07,Millets,Clay,0,0,0.5,976,0
0.73,Rice,Loam,0,1,0.74,901,0
14.59,Millets,Clay,1,0,0.44,1327,0
9.98,Sugarcane,Black,1,0,0.31,818,0
5.76,Cotton,Clay,0,1,0.54,634,0
11.8,Maize,Sandy,0,1,0.27,1376,0
8.98,Maize,Clay,1,0,0.71,720,0
3.76,Rice,Black,0,0,0.22,1447,0
1.02,Maize,Clay,1,0,0.38,919,0
4.35,Cotton,Black,1,0,0.68,587,0
10.11,Rice,Loam,1,1,0.89,1221,1
2.51,Maize,Black,0,1,0.81,1092,0
3.48,Millets,Black,1,0,0.65,994,0
5.69,Cotton,Sandy,0,1,0.62,1128,0
2.38,Millets,Loam,1,0,0.55,1025,0
6.78,Rice,Loam,0,0,0.34,1147,0
8.07,Rice,Black,0,0,0.57,497,0
3.27,Rice,Loam,1,1,0.5,1402,1
4.41,Maize,Loam,0,1,0.57,820,0
11.95,Maize,Sandy,1,0,0.25,689,0
11.92,Wheat,Sandy,1,1,0.91,1034,1
4.93,Maize,Clay,0,0,0.62,1297,0
11.05,Rice,Black,0,0,0.37,332,0
5.14,Sugarcane,Loam,0,1,0.81,957,0
12.6,Millets,Black,0,0,0.76,1345,0
4.22,Rice,Clay,1,0,0.4,1191,0
3.57,Maize,Loam,1,1,0.44,576,0
1.51,Rice,Black,1,0,0.55,1232,0
4.64,Maize,Loam,0,0,0.62,921,0
3.63,Millets,Loam,1,0,0.52,961,0
13.17,Maize,Loam,0,1,0.6,806,0
14.6,Rice,Sandy,1,1,0.49,639,0
0.74,Rice,Black,0,0,0.77,989,0
2.05,Wheat,Sandy,0,0,0.5,1472,0
9.02,Wheat,Black,0,1,0.84,644,0
0.59,Cotton,Black,1,0,0.58,949,0
8.92,Cotton,Black,1,0,0.48,738,0
14.27,Cotton,Loam,0,1,0.47,1471,0
5.93,Cotton,Black,0,0,0.77,1401,0
8.93,Sugarcane,Loam,0,1,0.35,522,0
3.26,Millets,Loam,1,1,0.63,654,1
4.18,Cotton,Sandy,1,0,0.92,815,0
9.79,Maize,Loam,1,0,0.28,1340,0
9.07,Cotton,Loam,1,0,0.66,1224,0
8.6,Cotton,Clay,1,0,0.62,510,0
6.19,Wheat,Sandy,1,1,0.57,823,1
13.4,Cotton,Loam,0,0,0.59,769,0
6.24,Sugarcane,Sandy,1,0,0.65,537,0
3.46,Wheat,Sandy,0,0,0.43,1400,0
2.26,Millets,Loam,0,0,0.69,1041,0
7.09,Millets,Black,1,1,0.5,682,1
9.63,Sugarcane,Black,1,1,0.55,349,1
1.98,Maize,Sandy,0,1,0.76,628,0
5.8,Wheat,Loam,0,1,0.58,662,0
14.51,Cotton,Clay,1,1,0.76,1212,1
10.36,Millets,Sandy,0,0,0.42,458,0
4.94,Cotton,Sandy,0,1,0.69,383,0
5.25,Cotton,Loam,0,1,0.67,1025,0
2.62,Maize,Clay,1,0,0.73,391,0
8.29,Sugarcane,Black,1,0,0.89,836,0
12.99,Rice,Sandy,1,0,0.82,400,0
13.04,Maize,Sandy,0,1,0.25,1132,0
3.5,Millets,Loam,0,0,0.56,470,0
0.88,Millets,Black,1,1,0.65,446,0
2.2,Millets,Sandy,0,0,0.65,1401,0
9.77,Wheat,Black,0,0,0.39,618,0
11.65,Maize,Loam,0,1,0.94,508,0
8.06,Millets,Loam,1,1,0.2,585,0
9.51,Wheat,Clay,1,0,0.44,1035,0
5.2,Wheat,Black,0,1,0.25,1322,0
2.74,Millets,Loam,0,0,0.51,902,0
7.72,Maize,Black,0,1,0.7,1385,0
1.16,Wheat,Clay,0,1,0.35,590,0
7.7,Cotton,Black,1,0,0.58,1191,0
8.96,Maize,Sandy,1,1,0.46,625,0
9.67,Wheat,Clay,0,0,0.93,1463,0
8.9,Cotton,Black,1,0,0.87,554,0
12.62,Rice,Black,0,1,0.38,733,0
12.44,Millets,Black,1,0,0.44,1062,0
3.95,Rice,Loam,0,0,0.28,941,0
8.01,Millets,Black,1,1,0.39,851,0
5.75,Cotton,Sandy,0,0,0.9,653,0
7.6,Cotton,Black,1,0,0.35,1301,0
7.73,Maize,Black,1,0,0.69,689,0
0.54,Rice,Clay,1,0,0.84,1285,0
2.59,Cotton,Loam,1,1,0.73,1367,1
11.82,Cotton,Sandy,0,1,0.59,1481,0
13.93,Cotton,Black,0,1,0.64,694,0
7.51,Maize,Clay,0,0,0.53,1117,0
6.29,Sugarcane,Sandy,0,0,0.43,593,0
2.01,Wheat,Sandy,1,0,0.83,1045,0
14.06,Sugarcane,Sandy,0,0,0.32,1347,0
9.54,Cotton,Sandy,1,1,0.58,1461,1
13.92,Sugarcane,Loam,0,1,0.67,484,0
4.38,Wheat,Black,0,0,0.87,527,0
6.08,Cotton,Clay,1,0,0.84,379,0
8.36,Rice,Clay,1,1,0.7,1348,1
6.15,Cotton,Sandy,1,1,0.72,609,1
1.69,Rice,Clay,0,0,0.81,1339,0
7.26,Maize,Black,0,1,0.84,468,0
2.26,Maize,Loam,1,1,0.8,1336,1
7.8,Wheat,Black,1,1,0.5,1096,1
8.09,Cotton,Black,1,1,0.36,614,0
8.2,Maize,Clay,1,1,0.76,390,1
8.98,Cotton,Clay,0,0,0.41,884,0
11.03,Maize,Black,1,1,0.88,800,1
13.75,Millets,Clay,1,0,0.46,1028,0
0.59,Rice,Loam,0,0,0.36,777,0
2.39,Millets,Black,1,1,0.4,909,0
5.5,Wheat,Sandy,1,0,0.28,817,0
9.26,Cotton,Black,0,0,0.51,395,0
1.5,Maize,Loam,0,1,0.33,847,0
12.66,Millets,Loam,1,0,0.36,617,0
11.17,Rice,Black,0,1,0.54,1366,0
13.11,Sugarcane,Black,0,0,0.92,501,0
5.63,Wheat,Sandy,0,1,0.54,753,0
10.42,Millets,Sandy,1,1,0.7,1224,1
14.06,Wheat,Loam,0,1,0.85,1381,0
8.33,Sugarcane,Loam,1,1,0.34,787,0
5.56,Millets,Sandy,1,1,0.54,673,1
4.41,Wheat,Loam,1,0,0.73,987,0
6.71,Maize,Black,0,0,0.83,685,0
7.6,Cotton,Black,0,1,0.22,1483,0
13.8,Cotton,Loam,1,1,0.46,1319,0
3.48,Rice,Clay,1,1,0.48,1058,0
2.97,Rice,Clay,0,1,0.78,948,0
12.92,Sugarcane,Sandy,1,0,0.64,1139,0
1.29,Maize,Clay,1,1,0.85,1158,0
0.78,Millets,Loam,1,0,0.7,1296,0
0.77,Wheat,Loam,0,0,0.48,954,0
5.38,Maize,Clay,1,0,0.85,1179,0
8.77,Wheat,Black,0,0,0.65,848,0
2.88,Cotton,Clay,0,0,0.42,786,0
11.98,Maize,Clay,1,0,0.62,678,0
3.97,Wheat,Sandy,0,1,0.51,965,0
2.04,Sugarcane,Black,1,0,0.24,1116,0
13.02,Rice,Clay,1,0,0.59,499,0
7.24,Rice,Clay,0,1,0.48,1057,0
13.53,Millets,Sandy,0,1,0.65,540,0
7.75,Rice,Loam,1,1,0.91,935,1
9.35,Millets,Sandy,1,0,0.9,334,0
4.79,Wheat,Loam,1,0,0.22,815,0
9.05,Sugarcane,Sandy,0,0,0.64,432,0
3.58,Millets,Loam,0,1,0.5,837,0
13.12,Wheat,Loam,1,1,0.72,1288,1
5.83,Sugarcane,Sandy,0,1,0.35,874,0
0.79,Cotton,Sandy,1,1,0.24,1133,0
8.85,Millets,Loam,0,1,0.49,357,0
1.33,Rice,Clay,0,1,0.43,694,0
2.56,Millets,Black,1,0,0.24,1125,0
0.84,Cotton,Sandy,1,0,0.67,1458,0
5.11,Cotton,Black,0,0,0.78,774,0
13.29,Cotton,Clay,1,0,0.65,927,0
9.33,Cotton,Clay,0,0,0.35,1216,0
1.24,Rice,Black,0,1,0.67,605,0
14.58,Rice,Clay,0,1,0.78,812,0
4.59,Millets,Loam,0,0,0.47,887,0
11.01,Maize,Sandy,1,0,0.26,1474,0
13.35,Millets,Clay,0,0,0.61,1046,0
12.72,Sugarcane,Black,1,1,0.83,1452,1
6.55,Sugarcane,Clay,1,1,0.37,1016,0
14.65,Cotton,Sandy,1,1,0.32,483,0
9.3,Rice,Sandy,1,0,0.32,308,0
10.99,Sugarcane,Black,0,1,0.72,388,0
6.91,Maize,Clay,0,1,0.66,1042,0
12.13,Wheat,Sandy,1,0,0.28,1163,0
5.74,Rice,Sandy,0,0,0.92,1267,0
3.67,Wheat,Black,1,0,0.58,1206,0
7.09,Rice,Black,1,0,0.87,836,0
6.03,Millets,Clay,1,1,0.25,689,0
14.16,Millets,Sandy,0,1,0.49,1105,0
14.52,Rice,Loam,1,0,0.47,1144,0
9.61,Maize,Sandy,0,1,0.39,1383,0
4.11,Cotton,Loam,0,0,0.65,549,0
7.48,Maize,Sandy,1,1,0.7,936,1
6.93,Millets,Sandy,0,0,0.57,592,0
9.09,Sugarcane,Sandy,1,1,0.73,768,1
12.64,Maize,Clay,1,1,0.23,642,0
4.98,Wheat,Sandy,1,1,0.4,703,0
14.3,Wheat,Black,0,1,0.39,1079,0
10.2,Wheat,Clay,1,1,0.77,1158,1
0.9,Cotton,Loam,0,0,0.83,787,0
2.28,Rice,Clay,0,0,0.59,424,0
14.13,Millets,Sandy,1,1,0.89,462,1
9.62,Millets,Clay,0,0,0.49,498,0
10.69,Sugarcane,Clay,1,0,0.73,1068,0
2.53,Maize,Loam,1,0,0.25,987,0
8.46,Sugarcane,Clay,0,0,0.4,532,0
6.3,Millets,Sandy,1,0,0.55,1157,0
14.86,Millets,Clay,0,0,0.81,564,0
13.99,Maize,Sandy,0,1,0.82,1338,0
11.24,Maize,Loam,0,0,0.36,897,0
1.0,Cotton,Loam,1,0,0.57,1369,0
7.94,Wheat,Sandy,1,0,0.59,301,0
6.09,Sugarcane,Loam,1,1,0.6,1349,1
4.54,Cotton,Sandy,1,1,0.75,485,1
14.04,Rice,Loam,1,1,0.75,365,1
13.11,Cotton,Loam,1,0,0.65,1480,0
1.99,Cotton,Sandy,0,0,0.77,359,0
4.49,Rice,Black,0,1,0.39,1112,0
11.02,Wheat,Loam,0,1,0.68,783,0
6.74,Maize,Loam,1,0,0.39,1041,0
9.85,Millets,Sandy,1,1,0.67,1333,1
1.72,Rice,Sandy,1,1,0.37,1026,0
10.44,Rice,Sandy,1,1,0.52,793,1
4.46,Maize,Black,1,1,0.87,889,1
7.12,Rice,Sandy,0,0,0.47,441,0
6.21,Cotton,Sandy,0,1,0.58,701,0
8.98,Wheat,Black,1,1,0.39,499,0
9.22,Wheat,Clay,1,0,0.21,830,0
10.68,Rice,Clay,0,0,0.71,1285,0
9.31,Millets,Black,0,0,0.84,629,0
14.47,Rice,Black,0,1,0.56,822,0
7.38,Millets,Black,0,0,0.51,837,0
0.58,Rice,Black,1,1,0.33,1415,0
11.92,Cotton,Sandy,1,0,0.71,1097,0
9.34,Sugarcane,Loam,1,1,0.62,734,1
7.59,Wheat,Black,0,0,0.41,501,0
13.16,Cotton,Clay,1,0,0.93,1130,0
10.9,Wheat,Sandy,1,1,0.38,1404,0
7.48,Rice,Sandy,1,1,0.47,1112,0
2.68,Cotton,Clay,1,0,0.55,1430,0
1.35,Maize,Loam,0,1,0.7,580,0
10.72,Millets,Sandy,1,0,0.61,1083,0
7.63,Wheat,Loam,0,1,0.74,1474,0
11.81,Sugarcane,Black,0,1,0.9,837,0
5.72,Cotton,Sandy,1,1,0.71,802,1
9.77,Wheat,Black,0,0,0.59,320,0
8.78,Wheat,Black,0,1,0.89,1083,0
7.94,Sugarcane,Loam,0,0,0.73,929,0
10.16,Maize,Clay,0,0,0.32,682,0
5.34,Millets,Loam,0,0,0.31,959,0
9.41,Millets,Clay,1,1,0.24,1090,0
11.81,Sugarcane,Black,1,0,0.83,1196,0
7.39,Millets,Clay,1,0,0.25,1134,0
10.98,Cotton,Sandy,0,1,0.92,548,0
8.97,Millets,Clay,1,1,0.36,1012,0
10.42,Sugarcane,Clay,0,0,0.39,881,0
7.96,Rice,Black,0,0,0.79,490,0
9.3,Rice,Sandy,1,1,0.64,1071,1
14.28,Sugarcane,Black,1,1,0.22,1455,0
12.41,Wheat,Loam,0,0,0.92,1129,0
0.97,Rice,Black,0,0,0.41,1486,0
13.68,Sugarcane,Sandy,0,0,0.47,825,0
3.86,Millets,Clay,0,1,0.75,885,0
4.92,Maize,Sandy,0,1,0.47,527,0
11.63,Sugarcane,Black,0,0,0.82,1396,0
5.76,Rice,Loam,0,0,0.45,756,0
14.59,Millets,Sandy,1,0,0.84,664,0
14.91,Millets,Clay,0,1,0.45,985,0
11.66,Millets,Loam,1,0,0.73,1061,0
1.98,Millets,Black,0,1,0.23,301,0
11.92,Maize,Black,0,0,0.26,778,0
3.19,Maize,Loam,1,0,0.61,1405,0
4.38,Cotton,Loam,1,0,0.81,672,0
10.4,Sugarcane,Black,0,1,0.64,599,0
14.52,Rice,Sandy,1,0,0.72,1194,0
9.59,Wheat,Clay,0,1,0.29,1426,0
6.21,Rice,Loam,1,1,0.36,997,0
12.12,Maize,Sandy,0,0,0.8,673,0
10.68,Millets,Sandy,1,1,0.33,437,0
9.43,Rice,Sandy,0,1,0.41,468,0
6.04,Rice,Black,1,1,0.42,1030,0
0.77,Sugarcane,Loam,0,1,0.42,1004,0
10.67,Wheat,Sandy,1,0,0.75,755,0
4.46,Maize,Clay,1,0,0.66,747,0
1.03,Rice,Sandy,0,1,0.41,536,0
5.24,Cotton,Clay,0,0,0.81,570,0
10.83,Rice,Clay,0,0,0.76,471,0
4.99,Rice,Black,1,0,0.34,547,0
3.89,Cotton,Black,1,0,0.94,567,0
9.91,Maize,Clay,0,1,0.45,473,0
14.3,Maize,Black,1,0,0.37,1236,0
2.74,Wheat,Sandy,1,1,0.72,847,1
7.99,Millets,Sandy,0,1,0.61,700,0
12.22,Rice,Black,0,0,0.65,1164,0
6.59,Wheat,Black,1,0,0.41,450,0
11.04,Millets,Sandy,0,0,0.35,919,0
14.92,Rice,Clay,1,1,0.89,1150,1
13.24,Rice,Sandy,0,0,0.49,547,0
0.88,Wheat,Black,1,1,0.73,1173,0
1.27,Rice,Black,0,1,0.72,988,0
9.67,Cotton,Clay,0,0,0.59,809,0
12.92,Sugarcane,Sandy,1,0,0.68,524,0
11.37,Wheat,Black,0,0,0.47,341,0
6.79,Maize,Black,0,0,0.5,1407,0
12.69,Sugarcane,Loam,1,1,0.2,796,0
13.04,Cotton,Loam,0,0,0.35,979,0
1.15,Sugarcane,Clay,0,0,0.35,1259,0
1.73,Rice,Loam,0,0,0.84,443,0
8.98,Rice,Clay,1,1,0.71,589,1
11.46,Wheat,Black,0,0,0.64,1217,0
10.33,Sugarcane,Black,1,1,0.26,676,0
3.77,Millets,Clay,0,0,0.2,824,0
3.2,Sugarcane,Clay,0,1,0.58,1023,0
1.95,Sugarcane,Loam,1,0,0.79,858,0
1.92,Rice,Clay,0,1,0.57,1323,0
14.34,Rice,Loam,1,1,0.67,1342,1
5.16,Rice,Black,0,1,0.91,850,0
3.03,Millets,Clay,0,0,0.63,1210,0
1.65,Wheat,Clay,0,1,0.41,420,0
6.86,Wheat,Loam,1,0,0.77,898,0
5.27,Sugarcane,Loam,0,0,0.83,985,0
2.09,Millets,Loam,0,1,0.41,580,0
11.4,Wheat,Clay,1,0,0.6,919,0
8.45,Millets,Clay,0,1,0.84,1223,0
7.13,Maize,Clay,1,0,0.23,1342,0
0.92,Rice,Black,0,0,0.63,886,0
5.54,Millets,Sandy,1,0,0.53,1474,0
10.97,Cotton,Clay,1,1,0.87,1260,1
7.17,Millets,Clay,0,0,0.27,870,0
6.71,Sugarcane,Loam,1,1,0.74,415,1
11.33,Sugarcane,Sandy,1,0,0.51,878,0
2.87,Millets,Loam,1,1,0.21,726,0
7.83,Maize,Sandy,1,0,0.91,1308,0
10.7,Cotton,Loam,0,0,0.82,585,0
9.04,Millets,Sandy,0,0,0.54,1042,0
6.56,Millets,Loam,1,1,0.57,387,1
6.69,Maize,Clay,0,1,0.43,1197,0
9.73,Cotton,Clay,1,0,0.56,395,0
14.99,Wheat,Black,1,0,0.44,363,0
2.86,Sugarcane,Sandy,0,1,0.3,796,0
12.52,Millets,Loam,1,0,0.47,983,0
8.4,Cotton,Black,1,1,0.89,368,1
13.75,Millets,Sandy,1,0,0.58,1441,0
9.59,Sugarcane,Black,0,0,0.3,1445,0
10.23,Wheat,Sandy,1,0,0.36,1105,0
7.65,Millets,Sandy,0,1,0.49,1164,0
8.32,Rice,Loam,0,0,0.32,1469,0
1.58,Cotton,Sandy,1,0,0.31,591,0
7.06,Sugarcane,Black,1,0,0.51,421,0
11.92,Maize,Sandy,0,0,0.53,1291,0
3.73,Millets,Clay,0,1,0.43,1020,0
1.94,Cotton,Clay,1,1,0.21,935,0
8.79,Rice,Sandy,0,1,0.22,1015,0
4.22,Maize,Sandy,1,1,0.87,1352,1
13.49,Millets,Clay,0,1,0.83,857,0
3.69,Sugarcane,Clay,1,1,0.73,354,1
9.81,Millets,Black,1,1,0.7,452,1
2.89,Sugarcane,Black,0,1,0.78,615,0
3.88,Cotton,Sandy,1,1,0.45,1364,0
11.04,Maize,Clay,0,1,0.44,561,0
12.04,Millets,Loam,1,1,0.57,1360,1
13.45,Wheat,Clay,0,0,0.43,563,0
3.49,Rice,Black,1,1,0.42,554,0
10.8,Rice,Black,0,0,0.88,386,0
5.12,Wheat,Sandy,1,0,0.92,387,0
3.6,Cotton,Black,0,1,0.51,673,0
5.49,Millets,Black,1,1,0.95,1005,1
7.25,Rice,Sandy,0,1,0.47,582,0
12.79,Sugarcane,Clay,0,0,0.84,317,0
1.07,Wheat,Clay,1,0,0.6,1276,0
13.96,Cotton,Sandy,0,0,0.92,1027,0
14.24,Maize,Sandy,1,1,0.84,1003,1
11.81,Sugarcane,Loam,0,1,0.7,707,0
4.45,Rice,Loam,0,1,0.78,542,0
10.43,Maize,Clay,1,1,0.65,414,1
10.06,Sugarcane,Black,0,0,0.46,679,0
1.72,Wheat,Black,1,1,0.22,1046,0
9.09,Wheat,Loam,1,0,0.55,726,0
4.95,Sugarcane,Clay,1,0,0.21,791,0
7.99,Millets,Black,1,1,0.59,546,1
14.71,Wheat,Loam,1,1,0.22,547,0
8.86,Rice,Black,1,0,0.52,1390,0
4.7,Sugarcane,Black,1,0,0.24,692,0
11.81,Maize,Clay,1,1,0.31,1091,0
5.55,Wheat,Black,0,0,0.38,859,0
11.69,Millets,Black,0,1,0.84,392,0
12.74,Sugarcane,Loam,0,1,0.6,676,0
14.84,Wheat,Black,1,0,0.56,465,0
2.38,Wheat,Loam,0,0,0.83,1486,0
11.46,Cotton,Black,1,0,0.39,764,0
2.59,Maize,Clay,1,1,0.68,469,1
14.04,Maize,Black,0,1,0.35,1325,0
2.34,Maize,Black,0,1,0.36,1273,0
10.49,Cotton,Sandy,0,1,0.46,1229,0
2.39,Sugarcane,Sandy,1,1,0.26,1432,0
1.88,Wheat,Black,1,1,0.63,396,0
12.13,Cotton,Sandy,1,0,0.34,972,0
4.47,Cotton,Clay,1,1,0.87,815,1
14.75,Millets,Sandy,0,1,0.94,403,0
2.37,Sugarcane,Loam,1,1,0.25,989,0
10.06,Wheat,Loam,1,0,0.51,897,0
14.46,Rice,Clay,1,1,0.93,1062,1
11.79,Sugarcane,Sandy,1,1,0.37,909,0
2.57,Wheat,Black,0,1,0.44,302,0
12.51,Cotton,Clay,0,0,0.44,964,0
7.58,Maize,Sandy,1,0,0.95,1309,0
2.6,Rice,Sandy,1,0,0.23,1197,0
4.22,Cotton,Loam,0,1,0.52,502,0
11.38,Sugarcane,Loam,1,1,0.35,433,0
11.29,Rice,Clay,1,0,0.33,1308,0
11.89,Wheat,Loam,1,1,0.88,501,1
8.91,Cotton,Clay,1,0,0.49,879,0
9.09,Millets,Black,0,0,0.8,741,0
13.53,Millets,Loam,0,1,0.25,1121,0
10.9,Wheat,Clay,1,0,0.33,504,0
6.99,Cotton,Black,0,1,0.35,509,0
7.13,Wheat,Black,0,1,0.5,1329,0
7.01,Rice,Loam,1,1,0.49,618,0
4.71,Millets,Black,1,1,0.54,1358,1
14.65,Wheat,Sandy,0,0,0.69,1478,0
13.7,Rice,Clay,1,0,0.67,1433,0
7.16,Cotton,Black,1,0,0.42,769,0
7.61,Maize,Clay,0,0,0.37,1095,0
6.08,Millets,Loam,1,1,0.27,974,0
6.44,Sugarcane,Loam,1,0,0.4,724,0
0.5,Rice,Black,0,1,0.83,1168,0
4.35,Rice,Sandy,0,1,0.23,353,0
9.97,Rice,Clay,0,1,0.39,1216,0
10.25,Wheat,Loam,1,1,0.27,415,0
5.59,Wheat,Sandy,1,1,0.26,1421,0
14.7,Wheat,Sandy,0,0,0.93,1386,0
14.19,Rice,Loam,0,0,0.5,1219,0
1.19,Millets,Black,1,0,0.54,1080,0
7.5,Cotton,Clay,1,0,0.23,943,0
13.83,Maize,Sandy,0,1,0.92,1324,0
2.5,Sugarcane,Black,0,0,0.51,319,0
1.77,Cotton,Clay,1,0,0.28,399,0
14.32,Rice,Clay,0,0,0.48,928,0
11.71,Wheat,Clay,0,0,0.86,1440,0
12.76,Cotton,Clay,1,1,0.62,973,1
8.88,Cotton,Sandy,0,1,0.93,931,0
2.23,Millets,Clay,0,1,0.73,736,0
6.04,Wheat,Black,1,0,0.85,860,0
10.07,Wheat,Clay,1,1,0.25,581,0
14.35,Wheat,Clay,0,1,0.76,1049,0
14.86,Millets,Clay,0,1,0.82,1168,0
1.13,Maize,Loam,0,1,0.62,1337,0
5.47,Maize,Clay,1,1,0.22,773,0
11.98,Cotton,Sandy,0,0,0.34,514,0
5.99,Maize,Sandy,1,1,0.28,1034,0
4.6,Rice,Clay,1,1,0.51,1477,1
8.1,Wheat,Sandy,1,1,0.82,894,1
0.53,Sugarcane,Sandy,0,0,0.28,1344,0
6.23,Wheat,Loam,1,0,0.41,474,0
2.58,Cotton,Clay,0,0,0.53,1105,0
11.18,Cotton,Loam,0,1,0.95,428,0
11.29,Millets,Clay,1,0,0.71,946,0
2.41,Maize,Loam,1,1,0.56,1243,1
1.86,Sugarcane,Clay,0,1,0.32,797,0
4.26,Rice,Loam,0,1,0.45,450,0
6.65,Millets,Sandy,0,1,0.39,640,0
1.25,Sugarcane,Sandy,0,0,0.82,917,0
6.42,Cotton,Loam,1,0,0.4,873,0
14.51,Wheat,Loam,0,0,0.81,1362,0
2.83,Wheat,Loam,0,1,0.45,447,0
11.92,Wheat,Black,1,0,0.92,782,0
9.57,Cotton,Black,0,0,0.72,484,0
9.23,Cotton,Clay,1,1,0.57,1356,1
14.73,Millets,Loam,1,0,0.77,626,0
2.7,Rice,Clay,0,1,0.28,1462,0
3.26,Sugarcane,Loam,0,0,0.8,1300,0
1.69,Cotton,Loam,0,0,0.91,1156,0
2.13,Millets,Sandy,0,1,0.45,1292,0
8.26,Rice,Loam,1,1,0.37,512,0
0.69,Millets,Loam,1,0,0.92,686,0
10.55,Cotton,Clay,0,0,0.32,830,0
11.06,Wheat,Loam,0,0,0.45,531,0
2.71,Wheat,Clay,1,0,0.47,1342,0
6.77,Sugarcane,Clay,0,0,0.37,497,0
11.16,Cotton,Loam,0,1,0.72,986,0
4.67,Sugarcane,Clay,0,0,0.51,937,0
14.24,Cotton,Loam,1,1,0.81,1239,1
6.05,Rice,Sandy,1,0,0.88,1074,0
7.21,Maize,Black,0,0,0.81,1046,0
2.84,Wheat,Clay,1,1,0.32,469,0
2.23,Rice,Sandy,0,0,0.51,691,0
11.82,Wheat,Black,1,1,0.79,1445,1
11.46,Maize,Black,1,1,0.54,1242,1
3.93,Cotton,Clay,0,0,0.61,1040,0
1.06,Rice,Clay,1,1,0.56,1374,0
9.76,Cotton,Sandy,0,1,0.86,685,0
11.89,Millets,Clay,0,1,0.91,979,0
8.64,Cotton,Clay,1,1,0.38,1435,0
1.82,Rice,Clay,1,1,0.92,1111,0
5.33,Millets,Clay,0,1,0.53,1115,0
5.9,Maize,Black,1,1,0.46,915,0
14.85,Wheat,Loam,0,0,0.24,1094,0
14.82,Millets,Clay,0,0,0.91,1420,0
3.62,Wheat,Sandy,1,1,0.39,703,0
0.91,Cotton,Sandy,0,0,0.54,766,0
9.24,Rice,Clay,0,1,0.68,566,0
11.5,Millets,Loam,1,0,0.27,920,0
9.5,Cotton,Loam,0,0,0.77,728,0
6.02,Wheat,Black,1,0,0.48,536,0
1.49,Cotton,Loam,1,0,0.68,1403,0
3.82,Millets,Loam,0,1,0.46,676,0
10.15,Maize,Clay,1,0,0.36,718,0
10.41,Sugarcane,Black,1,0,0.21,1228,0
10.2,Maize,Black,0,0,0.59,1424,0
3.5,Sugarcane,Loam,0,0,0.87,520,0
4.18,Cotton,Sandy,0,0,0.89,762,0
2.04,Rice,Loam,0,1,0.84,490,0
8.55,Rice,Sandy,0,0,0.56,1373,0
12.55,Cotton,Black,1,0,0.41,1106,0
12.6,Sugarcane,Sandy,1,0,0.46,357,0
3.69,Wheat,Sandy,1,0,0.64,921,0
14.05,Rice,Sandy,1,1,0.87,787,1
14.4,Maize,Loam,0,0,0.77,637,0
12.92,Rice,Sandy,0,1,0.47,967,0
6.89,Cotton,Clay,0,0,0.43,1120,0
0.7,Sugarcane,Black,0,1,0.82,1317,0
7.46,Millets,Clay,1,0,0.7,1211,0
10.36,Wheat,Black,0,0,0.32,1254,0
13.61,Millets,Clay,1,0,0.76,882,0
14.83,Sugarcane,Loam,1,1,0.8,898,1
11.15,Millets,Sandy,1,1,0.62,833,1
2.99,Cotton,Sandy,1,0,0.55,1446,0
3.4,Rice,Black,0,1,0.38,1067,0
14.13,Cotton,Sandy,1,0,0.9,307,0
10.63,Millets,Clay,0,0,0.5,894,0
4.77,Sugarcane,Black,0,0,0.4,379,0
4.61,Maize,Clay,1,1,0.49,1099,0
2.58,Wheat,Black,0,1,0.34,1238,0
10.37,Sugarcane,Sandy,0,0,0.83,512,0
8.68,Millets,Loam,1,0,0.91,629,0
0.9,Maize,Black,1,1,0.73,1487,0
6.17,Rice,Black,1,0,0.31,1353,0
4.22,Cotton,Sandy,0,1,0.79,487,0
7.87,Sugarcane,Loam,1,0,0.28,1422,0
7.78,Maize,Clay,1,0,0.74,945,0
5.78,Rice,Sandy,1,1,0.22,1011,0
12.28,Wheat,Loam,0,1,0.25,1332,0
5.2,Millets,Clay,1,1,0.35,350,0
14.49,Cotton,Black,1,0,0.25,419,0
12.2,Cotton,Sandy,1,1,0.29,1380,0
3.07,Cotton,Sandy,0,0,0.51,711,0
7.52,Maize,Sandy,0,0,0.59,1309,0
2.04,Rice,Loam,0,0,0.67,1282,0
9.26,Millets,Clay,1,0,0.92,1149,0
6.87,Maize,Sandy,1,0,0.26,1336,0
5.3,Cotton,Loam,1,0,0.52,1419,0
11.14,Cotton,Loam,0,0,0.28,1312,0
4.08,Maize,Clay,1,0,0.9,593,0
2.75,Millets,Clay,0,1,0.58,1472,0
0.93,Millets,Sandy,1,1,0.95,782,0
10.45,Cotton,Loam,1,0,0.68,786,0
6.26,Maize,Sandy,0,0,0.54,1026,0
9.94,Cotton,Black,1,0,0.76,1239,0
6.84,Millets,Sandy,0,0,0.78,580,0
13.75,Rice,Black,1,0,0.49,1215,0
13.69,Wheat,Sandy,1,0,0.54,1368,0
12.07,Cotton,Black,1,0,0.26,1492,0
9.68,Rice,Sandy,1,0,0.94,1398,0
7.47,Sugarcane,Sandy,1,0,0.56,911,0
2.02,Millets,Sandy,0,0,0.52,892,0
1.38,Millets,Black,1,0,0.62,562,0
1.44,Wheat,Loam,1,0,0.5,730,0
5.29,Sugarcane,Sandy,1,0,0.5,1280,0
10.2,Wheat,Black,1,0,0.56,1247,0
5.46,Maize,Loam,1,1,0.41,449,0
0.51,Sugarcane,Clay,0,0,0.38,969,0
12.78,Millets,Sandy,0,1,0.45,999,0
2.85,Maize,Loam,1,1,0.27,425,0
11.68,Sugarcane,Black,1,0,0.94,1239,0
7.35,Millets,Loam,1,0,0.21,935,0
3.15,Cotton,Loam,0,0,0.2,916,0
8.89,Maize,Loam,0,1,0.21,1071,0
9.59,Millets,Black,1,0,0.69,1448,0
11.33,Wheat,Clay,1,0,0.64,380,0
3.5,Rice,Clay,1,1,0.73,1006,1
1.76,Sugarcane,Black,1,1,0.8,1006,0
11.19,Cotton,Clay,1,0,0.37,1445,0
5.24,Sugarcane,Sandy,1,1,0.58,680,1
5.02,Wheat,Loam,1,0,0.4,902,0
11.05,Wheat,Loam,1,0,0.82,1077,0
5.77,Sugarcane,Black,0,1,0.93,1302,0
12.46,Rice,Sandy,1,1,0.76,1179,1
14.14,Millets,Black,1,0,0.49,1319,0
13.82,Rice,Clay,0,0,0.38,721,0
5.32,Wheat,Clay,1,0,0.95,1015,0
5.41,Millets,Loam,0,0,0.23,1228,0
14.02,Maize,Sandy,1,0,0.3,300,0
6.58,Wheat,Sandy,0,0,0.25,809,0
5.5,Cotton,Sandy,0,0,0.3,819,0
7.59,Sugarcane,Loam,1,0,0.93,772,0
12.0,Millets,Loam,1,0,0.83,640,0
4.06,Rice,Loam,1,1,0.7,635,1
3.31,Wheat,Loam,0,0,0.45,663,0
9.21,Millets,Loam,0,1,0.93,1375,0
13.25,Millets,Black,1,1,0.43,1272,0
12.23,Maize,Black,0,0,0.67,321,0
9.64,Cotton,Sandy,1,1,0.46,1183,0
3.34,Cotton,Black,1,0,0.78,1189,0
7.89,Rice,Sandy,1,0,0.84,1040,0
11.54,Maize,Black,0,0,0.44,694,0
9.04,Sugarcane,Loam,0,1,0.44,659,0
0.78,Rice,Black,1,1,0.74,378,0
9.78,Cotton,Clay,1,1,0.33,1378,0
10.77,Wheat,Black,0,0,0.56,1461,0
6.51,Wheat,Clay,1,1,0.65,1209,1
2.78,Sugarcane,Black,1,1,0.76,1492,1
7.32,Rice,Black,0,0,0.4,1118,0
7.42,Cotton,Black,1,0,0.44,942,0
6.95,Rice,Clay,0,0,0.69,1447,0
1.43,Millets,Clay,1,1,0.26,1117,0
9.64,Millets,Loam,1,0,0.74,1264,0
1.91,Sugarcane,Loam,1,0,0.6,1043,0
14.91,Maize,Black,1,1,0.84,685,1
7.59,Sugarcane,Clay,1,0,0.47,422,0
9.69,Maize,Clay,0,0,0.27,322,0
10.29,Rice,Black,1,1,0.79,390,1
10.39,Sugarcane,Sandy,0,0,0.36,436,0
13.08,Cotton,Sandy,1,0,0.67,783,0
0.8,Millets,Black,1,0,0.87,405,0
4.08,Millets,Sandy,1,0,0.62,687,0
6.16,Sugarcane,Black,0,0,0.81,815,0
8.08,Cotton,Clay,0,0,0.82,1005,0
4.5,Rice,Loam,0,0,0.76,1292,0
1.39,Millets,Loam,0,1,0.92,1326,0
11.63,Rice,Black,1,1,0.57,979,1
10.08,Rice,Loam,1,1,0.21,1180,0
7.66,Rice,Loam,1,0,0.56,1183,0
11.9,Wheat,Black,1,0,0.63,1336,0
0.6,Millets,Sandy,0,0,0.29,377,0
10.28,Cotton,Loam,1,0,0.52,322,0
0.74,Cotton,Loam,1,1,0.28,599,0
0.9,Millets,Loam,1,0,0.54,309,0
1.85,Millets,Loam,1,1,0.58,711,0
9.34,Rice,Sandy,0,1,0.27,1265,0
7.42,Sugarcane,Clay,0,1,0.47,971,0
10.18,Maize,Clay,0,1,0.91,656,0
7.98,Wheat,Clay,0,0,0.48,1248,0
7.07,Cotton,Black,0,0,0.6,1225,0
2.97,Maize,Clay,1,1,0.37,1206,0
9.18,Maize,Clay,0,0,0.24,505,0
10.19,Maize,Clay,0,0,0.2,1330,0
12.95,Millets,Clay,0,1,0.84,1350,0
1.96,Rice,Clay,1,0,0.61,650,0
12.0,Sugarcane,Clay,1,0,0.66,464,0
7.49,Sugarcane,Sandy,0,1,0.72,884,0
13.13,Wheat,Black,0,1,0.79,300,0
14.9,Maize,Clay,0,1,0.31,1427,0
0.68,Maize,Sandy,0,0,0.67,704,0
2.87,Maize,Black,0,0,0.36,1487,0
12.88,Wheat,Sandy,0,1,0.49,1118,0
6.79,Cotton,Sandy,0,0,0.56,590,0
10.35,Sugarcane,Clay,1,0,0.7,613,0
11.26,Millets,Sandy,0,0,0.45,576,0
14.89,Wheat,Black,1,0,0.26,1023,0
3.09,Maize,Sandy,1,0,0.65,1118,0
9.34,Wheat,Sandy,1,0,0.75,986,0
8.11,Maize,Sandy,0,1,0.3,990,0
4.25,Wheat,Clay,1,1,0.43,524,0
9.27,Rice,Clay,0,0,0.92,1383,0
12.75,Sugarcane,Clay,1,0,0.69,1163,0
0.96,Maize,Clay,1,1,0.29,760,0
10.16,Maize,Black,1,1,0.87,406,1
1.13,Wheat,Sandy,1,0,0.92,1010,0
1.55,Cotton,Sandy,1,1,0.53,980,0
12.45,Maize,Black,0,1,0.7,919,0
5.69,Sugarcane,Sandy,0,0,0.4,1005,0
3.89,Cotton,Loam,0,1,0.52,465,0
4.78,Maize,Black,0,1,0.33,1348,0
3.33,Sugarcane,Loam,0,0,0.28,1498,0
2.04,Millets,Black,1,1,0.85,545,1
10.7,Wheat,Sandy,0,0,0.44,1308,0
6.82,Wheat,Sandy,0,1,0.48,651,0
3.24,Sugarcane,Loam,1,1,0.88,839,1
11.74,Cotton,Clay,0,0,0.55,1282,0
5.71,Cotton,Black,1,0,0.55,1143,0
1.0,Millets,Clay,0,1,0.52,1384,0
5.32,Wheat,Sandy,1,1,0.64,489,1
14.31,Cotton,Sandy,1,0,0.64,1240,0
5.18,Wheat,Loam,0,0,0.22,305,0
7.87,Millets,Loam,1,1,0.95,1292,1
10.85,Sugarcane,Sandy,1,1,0.69,1495,1
8.15,Wheat,Sandy,1,0,0.48,1135,0
0.69,Maize,Clay,1,1,0.27,806,0
2.33,Cotton,Clay,1,1,0.33,391,0
8.7,Wheat,Black,0,0,0.31,548,0
6.81,Millets,Sandy,1,0,0.33,695,0
4.09,Rice,Clay,0,0,0.8,333,0
10.18,Millets,Clay,1,1,0.38,579,0
1.31,Wheat,Loam,0,0,0.69,473,0
0.7,Sugarcane,Black,1,0,0.5,338,0
8.87,Rice,Black,0,0,0.32,433,0
12.27,Sugarcane,Black,0,0,0.51,412,0
3.44,Millets,Black,1,1,0.75,628,1
12.58,Rice,Loam,0,1,0.46,1220,0
0.93,Rice,Loam,1,1,0.85,1216,0
1.32,Sugarcane,Loam,0,0,0.72,1322,0
5.63,Maize,Clay,1,1,0.59,736,1
3.04,Wheat,Sandy,1,1,0.93,1122,1
11.5,Maize,Black,0,0,0.54,1401,0
10.31,Cotton,Loam,1,0,0.86,643,0
10.9,Maize,Clay,1,1,0.6,860,1
5.87,Sugarcane,Sandy,1,1,0.59,355,1
5.13,Sugarcane,Sandy,1,0,0.23,1178,0
12.52,Wheat,Loam,1,1,0.44,866,0
10.37,Maize,Clay,0,0,0.32,1443,0
14.23,Cotton,Loam,1,1,0.37,414,0
1.86,Millets,Sandy,0,0,0.8,1266,0
10.44,Maize,Loam,0,1,0.53,1065,0
10.44,Wheat,Black,1,1,0.92,1229,1
14.41,Millets,Loam,1,0,0.63,1362,0
14.85,Cotton,Clay,0,1,0.89,820,0
7.91,Maize,Black,0,0,0.51,559,0
7.18,Rice,Sandy,0,0,0.26,1214,0
12.28,Millets,Loam,0,0,0.24,809,0
5.51,Sugarcane,Sandy,0,0,0.42,648,0
2.54,Wheat,Sandy,1,0,0.78,1061,0
14.67,Cotton,Black,1,0,0.26,1363,0
14.16,Sugarcane,Clay,1,0,0.68,433,0
0.97,Millets,Clay,1,1,0.68,1160,0
7.63,Cotton,Clay,0,1,0.92,327,0
7.73,Sugarcane,Black,1,0,0.56,1398,0
6.9,Sugarcane,Loam,1,1,0.42,1423,0
10.57,Rice,Clay,1,1,0.6,912,1
4.53,Rice,Clay,0,0,0.32,751,0
5.01,Sugarcane,Loam,0,1,0.72,696,0
14.01,Millets,Loam,1,0,0.85,492,0
5.33,Cotton,Loam,0,0,0.26,429,0
11.53,Millets,Sandy,0,1,0.63,810,0
8.05,Rice,Sandy,1,0,0.94,406,0
14.16,Sugarcane,Black,1,0,0.79,1298,0
10.4,Millets,Loam,1,0,0.33,1352,0
7.38,Maize,Clay,0,0,0.32,967,0
5.78,Maize,Loam,0,0,0.91,589,0
13.18,Rice,Sandy,1,0,0.47,1091,0
8.2,Cotton,Loam,0,1,0.25,395,0
4.55,Millets,Black,0,1,0.72,547,0
1.04,Rice,Sandy,0,0,0.49,1454,0
12.85,Wheat,Loam,1,1,0.92,1336,1
9.96,Wheat,Clay,1,0,0.66,660,0
9.36,Rice,Clay,1,1,0.87,686,1
14.35,Rice,Sandy,1,1,0.33,1283,0
7.32,Millets,Loam,0,1,0.86,998,0
14.27,Maize,Clay,0,1,0.9,1254,0
1.95,Maize,Loam,1,1,0.61,1109,0
11.67,Wheat,Loam,0,0,0.88,394,0
4.0,Maize,Clay,0,0,0.7,1028,0
4.12,Wheat,Loam,0,0,0.9,740,0
10.51,Cotton,Sandy,1,0,0.89,1343,0
9.74,Rice,Black,1,1,0.59,643,1
11.39,Cotton,Clay,1,1,0.36,1267,0
8.95,Sugarcane,Sandy,1,1,0.32,1127,0
1.46,Cotton,Loam,0,0,0.64,795,0
8.51,Maize,Loam,1,1,0.31,616,0
11.25,Cotton,Loam,1,1,0.88,314,1
12.36,Wheat,Loam,0,1,0.22,528,0
6.3,Wheat,Black,0,1,0.8,609,0
10.84,Maize,Clay,1,1,0.22,760,0
8.81,Wheat,Loam,0,1,0.42,955,0
3.17,Millets,Sandy,0,0,0.2,1448,0
7.97,Sugarcane,Clay,0,1,0.39,386,0
2.88,Sugarcane,Clay,1,1,0.37,1170,0
1.83,Sugarcane,Clay,1,1,0.8,931,0
4.24,Cotton,Loam,0,1,0.76,1074,0
6.73,Rice,Sandy,1,1,0.45,729,0
9.64,Millets,Clay,0,0,0.59,1129,0
3.94,Rice,Clay,0,1,0.22,342,0
7.74,Wheat,Loam,1,1,0.56,954,1
12.3,Maize,Loam,0,1,0.32,1408,0
4.29,Maize,Loam,1,1,0.66,676,1
10.47,Wheat,Clay,1,1,0.73,1258,1
8.55,Millets,Clay,1,0,0.31,637,0
2.49,Rice,Black,1,1,0.9,890,1
12.56,Rice,Sandy,1,0,0.69,1162,0
4.76,Millets,Clay,0,1,0.62,923,0
10.21,Cotton,Black,0,1,0.66,728,0
1.97,Millets,Black,0,0,0.52,507,0
0.85,Wheat,Loam,0,0,0.57,338,0
10.49,Millets,Black,0,0,0.66,1138,0
9.76,Cotton,Clay,1,1,0.95,875,1
11.61,Rice,Loam,0,0,0.75,1337,0
4.67,Maize,Loam,0,0,0.47,1145,0
11.81,Sugarcane,Sandy,1,0,0.26,433,0
5.16,Millets,Black,0,1,0.58,1397,0
12.51,Cotton,Sandy,0,1,0.68,1073,0
12.21,Sugarcane,Black,1,0,0.37,815,0
14.42,Rice,Black,1,1,0.71,1093,1
1.79,Wheat,Clay,0,1,0.65,418,0
2.27,Sugarcane,Sandy,0,1,0.36,385,0
4.22,Millets,Clay,1,0,0.83,1091,0
2.37,Rice,Loam,1,1,0.55,1409,1
1.7,Cotton,Sandy,0,1,0.58,1482,0
7.24,Rice,Loam,1,1,0.6,933,1
3.08,Rice,Sandy,1,0,0.43,1057,0
12.25,Maize,Loam,1,0,0.43,570,0
8.3,Cotton,Loam,0,0,0.67,1497,0
3.21,Cotton,Sandy,0,1,0.33,863,0
9.1,Maize,Clay,1,1,0.45,1437,0
2.16,Maize,Black,1,0,0.44,1385,0
1.12,Cotton,Clay,0,0,0.91,632,0
14.9,Wheat,Clay,1,1,0.74,667,1
8.67,Sugarcane,Loam,1,0,0.47,331,0
14.18,Wheat,Loam,1,1,0.49,1376,0
1.83,Sugarcane,Black,0,0,0.63,1271,0
11.83,Cotton,Sandy,0,0,0.67,417,0
8.23,Wheat,Clay,1,0,0.24,1372,0
9.06,Cotton,Clay,0,1,0.76,1433,0
9.59,Rice,Black,1,1,0.22,557,0
11.49,Millets,Loam,1,0,0.57,782,0
6.2,Sugarcane,Loam,0,0,0.43,1415,0
8.61,Millets,Black,1,0,0.33,542,0
8.96,Wheat,Black,0,1,0.84,1022,0
13.43,Wheat,Black,1,0,0.95,309,0
2.16,Rice,Loam,0,0,0.38,1142,0
9.88,Wheat,Loam,0,1,0.69,589,0
2.43,Maize,Sandy,1,0,0.53,323,0
7.3,Maize,Loam,1,1,0.7,584,1
3.27,Maize,Clay,1,0,0.53,1147,0
6.51,Wheat,Sandy,1,0,0.52,869,0
7.0,Rice,Sandy,1,1,0.42,1386,0
7.59,Sugarcane,Clay,0,0,0.44,678,0
10.95,Sugarcane,Loam,1,0,0.81,1148,0
3.94,Maize,Clay,0,1,0.48,464,0
2.58,Maize,Loam,0,1,0.35,1239,0
14.34,Maize,Sandy,1,0,0.71,734,0
12.46,Rice,Sandy,0,0,0.25,1305,0
5.47,Millets,Black,0,1,0.94,674,0
10.28,Maize,Black,1,0,0.53,356,0
2.99,Rice,Clay,1,0,0.23,588,0
11.31,Millets,Sandy,1,1,0.55,467,1
8.25,Rice,Black,0,1,0.7,831,0
6.59,Cotton,Black,0,1,0.87,905,0
14.53,Cotton,Black,0,0,0.61,743,0
3.67,Sugarcane,Loam,0,1,0.7,848,0
0.59,Sugarcane,Sandy,0,1,0.46,400,0
3.91,Cotton,Black,1,1,0.94,416,1
7.65,Rice,Sandy,0,1,0.53,864,0
3.43,Maize,Black,1,1,0.38,666,0
14.93,Wheat,Black,1,0,0.33,305,0
4.11,Sugarcane,Clay,0,1,0.89,421,0
12.51,Cotton,Clay,0,0,0.86,1239,0
12.62,Millets,Sandy,0,1,0.84,317,0
12.79,Maize,Sandy,0,1,0.39,839,0
10.29,Rice,Sandy,1,1,0.89,505,1
1.31,Maize,Loam,0,1,0.42,1394,0
7.33,Wheat,Black,0,1,0.61,1180,0
14.0,Wheat,Clay,0,1,0.46,986,0
10.65,Rice,Clay,1,1,0.9,1006,1
5.72,Millets,Loam,1,1,0.31,856,0
9.4,Wheat,Sandy,0,1,0.73,562,0
1.75,Maize,Clay,1,0,0.58,928,0
3.88,Sugarcane,Sandy,1,0,0.81,887,0
9.19,Rice,Sandy,1,0,0.5,809,0
2.18,Millets,Black,1,1,0.74,1407,1
14.48,Cotton,Black,1,0,0.7,497,0
0.86,Rice,Black,0,1,0.73,1216,0
1.38,Cotton,Black,1,0,0.32,652,0
3.5,Sugarcane,Loam,0,0,0.95,1431,0
12.27,Maize,Black,1,1,0.73,391,1
8.86,Wheat,Sandy,1,0,0.44,361,0
11.2,Maize,Black,0,1,0.4,801,0
3.28,Sugarcane,Black,0,0,0.85,864,0
12.07,Sugarcane,Clay,1,1,0.45,853,0
1.56,Millets,Clay,1,1,0.45,303,0
12.96,Cotton,Black,1,1,0.47,363,0
10.73,Rice,Clay,0,0,0.34,369,0
0.75,Sugarcane,Sandy,0,1,0.22,750,0
8.6,Rice,Black,0,1,0.87,927,0
7.7,Cotton,Black,1,0,0.47,1093,0
1.46,Sugarcane,Black,0,0,0.44,685,0
2.5,Sugarcane,Clay,0,0,0.32,819,0
5.11,Sugarcane,Black,0,1,0.71,692,0
8.33,Millets,Clay,0,0,0.67,713,0
1.42,Sugarcane,Loam,0,1,0.27,1162,0
4.56,Wheat,Black,0,0,0.34,1274,0
11.65,Wheat,Loam,1,1,0.78,344,1
5.93,Wheat,Black,1,1,0.32,990,0
14.49,Wheat,Black,1,0,0.42,336,0
8.2,Wheat,Loam,0,0,0.34,1246,0
12.9,Rice,Clay,1,1,0.88,1041,1
2.89,Sugarcane,Clay,1,0,0.29,423,0
9.91,Wheat,Loam,0,0,0.8,790,0
8.37,Wheat,Clay,1,1,0.8,1275,1
3.64,Cotton,Black,1,0,0.52,984,0
3.06,Wheat,Clay,0,1,0.21,1196,0
4.44,Wheat,Loam,0,1,0.32,1228,0
4.29,Maize,Sandy,1,0,0.91,1408,0
11.87,Millets,Clay,0,1,0.56,395,0
10.0,Cotton,Loam,1,0,0.64,810,0
7.92,Rice,Clay,1,1,0.72,1462,1
1.28,Sugarcane,Sandy,1,0,0.32,712,0
12.32,Rice,Sandy,1,0,0.61,1374,0
7.14,Sugarcane,Clay,0,0,0.94,754,0
1.45,Sugarcane,Clay,0,0,0.34,1336,0
8.53,Maize,Sandy,1,1,0.76,818,1
6.78,Sugarcane,Black,1,0,0.9,1245,0
7.39,Wheat,Loam,0,0,0.55,892,0
2.09,Sugarcane,Black,1,1,0.81,1296,1
13.18,Sugarcane,Loam,0,1,0.66,1048,0
7.42,Maize,Sandy,0,0,0.38,1347,0
6.83,Millets,Black,1,1,0.78,923,1
14.11,Wheat,Sandy,1,0,0.49,471,0
2.16,Wheat,Clay,0,0,0.77,920,0
2.01,Millets,Clay,1,1,0.64,1045,1
9.96,Rice,Sandy,0,1,0.93,842,0
14.81,Cotton,Black,1,1,0.44,764,0
11.75,Maize,Clay,0,0,0.7,1437,0
4.5,Rice,Clay,0,1,0.37,1214,0
1.73,Cotton,Loam,0,0,0.46,1074,0
0.99,Millets,Clay,1,0,0.9,955,0
13.44,Millets,Sandy,1,0,0.32,838,0
7.59,Rice,Black,0,0,0.54,502,0
7.72,Wheat,Sandy,0,1,0.87,897,0
7.94,Wheat,Clay,0,1,0.35,340,0
3.68,Wheat,Loam,1,0,0.92,1253,0
1.7,Maize,Loam,0,0,0.8,1394,0
6.27,Millets,Clay,1,1,0.65,564,1
4.07,Maize,Loam,1,0,0.87,1416,0
12.12,Maize,Clay,1,1,0.93,1416,1
2.65,Sugarcane,Black,0,1,0.2,487,0
6.75,Maize,Loam,1,0,0.63,540,0
6.0,Sugarcane,Clay,0,1,0.81,751,0
5.41,Maize,Sandy,0,1,0.23,1210,0
6.73,Maize,Clay,1,0,0.95,723,0
13.07,Sugarcane,Sandy,0,1,0.54,1174,0
9.81,Rice,Sandy,0,0,0.44,1128,0
7.83,Sugarcane,Clay,0,1,0.43,1090,0
11.59,Rice,Sandy,0,0,0.38,861,0
4.54,Wheat,Clay,0,1,0.43,968,0
6.5,Wheat,Sandy,0,1,0.9,915,0
13.26,Millets,Black,0,0,0.51,436,0
1.2,Rice,Clay,1,1,0.83,930,0
14.86,Millets,Black,0,1,0.75,1093,0
11.21,Cotton,Loam,0,0,0.61,350,0
13.46,Wheat,Clay,0,1,0.72,427,0
13.63,Cotton,Black,0,0,0.28,399,0
7.45,Rice,Clay,0,0,0.24,769,0
4.72,Maize,Clay,1,1,0.79,347,1
11.95,Cotton,Sandy,1,0,0.33,1091,0
4.1,Millets,Black,0,0,0.78,1272,0
10.63,Cotton,Loam,0,0,0.66,987,0
3.33,Maize,Loam,0,0,0.28,821,0
4.28,Sugarcane,Loam,0,1,0.3,494,0
2.15,Sugarcane,Clay,1,1,0.6,871,1
10.24,Millets,Loam,0,1,0.27,790,0
7.64,Wheat,Clay,1,1,0.88,750,1
10.45,Maize,Black,1,1,0.58,1069,1
10.37,Millets,Clay,1,0,0.8,307,0
6.89,Sugarcane,Loam,1,1,0.57,1380,1
6.19,Wheat,Clay,1,1,0.9,513,1
1.58,Sugarcane,Black,0,1,0.61,478,0
3.17,Rice,Black,1,0,0.43,387,0
3.79,Maize,Loam,0,0,0.23,1247,0
2.31,Millets,Clay,1,0,0.71,1104,0
8.08,Millets,Sandy,0,1,0.82,654,0
8.74,Cotton,Sandy,1,1,0.91,1007,1
8.44,Wheat,Sandy,1,0,0.53,1411,0
12.66,Sugarcane,Black,1,0,0.68,1330,0
14.71,Wheat,Clay,0,0,0.28,790,0
3.07,Maize,Clay,1,1,0.49,1376,0
7.4,Wheat,Loam,1,1,0.38,631,0
13.31,Cotton,Black,0,1,0.2,1100,0
13.14,Maize,Sandy,0,1,0.69,632,0
12.5,Maize,Sandy,1,0,0.64,779,0
4.11,Cotton,Sandy,1,1,0.29,609,0
4.22,Cotton,Clay,1,1,0.81,1182,1
14.28,Wheat,Black,1,1,0.32,855,0
8.05,Wheat,Clay,1,1,0.94,1256,1
5.81,Millets,Clay,1,1,0.91,1194,1
12.72,Millets,Sandy,1,1,0.55,1171,1
9.2,Cotton,Loam,1,1,0.23,678,0
1.5,Sugarcane,Black,1,0,0.59,743,0
12.83,Maize,Black,0,0,0.27,1016,0
3.66,Rice,Sandy,1,0,0.81,827,0
8.29,Sugarcane,Sandy,1,0,0.22,1093,0
0.88,Sugarcane,Black,1,0,0.39,1151,0
9.21,Cotton,Sandy,0,1,0.38,633,0
4.78,Cotton,Loam,0,0,0.33,1436,0
1.19,Sugarcane,Sandy,1,1,0.36,1218,0
7.36,Rice,Loam,0,0,0.25,1347,0
1.98,Wheat,Sandy,0,0,0.62,1158,0
10.25,Wheat,Sandy,1,0,0.51,878,0
12.42,Cotton,Clay,1,0,0.9,1346,0
1.79,Sugarcane,Clay,0,0,0.77,1175,0
7.87,Wheat,Sandy,1,0,0.29,603,0
3.26,Rice,Sandy,0,0,0.5,1423,0
10.64,Millets,Black,0,1,0.54,360,0
9.57,Cotton,Clay,1,1,0.64,900,1
8.48,Millets,Loam,1,1,0.46,359,0
1.15,Wheat,Black,0,0,0.93,358,0
3.74,Millets,Black,1,0,0.52,1065,0
8.04,Wheat,Black,0,0,0.3,1300,0
14.47,Maize,Loam,1,1,0.43,588,0
6.96,Wheat,Black,1,1,0.42,1270,0
6.55,Sugarcane,Clay,1,1,0.36,670,0
14.92,Millets,Black,1,1,0.92,1278,1
9.6,Millets,Loam,1,0,0.37,1181,0
3.98,Sugarcane,Loam,0,0,0.91,1042,0
6.09,Rice,Sandy,1,1,0.5,893,1
5.3,Sugarcane,Clay,1,1,0.77,356,1
8.0,Millets,Black,1,1,0.86,1424,1
14.2,Rice,Black,1,1,0.9,1269,1
13.74,Maize,Black,0,1,0.25,1177,0
9.91,Cotton,Sandy,0,0,0.7,878,0
10.16,Maize,Sandy,1,0,0.85,735,0
5.07,Cotton,Sandy,0,0,0.82,517,0
9.99,Cotton,Sandy,1,0,0.51,1337,0
9.77,Millets,Sandy,1,1,0.88,762,1
3.25,Millets,Sandy,1,0,0.33,360,0
11.25,Millets,Sandy,1,1,0.92,1278,1
9.98,Rice,Clay,0,0,0.56,660,0
12.39,Maize,Clay,0,0,0.62,1101,0
9.0,Millets,Sandy,1,1,0.41,889,0
8.13,Maize,Sandy,1,0,0.36,1317,0
12.51,Maize,Loam,0,0,0.29,1280,0
14.79,Rice,Loam,1,1,0.63,1291,1
10.27,Wheat,Sandy,1,1,0.92,768,1
14.88,Cotton,Black,0,0,0.88,967,0
8.17,Rice,Black,0,0,0.82,338,0
11.41,Rice,Black,1,0,0.68,962,0
12.07,Millets,Loam,1,0,0.43,993,0
9.29,Millets,Sandy,0,1,0.73,1312,0
6.17,Cotton,Loam,0,1,0.23,440,0
5.63,Cotton,Sandy,0,1,0.88,1418,0
14.81,Wheat,Clay,0,1,0.7,982,0
2.84,Maize,Clay,0,0,0.73,759,0
4.08,Cotton,Black,0,0,0.49,962,0
3.33,Cotton,Loam,1,0,0.21,1251,0
3.27,Wheat,Black,0,0,0.53,355,0
8.12,Cotton,Clay,1,1,0.54,1490,1
2.54,Sugarcane,Loam,0,0,0.41,1430,0
4.84,Rice,Loam,1,1,0.41,1165,0
9.31,Sugarcane,Black,1,0,0.49,888,0
3.52,Rice,Sandy,0,1,0.9,1100,0
2.97,Rice,Loam,0,1,0.92,982,0
0.68,Millets,Black,0,0,0.94,488,0
3.85,Cotton,Loam,1,1,0.5,1083,1
5.33,Maize,Black,1,0,0.34,537,0
2.07,Wheat,Black,0,1,0.72,610,0
14.55,Maize,Clay,0,1,0.71,584,0
14.67,Sugarcane,Loam,1,1,0.32,778,0
5.6,Sugarcane,Clay,1,0,0.84,1241,0
2.35,Wheat,Black,1,1,0.21,607,0
9.69,Rice,Sandy,0,1,0.83,435,0
12.47,Millets,Black,1,0,0.32,1370,0
7.36,Wheat,Loam,0,0,0.39,944,0
7.26,Millets,Sandy,1,1,0.95,981,1
11.3,Cotton,Loam,0,0,0.48,1378,0
11.91,Wheat,Clay,1,0,0.9,1374,0
1.83,Cotton,Loam,0,1,0.47,1014,0
12.05,Maize,Sandy,0,1,0.35,1138,0
12.88,Rice,Sandy,1,1,0.78,893,1
3.11,Wheat,Loam,0,0,0.57,1084,0
7.82,Cotton,Black,0,1,0.6,544,0
5.9,Millets,Loam,1,0,0.78,721,0
0.74,Sugarcane,Clay,1,1,0.79,1034,0
4.71,Wheat,Loam,1,1,0.49,499,0
5.18,Sugarcane,Loam,0,1,0.41,790,0
1.86,Cotton,Black,0,1,0.44,484,0
5.07,Wheat,Sandy,1,0,0.47,1324,0
12.25,Rice,Loam,1,1,0.28,336,0
4.79,Rice,Black,1,1,0.89,929,1
10.21,Sugarcane,Loam,0,0,0.86,955,0
0.53,Cotton,Black,1,1,0.43,1174,0
6.8,Sugarcane,Black,1,0,0.2,1063,0
9.67,Maize,Clay,1,1,0.73,1184,1
13.17,Sugarcane,Clay,1,1,0.75,502,1
10.32,Sugarcane,Black,0,0,0.95,444,0
14.66,Rice,Clay,0,0,0.51,1309,0
14.28,Rice,Loam,1,0,0.61,477,0
1.1,Rice,Loam,0,0,0.66,598,0
12.99,Maize,Black,0,0,0.44,681,0
12.45,Cotton,Black,1,1,0.85,1067,1
8.37,Cotton,Black,1,0,0.85,720,0
11.35,Wheat,Loam,1,1,0.82,1200,1
13.15,Wheat,Clay,1,1,0.6,551,1
3.5,Millets,Sandy,0,1,0.3,381,0
5.47,Wheat,Sandy,0,0,0.31,1441,0
8.78,Cotton,Loam,0,0,0.42,853,0
6.56,Cotton,Clay,1,1,0.71,579,1
13.69,Maize,Sandy,1,1,0.24,1419,0
1.1,Cotton,Black,1,1,0.35,625,0
12.02,Rice,Clay,0,0,0.45,1157,0
4.13,Millets,Clay,1,1,0.45,1478,0
2.76,Cotton,Sandy,0,1,0.91,726,0
8.65,Wheat,Loam,1,1,0.78,1292,1
6.41,Rice,Loam,1,1,0.46,365,0
6.27,Millets,Clay,1,1,0.44,660,0
11.97,Rice,Clay,1,1,0.62,336,1
5.75,Sugarcane,Sandy,0,0,0.64,693,0
7.17,Wheat,Loam,1,1,0.71,531,1
10.71,Rice,Loam,1,1,0.24,1013,0
12.85,Millets,Clay,0,0,0.94,1417,0
4.25,Sugarcane,Loam,0,0,0.6,890,0
8.03,Millets,Sandy,1,0,0.23,566,0
1.13,Sugarcane,Sandy,1,0,0.87,1347,0
1.62,Maize,Black,0,1,0.64,484,0
2.05,Rice,Sandy,0,0,0.28,1196,0
7.95,Sugarcane,Clay,0,0,0.49,1036,0
13.55,Cotton,Clay,1,0,0.63,1427,0
1.69,Millets,Clay,0,1,0.21,572,0
3.91,Wheat,Clay,0,0,0.87,1363,0
8.57,Wheat,Loam,0,1,0.47,871,0
4.08,Rice,Loam,0,0,0.59,860,0
10.45,Sugarcane,Loam,0,0,0.5,701,0
13.33,Cotton,Loam,0,0,0.4,945,0
2.94,Cotton,Loam,1,0,0.75,419,0
3.85,Rice,Black,0,1,0.87,1225,0
12.46,Wheat,Sandy,0,1,0.87,1222,0
11.63,Sugarcane,Loam,1,1,0.48,779,0
12.2,Maize,Clay,1,0,0.67,1426,0
11.03,Wheat,Clay,0,0,0.4,1219,0
6.31,Wheat,Loam,0,1,0.4,1493,0
12.92,Rice,Loam,0,0,0.29,1045,0
2.08,Millets,Black,0,0,0.67,1401,0
0.96,Wheat,Loam,1,0,0.74,617,0
8.17,Wheat,Clay,0,0,0.86,1369,0
6.78,Sugarcane,Clay,0,1,0.54,830,0
8.82,Wheat,Black,0,1,0.93,544,0
14.92,Wheat,Black,1,1,0.2,710,0
1.64,Sugarcane,Sandy,1,1,0.4,1205,0
11.9,Wheat,Clay,0,1,0.81,633,0
4.67,Millets,Clay,1,0,0.93,484,0
7.04,Cotton,Sandy,1,1,0.81,1142,1
12.88,Cotton,Black,1,1,0.66,1386,1
2.03,Wheat,Black,1,1,0.3,525,0
10.88,Rice,Clay,1,0,0.78,864,0
9.39,Wheat,Loam,1,1,0.24,340,0
13.75,Maize,Loam,0,0,0.61,312,0
4.16,Sugarcane,Sandy,1,0,0.61,879,0
13.31,Wheat,Loam,1,1,0.84,1140,1
8.74,Maize,Clay,1,0,0.79,604,0
11.98,Maize,Black,0,1,0.52,375,0
14.65,Rice,Loam,0,0,0.66,309,0
2.43,Sugarcane,Black,0,0,0.65,350,0
1.83,Maize,Loam,0,1,0.69,309,0
14.47,Maize,Clay,1,0,0.62,579,0
6.46,Cotton,Clay,0,0,0.93,1401,0
14.02,Millets,Sandy,1,0,0.46,1141,0
13.38,Millets,Loam,1,1,0.48,1286,0
6.21,Rice,Sandy,0,1,0.39,1026,0
3.78,Millets,Loam,1,1,0.38,367,0
6.38,Maize,Loam,1,0,0.94,1367,0
10.01,Cotton,Sandy,0,0,0.5,910,0
4.1,Cotton,Loam,1,0,0.91,773,0
9.96,Millets,Sandy,1,1,0.34,666,0
6.48,Sugarcane,Loam,1,1,0.51,1045,1
8.55,Cotton,Black,0,1,0.94,457,0
4.19,Millets,Clay,0,0,0.35,616,0
14.02,Sugarcane,Loam,0,1,0.93,542,0
11.52,Wheat,Black,0,0,0.32,1128,0
8.15,Cotton,Loam,0,1,0.77,429,0
10.69,Sugarcane,Loam,1,0,0.92,464,0
8.52,Rice,Sandy,1,0,0.6,1326,0
9.62,Maize,Sandy,1,0,0.3,614,0
12.66,Wheat,Black,1,1,0.38,1002,0
10.72,Rice,Loam,0,0,0.46,812,0
9.27,Millets,Sandy,1,1,0.84,1315,1
4.38,Millets,Loam,0,0,0.31,711,0
2.65,Rice,Clay,1,1,0.39,338,0
11.15,Rice,Loam,1,1,0.54,1291,1
1.67,Sugarcane,Sandy,1,0,0.51,1157,0
3.14,Cotton,Black,0,0,0.38,1181,0
12.75,Wheat,Sandy,0,0,0.42,1187,0
10.03,Sugarcane,Clay,1,0,0.21,622,0
8.96,Sugarcane,Loam,1,0,0.52,1385,0
1.97,Sugarcane,Black,1,1,0.8,594,0
10.93,Maize,Black,1,1,0.47,1477,0
10.25,Millets,Loam,0,1,0.59,1389,0
8.1,Maize,Black,1,0,0.82,1202,0
1.2,Millets,Clay,0,1,0.67,936,0
10.82,Wheat,Clay,1,1,0.38,1348,0
5.48,Cotton,Sandy,0,1,0.27,1261,0
3.16,Wheat,Clay,1,0,0.25,482,0
1.54,Cotton,Clay,0,1,0.65,1303,0
3.49,Sugarcane,Loam,1,1,0.67,688,1
4.07,Sugarcane,Sandy,1,0,0.26,1078,0
8.86,Sugarcane,Clay,1,1,0.9,756,1
13.33,Millets,Clay,0,1,0.39,1429,0
5.09,Maize,Clay,0,0,0.32,1482,0
8.1,Wheat,Loam,1,1,0.84,1048,1
1.31,Maize,Loam,0,1,0.85,1191,0
13.11,Cotton,Sandy,0,1,0.48,810,0
9.25,Rice,Black,1,0,0.69,1435,0
5.03,Sugarcane,Loam,0,0,0.3,342,0
13.77,Maize,Loam,0,1,0.87,353,0
6.47,Rice,Clay,1,0,0.89,1500,0
7.73,Sugarcane,Black,1,0,0.34,1492,0
2.82,Maize,Loam,0,0,0.49,676,0
12.35,Wheat,Black,1,0,0.79,1257,0
11.1,Rice,Black,1,0,0.49,327,0
1.22,Maize,Clay,0,1,0.6,1107,0
7.36,Sugarcane,Clay,0,0,0.79,785,0
8.51,Rice,Clay,1,1,0.68,1198,1
10.44,Cotton,Loam,0,0,0.42,409,0
8.15,Millets,Loam,0,0,0.22,1370,0
14.76,Wheat,Black,1,0,0.45,562,0
12.17,Sugarcane,Clay,0,0,0.33,898,0
9.92,Rice,Loam,0,1,0.52,1339,0
4.57,Sugarcane,Sandy,0,0,0.91,1072,0
9.29,Maize,Black,0,1,0.5,971,0
8.83,Millets,Black,0,1,0.71,1056,0
7.95,Sugarcane,Black,0,1,0.8,1372,0
1.23,Rice,Black,1,1,0.83,415,0
6.67,Maize,Clay,0,1,0.66,579,0
8.08,Millets,Loam,0,1,0.78,789,0
6.75,Maize,Loam,0,0,0.61,1311,0
4.03,Wheat,Black,0,1,0.62,988,0
13.36,Maize,Sandy,0,0,0.35,383,0
2.8,Wheat,Sandy,0,0,0.75,1275,0
11.33,Millets,Loam,1,1,0.39,1293,0
12.07,Maize,Clay,1,1,0.63,1435,1
3.1,Wheat,Sandy,1,1,0.53,775,1
7.1,Maize,Loam,0,0,0.93,1389,0
11.08,Wheat,Clay,0,0,0.49,743,0
6.87,Maize,Sandy,1,0,0.22,1084,0
10.07,Sugarcane,Black,0,1,0.85,632,0
14.27,Sugarcane,Sandy,0,1,0.71,430,0
9.27,Sugarcane,Black,1,0,0.52,549,0
6.64,Rice,Black,0,1,0.7,375,0
13.49,Cotton,Clay,0,1,0.25,497,0
4.51,Millets,Loam,1,0,0.52,699,0
11.5,Rice,Clay,0,0,0.29,1339,0
3.83,Sugarcane,Loam,0,0,0.7,1367,0
8.1,Wheat,Black,0,1,0.58,1450,0
5.51,Sugarcane,Sandy,1,0,0.79,459,0
9.67,Sugarcane,Sandy,1,0,0.9,847,0
1.37,Millets,Loam,1,0,0.92,1080,0
14.71,Maize,Sandy,0,1,0.39,1403,0
7.41,Wheat,Black,1,0,0.48,783,0
0.92,Millets,Sandy,0,1,0.54,799,0
7.12,Maize,Black,0,0,0.81,1309,0
1.27,Sugarcane,Loam,0,0,0.74,473,0
0.86,Wheat,Clay,1,1,0.41,349,0
3.34,Maize,Sandy,0,0,0.34,379,0
10.43,Cotton,Black,1,1,0.35,465,0
13.04,Cotton,Loam,1,1,0.28,588,0
1.19,Wheat,Loam,1,1,0.44,439,0
1.21,Rice,Clay,1,0,0.92,965,0
6.16,Rice,Loam,0,0,0.84,1406,0
7.01,Cotton,Loam,1,1,0.83,397,1
12.1,Cotton,Loam,0,1,0.37,1313,0
12.86,Wheat,Clay,1,1,0.41,1152,0
7.73,Sugarcane,Sandy,1,0,0.86,445,0
5.5,Cotton,Sandy,0,1,0.85,714,0
12.28,Maize,Sandy,1,0,0.52,511,0
4.79,Rice,Loam,0,1,0.45,1198,0
8.63,Sugarcane,Loam,1,0,0.58,850,0
12.0,Maize,Black,1,1,0.73,726,1
3.09,Maize,Sandy,0,1,0.26,752,0
3.53,Wheat,Black,0,1,0.58,865,0
11.26,Cotton,Black,1,0,0.67,1001,0
14.56,Wheat,Sandy,0,0,0.81,990,0
13.59,Wheat,Loam,1,0,0.39,720,0
9.67,Cotton,Clay,1,1,0.62,1177,1
8.87,Maize,Sandy,0,0,0.58,850,0
12.59,Rice,Clay,1,0,0.85,440,0
13.35,Millets,Loam,0,0,0.83,1287,0
1.71,Millets,Black,0,0,0.56,1057,0
14.34,Millets,Loam,1,0,0.35,781,0
2.44,Millets,Loam,1,0,0.26,1474,0
12.02,Maize,Clay,1,0,0.83,781,0
8.72,Rice,Sandy,1,0,0.5,1296,0
14.15,Maize,Clay,1,0,0.69,1095,0
9.2,Maize,Clay,1,1,0.54,819,1
7.01,Cotton,Loam,1,0,0.76,601,0
12.46,Cotton,Loam,1,1,0.36,837,0
0.56,Millets,Loam,1,0,0.94,1488,0
2.98,Rice,Sandy,1,1,0.59,932,1
11.92,Wheat,Sandy,0,0,0.52,1073,0
3.09,Wheat,Loam,0,0,0.22,1411,0
6.93,Rice,Loam,0,0,0.59,890,0
10.39,Sugarcane,Clay,1,0,0.25,1232,0
5.31,Millets,Black,0,0,0.66,699,0
4.09,Sugarcane,Black,1,0,0.58,620,0
5.54,Wheat,Clay,0,0,0.5,659,0
3.04,Wheat,Loam,0,0,0.95,1339,0
3.57,Sugarcane,Clay,0,1,0.62,984,0
6.27,Rice,Loam,1,0,0.43,1167,0
10.33,Rice,Black,0,1,0.59,756,0
5.3,Millets,Clay,0,1,0.77,321,0
7.02,Sugarcane,Clay,0,1,0.66,1094,0
10.81,Cotton,Clay,0,0,0.54,368,0
7.97,Rice,Sandy,0,1,0.34,993,0
0.91,Millets,Clay,1,0,0.92,1398,0
9.73,Cotton,Sandy,0,0,0.65,1098,0
14.07,Sugarcane,Loam,1,0,0.37,319,0
5.22,Sugarcane,Clay,1,1,0.81,460,1
0.71,Wheat,Black,0,0,0.8,1251,0
8.84,Sugarcane,Loam,1,0,0.38,338,0
9.53,Sugarcane,Sandy,1,1,0.24,443,0
2.02,Maize,Clay,1,0,0.83,552,0
13.15,Maize,Sandy,0,1,0.26,888,0
7.53,Wheat,Sandy,0,0,0.84,825,0
8.86,Cotton,Loam,1,0,0.59,701,0
2.41,Rice,Sandy,1,0,0.93,1144,0
5.04,Millets,Clay,0,1,0.58,852,0
12.52,Millets,Black,1,1,0.76,1280,1
1.18,Maize,Sandy,0,0,0.54,830,0
2.9,Maize,Black,0,1,0.88,963,0
10.34,Maize,Clay,0,0,0.77,1487,0
13.71,Rice,Sandy,1,1,0.75,1427,1
12.37,Sugarcane,Loam,0,0,0.45,658,0
5.51,Cotton,Sandy,0,0,0.47,652,0
14.52,Rice,Black,1,1,0.81,768,1
7.98,Rice,Black,0,1,0.74,397,0
9.28,Millets,Sandy,0,1,0.43,521,0
13.02,Rice,Black,1,0,0.32,1092,0
5.31,Sugarcane,Loam,1,1,0.75,1094,1
12.87,Cotton,Sandy,0,0,0.76,443,0
5.15,Maize,Sandy,1,0,0.37,574,0
13.87,Maize,Clay,0,0,0.92,603,0
4.46,Cotton,Clay,1,0,0.86,1265,0
2.84,Wheat,Sandy,0,0,0.41,951,0
13.5,Cotton,Clay,0,1,0.41,666,0
3.51,Rice,Clay,1,0,0.25,1451,0
10.65,Maize,Black,1,1,0.89,1147,1
12.9,Rice,Sandy,1,0,0.77,838,0
13.89,Rice,Loam,0,0,0.33,995,0
7.11,Sugarcane,Sandy,0,1,0.62,734,0
6.19,Sugarcane,Clay,1,0,0.94,1281,0
0.66,Rice,Loam,1,1,0.41,305,0
13.5,Rice,Clay,1,0,0.54,750,0
5.82,Wheat,Clay,1,0,0.75,1173,0
13.15,Rice,Loam,0,0,0.83,950,0
7.92,Cotton,Black,0,0,0.54,1430,0
2.41,Cotton,Sandy,1,1,0.63,310,1
12.85,Wheat,Sandy,0,1,0.63,1455,0
11.7,Sugarcane,Black,0,1,0.5,922,0
11.14,Cotton,Black,0,0,0.89,502,0
3.89,Cotton,Loam,0,0,0.75,660,0
4.78,Sugarcane,Black,0,0,0.66,821,0
9.03,Wheat,Black,1,1,0.45,1468,0
1.88,Rice,Loam,0,0,0.9,512,0
11.77,Sugarcane,Sandy,1,1,0.26,1496,0
9.82,Sugarcane,Clay,1,0,0.87,1339,0
7.7,Maize,Black,1,0,0.48,425,0
8.77,Rice,Black,0,0,0.31,911,0
7.3,Sugarcane,Loam,0,0,0.37,543,0
0.75,Wheat,Black,0,1,0.38,1471,0
12.47,Sugarcane,Black,0,0,0.77,1083,0
8.86,Sugarcane,Loam,0,1,0.79,918,0
2.59,Cotton,Black,0,0,0.27,426,0
12.92,Cotton,Sandy,0,0,0.81,1083,0
6.23,Rice,Black,0,0,0.66,616,0
14.12,Wheat,Sandy,1,0,0.27,1282,0
11.31,Sugarcane,Loam,0,0,0.84,619,0
0.77,Sugarcane,Black,1,0,0.87,706,0
1.65,Millets,Sandy,1,1,0.24,768,0
11.33,Cotton,Black,0,1,0.49,555,0
14.4,Maize,Loam,1,0,0.85,636,0
7.43,Sugarcane,Loam,0,0,0.82,1068,0
6.48,Millets,Loam,0,0,0.56,1391,0
9.74,Sugarcane,Black,1,0,0.37,509,0
8.07,Millets,Black,1,0,0.92,631,0
3.63,Maize,Clay,0,0,0.93,443,0
6.58,Wheat,Black,0,1,0.92,890,0
6.0,Sugarcane,Sandy,0,1,0.22,1062,0
6.88,Rice,Black,1,1,0.78,1023,1
6.22,Rice,Sandy,0,1,0.46,793,0
12.72,Rice,Loam,0,1,0.43,1073,0
12.06,Cotton,Black,1,0,0.43,1306,0
4.83,Sugarcane,Black,1,1,0.33,1265,0
4.52,Millets,Loam,1,1,0.23,897,0
13.05,Cotton,Loam,0,0,0.49,627,0
11.37,Sugarcane,Sandy,1,0,0.94,925,0
0.68,Wheat,Sandy,0,1,0.85,1458,0
8.06,Cotton,Sandy,0,0,0.21,575,0
13.62,Millets,Loam,0,1,0.92,1376,0
0.69,Millets,Black,0,0,0.44,1064,0
12.59,Rice,Loam,1,1,0.48,1249,0
13.77,Wheat,Loam,1,0,0.9,1414,0
6.33,Cotton,Black,0,1,0.56,1240,0
11.13,Rice,Sandy,0,1,0.8,439,0
13.41,Millets,Loam,1,1,0.88,1111,1
3.18,Sugarcane,Black,1,1,0.48,380,0
5.13,Maize,Black,0,1,0.79,444,0
10.18,Cotton,Loam,1,0,0.51,376,0
14.4,Rice,Black,1,0,0.89,1005,0
2.9,Maize,Loam,1,1,0.34,724,0
12.4,Maize,Clay,0,1,0.89,1485,0
1.29,Cotton,Loam,0,0,0.65,679,0
9.83,Sugarcane,Clay,1,0,0.41,609,0
9.27,Wheat,Clay,1,1,0.5,1344,1
5.43,Millets,Loam,1,1,0.6,1180,1
2.43,Wheat,Clay,0,1,0.86,694,0
0.51,Cotton,Loam,0,0,0.46,343,0
14.31,Maize,Sandy,0,0,0.9,1138,0
2.31,Sugarcane,Black,0,1,0.24,483,0
3.7,Maize,Sandy,1,1,0.84,622,1
13.09,Wheat,Loam,0,0,0.52,827,0
10.94,Sugarcane,Clay,1,0,0.9,1088,0
3.57,Rice,Sandy,1,1,0.88,737,1
4.76,Rice,Loam,1,0,0.47,494,0
7.38,Maize,Sandy,1,1,0.85,1368,1
4.01,Maize,Sandy,0,0,0.94,1164,0
10.3,Sugarcane,Sandy,0,1,0.4,895,0
13.44,Maize,Black,0,1,0.72,1002,0
6.53,Maize,Clay,1,0,0.8,739,0
5.14,Wheat,Black,0,1,0.9,519,0
11.69,Cotton,Black,1,1,0.23,678,0
14.16,Sugarcane,Clay,0,1,0.2,398,0
4.35,Wheat,Clay,1,0,0.92,617,0
14.04,Wheat,Clay,1,1,0.36,1028,0
9.39,Sugarcane,Black,1,1,0.27,824,0
2.26,Cotton,Black,1,0,0.38,1296,0
11.51,Maize,Sandy,0,0,0.84,827,0
4.58,Millets,Clay,0,0,0.29,490,0
8.34,Millets,Clay,1,0,0.75,502,0
0.59,Rice,Loam,1,1,0.84,964,0
12.97,Cotton,Sandy,0,1,0.95,1440,0
11.46,Cotton,Loam,1,1,0.4,468,0
3.23,Millets,Black,0,1,0.61,720,0
4.95,Sugarcane,Sandy,0,0,0.72,1285,0
6.66,Cotton,Black,1,0,0.83,779,0
2.04,Cotton,Loam,1,1,0.55,1094,1
5.61,Sugarcane,Black,1,0,0.87,362,0
2.68,Wheat,Sandy,1,1,0.47,483,0
14.07,Wheat,Black,1,1,0.34,324,0
8.3,Cotton,Loam,0,0,0.54,1363,0
11.36,Millets,Clay,1,1,0.65,995,1
10.04,Maize,Sandy,0,1,0.64,1098,0
10.13,Cotton,Sandy,0,1,0.76,1091,0
6.65,Sugarcane,Sandy,1,1,0.44,301,0
14.07,Cotton,Loam,1,0,0.57,429,0
8.4,Sugarcane,Clay,0,0,0.92,910,0
1.75,Millets,Sandy,0,0,0.68,732,0
11.45,Sugarcane,Sandy,1,1,0.38,425,0
14.01,Sugarcane,Loam,1,0,0.42,754,0
1.87,Millets,Sandy,1,0,0.87,1052,0
7.16,Sugarcane,Loam,1,0,0.67,1239,0
1.52,Cotton,Sandy,0,1,0.2,722,0
7.31,Millets,Black,0,1,0.76,1328,0
13.97,Sugarcane,Black,1,1,0.64,1044,1
0.55,Sugarcane,Clay,1,0,0.21,623,0
10.07,Rice,Loam,0,1,0.8,391,0
14.84,Sugarcane,Loam,1,0,0.92,534,0
7.14,Rice,Loam,1,0,0.34,1140,0
13.05,Maize,Black,1,0,0.66,755,0
8.46,Millets,Loam,1,1,0.72,751,1
4.06,Maize,Loam,1,1,0.36,811,0
4.38,Cotton,Loam,0,0,0.34,1367,0
6.37,Rice,Sandy,0,0,0.5,1083,0
14.62,Sugarcane,Clay,0,0,0.63,1495,0
9.18,Millets,Black,1,1,0.75,927,1
11.62,Sugarcane,Sandy,0,0,0.46,568,0
1.57,Millets,Clay,1,1,0.88,888,0
11.92,Sugarcane,Sandy,1,0,0.85,460,0
4.43,Wheat,Clay,0,1,0.49,1253,0
5.48,Rice,Loam,1,1,0.26,651,0
10.5,Wheat,Sandy,1,1,0.68,496,1
14.35,Millets,Black,0,1,0.85,995,0
9.85,Millets,Clay,1,1,0.31,1024,0
11.43,Sugarcane,Loam,0,0,0.86,324,0
0.72,Wheat,Black,0,0,0.65,1071,0
10.83,Cotton,Loam,0,0,0.4,1500,0
10.82,Sugarcane,Clay,0,0,0.41,1223,0
1.84,Rice,Loam,0,1,0.37,399,0
8.41,Millets,Black,1,0,0.29,1421,0
9.99,Wheat,Black,0,0,0.71,471,0
12.66,Maize,Sandy,1,1,0.67,1094,1
2.14,Wheat,Sandy,0,0,0.92,1361,0
4.17,Rice,Clay,1,0,0.57,1096,0
8.41,Cotton,Loam,1,0,0.62,1175,0
7.7,Millets,Sandy,0,0,0.24,657,0
13.38,Wheat,Sandy,1,1,0.56,1012,1
13.57,Wheat,Clay,1,1,0.64,616,1
6.96,Millets,Clay,1,1,0.47,1211,0
4.91,Wheat,Sandy,1,1,0.24,678,0
6.69,Rice,Black,0,0,0.29,1224,0
3.31,Millets,Clay,0,0,0.84,1348,0
5.88,Millets,Clay,0,1,0.68,1234,0
5.95,Rice,Sandy,0,0,0.21,522,0
4.3,Wheat,Loam,0,0,0.76,663,0
5.09,Maize,Sandy,1,0,0.3,445,0
1.26,Wheat,Clay,0,0,0.59,982,0
12.72,Sugarcane,Black,0,1,0.86,676,0
2.41,Millets,Loam,0,0,0.59,439,0
4.6,Millets,Sandy,0,0,0.69,307,0
14.0,Wheat,Black,1,0,0.56,1066,0
9.95,Millets,Clay,1,1,0.4,1213,0
1.06,Millets,Sandy,1,0,0.35,790,0
4.36,Wheat,Sandy,1,0,0.63,1171,0
10.87,Sugarcane,Loam,1,1,0.48,644,0
11.44,Cotton,Clay,0,0,0.5,440,0
10.78,Sugarcane,Clay,1,1,0.64,863,1
7.14,Wheat,Clay,0,1,0.28,524,0
0.99,Millets,Clay,1,1,0.46,500,0
4.76,Millets,Sandy,0,0,0.84,1402,0
12.11,Rice,Sandy,0,0,0.94,1472,0
14.96,Sugarcane,Black,1,0,0.3,1155,0
8.94,Wheat,Loam,0,1,0.39,1323,0
10.95,Millets,Clay,1,0,0.47,434,0
6.97,Sugarcane,Loam,0,1,0.55,675,0
2.66,Wheat,Loam,0,0,0.72,333,0
2.07,Wheat,Loam,0,1,0.4,1093,0
14.88,Sugarcane,Black,0,1,0.82,757,0
10.36,Cotton,Black,1,0,0.53,753,0
0.76,Rice,Sandy,1,1,0.22,686,0
5.25,Maize,Sandy,1,1,0.8,481,1
9.96,Sugarcane,Clay,0,0,0.63,592,0
6.56,Sugarcane,Loam,1,1,0.48,518,0
10.23,Millets,Black,0,1,0.85,943,0
4.06,Maize,Loam,0,1,0.81,858,0
8.06,Maize,Black,0,1,0.92,1107,0
0.85,Maize,Black,0,0,0.22,1319,0
3.65,Maize,Black,1,0,0.37,946,0
7.61,Millets,Black,1,1,0.72,899,1
4.38,Rice,Clay,0,1,0.82,716,0
0.85,Millets,Black,1,0,0.34,508,0
13.19,Millets,Black,0,1,0.49,841,0
6.53,Rice,Sandy,0,0,0.56,1299,0
8.59,Rice,Sandy,1,1,0.4,1274,0
13.16,Rice,Clay,1,1,0.91,473,1
0.75,Sugarcane,Sandy,0,0,0.27,954,0
9.45,Maize,Black,0,1,0.89,830,0
10.62,Maize,Loam,1,0,0.58,809,0
7.81,Maize,Black,0,0,0.93,1240,0
2.37,Maize,Sandy,0,1,0.39,810,0
14.61,Maize,Loam,0,1,0.31,1245,0
7.37,Wheat,Loam,1,0,0.55,1319,0
0.68,Rice,Black,0,1,0.21,662,0
12.57,Sugarcane,Loam,0,0,0.26,628,0
11.59,Wheat,Sandy,1,1,0.65,495,1
1.57,Wheat,Clay,0,0,0.31,574,0
13.71,Wheat,Loam,0,0,0.31,1227,0
12.37,Sugarcane,Loam,0,1,0.24,1347,0
5.13,Sugarcane,Clay,1,0,0.92,635,0
1.62,Millets,Sandy,1,0,0.62,1055,0
1.55,Wheat,Loam,1,1,0.62,678,0
13.48,Sugarcane,Black,1,0,0.39,439,0
2.42,Wheat,Loam,0,0,0.74,514,0
1.15,Sugarcane,Black,0,0,0.5,394,0
4.28,Maize,Loam,1,0,0.56,1445,0
3.75,Rice,Black,1,1,0.62,1323,1
3.93,Millets,Sandy,0,0,0.89,1200,0
14.33,Rice,Loam,0,0,0.73,542,0
5.92,Rice,Sandy,0,0,0.93,569,0
7.37,Rice,Loam,1,0,0.36,311,0
11.8,Maize,Loam,0,0,0.65,499,0
13.72,Maize,Clay,0,0,0.36,771,0
13.07,Cotton,Loam,1,1,0.47,827,0
5.16,Sugarcane,Clay,0,0,0.52,755,0
5.53,Maize,Black,1,0,0.88,1433,0
11.06,Cotton,Loam,1,1,0.27,1330,0
11.17,Maize,Loam,0,1,0.92,1476,0
7.46,Wheat,Loam,0,1,0.27,1484,0
11.39,Millets,Black,0,1,0.95,1141,0
3.11,Cotton,Sandy,1,0,0.43,522,0
9.28,Sugarcane,Clay,1,1,0.22,850,0
11.21,Millets,Sandy,1,1,0.77,919,1
4.32,Cotton,Clay,0,0,0.54,1102,0
3.23,Wheat,Loam,1,1,0.92,619,1
1.04,Rice,Loam,0,1,0.81,996,0
6.77,Rice,Sandy,0,1,0.73,1185,0
1.69,Rice,Black,1,0,0.85,859,0
9.64,Rice,Black,1,1,0.38,1424,0
10.92,Wheat,Loam,1,1,0.36,1116,0
11.98,Maize,Black,0,1,0.35,1227,0
2.61,Wheat,Loam,0,1,0.65,724,0
14.17,Rice,Black,1,1,0.69,745,1
7.76,Sugarcane,Loam,0,1,0.76,540,0
9.9,Cotton,Clay,1,0,0.84,1206,0
14.39,Sugarcane,Sandy,0,0,0.5,515,0
4.45,Millets,Clay,1,1,0.6,1041,1
12.78,Sugarcane,Loam,1,1,0.62,1136,1
7.17,Maize,Loam,0,1,0.33,976,0
9.8,Wheat,Clay,0,1,0.26,488,0
12.05,Maize,Sandy,1,1,0.21,642,0
8.93,Rice,Sandy,1,1,0.28,383,0
0.94,Rice,Sandy,1,1,0.38,1370,0
5.49,Maize,Sandy,1,0,0.36,389,0
2.21,Rice,Clay,1,0,0.28,990,0
14.18,Sugarcane,Loam,1,1,0.34,1091,0
3.66,Maize,Clay,0,1,0.79,833,0
10.88,Cotton,Loam,0,1,0.8,1363,0
10.42,Rice,Black,0,0,0.52,1121,0
6.77,Wheat,Sandy,1,0,0.75,1019,0
11.73,Rice,Black,1,0,0.7,435,0
3.02,Rice,Loam,0,0,0.79,534,0
8.9,Rice,Black,1,1,0.4,767,0
9.26,Maize,Clay,1,0,0.91,1126,0
12.26,Millets,Sandy,1,0,0.21,337,0
2.82,Wheat,Loam,0,0,0.54,532,0
10.49,Cotton,Black,1,1,0.72,335,1
4.4,Rice,Loam,1,1,0.33,750,0
1.59,Cotton,Black,0,0,0.49,990,0
0.56,Millets,Black,1,0,0.93,419,0
13.61,Maize,Black,0,1,0.48,1096,0
12.51,Sugarcane,Black,1,0,0.9,1223,0
8.64,Wheat,Loam,1,0,0.23,404,0
1.15,Millets,Loam,0,0,0.62,409,0
9.8,Wheat,Sandy,0,1,0.31,676,0
11.42,Maize,Sandy,0,1,0.58,1196,0
2.86,Sugarcane,Clay,1,0,0.48,856,0
1.68,Maize,Black,1,0,0.35,878,0
11.74,Sugarcane,Loam,0,1,0.8,888,0
2.75,Millets,Loam,1,0,0.48,887,0
9.31,Wheat,Sandy,0,0,0.69,1468,0
5.72,Wheat,Black,1,1,0.24,916,0
13.64,Wheat,Sandy,0,1,0.82,303,0
6.11,Sugarcane,Sandy,1,1,0.52,425,1
7.66,Sugarcane,Sandy,0,0,0.63,1037,0
5.55,Cotton,Black,0,0,0.88,957,0
1.91,Millets,Clay,0,1,0.75,1373,0
13.45,Maize,Clay,1,0,0.26,1000,0
2.88,Cotton,Clay,1,1,0.3,1034,0
7.3,Wheat,Clay,0,1,0.46,1084,0
10.99,Millets,Loam,1,0,0.38,648,0
12.38,Millets,Black,0,0,0.86,483,0
13.0,Rice,Loam,1,0,0.49,487,0
1.61,Millets,Clay,0,1,0.21,358,0
5.09,Rice,Black,1,1,0.77,1189,1
14.95,Sugarcane,Sandy,0,0,0.63,916,0
7.65,Cotton,Sandy,1,1,0.21,1284,0
6.02,Millets,Black,1,1,0.22,1338,0
11.44,Cotton,Loam,1,1,0.3,1070,0
9.5,Cotton,Clay,1,0,0.45,1410,0
4.31,Wheat,Loam,0,0,0.9,505,0
4.95,Cotton,Loam,0,1,0.66,1067,0
6.84,Wheat,Black,0,0,0.86,648,0
2.29,Maize,Loam,0,1,0.29,1051,0
6.85,Millets,Clay,1,0,0.6,413,0
11.17,Maize,Black,0,0,0.51,774,0
12.96,Rice,Loam,1,1,0.47,419,0
8.43,Cotton,Loam,1,1,0.5,980,1
3.1,Rice,Clay,0,0,0.38,1174,0
2.86,Sugarcane,Loam,1,0,0.83,334,0
8.89,Wheat,Clay,0,0,0.4,1173,0
5.15,Wheat,Clay,1,0,0.47,784,0
0.93,Maize,Loam,1,0,0.66,426,0
4.43,Wheat,Sandy,1,0,0.72,965,0
14.32,Cotton,Loam,0,1,0.26,1297,0
10.78,Wheat,Clay,0,1,0.49,461,0
14.7,Rice,Black,1,1,0.62,757,1
6.64,Sugarcane,Loam,1,0,0.43,411,0
12.7,Maize,Clay,0,1,0.75,1249,0
7.32,Maize,Sandy,0,0,0.78,1440,0
9.47,Maize,Loam,1,0,0.66,630,0
2.25,Sugarcane,Black,0,1,0.57,926,0
10.95,Sugarcane,Black,0,1,0.64,1326,0
2.28,Wheat,Sandy,0,1,0.62,1022,0
10.25,Wheat,Sandy,1,1,0.8,840,1
6.06,Wheat,Clay,0,0,0.64,1109,0
9.78,Maize,Black,0,1,0.7,849,0
13.07,Maize,Black,1,1,0.23,1168,0
2.47,Rice,Sandy,0,1,0.86,428,0
6.64,Maize,Clay,0,0,0.63,428,0
3.93,Maize,Black,1,0,0.89,535,0
6.82,Rice,Sandy,0,0,0.56,1128,0
6.89,Wheat,Sandy,1,0,0.26,379,0
10.06,Maize,Clay,0,0,0.38,854,0
3.99,Wheat,Clay,0,1,0.65,856,0
10.59,Maize,Sandy,1,1,0.73,338,1
13.12,Cotton,Clay,1,1,0.71,697,1
6.19,Rice,Loam,0,0,0.48,784,0
4.27,Sugarcane,Loam,0,1,0.42,746,0
4.44,Maize,Loam,0,0,0.91,1259,0
3.23,Millets,Clay,0,1,0.88,1044,0
8.27,Maize,Loam,0,1,0.3,1381,0
9.6,Cotton,Clay,0,0,0.73,1268,0
9.69,Millets,Black,1,0,0.94,1427,0
8.61,Millets,Loam,1,0,0.53,1405,0
13.01,Millets,Sandy,1,0,0.53,1253,0
12.86,Sugarcane,Loam,0,0,0.65,439,0
6.07,Maize,Sandy,0,0,0.75,701,0
9.44,Maize,Sandy,1,0,0.21,928,0
5.0,Sugarcane,Clay,0,0,0.31,927,0
4.75,Wheat,Black,1,0,0.94,379,0
1.5,Sugarcane,Loam,1,0,0.61,551,0
11.44,Sugarcane,Black,1,1,0.67,937,1
1.34,Maize,Clay,1,0,0.94,326,0
3.6,Sugarcane,Clay,0,0,0.63,1466,0
8.02,Maize,Sandy,0,0,0.62,397,0
4.12,Sugarcane,Sandy,1,0,0.86,591,0
5.47,Sugarcane,Clay,1,0,0.77,757,0
2.27,Maize,Loam,0,0,0.3,650,0
11.74,Millets,Loam,0,1,0.85,741,0
4.8,Wheat,Loam,0,0,0.55,1218,0
1.23,Maize,Sandy,0,0,0.84,617,0
5.86,Cotton,Clay,1,0,0.21,1095,0
1.33,Millets,Black,1,1,0.24,811,0
14.15,Wheat,Sandy,1,0,0.92,776,0
5.31,Millets,Loam,1,1,0.52,1293,1
2.57,Rice,Loam,1,1,0.23,1082,0
9.47,Cotton,Clay,0,1,0.21,1474,0
4.67,Millets,Sandy,0,0,0.85,1435,0
7.15,Rice,Clay,0,1,0.89,513,0
7.16,Rice,Black,0,0,0.42,358,0
3.48,Cotton,Clay,0,1,0.55,476,0
8.78,Wheat,Clay,1,1,0.87,1205,1
2.68,Rice,Black,0,0,0.49,584,0
14.44,Sugarcane,Sandy,0,0,0.22,1483,0
12.64,Maize,Black,1,1,0.26,933,0
8.36,Millets,Clay,1,1,0.51,467,1
2.56,Maize,Black,1,0,0.42,637,0
2.96,Millets,Black,0,0,0.26,620,0
5.9,Rice,Black,0,1,0.66,1303,0
4.92,Wheat,Clay,0,0,0.35,963,0
3.06,Millets,Loam,0,0,0.49,1227,0
11.97,Wheat,Black,0,1,0.46,311,0
3.74,Wheat,Clay,1,0,0.79,1410,0
14.38,Rice,Black,1,0,0.63,806,0
11.3,Cotton,Black,1,1,0.52,1032,1
6.06,Cotton,Loam,1,1,0.74,1242,1
14.45,Sugarcane,Black,0,0,0.88,1420,0
13.12,Millets,Sandy,1,0,0.55,720,0
7.45,Wheat,Loam,0,1,0.65,700,0
10.94,Rice,Loam,0,0,0.27,1443,0
0.85,Cotton,Clay,0,1,0.33,1023,0
4.37,Sugarcane,Black,1,1,0.68,1379,1
3.49,Sugarcane,Sandy,1,1,0.53,856,1
13.36,Cotton,Black,1,0,0.25,725,0
4.01,Sugarcane,Clay,1,0,0.57,990,0
14.48,Rice,Loam,1,1,0.49,309,0
9.76,Sugarcane,Loam,1,0,0.8,963,0
0.52,Maize,Clay,0,0,0.21,890,0
1.46,Millets,Black,0,1,0.39,665,0
8.36,Rice,Clay,0,1,0.87,730,0
7.93,Cotton,Loam,0,0,0.48,395,0
2.4,Maize,Clay,0,1,0.58,1238,0
6.71,Maize,Loam,1,1,0.6,1386,1
3.12,Cotton,Black,0,0,0.69,1267,0
4.54,Millets,Clay,0,0,0.5,1389,0
4.53,Maize,Sandy,0,1,0.9,1268,0
6.63,Rice,Sandy,0,0,0.93,1281,0
13.3,Cotton,Sandy,1,1,0.77,502,1
0.79,Sugarcane,Sandy,0,0,0.42,307,0
1.36,Cotton,Black,0,1,0.4,728,0
13.89,Cotton,Sandy,1,1,0.59,482,1
13.6,Cotton,Black,0,1,0.28,1180,0
10.67,Cotton,Clay,0,0,0.76,1253,0
14.1,Rice,Sandy,0,0,0.86,1267,0
1.16,Sugarcane,Clay,1,0,0.84,1155,0
13.09,Cotton,Clay,0,1,0.49,1149,0
5.92,Maize,Loam,1,0,0.64,483,0
6.17,Cotton,Clay,0,0,0.87,632,0
4.94,Cotton,Loam,0,1,0.37,1129,0
12.45,Maize,Clay,0,1,0.75,1143,0
4.07,Wheat,Clay,1,0,0.23,559,0
0.75,Wheat,Loam,1,0,0.2,403,0
10.27,Sugarcane,Sandy,0,1,0.47,676,0
7.78,Millets,Clay,1,0,0.77,504,0
12.13,Rice,Clay,1,0,0.75,1150,0
3.58,Cotton,Sandy,1,0,0.54,844,0
12.99,Rice,Clay,0,0,0.63,1262,0
10.07,Rice,Black,0,0,0.55,462,0
3.46,Maize,Sandy,1,1,0.47,787,0
1.4,Wheat,Clay,0,1,0.58,971,0
7.61,Wheat,Loam,0,1,0.3,332,0
3.04,Sugarcane,Clay,0,0,0.95,396,0
10.78,Rice,Loam,1,1,0.29,928,0
6.0,Cotton,Clay,1,1,0.33,474,0
8.59,Cotton,Clay,1,0,0.38,1099,0
6.91,Rice,Black,1,0,0.5,314,0
0.85,Maize,Loam,1,0,0.95,1103,0
14.55,Wheat,Clay,0,1,0.93,1214,0
4.22,Wheat,Loam,1,0,0.56,1383,0
12.8,Maize,Sandy,1,1,0.9,998,1
2.13,Sugarcane,Black,0,1,0.49,707,0
13.78,Wheat,Loam,1,1,0.62,823,1
7.26,Wheat,Loam,0,0,0.93,310,0
9.52,Rice,Clay,0,1,0.27,415,0
2.72,Wheat,Sandy,1,0,0.41,1180,0
4.67,Millets,Black,1,1,0.55,1301,1
5.54,Cotton,Black,1,0,0.78,1003,0
9.8,Cotton,Clay,0,1,0.71,1167,0
14.89,Cotton,Clay,1,0,0.89,633,0
14.23,Rice,Clay,0,1,0.67,968,0
9.7,Millets,Black,0,1,0.23,1180,0
8.41,Wheat,Sandy,1,1,0.93,333,1
9.22,Maize,Sandy,0,0,0.34,776,0
14.87,Sugarcane,Black,0,0,0.36,1339,0
2.56,Maize,Sandy,1,0,0.27,580,0
3.47,Cotton,Black,0,0,0.78,1073,0
10.64,Maize,Loam,1,0,0.79,1328,0
7.27,Cotton,Sandy,1,1,0.22,1098,0
6.58,Cotton,Clay,0,1,0.85,1233,0
11.46,Rice,Clay,0,1,0.33,1139,0
8.2,Sugarcane,Loam,1,1,0.71,1223,1
2.15,Maize,Black,0,0,0.58,1443,0
11.03,Millets,Clay,1,0,0.44,1236,0
9.29,Millets,Loam,1,0,0.89,802,0
5.92,Maize,Sandy,0,1,0.91,684,0
11.5,Millets,Black,1,1,0.56,541,1
12.19,Cotton,Clay,1,0,0.34,477,0
7.81,Wheat,Clay,1,0,0.33,423,0
9.92,Maize,Black,0,1,0.22,784,0
7.33,Sugarcane,Black,1,0,0.51,1024,0
2.06,Maize,Black,0,1,0.4,514,0
8.27,Sugarcane,Clay,0,0,0.32,554,0
6.6,Wheat,Black,0,1,0.28,1275,0
3.31,Millets,Loam,0,1,0.72,541,0
11.68,Millets,Sandy,1,1,0.63,793,1
14.22,Sugarcane,Sandy,1,0,0.44,1462,0
9.19,Sugarcane,Black,0,0,0.56,443,0
4.93,Cotton,Black,1,0,0.66,1182,0
8.04,Millets,Clay,0,0,0.26,1264,0
4.31,Millets,Black,0,0,0.22,1484,0
13.32,Cotton,Sandy,1,1,0.92,1131,1
11.27,Maize,Loam,1,1,0.59,794,1
6.72,Wheat,Black,1,0,0.36,1021,0
13.72,Rice,Clay,1,0,0.48,880,0
5.95,Rice,Clay,1,0,0.25,926,0
3.02,Millets,Loam,0,0,0.78,450,0
2.42,Millets,Sandy,0,0,0.55,1187,0
2.89,Wheat,Clay,1,1,0.47,634,0
7.33,Wheat,Loam,1,1,0.42,1225,0
5.87,Millets,Sandy,0,1,0.24,870,0
1.74,Sugarcane,Sandy,0,1,0.46,956,0
9.37,Millets,Black,1,0,0.36,686,0
3.55,Wheat,Loam,1,1,0.74,727,1
6.2,Cotton,Sandy,1,1,0.94,1107,1
11.8,Sugarcane,Clay,1,1,0.41,542,0
4.03,Millets,Loam,1,1,0.71,1276,1
6.1,Wheat,Clay,1,0,0.31,695,0
8.35,Cotton,Clay,1,0,0.28,315,0
7.83,Maize,Clay,0,0,0.63,1202,0
1.44,Rice,Black,0,0,0.4,1133,0
13.55,Wheat,Clay,0,0,0.34,962,0
6.39,Rice,Clay,0,0,0.83,352,0
6.41,Cotton,Loam,1,1,0.37,688,0
5.63,Rice,Loam,1,0,0.93,608,0
1.37,Millets,Sandy,1,0,0.51,1500,0
7.32,Cotton,Loam,0,1,0.57,999,0
13.56,Millets,Loam,0,0,0.83,1280,0
14.19,Sugarcane,Loam,1,1,0.84,1134,1
2.92,Millets,Black,1,1,0.87,1401,1
1.54,Cotton,Clay,1,1,0.24,1105,0
3.02,Sugarcane,Loam,0,0,0.7,1208,0
6.49,Cotton,Black,0,1,0.3,874,0
10.73,Millets,Black,1,0,0.69,584,0
8.83,Rice,Clay,1,1,0.36,1081,0
1.67,Wheat,Clay,1,1,0.91,1146,0
1.38,Wheat,Clay,0,0,0.22,1448,0
6.64,Millets,Loam,1,1,0.54,1500,1
12.3,Cotton,Loam,0,1,0.56,1236,0
3.79,Wheat,Loam,1,1,0.4,541,0
9.06,Sugarcane,Black,0,0,0.91,1034,0
7.55,Sugarcane,Sandy,1,1,0.78,838,1
7.31,Millets,Clay,1,1,0.87,1376,1
9.18,Sugarcane,Loam,1,0,0.3,717,0
9.51,Cotton,Loam,0,0,0.25,346,0
2.92,Maize,Sandy,0,1,0.25,694,0
3.76,Millets,Loam,0,1,0.45,1332,0
6.07,Sugarcane,Loam,1,1,0.69,615,1
6.65,Wheat,Black,0,0,0.91,570,0
5.24,Sugarcane,Loam,1,1,0.86,783,1
4.41,Maize,Sandy,1,1,0.25,847,0
1.79,Cotton,Black,1,0,0.65,1038,0
8.89,Sugarcane,Sandy,1,1,0.71,958,1
1.13,Cotton,Clay,1,0,0.31,1311,0
6.76,Maize,Sandy,0,0,0.68,699,0
10.36,Millets,Clay,0,1,0.56,1379,0
14.31,Wheat,Loam,0,1,0.64,730,0
5.81,Sugarcane,Sandy,1,1,0.9,312,1
3.58,Maize,Clay,1,0,0.62,1459,0
9.27,Maize,Black,0,1,0.29,989,0
3.7,Cotton,Sandy,0,0,0.59,1045,0
7.48,Millets,Black,0,0,0.41,1338,0
2.23,Rice,Sandy,0,1,0.4,837,0
0.96,Rice,Loam,1,1,0.66,1393,0
14.56,Rice,Black,0,1,0.36,1474,0
14.84,Maize,Loam,1,0,0.58,1350,0
0.76,Sugarcane,Black,0,0,0.81,1434,0
4.72,Millets,Clay,0,1,0.84,626,0
2.85,Rice,Loam,0,1,0.64,1426,0
7.54,Millets,Black,0,0,0.36,676,0
4.45,Sugarcane,Loam,1,0,0.74,1068,0
14.42,Cotton,Sandy,1,1,0.24,1174,0
10.02,Wheat,Loam,1,1,0.88,601,1
9.78,Rice,Sandy,1,0,0.81,1425,0
1.92,Cotton,Clay,1,1,0.62,1323,0
8.42,Rice,Black,0,1,0.22,991,0
12.76,Cotton,Loam,1,1,0.34,725,0
7.48,Millets,Clay,1,1,0.68,916,1
9.92,Sugarcane,Loam,1,0,0.62,345,0
4.85,Wheat,Clay,1,1,0.41,1444,0
12.57,Millets,Clay,0,0,0.34,414,0
0.67,Millets,Loam,0,0,0.8,1301,0
4.86,Sugarcane,Loam,1,0,0.24,1271,0
14.31,Wheat,Clay,1,1,0.92,330,1
11.51,Sugarcane,Black,0,1,0.86,1485,0
2.53,Wheat,Sandy,1,1,0.93,553,1
11.81,Sugarcane,Loam,0,0,0.34,1460,0
4.38,Rice,Sandy,0,0,0.64,621,0
3.39,Sugarcane,Black,0,1,0.59,356,0
9.23,Millets,Loam,1,0,0.3,1325,0
9.65,Millets,Black,0,0,0.64,740,0
13.53,Sugarcane,Clay,1,0,0.6,1160,0
5.48,Cotton,Sandy,1,1,0.9,606,1
5.44,Sugarcane,Clay,1,1,0.93,1281,1
14.27,Sugarcane,Black,0,1,0.24,583,0
11.99,Sugarcane,Sandy,1,1,0.34,1404,0
14.37,Wheat,Black,1,0,0.81,1202,0
7.79,Sugarcane,Black,0,1,0.82,445,0
14.49,Millets,Black,0,1,0.59,504,0
8.88,Wheat,Clay,0,0,0.75,1354,0
7.05,Millets,Clay,0,0,0.51,791,0
11.82,Millets,Loam,1,1,0.58,914,1
3.29,Millets,Loam,0,0,0.7,1369,0
10.7,Maize,Black,1,1,0.47,1314,0
4.81,Wheat,Clay,1,0,0.73,892,0
9.39,Sugarcane,Clay,1,0,0.37,756,0
14.95,Cotton,Clay,1,1,0.32,1232,0
7.2,Cotton,Black,0,1,0.92,1324,0
13.38,Wheat,Black,1,0,0.88,1146,0
8.07,Wheat,Clay,1,1,0.94,1323,1
6.6,Rice,Loam,0,0,0.8,585,0
4.16,Rice,Loam,1,0,0.57,1233,0
5.81,Wheat,Loam,0,0,0.91,356,0
8.49,Maize,Loam,1,0,0.85,1115,0
14.49,Rice,Loam,0,0,0.71,572,0
9.08,Cotton,Sandy,1,1,0.48,1053,0
5.87,Wheat,Sandy,1,0,0.41,720,0
11.63,Cotton,Black,0,0,0.24,792,0
2.53,Maize,Clay,1,1,0.53,835,1
3.0,Rice,Black,0,1,0.24,1184,0
9.58,Maize,Sandy,0,0,0.72,890,0
6.84,Maize,Clay,1,0,0.75,929,0
4.57,Rice,Loam,1,1,0.95,596,1
5.97,Wheat,Black,1,0,0.25,643,0
6.41,Millets,Clay,0,0,0.52,719,0
7.41,Wheat,Clay,1,0,0.69,613,0
6.23,Rice,Clay,0,1,0.29,975,0
13.59,Rice,Clay,0,1,0.91,876,0
2.66,Sugarcane,Clay,1,1,0.33,720,0
3.34,Rice,Sandy,1,0,0.49,1414,0
10.38,Sugarcane,Sandy,0,0,0.55,1233,0
5.09,Millets,Clay,0,1,0.81,907,0
11.2,Cotton,Clay,1,0,0.85,1027,0
12.67,Sugarcane,Sandy,1,1,0.87,1360,1
9.85,Rice,Black,0,0,0.27,588,0
2.86,Rice,Black,1,0,0.53,530,0
8.49,Millets,Loam,0,1,0.59,375,0
13.05,Rice,Clay,1,1,0.35,1311,0
14.94,Sugarcane,Clay,0,1,0.95,1354,0
3.5,Wheat,Clay,0,1,0.67,1244,0
12.22,Sugarcane,Clay,1,1,0.4,944,0
3.56,Millets,Black,0,1,0.7,341,0
9.88,Wheat,Loam,1,0,0.49,411,0
7.04,Wheat,Black,1,1,0.67,963,1
11.83,Cotton,Clay,1,0,0.8,411,0
2.74,Cotton,Loam,1,0,0.33,820,0
6.06,Maize,Black,1,0,0.25,448,0
8.84,Cotton,Black,0,0,0.52,1381,0
8.59,Rice,Black,0,0,0.84,583,0
13.75,Sugarcane,Clay,0,1,0.9,840,0
7.65,Rice,Loam,0,0,0.55,534,0
4.73,Millets,Loam,0,0,0.47,1227,0
10.3,Millets,Black,0,0,0.6,1236,0
2.79,Sugarcane,Clay,0,0,0.38,1454,0
6.62,Maize,Sandy,1,1,0.89,1078,1
11.26,Wheat,Sandy,0,0,0.92,618,0
6.82,Millets,Sandy,1,0,0.3,1333,0
2.25,Maize,Black,0,1,0.26,557,0
12.85,Maize,Loam,1,0,0.78,501,0
11.45,Cotton,Clay,1,0,0.89,1410,0
6.25,Wheat,Sandy,1,0,0.76,699,0
6.16,Sugarcane,Sandy,0,0,0.42,1302,0
3.55,Cotton,Sandy,0,0,0.59,1175,0
8.71,Maize,Sandy,0,1,0.91,900,0
0.67,Maize,Clay,0,0,0.53,576,0
11.57,Cotton,Black,1,0,0.78,726,0
6.16,Rice,Black,0,0,0.61,1013,0
12.06,Cotton,Black,0,0,0.42,1457,0
8.92,Rice,Clay,0,0,0.28,1259,0
1.27,Sugarcane,Sandy,0,0,0.93,1105,0
9.08,Millets,Black,1,1,0.54,1458,1
11.94,Maize,Sandy,0,1,0.69,1063,0
13.79,Wheat,Black,1,1,0.64,394,1
9.98,Millets,Sandy,1,1,0.85,787,1
10.55,Millets,Black,0,1,0.51,694,0
13.84,Cotton,Clay,0,0,0.51,1070,0
14.32,Cotton,Loam,1,1,0.78,745,1
12.54,Rice,Clay,1,0,0.28,313,0
7.23,Sugarcane,Clay,1,0,0.7,893,0
12.39,Maize,Clay,0,0,0.66,647,0
7.11,Millets,Sandy,0,1,0.79,890,0
3.25,Sugarcane,Clay,1,1,0.56,1356,1
9.92,Cotton,Clay,1,1,0.27,1208,0
9.75,Wheat,Clay,1,0,0.83,1278,0
8.89,Maize,Loam,1,1,0.84,795,1
13.28,Wheat,Sandy,0,0,0.6,341,0
2.17,Sugarcane,Loam,0,1,0.35,870,0
2.08,Cotton,Clay,0,1,0.66,1247,0
11.71,Sugarcane,Sandy,1,0,0.79,1484,0
3.05,Rice,Black,0,0,0.85,808,0
9.23,Wheat,Clay,1,1,0.35,430,0
12.2,Millets,Loam,1,0,0.92,843,0
10.16,Millets,Black,0,1,0.57,968,0
2.93,Sugarcane,Loam,0,1,0.64,935,0
7.29,Cotton,Black,0,1,0.36,649,0
14.81,Wheat,Sandy,0,0,0.22,759,0
9.88,Maize,Black,0,1,0.57,1033,0
10.86,Cotton,Clay,1,0,0.34,320,0
2.5,Cotton,Loam,0,1,0.79,611,0
8.32,Cotton,Sandy,1,1,0.87,712,1
2.3,Rice,Sandy,0,1,0.29,1124,0
4.73,Rice,Clay,1,1,0.41,1489,0
4.78,Millets,Black,0,1,0.4,977,0
6.64,Wheat,Black,1,1,0.38,588,0
6.3,Sugarcane,Sandy,1,1,0.74,485,1
10.11,Sugarcane,Sandy,0,0,0.36,1459,0
3.93,Maize,Sandy,0,0,0.36,420,0
5.98,Rice,Clay,1,1,0.9,672,1
8.99,Millets,Loam,1,0,0.61,1139,0
6.32,Millets,Black,0,0,0.27,1368,0
4.0,Millets,Black,0,0,0.67,1032,0
3.26,Cotton,Loam,0,0,0.24,964,0
1.49,Wheat,Loam,1,1,0.66,1358,0
14.0,Maize,Clay,1,0,0.66,928,0
13.14,Maize,Sandy,1,0,0.7,456,0
12.9,Cotton,Black,1,1,0.74,457,1
11.29,Rice,Black,1,0,0.77,601,0
1.96,Cotton,Black,1,0,0.76,838,0
12.59,Wheat,Loam,1,0,0.82,372,0
2.1,Maize,Black,0,0,0.64,473,0
14.24,Maize,Loam,1,0,0.86,977,0
11.81,Maize,Sandy,0,0,0.54,1201,0
7.5,Millets,Loam,0,1,0.36,1248,0
0.87,Cotton,Sandy,1,0,0.22,1053,0
5.62,Rice,Sandy,0,0,0.72,1484,0
4.64,Maize,Clay,0,1,0.23,572,0
12.07,Wheat,Clay,1,1,0.87,695,1
1.71,Rice,Clay,1,0,0.33,540,0
1.05,Wheat,Black,0,0,0.93,371,0
9.72,Maize,Sandy,1,0,0.47,1101,0
2.69,Millets,Clay,1,0,0.82,498,0
12.95,Cotton,Loam,1,0,0.91,1311,0
12.81,Wheat,Sandy,1,1,0.6,1188,1
11.13,Millets,Black,1,0,0.34,1043,0
10.22,Maize,Black,1,0,0.85,1273,0
9.78,Cotton,Loam,1,1,0.63,1458,1
10.0,Sugarcane,Sandy,0,1,0.85,772,0
13.77,Millets,Clay,0,0,0.75,553,0
4.61,Sugarcane,Loam,0,0,0.78,521,0
11.73,Sugarcane,Sandy,1,1,0.22,508,0
1.85,Cotton,Black,0,1,0.25,751,0
13.82,Sugarcane,Sandy,1,1,0.91,1478,1
0.86,Wheat,Clay,0,0,0.34,1480,0
9.75,Maize,Clay,1,0,0.74,1201,0
0.63,Sugarcane,Sandy,1,0,0.44,479,0
7.97,Sugarcane,Loam,1,0,0.2,488,0
5.64,Wheat,Black,1,1,0.58,1280,1
14.9,Rice,Sandy,0,1,0.43,443,0
12.78,Sugarcane,Clay,1,1,0.29,451,0
10.74,Millets,Loam,1,1,0.43,521,0
10.96,Maize,Black,1,1,0.9,898,1
14.15,Wheat,Black,0,1,0.48,868,0
6.63,Wheat,Clay,1,0,0.54,1458,0
1.18,Rice,Loam,0,1,0.6,977,0
11.35,Wheat,Clay,1,0,0.91,664,0
2.8,Millets,Sandy,0,1,0.67,976,0
1.11,Rice,Clay,0,1,0.21,469,0
11.99,Rice,Sandy,0,1,0.95,745,0
13.53,Maize,Black,1,0,0.89,1166,0
11.37,Wheat,Loam,1,1,0.48,834,0
12.97,Sugarcane,Sandy,1,1,0.47,577,0
5.91,Maize,Sandy,0,1,0.49,1373,0
6.64,Cotton,Loam,1,1,0.6,605,1
4.53,Cotton,Clay,0,1,0.79,776,0
12.99,Millets,Clay,1,0,0.23,1278,0
14.76,Maize,Loam,0,1,0.25,1349,0
5.85,Maize,Clay,0,1,0.86,1056,0
4.46,Wheat,Black,0,1,0.4,498,0
11.49,Cotton,Black,0,0,0.83,1472,0
7.6,Rice,Loam,0,1,0.29,463,0
3.07,Rice,Clay,1,1,0.65,1264,1
7.36,Millets,Clay,0,1,0.84,1202,0
9.09,Millets,Loam,1,1,0.84,853,1
10.02,Millets,Clay,0,0,0.35,725,0
12.01,Sugarcane,Black,0,1,0.74,385,0
1.05,Millets,Sandy,0,1,0.88,772,0
10.94,Maize,Black,1,1,0.87,1179,1
3.16,Rice,Black,0,0,0.44,730,0
5.29,Millets,Sandy,1,1,0.95,1489,1
14.19,Millets,Clay,1,1,0.58,1290,1
2.29,Cotton,Sandy,1,1,0.39,307,0
1.03,Sugarcane,Clay,0,0,0.63,752,0
6.5,Rice,Black,1,0,0.45,1451,0
10.28,Rice,Black,1,1,0.9,1285,1
7.69,Wheat,Clay,1,0,0.29,503,0
4.06,Maize,Sandy,1,0,0.27,670,0
3.64,Maize,Sandy,1,0,0.31,850,0
7.93,Wheat,Loam,1,1,0.42,583,0
11.45,Maize,Clay,1,1,0.74,812,1
10.84,Maize,Sandy,0,0,0.31,1379,0
1.71,Rice,Clay,0,1,0.86,1252,0
6.51,Wheat,Sandy,0,0,0.43,1158,0
14.98,Wheat,Black,0,0,0.21,815,0
14.4,Wheat,Sandy,0,0,0.41,1275,0
13.83,Millets,Sandy,0,1,0.61,965,0
4.04,Sugarcane,Black,0,1,0.44,1084,0
11.8,Maize,Loam,1,1,0.6,1090,1
5.24,Maize,Sandy,1,1,0.6,534,1
9.16,Sugarcane,Sandy,1,1,0.54,609,1
3.15,Sugarcane,Sandy,1,0,0.42,1047,0
3.12,Cotton,Clay,0,1,0.34,331,0
13.59,Rice,Loam,1,1,0.79,666,1
2.85,Rice,Sandy,1,1,0.56,1109,1
13.14,Sugarcane,Sandy,1,1,0.26,1133,0
14.56,Millets,Sandy,1,1,0.4,794,0
1.9,Sugarcane,Sandy,1,1,0.66,1410,0
4.22,Maize,Black,1,0,0.21,502,0
8.34,Rice,Loam,0,1,0.93,1153,0
4.15,Wheat,Sandy,0,0,0.43,923,0
8.18,Maize,Clay,1,1,0.86,1251,1
0.81,Sugarcane,Black,0,1,0.87,332,0
9.19,Rice,Black,1,0,0.38,1492,0
8.12,Sugarcane,Sandy,0,0,0.76,785,0
10.79,Cotton,Black,1,1,0.23,850,0
8.9,Cotton,Sandy,1,0,0.43,834,0
1.4,Rice,Sandy,0,0,0.65,1291,0
8.41,Sugarcane,Black,1,0,0.6,485,0
6.39,Millets,Sandy,0,1,0.75,593,0
0.77,Millets,Sandy,1,0,0.29,1080,0
1.44,Maize,Sandy,0,1,0.71,358,0
12.18,Millets,Black,0,1,0.71,1261,0
4.77,Millets,Sandy,1,0,0.47,1330,0
5.76,Maize,Black,1,1,0.55,734,1
8.99,Wheat,Black,1,1,0.72,1157,1
2.61,Millets,Clay,1,0,0.83,379,0
8.15,Sugarcane,Loam,1,0,0.78,919,0
2.78,Millets,Sandy,1,1,0.6,554,1
7.71,Millets,Sandy,1,1,0.26,377,0
11.08,Millets,Clay,1,0,0.93,779,0
14.12,Millets,Sandy,0,0,0.65,939,0
7.66,Rice,Sandy,0,0,0.66,895,0
3.47,Maize,Black,0,0,0.38,1336,0
10.33,Rice,Loam,1,1,0.25,721,0
14.12,Millets,Black,1,0,0.74,370,0
4.52,Wheat,Black,0,0,0.4,417,0
14.4,Wheat,Loam,0,0,0.25,549,0
5.31,Millets,Black,1,0,0.32,1142,0
11.33,Rice,Loam,0,1,0.8,871,0
7.88,Cotton,Loam,0,1,0.83,838,0
2.5,Maize,Black,1,1,0.37,796,0
1.17,Maize,Clay,0,0,0.57,641,0
13.95,Rice,Black,0,0,0.63,664,0
13.42,Sugarcane,Clay,0,1,0.72,1313,0
5.67,Sugarcane,Black,1,1,0.39,884,0
10.13,Rice,Sandy,0,1,0.76,813,0
11.25,Sugarcane,Loam,0,1,0.57,907,0
13.57,Rice,Loam,1,1,0.33,651,0
6.68,Sugarcane,Black,1,0,0.82,1236,0
13.0,Cotton,Sandy,1,1,0.67,472,1
3.51,Cotton,Clay,0,0,0.62,511,0
2.63,Rice,Clay,0,0,0.36,796,0
2.27,Maize,Sandy,1,1,0.4,1379,0
4.87,Millets,Black,0,1,0.79,465,0
13.44,Maize,Black,0,1,0.36,428,0
1.42,Rice,Sandy,0,1,0.48,946,0
11.75,Millets,Clay,1,1,0.56,339,1
5.77,Cotton,Sandy,1,0,0.38,1398,0
1.27,Rice,Clay,1,1,0.44,782,0
2.99,Millets,Black,1,1,0.55,1300,1
3.13,Millets,Black,0,0,0.61,1101,0
3.59,Millets,Loam,1,0,0.65,348,0
6.39,Millets,Black,1,0,0.49,700,0
7.71,Sugarcane,Loam,0,1,0.55,1494,0
11.46,Maize,Loam,0,1,0.8,1305,0
5.24,Maize,Loam,1,0,0.85,723,0
13.33,Rice,Clay,1,0,0.42,1262,0
7.29,Rice,Clay,1,0,0.59,1264,0
9.1,Maize,Loam,1,0,0.39,657,0
8.97,Wheat,Black,1,0,0.62,1278,0
10.99,Cotton,Black,1,0,0.83,381,0
2.64,Rice,Clay,0,1,0.31,347,0
2.68,Cotton,Sandy,0,1,0.26,575,0
12.72,Rice,Clay,0,1,0.5,1350,0
7.84,Sugarcane,Loam,0,0,0.32,728,0
14.35,Rice,Sandy,1,1,0.91,1445,1
7.94,Cotton,Black,1,1,0.9,927,1
12.13,Rice,Sandy,1,1,0.8,896,1
2.57,Maize,Loam,0,1,0.79,491,0
13.05,Cotton,Sandy,0,1,0.66,1109,0
3.06,Maize,Sandy,1,0,0.83,1128,0
2.26,Wheat,Sandy,1,0,0.93,1396,0
2.37,Wheat,Loam,0,0,0.54,663,0
13.92,Rice,Loam,1,0,0.43,951,0
4.38,Sugarcane,Sandy,0,1,0.78,392,0
3.02,Maize,Loam,0,0,0.75,1430,0
1.52,Millets,Clay,1,1,0.81,907,0
7.12,Rice,Loam,0,1,0.56,842,0
1.66,Millets,Sandy,0,0,0.66,1079,0
14.14,Millets,Black,0,1,0.87,1394,0
6.37,Rice,Sandy,0,1,0.87,1166,0
1.55,Millets,Clay,1,0,0.4,563,0
12.17,Rice,Sandy,1,1,0.58,1059,1
12.21,Maize,Loam,0,0,0.68,638,0
11.6,Wheat,Loam,0,1,0.63,501,0
12.95,Rice,Black,0,0,0.29,704,0
5.85,Wheat,Sandy,1,0,0.88,1336,0
9.28,Maize,Black,0,0,0.65,915,0
6.67,Cotton,Loam,1,0,0.79,1031,0
4.35,Maize,Loam,0,0,0.79,686,0
4.92,Maize,Black,1,1,0.77,617,1
12.6,Millets,Loam,1,1,0.59,1148,1
9.69,Wheat,Clay,1,0,0.85,401,0
2.59,Rice,Clay,1,0,0.38,1306,0
0.9,Sugarcane,Sandy,0,0,0.9,303,0
9.52,Rice,Loam,1,0,0.74,1340,0
7.75,Maize,Clay,0,1,0.31,1484,0
9.44,Millets,Sandy,0,0,0.85,383,0
7.08,Maize,Loam,0,0,0.73,1062,0
7.05,Sugarcane,Clay,0,1,0.8,764,0
14.91,Sugarcane,Loam,1,1,0.89,1471,1
8.89,Millets,Loam,0,0,0.46,1410,0
6.66,Cotton,Clay,1,1,0.44,529,0
9.57,Rice,Clay,0,1,0.93,796,0
5.66,Wheat,Sandy,0,1,0.43,303,0
13.14,Rice,Sandy,0,1,0.7,1003,0
5.88,Rice,Black,0,0,0.25,678,0
7.1,Millets,Clay,0,1,0.53,949,0
11.06,Millets,Black,1,1,0.58,591,1
11.68,Wheat,Black,1,1,0.21,1308,0
5.4,Millets,Clay,1,1,0.92,980,1
8.53,Wheat,Clay,1,1,0.59,489,1
6.42,Rice,Loam,0,0,0.74,1260,0
14.57,Sugarcane,Loam,1,0,0.68,614,0
11.64,Rice,Clay,0,0,0.36,899,0
14.75,Maize,Sandy,0,0,0.59,1004,0
11.63,Cotton,Loam,1,1,0.52,1329,1
7.02,Rice,Sandy,0,0,0.61,422,0
7.99,Wheat,Sandy,1,1,0.72,384,1
5.54,Millets,Sandy,0,1,0.34,749,0
6.21,Rice,Clay,0,0,0.34,1391,0
13.7,Wheat,Clay,1,1,0.86,757,1
12.79,Cotton,Loam,0,1,0.84,1408,0
12.91,Wheat,Black,0,0,0.27,514,0
3.71,Rice,Black,1,0,0.84,872,0
12.94,Millets,Sandy,0,1,0.86,1110,0
12.73,Millets,Black,1,0,0.31,1309,0
1.09,Maize,Clay,1,0,0.68,548,0
12.25,Sugarcane,Sandy,0,1,0.24,406,0
3.83,Rice,Clay,0,0,0.4,359,0
7.81,Sugarcane,Sandy,1,0,0.61,495,0
2.54,Cotton,Sandy,0,0,0.82,1370,0
1.96,Rice,Loam,0,0,0.5,330,0
8.26,Maize,Clay,1,1,0.24,1350,0
9.25,Millets,Sandy,1,0,0.53,1181,0
1.6,Sugarcane,Sandy,0,1,0.77,633,0
10.33,Wheat,Sandy,1,1,0.79,793,1
14.16,Maize,Sandy,0,1,0.85,383,0
7.18,Wheat,Loam,1,0,0.32,784,0
8.82,Rice,Loam,0,1,0.62,1391,0
9.99,Cotton,Loam,0,0,0.6,965,0
5.34,Cotton,Clay,0,1,0.24,1240,0
1.32,Sugarcane,Sandy,1,0,0.91,675,0
9.26,Millets,Loam,0,1,0.62,393,0
9.62,Rice,Sandy,1,0,0.34,723,0
2.75,Millets,Clay,1,1,0.36,1408,0
9.65,Maize,Clay,0,0,0.9,587,0
1.74,Millets,Sandy,1,1,0.28,1033,0
11.1,Rice,Clay,0,0,0.9,973,0
12.32,Rice,Sandy,0,1,0.66,1491,0
7.27,Rice,Clay,0,1,0.31,1209,0
13.89,Maize,Loam,1,0,0.65,998,0
8.25,Maize,Clay,1,0,0.28,600,0
1.26,Wheat,Black,0,0,0.83,1318,0
14.75,Wheat,Black,0,0,0.53,791,0
10.13,Maize,Sandy,0,1,0.47,782,0
8.67,Maize,Loam,0,0,0.85,402,0
7.59,Rice,Clay,0,0,0.44,1488,0
8.49,Cotton,Loam,0,0,0.79,650,0
7.67,Cotton,Sandy,1,1,0.21,1132,0
5.99,Rice,Clay,0,0,0.52,422,0
5.94,Cotton,Sandy,1,1,0.54,934,1
13.59,Wheat,Clay,1,0,0.34,685,0
12.39,Wheat,Sandy,1,0,0.87,304,0
4.94,Sugarcane,Loam,0,1,0.37,1414,0
0.74,Millets,Loam,0,1,0.73,1341,0
12.12,Cotton,Loam,1,1,0.73,484,1
13.32,Millets,Black,1,0,0.23,1178,0
11.43,Cotton,Clay,0,1,0.75,1174,0
7.79,Rice,Black,0,1,0.36,300,0
4.59,Sugarcane,Black,1,1,0.57,1211,1
7.41,Millets,Loam,1,1,0.71,533,1
13.42,Maize,Sandy,0,1,0.78,1127,0
14.2,Maize,Clay,1,0,0.3,339,0
11.09,Cotton,Black,1,1,0.31,507,0
9.49,Rice,Clay,1,1,0.89,346,1
7.43,Sugarcane,Loam,0,1,0.78,720,0
14.03,Millets,Sandy,1,1,0.59,845,1
1.05,Cotton,Black,0,1,0.37,731,0
7.68,Sugarcane,Black,1,0,0.21,1131,0
6.48,Sugarcane,Black,0,0,0.7,468,0
3.59,Millets,Black,0,1,0.39,1489,0
6.27,Sugarcane,Clay,1,0,0.89,884,0
6.56,Millets,Loam,0,1,0.67,539,0
0.58,Wheat,Clay,1,0,0.41,692,0
1.59,Rice,Clay,0,1,0.61,567,0
1.16,Millets,Black,1,0,0.48,820,0
13.16,Cotton,Sandy,0,1,0.34,751,0
11.69,Sugarcane,Black,1,0,0.37,733,0
9.01,Rice,Sandy,1,0,0.92,1303,0
13.28,Maize,Loam,1,0,0.45,859,0
6.08,Cotton,Loam,1,1,0.7,334,1
6.55,Sugarcane,Clay,1,1,0.66,1263,1
10.57,Cotton,Black,0,0,0.49,410,0
3.29,Millets,Loam,1,1,0.89,1346,1
5.23,Maize,Clay,0,0,0.82,1324,0
5.61,Wheat,Sandy,0,1,0.25,1467,0
13.68,Millets,Sandy,1,1,0.73,709,1
6.6,Millets,Clay,0,0,0.59,1226,0
5.54,Maize,Black,0,0,0.55,1420,0
2.16,Cotton,Clay,1,1,0.69,1255,1
13.97,Sugarcane,Black,1,0,0.2,1428,0
8.46,Wheat,Black,1,1,0.82,1040,1
0.6,Wheat,Sandy,1,1,0.55,1326,0
9.22,Millets,Sandy,1,0,0.56,789,0
1.06,Sugarcane,Loam,1,0,0.35,656,0
0.71,Millets,Black,1,1,0.73,593,0
11.42,Maize,Loam,1,1,0.88,1177,1
3.4,Sugarcane,Clay,0,0,0.54,978,0
11.01,Cotton,Sandy,1,1,0.41,505,0
12.31,Sugarcane,Clay,1,1,0.3,476,0
13.73,Wheat,Loam,0,0,0.93,1258,0
1.78,Sugarcane,Clay,0,0,0.3,810,0
7.94,Sugarcane,Black,0,0,0.73,399,0
13.75,Maize,Black,0,0,0.6,367,0
2.23,Rice,Loam,0,0,0.68,1012,0
6.45,Rice,Black,0,1,0.73,773,0
12.33,Wheat,Sandy,0,0,0.27,631,0
1.78,Millets,Sandy,0,1,0.5,347,0
12.76,Millets,Sandy,1,0,0.74,1128,0
3.55,Rice,Black,0,1,0.69,1351,0
0.94,Millets,Sandy,1,0,0.66,396,0
14.19,Sugarcane,Clay,0,0,0.47,457,0
7.0,Wheat,Black,0,1,0.86,1201,0
10.3,Wheat,Black,1,0,0.78,1275,0
11.87,Cotton,Sandy,0,1,0.63,1080,0
7.51,Wheat,Black,0,1,0.36,730,0
11.32,Sugarcane,Black,0,0,0.7,1025,0
8.36,Sugarcane,Clay,0,1,0.93,860,0
8.99,Millets,Loam,1,1,0.61,820,1
14.37,Wheat,Black,0,0,0.72,743,0
7.54,Wheat,Loam,0,0,0.81,1306,0
14.31,Wheat,Clay,0,0,0.46,912,0
5.05,Sugarcane,Clay,1,1,0.44,1475,0
5.89,Maize,Black,1,1,0.46,341,0
13.6,Wheat,Loam,1,1,0.75,851,1
1.95,Rice,Black,0,0,0.34,1190,0
4.39,Cotton,Clay,0,0,0.58,988,0
13.42,Maize,Sandy,0,0,0.8,852,0
9.18,Rice,Black,0,0,0.8,398,0
1.12,Sugarcane,Loam,0,1,0.94,1076,0
1.16,Cotton,Sandy,1,0,0.28,524,0
8.29,Millets,Loam,0,0,0.88,1407,0
12.77,Rice,Clay,0,0,0.27,960,0
6.77,Cotton,Black,1,0,0.78,922,0
2.1,Millets,Loam,1,1,0.21,649,0
2.97,Millets,Loam,1,0,0.33,355,0
3.31,Maize,Loam,0,1,0.79,1154,0
10.47,Sugarcane,Loam,1,1,0.23,408,0
7.84,Wheat,Clay,1,1,0.73,764,1
4.88,Millets,Loam,0,1,0.83,389,0
14.85,Rice,Loam,0,0,0.5,985,0
12.75,Sugarcane,Black,1,0,0.7,1407,0
14.1,Cotton,Sandy,1,1,0.93,1127,1
4.29,Millets,Loam,0,1,0.93,536,0
2.82,Cotton,Black,1,0,0.91,1494,0
8.29,Cotton,Loam,0,0,0.45,997,0
9.6,Maize,Loam,0,1,0.38,1366,0
4.43,Maize,Clay,1,1,0.3,1138,0
4.93,Millets,Sandy,1,0,0.5,1337,0
7.07,Rice,Clay,0,1,0.22,1441,0
11.92,Cotton,Clay,1,1,0.39,1329,0
6.24,Wheat,Black,1,1,0.79,1230,1
3.7,Cotton,Clay,1,0,0.66,674,0
1.07,Rice,Clay,0,1,0.75,1461,0
8.55,Millets,Clay,1,0,0.4,1433,0
5.2,Maize,Black,0,1,0.72,865,0
8.35,Cotton,Black,0,0,0.58,1254,0
1.76,Rice,Sandy,1,1,0.42,452,0
14.96,Millets,Clay,0,0,0.33,1142,0
11.5,Rice,Loam,0,1,0.88,689,0
6.02,Millets,Black,1,0,0.34,617,0
5.91,Cotton,Sandy,0,0,0.29,504,0
11.34,Millets,Black,0,0,0.92,1047,0
13.17,Sugarcane,Black,0,1,0.5,573,0
13.56,Millets,Loam,1,0,0.81,352,0
1.57,Wheat,Black,1,1,0.86,1085,0
1.13,Cotton,Clay,0,0,0.72,1466,0
10.95,Sugarcane,Black,1,1,0.45,768,0
9.71,Rice,Sandy,0,1,0.8,849,0
7.23,Rice,Sandy,1,0,0.94,1419,0
2.99,Sugarcane,Clay,1,0,0.34,1446,0
4.69,Sugarcane,Sandy,1,1,0.27,555,0
9.36,Wheat,Clay,1,1,0.25,929,0
7.25,Rice,Clay,1,1,0.57,1160,1
7.78,Cotton,Sandy,1,0,0.72,497,0
1.33,Wheat,Black,0,0,0.34,1423,0
10.74,Rice,Sandy,1,0,0.88,827,0
13.99,Millets,Clay,1,0,0.81,1183,0
12.49,Millets,Black,0,0,0.28,711,0
10.24,Maize,Loam,1,1,0.8,1414,1
0.56,Wheat,Clay,0,1,0.52,706,0
6.04,Rice,Clay,1,0,0.72,575,0
12.39,Rice,Black,1,1,0.4,341,0
12.33,Rice,Loam,0,1,0.77,945,0
2.7,Maize,Black,1,0,0.57,1145,0
14.78,Sugarcane,Loam,0,0,0.72,1342,0
4.13,Wheat,Loam,0,1,0.56,656,0
3.03,Maize,Loam,1,0,0.7,1240,0
14.49,Rice,Sandy,1,1,0.94,951,1
4.32,Cotton,Sandy,1,1,0.43,977,0
8.86,Millets,Clay,1,0,0.23,558,0
1.86,Rice,Black,1,0,0.23,1069,0
1.49,Maize,Black,0,1,0.84,1445,0
6.1,Rice,Loam,1,0,0.5,934,0
1.2,Millets,Clay,1,1,0.71,1416,0
8.26,Wheat,Sandy,1,1,0.92,1349,1
8.04,Cotton,Clay,0,1,0.82,1194,0
2.17,Maize,Loam,1,0,0.94,1495,0
14.13,Maize,Black,0,1,0.67,1320,0
4.17,Maize,Black,0,1,0.37,895,0
3.09,Rice,Sandy,1,0,0.94,806,0
14.28,Wheat,Sandy,1,1,0.57,915,1
10.18,Rice,Black,0,0,0.94,449,0
7.5,Rice,Clay,0,1,0.62,1106,0
12.43,Millets,Clay,0,1,0.23,369,0
11.22,Maize,Loam,0,0,0.42,1036,0
9.44,Wheat,Black,0,0,0.77,1220,0
13.19,Cotton,Sandy,1,0,0.53,413,0
2.53,Wheat,Black,1,1,0.43,1419,0
9.78,Cotton,Loam,1,1,0.74,709,1
12.46,Maize,Loam,1,0,0.52,385,0
4.25,Cotton,Clay,1,0,0.66,1478,0
1.05,Rice,Sandy,0,0,0.54,709,0
14.0,Rice,Clay,0,0,0.22,716,0
9.79,Wheat,Sandy,0,0,0.82,1489,0
6.05,Wheat,Sandy,1,1,0.38,384,0
7.31,Rice,Clay,0,0,0.95,559,0
8.11,Sugarcane,Sandy,1,0,0.34,914,0
11.27,Wheat,Loam,1,1,0.37,651,0
6.71,Rice,Sandy,1,1,0.26,629,0
5.71,Rice,Sandy,0,1,0.62,308,0
7.91,Millets,Clay,0,0,0.66,737,0
1.58,Millets,Sandy,0,0,0.46,1477,0
6.06,Wheat,Sandy,0,1,0.38,916,0
9.02,Sugarcane,Loam,1,1,0.87,1088,1
13.06,Wheat,Loam,1,1,0.38,1324,0
13.46,Sugarcane,Black,1,1,0.55,750,1
5.91,Cotton,Clay,0,1,0.44,514,0
12.65,Rice,Black,1,0,0.24,1187,0
7.92,Sugarcane,Black,1,1,0.44,1164,0
11.43,Maize,Loam,1,0,0.46,1448,0
2.44,Millets,Loam,1,0,0.85,884,0
2.96,Cotton,Loam,0,0,0.27,898,0
1.06,Wheat,Clay,0,0,0.61,490,0
11.68,Wheat,Clay,1,0,0.79,1428,0
2.38,Wheat,Sandy,1,0,0.47,316,0
10.5,Rice,Black,0,0,0.67,570,0
1.12,Maize,Clay,0,0,0.31,1150,0
13.11,Sugarcane,Black,1,0,0.72,926,0
11.45,Millets,Sandy,1,0,0.47,649,0
7.54,Cotton,Loam,1,0,0.4,842,0
14.22,Sugarcane,Sandy,0,0,0.47,1197,0
10.92,Maize,Clay,1,1,0.54,667,1
14.76,Sugarcane,Clay,1,1,0.74,1082,1
10.65,Cotton,Sandy,0,0,0.41,1166,0
1.34,Wheat,Clay,1,1,0.94,879,0
4.01,Sugarcane,Clay,0,1,0.29,943,0
2.08,Wheat,Sandy,0,1,0.83,1461,0
11.65,Maize,Clay,0,1,0.38,1477,0
6.92,Sugarcane,Sandy,1,1,0.62,451,1
2.62,Wheat,Black,1,0,0.79,1290,0
11.74,Wheat,Sandy,1,1,0.37,625,0
12.5,Rice,Sandy,0,0,0.41,1238,0
4.07,Rice,Black,0,0,0.29,994,0
3.35,Millets,Sandy,0,1,0.43,1189,0
12.59,Cotton,Loam,1,1,0.91,841,1
12.54,Wheat,Clay,1,0,0.79,1122,0
2.88,Millets,Loam,1,1,0.87,312,1
8.18,Wheat,Black,0,1,0.68,546,0
8.11,Wheat,Clay,1,0,0.89,503,0
10.44,Wheat,Loam,1,1,0.22,378,0
1.8,Millets,Loam,0,1,0.84,464,0
9.7,Maize,Clay,0,1,0.68,488,0
10.29,Rice,Black,0,0,0.53,1270,0
4.82,Rice,Loam,1,0,0.64,1169,0
12.81,Rice,Sandy,1,1,0.47,952,0
3.37,Cotton,Loam,0,0,0.57,977,0
3.84,Rice,Sandy,0,0,0.34,321,0
4.83,Wheat,Sandy,0,0,0.75,1339,0
8.76,Rice,Black,0,1,0.43,1106,0
8.48,Sugarcane,Black,1,0,0.37,809,0
2.32,Cotton,Sandy,0,1,0.67,730,0
11.05,Sugarcane,Loam,0,0,0.52,1409,0
1.67,Cotton,Sandy,0,1,0.79,1069,0
6.92,Sugarcane,Loam,1,1,0.49,489,0
13.47,Rice,Clay,1,1,0.73,1174,1
4.76,Sugarcane,Clay,1,0,0.53,1072,0
14.92,Rice,Clay,1,0,0.75,1221,0
13.0,Rice,Sandy,0,0,0.77,1352,0
8.77,Wheat,Loam,0,0,0.41,1079,0
11.87,Millets,Clay,1,0,0.65,1461,0
6.63,Maize,Black,1,1,0.57,1410,1
8.11,Sugarcane,Black,1,0,0.76,833,0
6.29,Cotton,Clay,1,0,0.88,1394,0
10.17,Wheat,Loam,1,0,0.43,1340,0
13.71,Millets,Black,1,1,0.93,1240,1
14.48,Sugarcane,Clay,1,0,0.57,765,0
4.64,Sugarcane,Clay,1,1,0.46,675,0
2.43,Maize,Loam,0,0,0.88,1331,0
5.97,Maize,Clay,0,0,0.37,753,0
8.65,Millets,Loam,1,1,0.79,719,1
10.23,Rice,Sandy,1,0,0.31,1272,0
3.56,Millets,Black,1,1,0.54,1399,1
8.84,Rice,Black,1,1,0.33,793,0
3.6,Wheat,Sandy,0,0,0.62,875,0
5.33,Rice,Loam,0,1,0.48,1401,0
13.29,Maize,Sandy,0,0,0.4,918,0
11.0,Wheat,Clay,0,1,0.36,1309,0
3.97,Millets,Clay,1,1,0.3,576,0
14.73,Millets,Black,0,0,0.73,708,0
10.68,Millets,Clay,0,1,0.79,1245,0
7.24,Maize,Loam,0,1,0.52,501,0
9.45,Wheat,Clay,1,1,0.39,756,0
10.07,Cotton,Loam,1,1,0.85,873,1
14.82,Cotton,Clay,0,0,0.68,426,0
5.73,Sugarcane,Black,1,0,0.63,425,0
13.01,Rice,Clay,1,1,0.23,1081,0
13.72,Sugarcane,Clay,1,1,0.34,755,0
9.13,Millets,Loam,1,0,0.66,817,0
7.08,Cotton,Clay,1,0,0.52,1251,0
8.42,Sugarcane,Sandy,0,1,0.47,553,0
3.83,Wheat,Clay,0,1,0.83,382,0
11.88,Wheat,Black,1,1,0.5,1336,1
6.91,Cotton,Loam,0,1,0.33,1140,0
8.54,Maize,Loam,1,0,0.59,1393,0
1.87,Wheat,Clay,1,1,0.51,1466,0
6.96,Cotton,Loam,1,1,0.2,423,0
3.5,Sugarcane,Black,0,1,0.35,1176,0
0.59,Maize,Loam,0,1,0.21,1256,0
4.44,Cotton,Loam,1,0,0.72,635,0
5.64,Wheat,Sandy,1,1,0.62,926,1
4.32,Millets,Black,1,0,0.58,567,0
13.66,Cotton,Sandy,0,0,0.21,1110,0
13.04,Wheat,Clay,1,1,0.44,1410,0
5.96,Millets,Black,1,1,0.24,1347,0
11.45,Millets,Clay,0,0,0.79,1448,0
6.68,Millets,Clay,0,1,0.56,334,0
2.79,Millets,Clay,1,1,0.38,1062,0
2.4,Millets,Loam,0,1,0.27,320,0
2.28,Maize,Sandy,0,0,0.4,340,0
7.09,Maize,Clay,1,0,0.88,1298,0
5.68,Wheat,Loam,0,1,0.28,386,0
12.23,Cotton,Loam,0,1,0.45,417,0
8.13,Millets,Sandy,1,1,0.72,1317,1
8.59,Sugarcane,Sandy,1,0,0.6,424,0
12.74,Maize,Clay,0,1,0.32,932,0
1.84,Millets,Sandy,0,1,0.8,959,0
3.07,Rice,Clay,1,1,0.51,902,1
0.71,Millets,Clay,1,1,0.9,924,0
8.41,Sugarcane,Sandy,1,0,0.78,1467,0
13.83,Cotton,Loam,0,0,0.58,670,0
6.36,Rice,Black,0,0,0.55,1165,0
14.71,Wheat,Clay,0,1,0.7,685,0
1.78,Cotton,Sandy,0,0,0.68,997,0
13.94,Rice,Loam,0,0,0.29,396,0
0.87,Rice,Black,1,1,0.65,486,0
2.37,Wheat,Black,1,1,0.53,407,1
10.22,Cotton,Black,0,0,0.39,1441,0
13.79,Millets,Loam,1,0,0.34,755,0
1.48,Wheat,Sandy,1,0,0.52,462,0
10.6,Rice,Black,1,1,0.63,880,1
4.01,Wheat,Loam,0,1,0.3,993,0
3.58,Maize,Clay,0,0,0.45,504,0
8.49,Sugarcane,Black,0,1,0.31,1203,0
4.07,Cotton,Black,1,1,0.55,1315,1
7.18,Wheat,Clay,1,0,0.4,486,0
0.94,Rice,Loam,1,0,0.92,1433,0
0.67,Millets,Sandy,1,1,0.91,618,0
7.34,Maize,Clay,1,0,0.25,1372,0
8.44,Cotton,Loam,0,1,0.32,1267,0
0.69,Sugarcane,Loam,0,0,0.65,1347,0
4.52,Wheat,Loam,1,1,0.23,488,0
11.77,Rice,Sandy,0,0,0.23,758,0
7.31,Wheat,Sandy,1,1,0.26,488,0
8.9,Cotton,Black,0,0,0.76,865,0
11.59,Wheat,Loam,1,0,0.31,886,0
1.78,Wheat,Loam,0,1,0.42,688,0
11.04,Cotton,Sandy,1,0,0.53,605,0
9.47,Sugarcane,Loam,1,1,0.25,512,0
13.81,Maize,Black,0,0,0.71,953,0
2.2,Millets,Black,0,0,0.81,354,0
0.58,Sugarcane,Clay,1,0,0.77,450,0
10.09,Sugarcane,Loam,0,1,0.24,927,0
5.05,Cotton,Loam,1,0,0.33,1427,0
14.24,Wheat,Black,0,0,0.5,1073,0
7.8,Wheat,Black,0,1,0.7,730,0
9.49,Rice,Sandy,1,0,0.34,590,0
11.09,Millets,Loam,0,0,0.66,966,0
8.81,Maize,Loam,1,0,0.45,872,0
13.86,Millets,Sandy,1,1,0.76,1361,1
11.56,Cotton,Black,1,0,0.49,1397,0
0.64,Cotton,Loam,1,1,0.81,630,0
0.96,Cotton,Clay,1,1,0.72,1125,0
4.05,Cotton,Clay,0,0,0.71,1099,0
6.77,Cotton,Black,0,0,0.42,338,0
2.19,Wheat,Clay,0,0,0.23,1275,0
3.27,Rice,Sandy,0,0,0.3,673,0
13.97,Wheat,Clay,0,1,0.86,1048,0
10.49,Cotton,Sandy,1,0,0.62,860,0
4.3,Wheat,Sandy,1,0,0.48,1282,0
2.2,Maize,Sandy,1,1,0.7,1245,1
5.22,Rice,Loam,0,0,0.91,1224,0
1.59,Millets,Sandy,0,1,0.51,762,0
7.73,Maize,Clay,0,0,0.54,1230,0
1.15,Sugarcane,Loam,1,1,0.89,770,0
8.1,Cotton,Black,1,1,0.65,871,1
14.73,Sugarcane,Loam,1,0,0.65,1485,0
0.95,Rice,Sandy,1,0,0.68,944,0
2.91,Rice,Loam,0,1,0.86,897,0
14.09,Maize,Loam,1,1,0.62,1333,1
8.65,Maize,Black,1,1,0.71,742,1
8.43,Wheat,Loam,0,1,0.57,716,0
8.41,Millets,Clay,0,1,0.37,960,0
0.89,Millets,Sandy,0,1,0.72,1000,0
2.49,Millets,Loam,0,0,0.82,563,0
3.82,Wheat,Loam,1,0,0.33,938,0
9.76,Wheat,Loam,0,1,0.34,555,0
2.14,Sugarcane,Black,1,0,0.67,1231,0
2.66,Cotton,Black,0,0,0.81,373,0
13.0,Millets,Clay,0,0,0.83,731,0
8.34,Cotton,Clay,0,0,0.65,374,0
9.49,Maize,Black,0,0,0.47,998,0
7.65,Maize,Clay,1,1,0.84,986,1
6.07,Maize,Black,0,1,0.63,1048,0
10.56,Cotton,Sandy,1,0,0.62,309,0
5.16,Millets,Clay,1,1,0.39,663,0
7.14,Cotton,Loam,1,0,0.9,1421,0
3.0,Rice,Clay,1,1,0.52,828,1
3.29,Maize,Clay,1,0,0.94,1269,0
10.55,Cotton,Sandy,0,1,0.61,938,0
9.22,Millets,Black,0,0,0.88,374,0
14.53,Millets,Clay,0,0,0.42,1107,0
10.6,Wheat,Clay,1,1,0.49,1251,0
1.16,Rice,Loam,0,1,0.24,951,0
8.66,Maize,Clay,1,0,0.29,754,0
2.82,Maize,Black,0,0,0.33,530,0
9.02,Millets,Sandy,1,1,0.21,1143,0
1.81,Cotton,Loam,1,1,0.59,578,0
7.19,Sugarcane,Loam,0,1,0.93,693,0
2.25,Maize,Black,0,0,0.33,1326,0
5.5,Maize,Black,1,0,0.33,568,0
8.64,Rice,Sandy,1,1,0.84,497,1
6.51,Maize,Clay,0,1,0.31,874,0
13.56,Rice,Clay,0,0,0.55,717,0
6.25,Wheat,Sandy,0,1,0.4,1002,0
13.99,Cotton,Sandy,1,0,0.93,704,0
10.55,Cotton,Clay,0,0,0.56,1318,0
7.09,Maize,Loam,1,0,0.8,750,0
1.61,Sugarcane,Clay,1,1,0.6,891,0
7.34,Rice,Black,1,1,0.57,954,1
13.7,Millets,Loam,1,1,0.32,1116,0
2.73,Maize,Black,0,1,0.4,518,0
3.57,Maize,Sandy,1,0,0.43,889,0
3.36,Maize,Sandy,1,0,0.21,1050,0
12.91,Maize,Black,0,0,0.73,1023,0
13.68,Cotton,Clay,0,1,0.35,424,0
1.08,Wheat,Black,0,0,0.42,1195,0
9.6,Sugarcane,Black,0,1,0.55,1424,0
0.51,Maize,Sandy,0,1,0.55,454,0
11.32,Rice,Clay,1,1,0.36,948,0
10.44,Wheat,Sandy,1,1,0.79,1356,1
7.18,Wheat,Sandy,0,1,0.67,608,0
0.55,Rice,Clay,0,0,0.87,1033,0
13.45,Rice,Sandy,1,1,0.6,344,1
7.42,Sugarcane,Black,0,0,0.87,1224,0
6.88,Sugarcane,Loam,1,1,0.74,1151,1
7.61,Millets,Sandy,1,1,0.36,1105,0
4.41,Millets,Black,0,0,0.45,890,0
0.68,Sugarcane,Sandy,1,0,0.29,436,0
5.46,Millets,Sandy,0,0,0.55,1308,0
5.7,Rice,Clay,0,0,0.24,1219,0
1.12,Maize,Loam,1,1,0.86,497,0
1.4,Sugarcane,Loam,0,0,0.7,1369,0
1.24,Sugarcane,Black,1,0,0.65,455,0
8.89,Millets,Loam,1,0,0.31,445,0
6.4,Millets,Loam,0,1,0.25,1195,0
13.83,Millets,Loam,0,0,0.87,670,0
2.07,Millets,Black,0,0,0.2,1107,0
14.73,Maize,Clay,0,0,0.63,754,0
7.89,Maize,Loam,0,0,0.73,515,0
8.03,Wheat,Black,0,0,0.73,1143,0
9.09,Rice,Loam,0,1,0.24,516,0
5.61,Millets,Sandy,0,0,0.36,1288,0
13.9,Cotton,Clay,0,0,0.38,375,0
7.09,Rice,Black,1,0,0.34,307,0
11.32,Rice,Black,1,1,0.37,968,0
7.85,Sugarcane,Loam,0,1,0.53,612,0
1.56,Wheat,Black,1,0,0.76,1417,0
8.84,Maize,Sandy,1,1,0.21,357,0
4.69,Millets,Clay,0,0,0.36,341,0
3.13,Cotton,Black,0,1,0.7,1444,0
12.36,Millets,Sandy,0,0,0.42,1007,0
11.98,Sugarcane,Sandy,0,0,0.22,1226,0
1.05,Rice,Clay,1,1,0.91,513,0
10.33,Maize,Sandy,1,0,0.73,698,0
10.42,Maize,Loam,0,1,0.56,1291,0
11.54,Millets,Sandy,1,0,0.33,482,0
14.82,Cotton,Loam,1,1,0.7,1175,1
13.7,Millets,Loam,1,0,0.61,1021,0
8.0,Cotton,Sandy,1,0,0.57,1240,0
3.87,Millets,Black,0,1,0.86,1311,0
3.34,Sugarcane,Clay,0,0,0.4,529,0
8.69,Maize,Clay,0,0,0.53,1327,0
7.29,Millets,Clay,1,0,0.57,1301,0
7.22,Millets,Sandy,0,0,0.26,630,0
13.0,Sugarcane,Sandy,1,0,0.48,687,0
4.0,Sugarcane,Sandy,0,1,0.49,1388,0
12.59,Wheat,Loam,0,0,0.93,594,0
13.83,Sugarcane,Black,1,1,0.91,363,1
4.88,Cotton,Sandy,0,0,0.51,742,0
3.48,Rice,Loam,1,0,0.39,1457,0
8.27,Wheat,Clay,1,0,0.29,849,0
8.41,Millets,Sandy,1,0,0.41,810,0
9.5,Rice,Black,0,0,0.45,633,0
7.2,Millets,Clay,1,1,0.33,849,0
3.48,Sugarcane,Clay,0,1,0.75,924,0
0.56,Cotton,Black,0,1,0.29,756,0
10.73,Sugarcane,Clay,1,1,0.58,1199,1
1.57,Maize,Sandy,1,1,0.81,1489,0
3.28,Maize,Sandy,1,1,0.82,1301,1
8.78,Cotton,Clay,1,0,0.56,1343,0
1.8,Rice,Clay,0,1,0.49,928,0
12.54,Wheat,Black,0,0,0.22,708,0
12.73,Cotton,Sandy,0,1,0.89,927,0
8.59,Cotton,Loam,0,0,0.84,373,0
6.84,Cotton,Black,0,1,0.56,1174,0
7.01,Millets,Sandy,0,0,0.83,1133,0
5.77,Sugarcane,Sandy,0,1,0.49,645,0
9.47,Millets,Black,1,0,0.87,1121,0
4.03,Maize,Sandy,1,1,0.21,953,0
12.43,Millets,Loam,1,1,0.33,1371,0
12.74,Sugarcane,Black,0,1,0.95,723,0
12.25,Sugarcane,Black,0,0,0.53,751,0
5.91,Sugarcane,Black,1,0,0.39,594,0
12.16,Millets,Sandy,1,0,0.7,657,0
6.4,Rice,Clay,1,0,0.51,1016,0
1.33,Wheat,Sandy,0,1,0.81,1221,0
11.03,Sugarcane,Black,1,1,0.42,359,0
14.31,Wheat,Loam,1,0,0.62,555,0
13.42,Millets,Sandy,1,1,0.72,370,1
3.63,Millets,Loam,1,0,0.91,500,0
9.2,Millets,Black,0,0,0.42,1350,0
10.06,Sugarcane,Clay,1,0,0.24,1117,0
3.37,Maize,Sandy,0,1,0.7,1072,0
0.54,Sugarcane,Clay,0,1,0.92,648,0
5.95,Maize,Black,0,1,0.55,361,0
12.09,Cotton,Loam,0,1,0.24,780,0
2.14,Millets,Black,0,1,0.57,573,0
2.65,Maize,Black,0,1,0.75,1094,0
8.79,Maize,Loam,1,1,0.77,471,1
1.99,Cotton,Clay,1,0,0.77,436,0
1.18,Rice,Clay,0,0,0.83,1204,0
14.89,Maize,Clay,0,0,0.92,1129,0
5.27,Wheat,Black,0,1,0.55,881,0
14.69,Sugarcane,Sandy,1,0,0.63,701,0
2.49,Millets,Clay,1,0,0.76,654,0
7.22,Rice,Black,0,0,0.75,713,0
12.25,Rice,Loam,0,0,0.75,782,0
13.29,Cotton,Sandy,1,0,0.46,622,0
10.36,Cotton,Sandy,0,0,0.3,321,0
14.06,Maize,Clay,0,0,0.42,344,0
4.26,Sugarcane,Loam,0,0,0.35,907,0
7.31,Maize,Black,1,0,0.23,399,0
1.18,Cotton,Loam,1,0,0.62,799,0
13.92,Maize,Black,0,1,0.56,1065,0
5.25,Rice,Sandy,0,1,0.28,1279,0
13.0,Maize,Black,0,1,0.27,808,0
6.27,Sugarcane,Clay,0,0,0.71,967,0
12.82,Millets,Clay,0,0,0.24,951,0
14.67,Rice,Sandy,0,1,0.69,350,0
13.23,Wheat,Clay,1,1,0.91,695,1
2.39,Millets,Sandy,1,1,0.66,1177,1
8.94,Sugarcane,Black,1,0,0.47,1234,0
7.99,Rice,Black,0,0,0.51,590,0
1.96,Maize,Clay,1,0,0.6,1233,0
6.7,Maize,Black,0,1,0.78,562,0
11.93,Cotton,Sandy,1,1,0.52,1374,1
14.45,Sugarcane,Clay,1,0,0.39,784,0
7.38,Maize,Black,1,1,0.41,1011,0
11.1,Cotton,Black,1,1,0.52,846,1
9.38,Sugarcane,Black,0,0,0.42,1093,0
1.73,Cotton,Loam,0,1,0.24,1493,0
5.35,Rice,Clay,1,0,0.71,434,0
11.41,Millets,Black,0,1,0.56,1027,0
4.63,Wheat,Loam,0,0,0.42,1488,0
3.42,Millets,Clay,1,0,0.64,968,0
11.61,Rice,Black,1,0,0.4,899,0
3.85,Maize,Clay,1,1,0.86,1387,1
13.56,Maize,Loam,0,0,0.4,835,0
11.76,Sugarcane,Sandy,1,0,0.35,653,0
8.96,Millets,Black,0,0,0.76,585,0
0.7,Wheat,Clay,1,0,0.7,792,0
10.53,Rice,Black,0,1,0.65,809,0
7.39,Wheat,Clay,0,0,0.3,399,0
3.83,Sugarcane,Sandy,1,0,0.38,846,0
10.53,Sugarcane,Black,0,0,0.74,1496,0
6.8,Rice,Black,0,0,0.74,603,0
4.34,Sugarcane,Sandy,1,0,0.5,502,0
11.49,Rice,Black,0,1,0.65,1091,0
12.01,Wheat,Black,0,1,0.38,577,0
8.58,Wheat,Clay,1,1,0.23,761,0
6.73,Maize,Sandy,1,0,0.22,832,0
0.52,Sugarcane,Clay,0,0,0.32,624,0
1.29,Wheat,Sandy,1,1,0.58,493,0
3.01,Rice,Black,0,1,0.21,864,0
9.28,Sugarcane,Black,0,1,0.75,857,0
9.42,Cotton,Loam,1,0,0.31,448,0
9.44,Sugarcane,Black,1,1,0.48,1068,0
2.66,Millets,Sandy,1,1,0.67,310,1
0.55,Cotton,Black,1,0,0.52,1198,0
9.58,Rice,Loam,0,0,0.92,1079,0
0.54,Maize,Clay,0,0,0.71,1404,0
1.86,Rice,Black,1,0,0.27,1192,0
1.52,Wheat,Sandy,0,0,0.48,1192,0
12.99,Maize,Clay,1,1,0.34,641,0
12.01,Millets,Black,1,0,0.26,838,0
2.78,Cotton,Sandy,1,0,0.39,340,0
13.86,Maize,Sandy,0,0,0.81,687,0
9.68,Millets,Black,1,1,0.64,560,1
2.13,Wheat,Black,1,0,0.82,395,0
8.47,Cotton,Black,0,1,0.74,314,0
4.32,Cotton,Loam,1,1,0.94,326,1
12.07,Rice,Clay,1,0,0.43,653,0
6.6,Maize,Loam,0,1,0.21,456,0
0.57,Rice,Black,0,0,0.93,497,0
7.76,Rice,Black,1,0,0.6,533,0
11.61,Maize,Clay,1,0,0.45,1389,0
11.83,Sugarcane,Clay,1,1,0.5,752,1
3.56,Rice,Loam,0,0,0.31,353,0
13.1,Rice,Black,1,1,0.45,406,0
10.24,Cotton,Black,1,0,0.77,548,0
11.17,Rice,Loam,1,1,0.7,987,1
2.09,Maize,Clay,1,0,0.26,1248,0
11.82,Wheat,Black,0,0,0.29,660,0
8.23,Wheat,Sandy,0,0,0.25,784,0
13.84,Wheat,Clay,1,0,0.29,1262,0
10.98,Cotton,Clay,1,1,0.72,1025,1
3.28,Wheat,Clay,1,1,0.32,1032,0
14.28,Maize,Black,1,1,0.86,1437,1
11.71,Wheat,Loam,0,0,0.93,762,0
3.47,Wheat,Clay,1,0,0.95,1385,0
6.78,Rice,Sandy,0,0,0.34,444,0
13.55,Wheat,Sandy,1,1,0.73,1000,1
6.51,Cotton,Loam,0,1,0.74,1270,0
6.51,Sugarcane,Sandy,0,1,0.64,1045,0
14.46,Rice,Loam,1,1,0.9,971,1
13.32,Rice,Sandy,0,0,0.49,511,0
7.25,Wheat,Black,1,0,0.35,939,0
14.29,Wheat,Loam,0,1,0.21,1250,0
12.34,Cotton,Loam,0,0,0.93,572,0
12.22,Sugarcane,Sandy,0,0,0.85,748,0
1.66,Rice,Loam,1,1,0.3,1196,0
13.25,Rice,Sandy,0,1,0.41,1462,0
6.63,Maize,Clay,0,0,0.89,892,0
1.76,Rice,Loam,1,1,0.75,1146,0
7.99,Sugarcane,Black,0,1,0.91,373,0
2.73,Cotton,Loam,0,1,0.42,920,0
8.25,Wheat,Sandy,1,0,0.79,755,0
8.33,Cotton,Loam,1,1,0.79,1158,1
5.42,Millets,Black,1,1,0.71,989,1
10.83,Rice,Loam,1,1,0.77,1118,1
6.51,Cotton,Black,1,1,0.45,1075,0
14.05,Wheat,Clay,1,0,0.53,328,0
10.89,Rice,Clay,1,0,0.92,930,0
11.41,Wheat,Clay,0,0,0.28,1182,0
11.59,Sugarcane,Black,0,1,0.77,683,0
14.43,Millets,Clay,1,1,0.5,584,1
12.06,Maize,Loam,0,0,0.74,988,0
2.79,Wheat,Loam,0,0,0.93,1124,0
3.94,Millets,Clay,1,1,0.81,453,1
6.39,Millets,Clay,0,0,0.88,615,0
5.03,Millets,Clay,1,0,0.59,1492,0
4.32,Rice,Loam,1,1,0.75,1198,1
9.74,Sugarcane,Black,0,0,0.63,957,0
3.28,Maize,Loam,1,0,0.65,1327,0
5.3,Wheat,Clay,0,1,0.25,332,0
14.71,Maize,Sandy,0,0,0.63,907,0
13.43,Maize,Loam,1,0,0.23,346,0
3.21,Cotton,Black,1,1,0.48,1150,0
5.41,Cotton,Sandy,0,1,0.28,325,0
10.17,Maize,Sandy,0,1,0.92,445,0
12.62,Cotton,Clay,0,1,0.61,832,0
3.09,Millets,Clay,1,0,0.54,469,0
13.64,Maize,Sandy,0,1,0.69,309,0
12.52,Sugarcane,Clay,1,1,0.91,1344,1
12.6,Millets,Clay,1,1,0.36,1491,0
9.07,Millets,Clay,1,1,0.24,774,0
1.05,Cotton,Clay,0,1,0.84,1124,0
4.77,Rice,Sandy,0,1,0.91,442,0
5.2,Maize,Sandy,0,1,0.29,1234,0
3.91,Millets,Loam,1,1,0.54,722,1
10.14,Rice,Clay,1,0,0.69,808,0
8.18,Rice,Black,0,1,0.46,1201,0
9.23,Millets,Loam,0,1,0.52,1340,0
2.64,Millets,Sandy,0,1,0.86,1394,0
12.7,Maize,Loam,1,0,0.68,1131,0
5.37,Sugarcane,Black,1,1,0.38,625,0
10.13,Maize,Loam,0,0,0.71,1083,0
8.5,Sugarcane,Black,0,0,0.76,1261,0
4.29,Maize,Sandy,0,1,0.9,1281,0
10.65,Maize,Loam,0,1,0.24,678,0
4.54,Maize,Black,0,1,0.48,554,0
5.88,Millets,Black,0,0,0.41,978,0
14.2,Millets,Loam,1,0,0.86,1001,0
8.99,Cotton,Sandy,0,0,0.95,442,0
10.63,Maize,Black,0,0,0.48,317,0
11.63,Rice,Black,0,1,0.89,665,0
12.5,Maize,Loam,1,0,0.55,980,0
14.65,Sugarcane,Black,1,1,0.6,1140,1
14.86,Rice,Sandy,1,1,0.78,638,1
2.96,Maize,Clay,0,1,0.37,1272,0
3.81,Rice,Loam,1,1,0.94,983,1
13.73,Rice,Clay,1,0,0.21,964,0
4.87,Maize,Black,0,0,0.63,1391,0
8.37,Wheat,Black,0,1,0.91,547,0
11.77,Rice,Loam,1,0,0.88,1042,0
9.46,Millets,Clay,1,0,0.74,504,0
9.36,Maize,Black,0,1,0.61,317,0
12.41,Wheat,Loam,1,0,0.43,463,0
3.63,Maize,Sandy,1,0,0.39,1142,0
4.21,Cotton,Sandy,1,1,0.79,577,1
13.5,Wheat,Clay,0,1,0.49,610,0
3.67,Maize,Clay,0,0,0.79,406,0
4.34,Rice,Black,0,0,0.7,746,0
13.17,Maize,Loam,1,1,0.4,1363,0
6.15,Rice,Clay,0,0,0.35,432,0
6.45,Millets,Sandy,0,1,0.22,1393,0
4.87,Sugarcane,Black,1,1,0.92,642,1
7.48,Wheat,Black,0,1,0.54,773,0
14.46,Wheat,Clay,1,0,0.71,743,0
10.6,Wheat,Clay,0,0,0.33,1109,0
10.29,Wheat,Loam,0,0,0.37,322,0
10.76,Millets,Loam,1,0,0.2,1500,0
10.9,Sugarcane,Black,0,1,0.39,1285,0
9.37,Maize,Sandy,0,0,0.87,880,0
9.61,Millets,Loam,0,0,0.67,722,0
11.96,Sugarcane,Sandy,0,1,0.34,428,0
2.93,Millets,Loam,0,0,0.94,557,0
5.55,Sugarcane,Loam,0,1,0.36,937,0
6.95,Maize,Clay,1,1,0.73,894,1
4.55,Maize,Black,0,1,0.24,1170,0
2.42,Maize,Clay,1,1,0.52,1354,1
1.65,Maize,Black,1,1,0.27,1073,0
6.87,Sugarcane,Black,1,1,0.37,585,0
4.7,Millets,Black,0,0,0.65,393,0
8.79,Sugarcane,Sandy,0,0,0.29,556,0
3.71,Wheat,Sandy,0,1,0.41,340,0
6.7,Rice,Clay,0,0,0.57,1214,0
3.73,Maize,Clay,1,1,0.66,691,1
4.96,Sugarcane,Loam,0,0,0.7,560,0
1.27,Cotton,Black,0,0,0.79,1376,0
10.81,Rice,Loam,1,0,0.68,1177,0
11.9,Sugarcane,Sandy,1,1,0.93,1471,1
2.96,Cotton,Sandy,0,0,0.68,1420,0
3.18,Sugarcane,Sandy,1,1,0.26,1052,0
2.68,Wheat,Loam,0,1,0.59,508,0
11.6,Rice,Clay,1,0,0.82,1396,0
9.47,Rice,Sandy,1,0,0.73,560,0
1.51,Sugarcane,Black,0,0,0.3,321,0
13.14,Maize,Black,0,0,0.78,1416,0
9.6,Millets,Clay,1,1,0.43,1141,0
2.71,Millets,Loam,0,1,0.65,583,0
13.99,Millets,Sandy,1,1,0.76,950,1
13.41,Wheat,Clay,1,0,0.39,927,0
2.84,Millets,Black,1,0,0.49,300,0
4.44,Sugarcane,Black,1,1,0.86,575,1
0.81,Wheat,Clay,0,0,0.36,925,0
13.52,Rice,Loam,0,0,0.42,1270,0
7.81,Wheat,Sandy,0,1,0.89,836,0
10.1,Sugarcane,Loam,0,0,0.61,1082,0
4.45,Sugarcane,Sandy,1,1,0.21,795,0
4.98,Cotton,Black,1,1,0.67,1346,1
3.58,Millets,Clay,0,1,0.5,781,0
8.27,Rice,Loam,0,0,0.46,319,0
6.35,Millets,Clay,1,0,0.41,1387,0
12.94,Millets,Black,0,0,0.47,468,0
1.39,Rice,Loam,1,0,0.35,1097,0
2.15,Maize,Black,1,1,0.69,1460,1
6.0,Maize,Sandy,1,0,0.92,1233,0
10.45,Rice,Loam,0,1,0.8,1116,0
8.91,Millets,Loam,1,1,0.37,339,0
6.84,Millets,Loam,0,0,0.66,1128,0
1.98,Wheat,Black,1,1,0.34,468,0
14.39,Rice,Black,0,0,0.85,1318,0
10.14,Millets,Loam,0,0,0.32,656,0
13.46,Millets,Black,1,1,0.73,526,1
12.79,Cotton,Loam,0,1,0.77,392,0
8.92,Maize,Clay,1,0,0.22,742,0
0.92,Maize,Black,0,0,0.21,1222,0
8.83,Wheat,Sandy,1,0,0.58,395,0
12.52,Wheat,Loam,1,0,0.81,1249,0
6.06,Rice,Loam,0,0,0.3,1422,0
14.23,Rice,Black,0,1,0.36,1251,0
10.04,Sugarcane,Clay,1,0,0.51,711,0
4.39,Sugarcane,Sandy,0,1,0.33,400,0
0.81,Wheat,Sandy,1,0,0.21,753,0
5.53,Cotton,Sandy,0,0,0.85,1311,0
12.68,Maize,Black,1,1,0.34,1386,0
12.2,Cotton,Sandy,1,1,0.31,867,0
8.78,Cotton,Loam,0,1,0.22,819,0
12.41,Rice,Black,0,0,0.58,1055,0
9.47,Rice,Clay,1,1,0.21,1458,0
10.63,Wheat,Loam,1,1,0.92,1142,1
4.99,Millets,Clay,1,0,0.76,648,0
14.67,Rice,Sandy,1,1,0.65,1358,1
2.94,Sugarcane,Clay,0,1,0.56,1380,0
8.73,Rice,Black,0,1,0.41,607,0
9.08,Cotton,Black,0,1,0.23,1048,0
12.97,Millets,Clay,1,0,0.85,1025,0
0.57,Maize,Sandy,1,1,0.4,442,0
14.39,Rice,Sandy,0,1,0.54,745,0
10.28,Maize,Sandy,1,0,0.75,1160,0
14.42,Rice,Clay,1,1,0.48,511,0
10.93,Rice,Clay,1,1,0.35,1479,0
8.81,Wheat,Sandy,0,1,0.34,1232,0
11.85,Cotton,Clay,0,0,0.85,831,0
2.8,Cotton,Sandy,0,1,0.2,1358,0
7.81,Wheat,Sandy,1,1,0.62,1447,1
0.88,Cotton,Loam,0,1,0.79,1038,0
4.56,Wheat,Black,1,0,0.81,1464,0
11.39,Wheat,Sandy,1,0,0.38,1311,0
4.78,Rice,Sandy,0,0,0.88,909,0
2.81,Sugarcane,Black,1,0,0.79,1174,0
5.93,Cotton,Clay,1,1,0.49,1023,0
2.56,Rice,Black,1,1,0.23,667,0
1.65,Cotton,Black,1,0,0.82,1008,0
10.43,Cotton,Black,1,1,0.48,491,0
6.66,Rice,Clay,0,1,0.27,825,0
5.02,Millets,Sandy,1,1,0.53,332,1
6.77,Maize,Sandy,1,1,0.22,1462,0
7.07,Sugarcane,Clay,0,1,0.75,351,0
2.25,Cotton,Clay,1,1,0.56,1099,1
6.22,Cotton,Black,0,1,0.9,369,0
5.43,Wheat,Black,0,1,0.54,702,0
8.55,Wheat,Black,1,0,0.37,1179,0
13.53,Sugarcane,Sandy,0,0,0.21,1034,0
9.48,Millets,Loam,0,1,0.68,1478,0
10.95,Cotton,Clay,0,1,0.32,1303,0
9.17,Rice,Clay,1,0,0.24,1323,0
5.94,Maize,Loam,1,0,0.22,1495,0
14.84,Maize,Clay,1,0,0.36,950,0
4.89,Rice,Clay,1,0,0.86,721,0
3.24,Wheat,Loam,0,1,0.76,586,0
11.35,Cotton,Black,1,0,0.67,1290,0
1.21,Maize,Sandy,0,1,0.25,1396,0
4.06,Sugarcane,Loam,0,0,0.37,410,0
3.42,Millets,Sandy,0,1,0.86,636,0
13.03,Cotton,Loam,1,0,0.67,1141,0
4.59,Rice,Loam,0,0,0.89,713,0
11.51,Millets,Clay,1,1,0.41,754,0
9.8,Rice,Sandy,0,0,0.49,1197,0
6.37,Wheat,Black,1,1,0.77,1443,1
4.88,Rice,Loam,1,0,0.95,1294,0
3.46,Cotton,Loam,0,1,0.66,1080,0
13.95,Cotton,Loam,0,1,0.33,370,0
5.38,Cotton,Clay,1,1,0.76,611,1
13.83,Cotton,Black,1,0,0.85,1386,0
1.69,Rice,Clay,1,0,0.75,362,0
12.35,Maize,Loam,1,0,0.22,791,0
2.59,Sugarcane,Black,1,1,0.77,648,1
6.24,Millets,Loam,1,1,0.27,877,0
5.94,Cotton,Loam,1,1,0.21,483,0
3.45,Millets,Black,0,1,0.83,691,0
2.67,Cotton,Sandy,1,1,0.26,1175,0
7.49,Cotton,Sandy,1,1,0.6,1275,1
11.64,Cotton,Sandy,0,0,0.79,333,0
12.9,Cotton,Clay,1,0,0.52,367,0
14.29,Maize,Sandy,1,1,0.61,579,1
12.79,Sugarcane,Black,1,0,0.86,1459,0
2.92,Rice,Sandy,1,0,0.26,448,0
12.38,Cotton,Black,0,1,0.65,1051,0
6.75,Rice,Clay,1,1,0.26,985,0
13.01,Cotton,Clay,1,0,0.75,793,0
14.92,Millets,Loam,1,0,0.4,1060,0
2.95,Cotton,Clay,1,1,0.85,942,1
0.84,Sugarcane,Loam,1,1,0.67,845,0
12.69,Rice,Black,1,0,0.83,373,0
13.13,Sugarcane,Loam,1,0,0.4,751,0
12.02,Cotton,Clay,1,1,0.2,1157,0
14.62,Maize,Sandy,1,0,0.92,1246,0
5.18,Rice,Sandy,1,0,0.63,533,0
14.79,Millets,Loam,0,0,0.28,1311,0
5.64,Millets,Sandy,0,0,0.69,871,0
0.75,Cotton,Sandy,1,1,0.75,1485,0
14.27,Sugarcane,Loam,0,1,0.48,581,0
14.63,Wheat,Loam,0,1,0.61,1372,0
0.64,Rice,Clay,1,0,0.44,729,0
3.25,Wheat,Black,1,1,0.39,626,0
1.79,Rice,Loam,1,0,0.45,1244,0
9.52,Wheat,Clay,1,1,0.72,392,1
6.64,Cotton,Loam,0,1,0.79,702,0
7.46,Maize,Sandy,1,1,0.84,361,1
5.62,Rice,Clay,0,1,0.39,1051,0
9.89,Millets,Black,1,1,0.72,383,1
6.72,Maize,Clay,1,1,0.5,404,1
7.13,Sugarcane,Sandy,0,0,0.93,945,0
5.82,Sugarcane,Sandy,0,1,0.27,871,0
13.51,Wheat,Black,1,0,0.84,765,0
4.45,Cotton,Clay,1,1,0.27,318,0
14.92,Rice,Loam,1,1,0.46,571,0
5.99,Sugarcane,Clay,0,0,0.62,1322,0
8.62,Cotton,Black,0,0,0.68,1302,0
11.87,Wheat,Sandy,1,0,0.28,1413,0
14.39,Millets,Clay,1,1,0.68,996,1
5.46,Sugarcane,Black,0,1,0.23,1281,0
5.47,Millets,Black,0,0,0.86,1058,0
10.69,Rice,Black,1,0,0.39,892,0
10.33,Sugarcane,Loam,1,1,0.25,546,0
8.32,Millets,Black,1,0,0.55,931,0
13.59,Maize,Sandy,1,1,0.57,1087,1
10.19,Rice,Loam,1,1,0.53,719,1
4.69,Rice,Clay,1,0,0.59,688,0
5.41,Rice,Loam,1,0,0.67,817,0
7.57,Millets,Black,1,0,0.71,323,0
2.14,Cotton,Clay,0,0,0.6,1355,0
10.25,Sugarcane,Clay,1,1,0.67,327,1
6.17,Millets,Loam,1,0,0.54,1461,0
10.78,Cotton,Clay,0,0,0.22,1176,0
13.08,Sugarcane,Clay,1,0,0.87,526,0
12.18,Rice,Sandy,1,1,0.78,1495,1
5.1,Cotton,Sandy,1,0,0.23,1028,0
11.11,Rice,Black,0,1,0.7,776,0
13.53,Millets,Black,0,1,0.8,1077,0
9.67,Cotton,Black,1,1,0.72,595,1
4.81,Cotton,Clay,0,0,0.2,580,0
6.27,Maize,Loam,1,0,0.62,1395,0
12.7,Wheat,Clay,0,0,0.89,909,0
13.51,Millets,Loam,0,0,0.77,1105,0
8.75,Sugarcane,Sandy,1,0,0.54,1085,0
3.49,Maize,Sandy,1,1,0.79,1097,1
6.75,Maize,Black,1,1,0.47,970,0
0.62,Sugarcane,Clay,1,1,0.21,1049,0
13.95,Sugarcane,Sandy,1,1,0.7,763,1
14.99,Sugarcane,Sandy,0,1,0.69,597,0
11.96,Sugarcane,Black,0,1,0.77,344,0
8.04,Wheat,Black,1,1,0.82,681,1
14.01,Cotton,Black,1,1,0.73,800,1
3.6,Sugarcane,Black,0,1,0.91,385,0
9.7,Millets,Clay,1,1,0.58,561,1
7.33,Millets,Sandy,1,0,0.28,1466,0
12.56,Maize,Sandy,0,1,0.33,324,0
9.38,Millets,Sandy,1,0,0.92,1337,0
5.46,Millets,Loam,1,1,0.52,1227,1
12.14,Maize,Loam,0,0,0.37,804,0
14.39,Maize,Black,0,1,0.82,704,0
9.61,Millets,Clay,0,1,0.2,1363,0
8.47,Rice,Black,1,1,0.61,1391,1
3.72,Wheat,Sandy,1,1,0.37,1121,0
5.65,Sugarcane,Sandy,0,0,0.74,808,0
2.08,Wheat,Black,1,0,0.75,669,0
11.53,Maize,Black,1,0,0.6,1331,0
10.39,Maize,Sandy,0,0,0.28,692,0
10.6,Rice,Black,0,0,0.25,766,0
10.78,Wheat,Loam,0,0,0.36,587,0
8.18,Sugarcane,Clay,0,1,0.54,807,0
2.07,Millets,Sandy,0,0,0.25,1020,0
13.79,Maize,Loam,0,0,0.69,515,0
8.39,Cotton,Loam,0,1,0.27,627,0
12.58,Millets,Loam,0,1,0.63,1331,0
3.31,Millets,Black,1,1,0.9,1398,1
10.7,Sugarcane,Sandy,0,0,0.56,447,0
8.7,Maize,Sandy,1,1,0.84,1045,1
5.83,Wheat,Black,0,1,0.82,697,0
1.95,Rice,Loam,0,1,0.2,1361,0
6.93,Cotton,Black,1,0,0.77,749,0
12.16,Rice,Sandy,1,0,0.62,1113,0
1.08,Maize,Loam,0,1,0.77,717,0
10.95,Rice,Clay,0,1,0.91,715,0
12.15,Millets,Loam,1,0,0.76,470,0
14.11,Millets,Black,1,0,0.76,850,0
3.79,Maize,Loam,1,0,0.22,616,0
5.92,Maize,Clay,0,0,0.55,366,0
11.2,Millets,Black,0,1,0.64,688,0
5.94,Maize,Loam,0,0,0.36,1184,0
14.92,Maize,Black,0,1,0.7,1405,0
8.63,Millets,Loam,0,1,0.91,1042,0
5.32,Cotton,Clay,0,1,0.86,749,0
5.85,Millets,Clay,1,1,0.45,402,0
7.4,Wheat,Black,0,1,0.7,1431,0
5.23,Wheat,Black,1,1,0.31,1014,0
7.15,Wheat,Clay,0,1,0.93,1228,0
12.84,Cotton,Sandy,0,0,0.75,495,0
1.6,Rice,Sandy,1,0,0.82,1487,0
7.5,Wheat,Sandy,0,0,0.3,1412,0
6.36,Sugarcane,Clay,0,1,0.59,404,0
6.84,Rice,Loam,0,0,0.56,771,0
10.69,Maize,Sandy,1,1,0.39,869,0
10.77,Sugarcane,Sandy,1,0,0.72,639,0
10.98,Wheat,Clay,0,0,0.67,438,0
2.64,Cotton,Black,1,0,0.23,1479,0
5.17,Rice,Sandy,0,1,0.38,1396,0
7.53,Rice,Loam,0,1,0.61,421,0
3.03,Rice,Loam,1,0,0.69,639,0
3.69,Sugarcane,Clay,1,0,0.68,325,0
11.76,Rice,Clay,0,0,0.22,1383,0
11.89,Maize,Loam,1,0,0.33,1321,0
0.79,Cotton,Sandy,0,0,0.43,787,0
4.71,Cotton,Sandy,1,1,0.86,1383,1
3.26,Millets,Clay,1,0,0.92,551,0
3.33,Cotton,Loam,1,0,0.34,379,0
5.51,Sugarcane,Sandy,1,0,0.57,338,0
10.81,Cotton,Loam,1,1,0.83,1328,1
14.68,Wheat,Loam,0,1,0.44,608,0
4.76,Rice,Loam,1,0,0.53,1029,0
9.92,Rice,Black,0,1,0.93,1023,0
12.72,Rice,Clay,0,1,0.92,612,0
3.47,Sugarcane,Sandy,1,0,0.25,1079,0
9.36,Cotton,Black,0,0,0.49,983,0
10.71,Maize,Clay,0,0,0.26,388,0
3.0,Sugarcane,Sandy,1,0,0.67,1329,0
10.16,Sugarcane,Clay,1,0,0.29,1295,0
10.65,Sugarcane,Black,1,0,0.74,771,0
11.29,Wheat,Sandy,0,1,0.82,958,0
5.93,Rice,Sandy,0,1,0.74,1008,0
14.52,Wheat,Loam,1,1,0.2,735,0
8.18,Sugarcane,Black,0,0,0.61,793,0
2.5,Cotton,Clay,1,1,0.39,792,0
6.3,Wheat,Black,1,0,0.63,817,0
4.16,Sugarcane,Black,0,0,0.8,1157,0
11.86,Millets,Loam,0,1,0.29,1286,0
5.9,Millets,Clay,1,1,0.3,1386,0
3.32,Millets,Black,1,1,0.74,1308,1
1.4,Cotton,Black,1,0,0.42,1349,0
8.93,Maize,Black,0,0,0.23,425,0
13.82,Millets,Black,1,0,0.21,583,0
1.54,Maize,Loam,0,0,0.4,1053,0
7.39,Maize,Loam,1,1,0.39,873,0
5.52,Rice,Black,0,1,0.64,318,0
12.22,Maize,Loam,1,1,0.51,608,1
14.88,Cotton,Black,0,1,0.62,1322,0
12.44,Millets,Sandy,1,0,0.79,1197,0
13.57,Millets,Clay,0,0,0.47,1408,0
13.83,Maize,Black,0,1,0.23,523,0
1.29,Wheat,Black,0,1,0.54,600,0
13.6,Maize,Loam,1,1,0.25,588,0
2.57,Sugarcane,Clay,1,1,0.54,717,1
7.94,Wheat,Loam,0,1,0.57,969,0
4.35,Sugarcane,Sandy,0,1,0.8,1058,0
13.32,Millets,Black,1,1,0.64,367,1
5.07,Sugarcane,Clay,1,0,0.75,1289,0
12.62,Maize,Loam,1,1,0.88,407,1
6.33,Cotton,Clay,0,1,0.4,1170,0
3.6,Maize,Clay,0,1,0.28,1070,0
3.04,Cotton,Loam,1,0,0.22,1492,0
9.0,Sugarcane,Black,1,0,0.59,411,0
10.71,Millets,Black,0,0,0.42,379,0
13.75,Sugarcane,Black,1,1,0.57,1038,1
11.68,Maize,Loam,1,1,0.6,678,1
2.83,Millets,Sandy,0,0,0.67,996,0
1.78,Maize,Loam,1,1,0.48,1385,0
5.56,Wheat,Clay,0,1,0.68,649,0
8.09,Millets,Black,1,0,0.43,1294,0
7.23,Rice,Sandy,1,1,0.28,692,0
4.84,Wheat,Clay,0,0,0.78,1277,0
1.53,Wheat,Loam,0,0,0.36,1224,0
11.3,Cotton,Clay,0,0,0.91,944,0
5.2,Wheat,Sandy,1,0,0.82,1411,0
13.9,Sugarcane,Black,0,0,0.33,1031,0
7.52,Millets,Loam,0,1,0.59,857,0
14.15,Rice,Loam,1,1,0.64,940,1
14.56,Maize,Sandy,1,0,0.47,1086,0
3.31,Cotton,Sandy,0,0,0.32,439,0
13.16,Millets,Loam,0,1,0.2,994,0
9.88,Millets,Black,0,0,0.81,369,0
10.73,Millets,Loam,1,0,0.28,1254,0
4.97,Cotton,Sandy,0,0,0.59,335,0
13.69,Millets,Black,0,1,0.38,635,0
6.99,Maize,Clay,0,1,0.69,771,0
9.14,Rice,Loam,1,1,0.86,465,1
6.01,Rice,Sandy,1,1,0.57,1367,1
2.34,Millets,Clay,0,1,0.54,1018,0
0.8,Wheat,Clay,1,1,0.24,1159,0
8.41,Rice,Loam,0,1,0.43,992,0
12.66,Maize,Black,0,1,0.4,1404,0
8.46,Millets,Clay,0,1,0.33,1406,0
7.59,Rice,Sandy,0,1,0.42,1067,0
10.63,Millets,Sandy,1,1,0.62,947,1
9.91,Maize,Clay,0,1,0.6,960,0
5.77,Millets,Black,1,0,0.66,1342,0
7.84,Sugarcane,Clay,0,1,0.34,614,0
1.0,Sugarcane,Loam,0,0,0.71,1059,0
8.65,Rice,Clay,1,1,0.44,322,0
5.56,Wheat,Clay,1,1,0.31,669,0
12.48,Maize,Sandy,1,0,0.67,755,0
11.02,Millets,Black,0,1,0.31,1383,0
1.97,Rice,Black,0,1,0.52,1085,0
13.56,Sugarcane,Clay,0,0,0.57,1141,0
11.75,Wheat,Clay,0,0,0.63,547,0
3.5,Maize,Sandy,0,1,0.68,1244,0
6.72,Millets,Sandy,1,0,0.91,456,0
4.45,Millets,Sandy,0,1,0.4,381,0
12.6,Maize,Sandy,0,1,0.34,1243,0
10.37,Millets,Black,1,0,0.77,1160,0
7.82,Cotton,Clay,0,0,0.74,606,0
7.35,Maize,Black,1,0,0.94,1393,0
12.81,Rice,Loam,1,0,0.86,1160,0
7.25,Maize,Sandy,1,1,0.93,1360,1
4.6,Rice,Black,0,1,0.63,566,0
12.86,Sugarcane,Black,1,0,0.46,437,0
0.54,Rice,Sandy,1,0,0.73,1382,0
12.13,Sugarcane,Sandy,0,0,0.66,753,0
6.1,Millets,Clay,0,1,0.47,965,0
6.96,Wheat,Loam,1,0,0.52,535,0
5.91,Cotton,Black,1,0,0.83,709,0
13.43,Millets,Sandy,0,0,0.33,527,0
4.48,Cotton,Loam,1,1,0.46,1228,0
7.28,Maize,Clay,1,1,0.73,362,1
8.46,Maize,Black,1,0,0.9,1329,0
11.02,Maize,Clay,1,1,0.57,1476,1
7.07,Maize,Sandy,0,1,0.86,344,0
14.27,Millets,Black,1,1,0.38,1336,0
2.11,Maize,Clay,0,0,0.89,1348,0
11.81,Maize,Sandy,0,1,0.21,416,0
4.7,Maize,Loam,0,1,0.64,1131,0
7.36,Millets,Clay,1,1,0.43,440,0
14.97,Millets,Sandy,1,0,0.85,823,0
2.7,Wheat,Black,1,1,0.91,441,1
2.59,Sugarcane,Black,0,1,0.47,552,0
6.7,Cotton,Loam,0,1,0.76,686,0
3.4,Wheat,Black,0,1,0.52,334,0
5.18,Rice,Sandy,0,1,0.42,309,0
13.77,Rice,Clay,0,0,0.85,467,0
14.74,Wheat,Loam,1,1,0.22,338,0
2.11,Cotton,Black,0,1,0.44,1493,0
6.25,Maize,Black,1,1,0.86,1149,1
8.8,Millets,Clay,0,0,0.41,1434,0
10.57,Rice,Black,0,1,0.33,426,0
7.85,Rice,Sandy,0,0,0.85,1357,0
4.17,Wheat,Sandy,0,0,0.92,445,0
11.36,Rice,Black,0,1,0.49,1049,0
8.24,Sugarcane,Black,1,1,0.75,941,1
10.82,Maize,Black,1,1,0.74,1387,1
3.54,Cotton,Loam,1,1,0.23,636,0
7.66,Rice,Loam,1,0,0.76,1190,0
8.14,Millets,Clay,1,1,0.6,314,1
12.85,Maize,Loam,1,1,0.4,419,0
10.33,Cotton,Black,1,1,0.87,1207,1
4.49,Millets,Loam,1,1,0.5,343,1
13.4,Cotton,Black,1,0,0.76,1014,0
12.22,Rice,Clay,1,0,0.57,675,0
3.07,Rice,Sandy,0,1,0.7,701,0
10.4,Millets,Sandy,1,0,0.76,426,0
3.24,Wheat,Black,1,1,0.55,827,1
11.61,Millets,Clay,1,1,0.52,1409,1
4.17,Maize,Clay,0,0,0.64,1310,0
10.0,Wheat,Loam,1,1,0.9,1365,1
12.75,Wheat,Loam,0,1,0.77,1181,0
3.61,Wheat,Sandy,1,0,0.41,1078,0
11.37,Maize,Sandy,0,1,0.9,449,0
5.46,Rice,Black,0,0,0.73,1394,0
11.14,Maize,Sandy,0,0,0.23,1441,0
13.61,Wheat,Sandy,1,1,0.5,1097,1
1.94,Rice,Loam,0,0,0.91,700,0
1.64,Maize,Loam,0,1,0.47,401,0
0.89,Wheat,Black,0,1,0.58,332,0
10.32,Rice,Loam,1,0,0.81,1353,0
11.2,Millets,Loam,1,0,0.7,435,0
12.31,Rice,Sandy,0,0,0.61,1047,0
8.44,Cotton,Clay,0,1,0.53,1356,0
11.79,Sugarcane,Black,1,1,0.88,494,1
11.25,Millets,Black,0,0,0.61,1478,0
14.49,Sugarcane,Black,0,1,0.7,1334,0
12.84,Sugarcane,Sandy,0,0,0.87,1037,0
14.94,Maize,Black,1,1,0.22,1267,0
11.95,Maize,Sandy,1,0,0.81,1246,0
11.81,Maize,Clay,0,0,0.84,1153,0
0.72,Wheat,Black,0,0,0.74,710,0
9.01,Sugarcane,Sandy,0,1,0.73,322,0
8.46,Maize,Clay,1,1,0.4,821,0
6.8,Cotton,Clay,1,0,0.39,326,0
2.9,Sugarcane,Clay,0,0,0.41,627,0
12.13,Cotton,Sandy,0,1,0.2,612,0
2.4,Maize,Clay,1,0,0.25,513,0
14.81,Millets,Loam,0,1,0.78,978,0
10.49,Wheat,Loam,0,0,0.52,1454,0
2.75,Wheat,Clay,1,1,0.66,477,1
8.23,Rice,Loam,0,0,0.8,1175,0
4.72,Rice,Loam,1,0,0.78,1212,0
10.5,Wheat,Loam,1,0,0.58,381,0
10.87,Wheat,Loam,0,0,0.72,1299,0
12.49,Millets,Clay,0,0,0.83,436,0
5.63,Sugarcane,Clay,0,0,0.53,602,0
9.2,Maize,Sandy,1,0,0.91,655,0
12.57,Wheat,Clay,1,1,0.35,1240,0
9.34,Millets,Sandy,1,0,0.64,436,0
9.34,Wheat,Clay,0,0,0.36,1480,0
0.85,Sugarcane,Loam,1,1,0.54,1306,0
6.53,Sugarcane,Black,1,1,0.54,1490,1
0.83,Cotton,Sandy,1,0,0.86,1049,0
13.82,Millets,Sandy,1,0,0.95,1410,0
4.65,Cotton,Black,0,0,0.5,988,0
13.59,Maize,Loam,0,0,0.52,1428,0
13.86,Sugarcane,Loam,1,1,0.34,1211,0
1.58,Sugarcane,Sandy,0,0,0.94,329,0
12.0,Maize,Black,0,1,0.73,553,0
1.86,Sugarcane,Loam,1,1,0.8,534,0
3.92,Maize,Black,1,0,0.63,988,0
14.81,Rice,Clay,1,1,0.28,1249,0
3.18,Sugarcane,Black,1,0,0.57,398,0
14.46,Wheat,Black,1,1,0.22,736,0
5.65,Maize,Sandy,0,0,0.41,485,0
11.29,Sugarcane,Black,1,0,0.54,941,0
6.83,Wheat,Clay,1,0,0.83,1343,0
11.93,Wheat,Sandy,0,0,0.48,800,0
9.9,Wheat,Black,1,0,0.22,1203,0
3.78,Wheat,Clay,1,0,0.71,1451,0
6.98,Cotton,Clay,0,1,0.66,1305,0
6.56,Millets,Loam,0,0,0.26,664,0
6.85,Wheat,Sandy,0,0,0.65,568,0
14.21,Wheat,Sandy,1,0,0.38,1219,0
14.49,Rice,Loam,1,1,0.68,310,1
10.3,Sugarcane,Black,0,0,0.54,1288,0
7.65,Wheat,Black,1,1,0.28,509,0
0.86,Wheat,Loam,1,1,0.23,1387,0
4.38,Rice,Clay,1,0,0.41,1328,0
7.48,Rice,Sandy,1,0,0.32,555,0
1.49,Maize,Black,0,1,0.27,1269,0
12.88,Wheat,Clay,1,0,0.79,1333,0
12.93,Sugarcane,Clay,0,0,0.77,804,0
6.96,Sugarcane,Clay,1,0,0.35,995,0
8.84,Sugarcane,Black,1,1,0.85,871,1
12.1,Rice,Black,0,0,0.29,1366,0
8.27,Millets,Loam,0,1,0.67,389,0
4.25,Maize,Loam,1,0,0.24,1093,0
1.74,Rice,Black,1,0,0.87,447,0
4.32,Millets,Loam,1,0,0.64,437,0
9.5,Millets,Sandy,0,1,0.31,1059,0
11.35,Sugarcane,Sandy,0,0,0.23,559,0
1.62,Wheat,Loam,1,0,0.72,356,0
13.62,Millets,Black,0,0,0.67,1460,0
13.29,Wheat,Clay,1,0,0.61,506,0
8.97,Maize,Loam,1,0,0.7,989,0
14.81,Maize,Black,0,1,0.86,579,0
14.82,Cotton,Clay,0,0,0.48,522,0
14.73,Wheat,Sandy,1,0,0.64,406,0
14.32,Maize,Loam,0,0,0.3,1011,0
7.78,Cotton,Black,1,0,0.63,1289,0
10.52,Millets,Loam,0,0,0.2,324,0
7.71,Rice,Loam,1,0,0.5,355,0
10.45,Millets,Black,1,1,0.51,751,1
5.18,Wheat,Black,1,0,0.66,916,0
7.05,Wheat,Clay,1,1,0.47,1340,0
0.71,Sugarcane,Clay,1,1,0.36,515,0
4.65,Cotton,Black,1,1,0.25,830,0
5.45,Wheat,Sandy,0,0,0.39,851,0
11.28,Maize,Black,1,0,0.55,1406,0
7.68,Maize,Clay,0,1,0.89,946,0
10.39,Sugarcane,Black,1,0,0.39,585,0
1.93,Cotton,Loam,1,0,0.8,1127,0
8.79,Rice,Sandy,1,1,0.39,1327,0
11.76,Maize,Clay,0,0,0.68,818,0
9.1,Maize,Loam,0,0,0.22,1044,0
4.82,Maize,Clay,1,1,0.83,1413,1
14.11,Sugarcane,Black,1,0,0.49,476,0
4.4,Maize,Clay,0,1,0.6,306,0
9.73,Cotton,Loam,0,1,0.33,559,0
1.79,Cotton,Sandy,0,0,0.35,1081,0
14.82,Sugarcane,Loam,1,1,0.38,1205,0
1.88,Sugarcane,Clay,1,1,0.41,358,0
4.7,Rice,Loam,0,1,0.88,750,0
13.38,Millets,Clay,1,0,0.64,1360,0
5.99,Wheat,Sandy,1,1,0.85,1194,1
8.37,Cotton,Black,0,0,0.25,804,0
8.42,Sugarcane,Sandy,1,0,0.34,1473,0
12.14,Maize,Clay,0,1,0.67,593,0
6.68,Maize,Loam,0,0,0.31,794,0
13.32,Wheat,Sandy,1,1,0.42,717,0
10.55,Rice,Loam,1,1,0.91,1100,1
8.21,Wheat,Sandy,1,1,0.79,423,1
13.13,Sugarcane,Sandy,1,1,0.41,1222,0
6.11,Wheat,Loam,1,1,0.39,317,0
0.86,Cotton,Sandy,1,0,0.54,946,0
11.9,Cotton,Sandy,1,1,0.81,883,1
0.58,Cotton,Black,0,1,0.44,504,0
7.8,Sugarcane,Sandy,0,1,0.44,854,0
3.5,Maize,Clay,1,1,0.24,606,0
1.87,Rice,Clay,1,0,0.66,1085,0
12.78,Cotton,Loam,0,1,0.4,1126,0
3.81,Maize,Sandy,0,1,0.3,1032,0
12.71,Maize,Black,0,0,0.89,894,0
6.06,Rice,Clay,1,0,0.37,710,0
2.49,Rice,Loam,0,1,0.57,1109,0
1.08,Sugarcane,Clay,0,1,0.59,1037,0
9.27,Cotton,Loam,0,0,0.37,542,0
13.29,Maize,Black,1,0,0.73,868,0
8.43,Millets,Black,1,1,0.24,496,0
6.55,Maize,Sandy,1,1,0.5,512,1
3.86,Rice,Loam,1,0,0.51,852,0
0.9,Rice,Loam,1,0,0.7,434,0
4.86,Wheat,Black,0,1,0.51,1128,0
3.92,Sugarcane,Black,1,0,0.62,1145,0
9.35,Wheat,Clay,0,0,0.54,551,0
8.09,Rice,Clay,0,1,0.59,724,0
5.9,Cotton,Sandy,1,1,0.51,397,1
1.43,Rice,Sandy,0,1,0.24,1026,0
3.81,Rice,Black,0,1,0.59,1053,0
13.62,Cotton,Clay,1,1,0.59,684,1
10.69,Millets,Clay,0,0,0.52,510,0
14.58,Wheat,Black,1,1,0.92,318,1
5.74,Rice,Clay,1,0,0.5,808,0
1.04,Sugarcane,Black,0,0,0.37,351,0
10.31,Maize,Sandy,1,0,0.67,818,0
0.85,Millets,Sandy,1,1,0.65,803,0
8.1,Sugarcane,Sandy,1,0,0.49,1410,0
8.27,Maize,Clay,0,0,0.55,962,0
4.35,Maize,Clay,0,0,0.58,335,0
4.1,Rice,Loam,1,0,0.5,1117,0
13.68,Sugarcane,Loam,0,0,0.66,627,0
11.44,Cotton,Black,0,0,0.45,1139,0
5.26,Sugarcane,Clay,1,0,0.59,799,0
7.29,Rice,Loam,0,0,0.47,434,0
10.51,Sugarcane,Sandy,1,0,0.59,339,0
11.86,Cotton,Loam,0,0,0.62,1146,0
2.22,Rice,Clay,0,1,0.36,1451,0
2.47,Sugarcane,Black,1,1,0.89,890,1
9.37,Maize,Sandy,1,0,0.26,912,0
9.43,Cotton,Sandy,1,1,0.44,513,0
7.32,Sugarcane,Loam,1,1,0.76,763,1
5.31,Sugarcane,Black,1,1,0.8,1026,1
2.06,Maize,Clay,0,0,0.55,1395,0
8.12,Cotton,Clay,1,0,0.72,423,0
12.22,Cotton,Sandy,0,0,0.87,1163,0
1.83,Rice,Loam,0,1,0.48,848,0
1.31,Sugarcane,Clay,0,1,0.45,1033,0
14.81,Sugarcane,Loam,1,0,0.81,724,0
14.67,Rice,Sandy,0,1,0.27,563,0
5.55,Millets,Clay,1,0,0.58,1160,0
12.24,Maize,Loam,0,1,0.39,544,0
13.51,Rice,Loam,1,1,0.63,929,1
5.13,Millets,Black,0,0,0.76,1222,0
9.22,Maize,Loam,0,1,0.95,478,0
7.49,Maize,Clay,0,0,0.46,1274,0
10.18,Cotton,Black,0,1,0.9,961,0
10.74,Millets,Loam,1,0,0.45,580,0
12.33,Sugarcane,Sandy,1,1,0.22,428,0
0.63,Maize,Black,1,0,0.47,682,0
12.02,Wheat,Clay,1,0,0.41,461,0
10.38,Wheat,Black,0,1,0.48,940,0
5.57,Cotton,Black,0,1,0.42,421,0
8.73,Cotton,Clay,0,0,0.87,736,0
4.87,Sugarcane,Clay,1,0,0.6,1009,0
8.66,Cotton,Black,0,1,0.83,469,0
2.0,Cotton,Sandy,0,1,0.54,899,0
5.36,Rice,Sandy,0,0,0.5,1160,0
4.92,Millets,Clay,1,0,0.34,1054,0
14.02,Sugarcane,Loam,0,0,0.44,980,0
8.44,Sugarcane,Sandy,0,1,0.75,633,0
3.66,Cotton,Clay,0,1,0.72,1116,0
7.16,Maize,Clay,1,0,0.3,990,0
4.21,Maize,Black,0,1,0.42,1419,0
6.05,Millets,Sandy,0,0,0.47,320,0
7.44,Rice,Loam,0,1,0.59,1300,0
5.82,Wheat,Clay,0,0,0.92,1267,0
2.62,Cotton,Clay,1,0,0.22,1418,0
4.93,Sugarcane,Loam,1,1,0.72,1498,1
7.67,Cotton,Sandy,0,0,0.51,732,0
3.73,Rice,Black,0,0,0.69,1344,0
2.78,Maize,Loam,1,1,0.23,1207,0
2.63,Maize,Loam,0,0,0.56,1059,0
11.45,Sugarcane,Clay,0,0,0.5,1489,0
1.63,Rice,Black,1,0,0.84,1386,0
10.77,Wheat,Loam,1,1,0.4,390,0
13.13,Cotton,Sandy,0,1,0.31,925,0
9.82,Millets,Black,1,1,0.74,961,1
1.71,Rice,Loam,1,1,0.91,1198,0
8.91,Millets,Clay,1,1,0.28,1263,0
14.76,Wheat,Sandy,0,1,0.8,358,0
4.96,Rice,Black,1,1,0.75,969,1
3.37,Millets,Sandy,0,0,0.79,460,0
8.08,Rice,Sandy,1,0,0.64,791,0
4.74,Cotton,Sandy,1,1,0.2,743,0
6.78,Cotton,Clay,0,0,0.82,872,0
8.53,Cotton,Black,1,0,0.39,845,0
12.6,Maize,Loam,0,1,0.33,488,0
1.8,Millets,Sandy,1,1,0.23,1003,0
9.86,Wheat,Black,0,1,0.89,459,0
13.92,Millets,Black,1,0,0.43,1413,0
8.08,Sugarcane,Sandy,1,1,0.4,654,0
12.71,Sugarcane,Sandy,1,0,0.79,822,0
4.12,Millets,Clay,0,1,0.39,933,0
3.04,Wheat,Loam,0,0,0.36,649,0
12.53,Sugarcane,Sandy,1,1,0.51,325,1
1.09,Millets,Loam,1,1,0.58,601,0
4.81,Maize,Sandy,0,1,0.63,1085,0
10.92,Millets,Clay,1,1,0.65,405,1
5.15,Rice,Sandy,0,0,0.48,864,0
4.75,Cotton,Sandy,1,1,0.46,1344,0
11.39,Cotton,Clay,1,0,0.83,915,0
3.21,Cotton,Clay,0,1,0.2,892,0
10.36,Wheat,Black,1,1,0.48,1248,0
14.71,Millets,Loam,1,1,0.77,1109,1
10.61,Millets,Clay,1,1,0.49,1356,0
14.82,Millets,Sandy,1,1,0.9,701,1
11.59,Wheat,Loam,0,0,0.65,1480,0
0.73,Cotton,Clay,0,1,0.52,500,0
13.19,Sugarcane,Loam,1,0,0.44,967,0
11.08,Millets,Sandy,0,1,0.34,361,0
7.04,Cotton,Clay,1,0,0.37,405,0
6.47,Cotton,Black,0,0,0.35,1127,0
10.76,Millets,Black,0,1,0.48,1191,0
7.06,Millets,Sandy,0,0,0.77,1103,0
12.61,Wheat,Clay,0,1,0.79,1351,0
13.35,Maize,Clay,1,1,0.49,421,0
11.49,Sugarcane,Clay,0,0,0.52,1275,0
1.24,Wheat,Clay,0,0,0.26,948,0
12.42,Cotton,Loam,1,1,0.42,1002,0
9.76,Millets,Loam,1,0,0.45,614,0
12.07,Maize,Black,1,1,0.57,303,1
12.88,Cotton,Sandy,1,1,0.59,1062,1
6.17,Millets,Sandy,0,0,0.26,947,0
10.14,Wheat,Black,1,0,0.32,623,0
0.63,Sugarcane,Black,0,1,0.52,500,0
5.38,Millets,Black,0,1,0.72,1434,0
1.96,Rice,Sandy,0,1,0.83,1183,0
7.75,Cotton,Loam,1,1,0.49,450,0
14.77,Cotton,Black,0,0,0.44,1343,0
12.48,Maize,Sandy,1,1,0.54,1029,1
9.87,Sugarcane,Sandy,1,1,0.73,719,1
10.55,Cotton,Loam,1,1,0.63,471,1
9.41,Rice,Loam,1,1,0.73,1441,1
14.49,Cotton,Black,0,0,0.28,1158,0
14.26,Millets,Loam,1,0,0.76,1177,0
7.24,Wheat,Black,1,0,0.35,1218,0
7.34,Cotton,Black,0,1,0.53,699,0
2.94,Wheat,Loam,1,0,0.49,1179,0
3.37,Maize,Sandy,0,0,0.92,474,0
11.82,Wheat,Black,1,0,0.88,727,0
4.03,Rice,Black,0,0,0.91,743,0
11.35,Wheat,Black,0,0,0.46,398,0
12.17,Millets,Loam,1,1,0.66,1471,1
6.38,Wheat,Sandy,0,0,0.55,1224,0
9.02,Cotton,Black,1,0,0.27,391,0
9.6,Maize,Sandy,0,1,0.82,1418,0
5.62,Wheat,Black,1,1,0.8,1426,1
14.26,Cotton,Loam,1,0,0.26,1277,0
6.7,Maize,Loam,1,1,0.21,704,0
5.79,Wheat,Sandy,0,1,0.43,1187,0
13.49,Rice,Sandy,1,0,0.91,1326,0
14.49,Cotton,Black,1,1,0.83,1473,1
8.49,Sugarcane,Black,0,1,0.56,514,0
6.85,Wheat,Black,0,0,0.3,364,0
7.29,Wheat,Sandy,0,1,0.54,494,0
2.97,Wheat,Clay,1,1,0.76,773,1
11.79,Rice,Loam,1,1,0.58,609,1
8.1,Wheat,Black,1,0,0.3,962,0
2.25,Millets,Loam,1,0,0.95,519,0
4.22,Millets,Black,0,1,0.79,894,0
10.23,Millets,Clay,1,1,0.25,1174,0
14.5,Maize,Black,0,0,0.8,869,0
7.59,Sugarcane,Loam,1,0,0.88,900,0
0.71,Cotton,Sandy,1,1,0.37,325,0
13.5,Sugarcane,Loam,1,0,0.36,639,0
7.14,Cotton,Black,1,0,0.28,931,0
5.27,Sugarcane,Clay,1,0,0.66,393,0
5.43,Rice,Sandy,1,1,0.33,303,0
6.36,Maize,Sandy,0,0,0.83,499,0
1.31,Wheat,Sandy,0,0,0.92,1123,0
0.82,Wheat,Clay,0,0,0.62,1373,0
11.04,Cotton,Loam,0,0,0.46,1483,0
6.16,Wheat,Sandy,0,0,0.86,334,0
14.6,Millets,Clay,0,0,0.8,1292,0
5.06,Cotton,Clay,1,1,0.78,1083,1
14.31,Maize,Clay,0,1,0.43,337,0
1.24,Sugarcane,Clay,1,1,0.36,1255,0
13.38,Cotton,Clay,1,1,0.65,334,1
3.88,Sugarcane,Clay,1,0,0.45,1134,0
3.84,Rice,Black,0,1,0.54,1323,0
3.84,Wheat,Loam,0,1,0.38,749,0
10.74,Wheat,Black,1,1,0.89,601,1
6.37,Maize,Sandy,1,1,0.26,548,0
7.97,Sugarcane,Clay,0,0,0.56,997,0
6.9,Millets,Clay,0,0,0.5,1053,0
12.01,Millets,Sandy,1,1,0.39,1290,0
3.74,Millets,Loam,1,0,0.5,570,0
1.67,Sugarcane,Black,0,1,0.85,601,0
13.16,Wheat,Loam,1,1,0.78,1067,1
6.73,Maize,Sandy,0,0,0.79,526,0
6.67,Rice,Black,0,0,0.41,1106,0
13.04,Maize,Clay,0,1,0.7,718,0
8.11,Sugarcane,Loam,0,1,0.68,650,0
5.96,Rice,Clay,0,0,0.71,1196,0
7.31,Sugarcane,Loam,0,0,0.52,594,0
6.08,Sugarcane,Clay,0,0,0.8,375,0
8.07,Sugarcane,Sandy,0,1,0.9,815,0
14.94,Cotton,Loam,1,0,0.43,1297,0
5.89,Maize,Sandy,1,0,0.83,451,0
8.56,Maize,Loam,1,0,0.73,546,0
6.5,Cotton,Clay,1,0,0.38,1399,0
12.67,Millets,Black,1,1,0.25,1173,0
9.48,Rice,Clay,1,1,0.21,1402,0
1.0,Cotton,Black,1,0,0.88,693,0
14.35,Sugarcane,Sandy,0,1,0.54,958,0
13.12,Wheat,Sandy,0,0,0.75,1187,0
12.21,Sugarcane,Black,1,0,0.26,731,0
2.64,Sugarcane,Black,0,0,0.53,967,0
10.87,Rice,Black,1,1,0.39,470,0
2.14,Maize,Sandy,1,1,0.88,963,1
1.29,Maize,Clay,1,1,0.81,1355,0
6.3,Wheat,Black,0,0,0.36,1461,0
5.52,Millets,Black,1,0,0.42,1487,0
6.98,Rice,Clay,0,0,0.88,1440,0
4.38,Cotton,Clay,1,0,0.51,862,0
14.11,Millets,Black,1,1,0.32,1021,0
1.96,Wheat,Clay,0,1,0.66,678,0
13.02,Cotton,Black,1,1,0.37,1366,0
11.85,Millets,Sandy,1,0,0.45,666,0
12.7,Sugarcane,Sandy,1,1,0.47,837,0
14.61,Sugarcane,Clay,1,1,0.41,977,0
1.9,Sugarcane,Loam,1,1,0.27,1363,0
12.46,Sugarcane,Sandy,1,0,0.34,1054,0
4.25,Sugarcane,Black,0,1,0.57,1053,0
6.43,Wheat,Loam,1,1,0.41,713,0
2.96,Sugarcane,Black,0,0,0.21,890,0
7.49,Millets,Clay,0,0,0.25,951,0
5.01,Wheat,Loam,0,0,0.81,534,0
7.77,Millets,Loam,1,0,0.46,718,0
11.69,Wheat,Loam,0,1,0.35,1224,0
9.62,Millets,Loam,0,1,0.7,1376,0
6.34,Maize,Sandy,1,0,0.46,1237,0
8.85,Millets,Clay,1,1,0.36,907,0
7.05,Millets,Loam,0,0,0.92,1426,0
6.43,Millets,Loam,1,0,0.22,1391,0
9.59,Sugarcane,Black,0,1,0.83,865,0
9.95,Wheat,Clay,0,1,0.77,1125,0
12.26,Millets,Sandy,0,1,0.89,1075,0
6.37,Wheat,Black,0,0,0.58,569,0
1.15,Rice,Sandy,1,1,0.44,978,0
14.79,Maize,Sandy,0,1,0.24,324,0
13.34,Millets,Sandy,1,0,0.81,1372,0
4.37,Sugarcane,Clay,1,0,0.38,961,0
9.71,Cotton,Loam,1,0,0.9,788,0
13.28,Wheat,Sandy,0,1,0.71,724,0
2.14,Rice,Black,0,0,0.73,348,0
8.49,Wheat,Clay,1,1,0.42,506,0
9.16,Maize,Clay,1,0,0.87,1493,0
7.48,Millets,Sandy,0,0,0.28,977,0
1.16,Cotton,Loam,0,0,0.72,964,0
11.77,Cotton,Clay,1,1,0.95,707,1
13.98,Millets,Clay,1,0,0.61,1216,0
14.01,Maize,Clay,0,0,0.56,311,0
3.16,Rice,Black,0,1,0.83,824,0
8.51,Sugarcane,Black,0,1,0.59,531,0
8.26,Wheat,Black,0,1,0.84,975,0
14.48,Sugarcane,Loam,0,1,0.64,614,0
4.19,Millets,Sandy,0,0,0.59,1366,0
8.66,Sugarcane,Loam,1,1,0.22,878,0
1.7,Rice,Loam,0,0,0.21,617,0
6.51,Millets,Black,1,0,0.41,805,0
7.07,Rice,Sandy,0,0,0.39,1319,0
9.65,Millets,Loam,0,1,0.8,379,0
14.96,Sugarcane,Clay,1,1,0.77,1289,1
3.47,Maize,Black,0,0,0.62,749,0
10.56,Millets,Black,1,1,0.5,488,1
4.09,Cotton,Sandy,0,0,0.41,701,0
1.07,Sugarcane,Clay,0,1,0.72,852,0
9.59,Wheat,Sandy,0,0,0.35,477,0
8.56,Sugarcane,Black,0,0,0.2,512,0
3.89,Maize,Loam,1,1,0.88,1423,1
11.45,Cotton,Black,0,1,0.39,974,0
10.78,Maize,Black,1,1,0.64,1084,1
1.81,Rice,Loam,1,1,0.38,1185,0
11.56,Millets,Sandy,1,0,0.62,1429,0
8.53,Sugarcane,Loam,0,1,0.38,372,0
8.82,Rice,Clay,0,0,0.58,1229,0
14.03,Rice,Sandy,0,1,0.5,1194,0
9.88,Cotton,Loam,0,1,0.89,947,0
10.77,Wheat,Black,0,0,0.53,324,0
4.5,Maize,Loam,0,1,0.57,742,0
6.01,Wheat,Sandy,0,0,0.53,1130,0
11.04,Wheat,Sandy,0,1,0.76,487,0
2.46,Millets,Loam,0,0,0.94,1209,0
14.83,Millets,Clay,1,1,0.89,876,1
12.57,Sugarcane,Black,1,0,0.6,970,0
3.79,Millets,Clay,0,1,0.21,1481,0
0.64,Cotton,Sandy,0,1,0.69,1394,0
2.27,Maize,Sandy,0,1,0.25,612,0
13.13,Millets,Clay,0,1,0.67,839,0
7.04,Millets,Black,1,0,0.27,919,0
11.39,Sugarcane,Loam,1,0,0.55,979,0
6.42,Rice,Sandy,1,0,0.28,568,0
7.64,Cotton,Black,0,1,0.22,965,0
0.95,Rice,Clay,1,1,0.8,520,0
3.19,Maize,Clay,0,0,0.92,1404,0
3.34,Millets,Loam,1,0,0.75,464,0
5.72,Maize,Loam,1,0,0.46,531,0
14.47,Rice,Sandy,1,0,0.74,1261,0
10.2,Sugarcane,Loam,0,0,0.53,478,0
3.16,Millets,Clay,1,0,0.64,796,0
2.37,Cotton,Loam,1,0,0.51,1105,0
13.41,Cotton,Black,1,0,0.45,862,0
7.58,Maize,Clay,0,0,0.95,565,0
9.76,Sugarcane,Loam,1,1,0.32,929,0
4.88,Wheat,Loam,0,0,0.75,427,0
7.48,Wheat,Black,1,0,0.86,1456,0
14.35,Sugarcane,Black,1,0,0.27,513,0
7.37,Maize,Sandy,1,1,0.91,561,1
3.19,Sugarcane,Loam,1,1,0.64,1492,1
4.27,Sugarcane,Loam,1,1,0.9,976,1
1.47,Cotton,Loam,1,0,0.55,644,0
6.91,Maize,Loam,1,1,0.77,1203,1
1.87,Sugarcane,Loam,1,1,0.27,326,0
13.04,Maize,Sandy,0,0,0.48,844,0
10.48,Cotton,Clay,0,0,0.43,1166,0
4.85,Cotton,Black,0,0,0.43,975,0
9.73,Wheat,Loam,0,1,0.9,1288,0
10.79,Wheat,Loam,0,1,0.54,899,0
9.94,Cotton,Loam,0,0,0.25,529,0
13.22,Rice,Black,1,0,0.24,670,0
3.15,Rice,Clay,0,0,0.85,1431,0
11.2,Sugarcane,Loam,1,0,0.45,755,0
14.26,Millets,Loam,0,1,0.79,351,0
6.67,Sugarcane,Black,1,0,0.57,656,0
11.45,Sugarcane,Clay,1,1,0.24,1093,0
11.85,Maize,Sandy,1,0,0.41,842,0
1.6,Rice,Clay,1,1,0.54,931,0
9.38,Maize,Black,1,1,0.48,1067,0
3.61,Cotton,Clay,0,0,0.83,1113,0
8.23,Maize,Loam,1,1,0.25,528,0
14.24,Maize,Sandy,1,0,0.57,647,0
8.23,Rice,Black,0,0,0.75,593,0
8.92,Cotton,Loam,0,1,0.6,783,0
2.99,Sugarcane,Clay,1,1,0.78,1216,1
5.24,Millets,Loam,1,1,0.73,1162,1
4.05,Maize,Loam,0,1,0.8,380,0
2.83,Sugarcane,Clay,0,1,0.74,1201,0
5.98,Rice,Clay,1,1,0.58,880,1
0.8,Cotton,Sandy,0,1,0.59,1173,0
2.61,Millets,Clay,0,0,0.95,1126,0
3.81,Rice,Sandy,1,1,0.63,316,1
10.26,Millets,Loam,1,1,0.76,1037,1
12.58,Cotton,Loam,0,0,0.57,1423,0
13.02,Millets,Black,0,1,0.5,1222,0
12.63,Millets,Sandy,0,0,0.78,349,0
10.39,Maize,Sandy,1,0,0.79,937,0
1.65,Wheat,Clay,1,1,0.49,1492,0
14.0,Wheat,Loam,0,1,0.4,650,0
11.08,Millets,Black,1,0,0.48,342,0
9.06,Cotton,Black,1,0,0.9,315,0
1.79,Maize,Sandy,0,0,0.27,1056,0
4.39,Sugarcane,Sandy,1,1,0.52,585,1
4.72,Maize,Clay,1,1,0.41,477,0
12.07,Cotton,Clay,1,1,0.65,1066,1
5.56,Maize,Black,0,1,0.26,1003,0
4.62,Cotton,Sandy,1,1,0.58,507,1
11.27,Cotton,Clay,1,0,0.77,498,0
4.33,Cotton,Black,1,0,0.93,834,0
0.7,Cotton,Loam,1,1,0.4,728,0
10.0,Sugarcane,Black,1,0,0.62,1411,0
11.0,Cotton,Loam,0,0,0.9,1032,0
6.01,Rice,Clay,1,1,0.69,1211,1
8.65,Wheat,Black,0,1,0.41,1073,0
6.79,Rice,Black,1,0,0.37,1487,0
1.32,Cotton,Loam,1,0,0.55,1212,0
14.55,Wheat,Black,1,0,0.6,1331,0
2.91,Maize,Sandy,0,1,0.84,781,0
10.8,Cotton,Clay,0,1,0.92,552,0
10.98,Millets,Sandy,1,1,0.61,847,1
10.08,Cotton,Clay,0,0,0.31,1315,0
12.35,Rice,Black,0,0,0.3,995,0
1.8,Millets,Sandy,0,1,0.72,653,0
5.13,Maize,Loam,0,1,0.82,1464,0
5.04,Millets,Clay,0,1,0.49,628,0
0.56,Cotton,Sandy,1,1,0.94,1036,0
7.02,Rice,Clay,0,0,0.92,1191,0
4.55,Cotton,Black,1,1,0.56,1363,1
11.77,Maize,Clay,0,0,0.57,397,0
6.05,Maize,Clay,0,0,0.51,543,0
14.2,Cotton,Clay,1,1,0.69,1276,1
7.99,Cotton,Black,0,0,0.61,463,0
1.61,Sugarcane,Clay,1,1,0.95,1458,0
2.5,Rice,Clay,0,0,0.44,1016,0
12.2,Sugarcane,Clay,0,1,0.91,1016,0
9.26,Millets,Sandy,0,0,0.83,603,0
1.07,Sugarcane,Clay,1,0,0.61,522,0
5.67,Cotton,Sandy,1,1,0.24,327,0
7.28,Rice,Black,0,1,0.59,988,0
8.9,Cotton,Loam,0,1,0.32,749,0
7.53,Maize,Sandy,1,0,0.66,1294,0
3.79,Maize,Loam,1,1,0.6,615,1
8.39,Millets,Loam,0,1,0.59,650,0
4.65,Rice,Clay,1,0,0.24,788,0
7.56,Maize,Loam,0,1,0.39,479,0
9.82,Wheat,Clay,0,0,0.9,1353,0
9.71,Cotton,Sandy,1,0,0.48,394,0
10.56,Rice,Clay,0,0,0.56,1486,0
14.6,Millets,Loam,0,0,0.22,1425,0
11.16,Cotton,Clay,1,1,0.48,871,0
9.03,Wheat,Black,0,0,0.48,423,0
3.24,Sugarcane,Black,0,1,0.86,675,0
9.79,Sugarcane,Loam,1,0,0.21,1448,0
13.38,Cotton,Sandy,0,0,0.55,524,0
6.15,Millets,Sandy,1,0,0.53,1101,0
13.44,Maize,Loam,1,0,0.9,948,0
6.78,Wheat,Clay,0,1,0.55,1290,0
11.77,Maize,Loam,1,1,0.66,1362,1
1.59,Rice,Clay,0,0,0.81,421,0
0.82,Maize,Clay,1,0,0.46,852,0
10.85,Sugarcane,Black,0,0,0.32,402,0
12.63,Millets,Black,1,0,0.82,380,0
4.5,Sugarcane,Black,0,1,0.31,889,0
13.91,Sugarcane,Loam,0,1,0.37,1498,0
1.43,Wheat,Black,0,0,0.49,636,0
9.92,Sugarcane,Black,1,1,0.49,1079,0
4.78,Wheat,Sandy,0,1,0.3,959,0
9.67,Sugarcane,Black,0,1,0.82,1131,0
10.84,Wheat,Clay,0,0,0.79,928,0
8.94,Millets,Sandy,0,0,0.64,715,0
14.97,Sugarcane,Black,0,0,0.35,1120,0
12.9,Maize,Clay,1,1,0.41,386,0
1.07,Cotton,Black,0,1,0.93,1277,0
6.83,Rice,Sandy,0,1,0.63,489,0
2.21,Wheat,Black,1,0,0.27,1168,0
4.62,Maize,Sandy,1,0,0.36,938,0
4.57,Millets,Loam,1,1,0.42,502,0
8.66,Millets,Black,1,1,0.35,962,0
11.94,Wheat,Black,1,0,0.75,597,0
8.4,Maize,Loam,1,1,0.89,1042,1
6.75,Sugarcane,Sandy,1,0,0.6,534,0
7.54,Maize,Loam,0,0,0.49,440,0
8.74,Rice,Black,1,1,0.53,551,1
9.97,Wheat,Black,0,1,0.25,1451,0
4.77,Sugarcane,Clay,1,1,0.62,349,1
4.02,Rice,Clay,0,1,0.28,628,0
5.31,Millets,Loam,1,0,0.44,1104,0
2.47,Millets,Clay,1,0,0.67,1398,0
14.59,Rice,Sandy,0,1,0.69,1150,0
7.41,Rice,Loam,1,1,0.54,1065,1
6.59,Millets,Black,1,0,0.65,758,0
7.21,Maize,Loam,0,1,0.57,1000,0
3.97,Cotton,Sandy,1,0,0.24,608,0
4.45,Rice,Sandy,1,1,0.44,476,0
1.06,Wheat,Loam,0,0,0.8,646,0
6.79,Wheat,Loam,1,1,0.52,324,1
5.62,Millets,Black,0,1,0.44,1462,0
0.54,Wheat,Black,0,0,0.21,1031,0
0.5,Sugarcane,Sandy,0,1,0.88,1487,0
3.08,Millets,Loam,0,0,0.55,1361,0
9.83,Wheat,Clay,0,1,0.49,1352,0
6.13,Maize,Clay,1,0,0.83,1225,0
1.76,Wheat,Clay,0,1,0.35,421,0
6.87,Wheat,Black,1,1,0.25,1201,0
7.36,Millets,Loam,0,1,0.28,303,0
7.74,Maize,Loam,0,0,0.42,784,0
14.34,Rice,Clay,0,0,0.7,1214,0
6.15,Maize,Loam,0,1,0.4,322,0
8.22,Wheat,Sandy,0,0,0.7,500,0
13.26,Millets,Sandy,0,0,0.4,1305,0
2.59,Millets,Loam,1,0,0.69,1323,0
10.86,Maize,Black,1,1,0.7,440,1
10.12,Wheat,Sandy,1,0,0.51,683,0
14.69,Maize,Sandy,1,1,0.52,366,1
10.18,Rice,Sandy,1,0,0.93,1480,0
13.35,Millets,Sandy,1,1,0.82,575,1
6.69,Cotton,Sandy,0,1,0.9,962,0
14.56,Cotton,Sandy,0,0,0.36,1074,0
14.65,Cotton,Sandy,0,1,0.64,1387,0
5.94,Sugarcane,Sandy,1,0,0.61,822,0
3.88,Cotton,Black,1,1,0.71,1075,1
12.9,Maize,Clay,1,0,0.48,836,0
10.19,Rice,Sandy,1,1,0.75,1341,1
5.46,Maize,Clay,1,1,0.95,652,1
14.27,Sugarcane,Sandy,1,0,0.61,347,0
7.68,Rice,Loam,0,0,0.94,477,0
8.03,Sugarcane,Sandy,0,0,0.4,444,0
4.57,Cotton,Clay,1,0,0.8,1244,0
10.06,Cotton,Sandy,0,1,0.32,798,0
1.42,Wheat,Loam,0,0,0.91,1445,0
6.6,Sugarcane,Black,0,0,0.82,501,0
8.29,Millets,Loam,1,0,0.27,446,0
12.47,Wheat,Sandy,1,0,0.83,507,0
10.41,Wheat,Loam,1,1,0.43,1331,0
10.09,Maize,Loam,0,0,0.31,1189,0
2.31,Sugarcane,Loam,0,0,0.55,1344,0
11.24,Sugarcane,Sandy,1,0,0.74,565,0
3.02,Sugarcane,Black,1,1,0.53,1210,1
1.4,Cotton,Clay,0,1,0.52,1327,0
5.27,Cotton,Clay,1,1,0.26,951,0
12.11,Cotton,Black,0,0,0.79,1305,0
5.56,Wheat,Clay,0,0,0.84,1115,0
3.95,Rice,Sandy,1,0,0.6,328,0
5.1,Millets,Black,0,0,0.41,1417,0
8.43,Maize,Loam,1,0,0.41,776,0
1.79,Sugarcane,Loam,0,1,0.48,947,0
8.29,Sugarcane,Black,1,1,0.69,329,1
14.65,Cotton,Loam,0,1,0.57,1432,0
3.73,Maize,Loam,0,1,0.6,836,0
3.63,Sugarcane,Black,1,1,0.77,832,1
13.87,Maize,Loam,0,0,0.48,474,0
8.34,Wheat,Black,0,1,0.41,459,0
6.4,Millets,Clay,0,0,0.6,966,0
4.63,Sugarcane,Loam,1,0,0.27,1375,0
11.96,Maize,Black,0,0,0.3,883,0
4.06,Sugarcane,Sandy,0,0,0.83,806,0
10.4,Maize,Loam,1,1,0.57,1357,1
4.65,Millets,Clay,1,0,0.42,557,0
6.08,Cotton,Black,1,0,0.52,403,0
6.88,Maize,Clay,1,1,0.67,1228,1
1.08,Millets,Sandy,1,1,0.39,805,0
1.07,Maize,Clay,1,0,0.78,335,0
7.23,Maize,Clay,1,1,0.9,627,1
12.76,Cotton,Black,0,0,0.66,437,0
9.86,Wheat,Loam,0,0,0.29,1066,0
10.46,Maize,Loam,1,1,0.36,992,0
13.74,Cotton,Loam,0,0,0.6,757,0
7.95,Millets,Clay,0,1,0.31,569,0
9.7,Cotton,Loam,1,0,0.28,842,0
13.83,Maize,Black,0,0,0.45,516,0
6.37,Rice,Sandy,1,1,0.58,1268,1
10.4,Wheat,Black,1,1,0.46,487,0
11.07,Cotton,Clay,0,1,0.91,1049,0
2.88,Wheat,Loam,1,1,0.57,1346,1
11.38,Maize,Loam,0,1,0.22,1323,0
4.06,Sugarcane,Sandy,1,1,0.2,1148,0
2.17,Sugarcane,Black,0,1,0.34,1158,0
14.38,Rice,Loam,0,0,0.49,910,0
9.89,Wheat,Loam,0,1,0.72,628,0
13.36,Millets,Sandy,1,0,0.92,600,0
14.8,Rice,Clay,1,0,0.76,1007,0
13.73,Rice,Loam,0,0,0.57,724,0
7.55,Millets,Sandy,1,0,0.38,1032,0
10.3,Wheat,Black,1,0,0.59,549,0
14.59,Millets,Black,1,1,0.41,630,0
10.08,Wheat,Black,1,1,0.48,1349,0
13.48,Maize,Loam,1,1,0.63,617,1
12.99,Wheat,Loam,1,0,0.55,1441,0
8.06,Wheat,Sandy,1,0,0.33,1133,0
13.31,Wheat,Clay,1,0,0.85,644,0
14.55,Wheat,Black,0,1,0.39,785,0
0.51,Rice,Sandy,1,0,0.62,390,0
4.08,Sugarcane,Black,0,1,0.38,1134,0
10.91,Cotton,Sandy,0,0,0.37,939,0
5.87,Rice,Loam,0,0,0.84,512,0
4.46,Wheat,Loam,0,1,0.53,741,0
7.87,Rice,Sandy,0,0,0.59,582,0
14.13,Sugarcane,Clay,1,1,0.55,318,1
1.62,Rice,Black,0,1,0.92,767,0
10.37,Cotton,Loam,0,0,0.63,866,0
8.45,Rice,Sandy,1,1,0.46,784,0
14.63,Wheat,Sandy,1,1,0.76,675,1
6.76,Millets,Sandy,1,1,0.56,724,1
10.32,Rice,Loam,1,1,0.6,606,1
8.2,Rice,Clay,0,1,0.5,1454,0
2.48,Rice,Loam,0,1,0.89,1369,0
8.72,Cotton,Sandy,1,1,0.53,416,1
3.15,Millets,Sandy,0,0,0.87,364,0
9.01,Cotton,Black,0,1,0.74,1061,0
12.82,Rice,Black,1,1,0.2,1342,0
13.44,Maize,Loam,1,1,0.65,1321,1
2.73,Rice,Sandy,1,1,0.83,666,1
3.75,Cotton,Sandy,1,0,0.48,939,0
7.69,Maize,Sandy,1,0,0.21,662,0
8.0,Rice,Clay,0,1,0.64,621,0
3.53,Cotton,Loam,1,0,0.26,372,0
12.6,Wheat,Black,0,1,0.2,905,0
14.2,Sugarcane,Clay,0,1,0.92,876,0
1.82,Rice,Loam,0,0,0.29,1097,0
10.3,Sugarcane,Sandy,1,1,0.77,500,1
6.28,Millets,Sandy,0,1,0.6,902,0
0.7,Millets,Black,1,0,0.8,1354,0
5.32,Rice,Black,0,0,0.81,1428,0
7.95,Wheat,Loam,0,1,0.88,1385,0
5.77,Maize,Loam,0,0,0.39,374,0
12.14,Sugarcane,Sandy,0,0,0.59,607,0
9.5,Millets,Sandy,1,0,0.21,1247,0
13.38,Rice,Clay,0,0,0.4,1029,0
3.68,Millets,Clay,0,1,0.77,305,0
7.85,Sugarcane,Clay,1,0,0.38,576,0
2.28,Sugarcane,Sandy,0,0,0.29,654,0
14.47,Maize,Sandy,0,1,0.6,348,0
10.45,Wheat,Loam,1,1,0.47,755,0
7.94,Cotton,Loam,0,1,0.7,705,0
0.54,Millets,Loam,1,0,0.37,967,0
5.19,Wheat,Sandy,1,0,0.27,946,0
9.21,Cotton,Black,0,0,0.42,620,0
12.22,Sugarcane,Sandy,0,1,0.4,549,0
11.79,Rice,Black,0,0,0.43,1244,0
2.34,Rice,Sandy,0,1,0.37,1068,0
10.06,Wheat,Sandy,1,1,0.51,1236,1
4.83,Rice,Loam,0,1,0.56,1258,0
12.22,Sugarcane,Loam,1,0,0.78,1264,0
3.16,Rice,Sandy,0,1,0.79,580,0
12.92,Maize,Sandy,0,0,0.95,808,0
5.74,Millets,Clay,1,0,0.85,873,0
2.73,Sugarcane,Clay,1,1,0.6,347,1
4.0,Cotton,Loam,0,1,0.45,1223,0
2.12,Rice,Clay,0,0,0.64,570,0
10.67,Millets,Clay,0,1,0.82,521,0
4.11,Maize,Sandy,0,0,0.9,1185,0
8.71,Sugarcane,Loam,1,1,0.77,732,1
9.56,Cotton,Loam,1,1,0.24,1268,0
14.28,Wheat,Clay,0,1,0.66,1345,0
12.95,Millets,Sandy,1,0,0.36,705,0
14.69,Millets,Black,1,0,0.9,817,0
13.65,Rice,Clay,1,0,0.91,1057,0
10.58,Sugarcane,Sandy,0,1,0.52,1222,0
13.12,Millets,Clay,0,0,0.43,1220,0
8.52,Wheat,Clay,1,1,0.88,1045,1
3.81,Sugarcane,Loam,1,0,0.71,937,0
7.2,Cotton,Sandy,1,1,0.75,723,1
12.16,Rice,Clay,0,1,0.59,1462,0
10.85,Maize,Clay,1,1,0.21,1184,0
11.55,Rice,Clay,1,0,0.81,1348,0
6.17,Sugarcane,Loam,1,0,0.33,415,0
8.87,Cotton,Loam,0,1,0.46,1423,0
4.61,Millets,Clay,1,0,0.6,1280,0
2.06,Sugarcane,Clay,0,1,0.87,733,0
13.17,Wheat,Sandy,1,1,0.55,844,1
7.4,Millets,Clay,0,1,0.66,1406,0
6.82,Rice,Loam,1,0,0.69,1038,0
8.92,Maize,Clay,0,1,0.24,703,0
15.0,Cotton,Black,0,1,0.62,1247,0
1.68,Sugarcane,Loam,1,1,0.34,889,0
10.8,Maize,Loam,0,1,0.61,1043,0
12.45,Sugarcane,Clay,1,1,0.71,978,1
6.43,Rice,Black,1,0,0.28,591,0
3.61,Sugarcane,Loam,0,0,0.43,556,0
14.24,Millets,Loam,1,0,0.86,888,0
4.87,Rice,Loam,1,0,0.51,480,0
13.1,Millets,Loam,0,1,0.83,1194,0
11.62,Maize,Black,1,0,0.56,458,0
7.19,Cotton,Black,1,0,0.35,358,0
7.95,Rice,Loam,1,0,0.68,752,0
2.91,Maize,Sandy,1,1,0.35,676,0
4.6,Sugarcane,Sandy,0,0,0.74,307,0
5.02,Rice,Black,1,0,0.55,1079,0
7.21,Wheat,Black,0,1,0.63,586,0
1.2,Millets,Black,0,0,0.84,322,0
0.8,Cotton,Black,0,1,0.54,1308,0
1.79,Maize,Loam,0,0,0.64,1231,0
4.93,Rice,Clay,0,0,0.83,1385,0
1.14,Rice,Loam,1,0,0.34,1370,0
14.79,Wheat,Clay,0,0,0.25,933,0
7.75,Sugarcane,Black,1,1,0.6,380,1
5.95,Wheat,Sandy,0,0,0.61,677,0
9.26,Wheat,Sandy,0,1,0.91,540,0
10.26,Cotton,Clay,1,1,0.5,1394,1
13.06,Maize,Sandy,1,1,0.23,604,0
7.15,Millets,Clay,1,0,0.79,534,0
6.68,Cotton,Black,0,0,0.93,1023,0
7.34,Maize,Black,0,0,0.64,987,0
9.18,Millets,Loam,1,0,0.59,837,0
2.76,Millets,Clay,1,1,0.39,834,0
14.99,Sugarcane,Loam,0,0,0.28,1028,0
9.49,Rice,Loam,0,1,0.89,740,0
7.88,Sugarcane,Clay,0,0,0.49,1486,0
9.71,Rice,Sandy,1,0,0.8,936,0
7.55,Wheat,Clay,1,1,0.34,569,0
1.62,Wheat,Black,1,1,0.41,516,0
12.72,Rice,Sandy,1,1,0.5,1264,1
5.26,Sugarcane,Sandy,0,1,0.33,313,0
3.63,Cotton,Sandy,0,0,0.72,305,0
1.94,Sugarcane,Loam,1,0,0.78,1130,0
13.86,Maize,Clay,0,0,0.87,406,0
2.13,Cotton,Clay,0,0,0.78,480,0
3.79,Wheat,Black,0,1,0.93,692,0
15.0,Cotton,Black,1,1,0.7,1152,1
9.89,Cotton,Sandy,0,0,0.54,1431,0
6.01,Millets,Sandy,0,0,0.92,1199,0
13.4,Cotton,Loam,1,1,0.62,1204,1
10.43,Maize,Sandy,1,1,0.86,1461,1
6.05,Cotton,Loam,0,0,0.82,757,0
13.36,Wheat,Black,1,1,0.49,674,0
10.61,Sugarcane,Sandy,0,0,0.33,1017,0
12.78,Cotton,Loam,0,1,0.21,805,0
14.03,Maize,Loam,0,1,0.82,870,0
3.52,Millets,Loam,1,0,0.38,523,0
13.69,Sugarcane,Loam,1,1,0.21,1276,0
10.89,Cotton,Clay,1,1,0.46,440,0
7.78,Cotton,Sandy,0,1,0.69,796,0
0.66,Wheat,Loam,0,0,0.38,345,0
11.38,Maize,Loam,1,1,0.43,915,0
6.94,Maize,Clay,0,0,0.38,1491,0
7.41,Rice,Sandy,1,0,0.66,1071,0
3.31,Maize,Black,1,0,0.38,507,0
5.9,Wheat,Clay,1,0,0.93,607,0
5.32,Cotton,Loam,1,1,0.22,672,0
13.82,Rice,Black,1,1,0.94,438,1
4.54,Millets,Clay,0,0,0.9,462,0
12.71,Rice,Black,1,0,0.86,1278,0
11.11,Sugarcane,Loam,0,1,0.79,409,0
10.8,Millets,Clay,0,0,0.26,1214,0
10.4,Maize,Loam,0,0,0.27,1496,0
2.59,Wheat,Loam,1,0,0.62,655,0
9.26,Sugarcane,Clay,0,1,0.6,1220,0
4.6,Cotton,Clay,0,1,0.87,437,0
7.82,Maize,Clay,1,0,0.94,1265,0
8.27,Maize,Black,0,1,0.71,437,0
1.83,Maize,Loam,1,0,0.71,1497,0
13.04,Cotton,Black,0,0,0.23,1172,0
13.62,Wheat,Clay,0,1,0.24,1163,0
9.16,Wheat,Loam,1,0,0.88,1485,0
2.67,Millets,Loam,0,0,0.94,1473,0
12.33,Cotton,Sandy,1,0,0.88,1237,0
10.14,Wheat,Loam,0,1,0.28,979,0
4.03,Wheat,Loam,1,1,0.8,956,1
13.19,Cotton,Sandy,1,1,0.8,1193,1
11.92,Sugarcane,Loam,0,0,0.81,539,0
14.15,Millets,Sandy,1,0,0.71,409,0
12.04,Rice,Sandy,0,0,0.5,1249,0
4.29,Maize,Loam,0,1,0.93,978,0
7.56,Wheat,Clay,0,0,0.27,1368,0
5.42,Cotton,Loam,1,1,0.73,619,1
11.75,Millets,Clay,0,1,0.31,655,0
10.24,Cotton,Sandy,0,0,0.77,1093,0
1.45,Rice,Clay,1,0,0.38,1057,0
3.97,Rice,Loam,0,1,0.31,1415,0
10.23,Cotton,Clay,1,0,0.32,1445,0
2.64,Cotton,Black,1,0,0.47,434,0
3.62,Sugarcane,Clay,0,1,0.52,348,0
3.83,Wheat,Sandy,0,1,0.7,1138,0
13.63,Wheat,Black,0,0,0.51,1498,0
1.5,Millets,Black,1,0,0.93,1269,0
10.36,Millets,Sandy,1,0,0.87,1433,0
10.69,Sugarcane,Clay,1,1,0.83,1213,1
11.43,Rice,Clay,1,1,0.36,1171,0
8.46,Sugarcane,Loam,0,0,0.69,970,0
11.33,Maize,Sandy,1,0,0.76,1156,0
14.96,Sugarcane,Sandy,0,1,0.67,698,0
13.36,Rice,Sandy,0,1,0.55,1299,0
6.0,Maize,Black,0,0,0.35,735,0
7.16,Rice,Loam,1,0,0.76,700,0
10.0,Millets,Black,1,0,0.93,1152,0
3.54,Cotton,Sandy,0,0,0.35,334,0
3.01,Maize,Clay,1,1,0.89,651,1
14.04,Wheat,Clay,1,1,0.72,530,1
7.34,Cotton,Clay,0,0,0.91,533,0
2.75,Millets,Sandy,0,0,0.81,369,0
1.07,Sugarcane,Sandy,0,1,0.45,1209,0
5.47,Rice,Sandy,1,0,0.34,389,0
12.47,Wheat,Clay,0,0,0.63,545,0
8.53,Rice,Sandy,0,1,0.44,869,0
14.09,Maize,Loam,0,1,0.83,425,0
14.68,Cotton,Sandy,0,1,0.66,459,0
5.61,Rice,Loam,1,0,0.58,1145,0
0.62,Sugarcane,Clay,1,1,0.34,759,0
14.39,Sugarcane,Loam,0,1,0.84,610,0
9.93,Rice,Loam,0,0,0.85,1324,0
7.9,Rice,Sandy,1,0,0.42,1002,0
3.79,Rice,Black,0,1,0.89,1340,0
6.55,Sugarcane,Clay,1,1,0.46,805,0
7.03,Sugarcane,Clay,0,1,0.92,678,0
7.61,Wheat,Black,0,0,0.28,369,0
11.58,Millets,Sandy,1,0,0.53,786,0
5.19,Wheat,Loam,1,0,0.94,1373,0
14.67,Wheat,Loam,1,1,0.74,1074,1
8.55,Sugarcane,Loam,0,1,0.6,555,0
14.73,Wheat,Black,0,1,0.39,640,0
7.24,Sugarcane,Loam,1,0,0.72,948,0
12.33,Rice,Clay,1,1,0.4,838,0
2.68,Rice,Sandy,0,1,0.3,945,0
3.52,Millets,Sandy,1,0,0.48,526,0
7.87,Rice,Sandy,1,1,0.43,566,0
4.99,Maize,Clay,0,0,0.5,1334,0
12.53,Cotton,Loam,0,1,0.25,630,0
9.44,Maize,Loam,1,1,0.56,1459,1
2.83,Cotton,Clay,0,0,0.24,1451,0
7.57,Millets,Sandy,0,0,0.37,1157,0
8.43,Millets,Black,1,1,0.82,918,1
9.39,Wheat,Clay,1,0,0.86,557,0
4.09,Wheat,Sandy,1,0,0.66,1106,0
10.31,Millets,Clay,1,0,0.54,1068,0
2.0,Maize,Loam,0,1,0.83,326,0
3.92,Maize,Black,1,1,0.29,872,0
1.31,Wheat,Loam,0,0,0.27,834,0
14.41,Rice,Black,0,0,0.5,639,0
9.37,Cotton,Black,0,1,0.24,1316,0
1.2,Millets,Black,0,1,0.63,385,0
11.93,Maize,Sandy,1,0,0.27,1370,0
4.35,Millets,Black,1,0,0.83,892,0
13.81,Wheat,Clay,1,0,0.78,524,0
6.37,Cotton,Sandy,0,0,0.27,1467,0
5.58,Maize,Sandy,0,0,0.76,684,0
6.53,Maize,Sandy,0,0,0.25,451,0
10.05,Rice,Clay,1,1,0.5,1221,1
4.6,Sugarcane,Black,1,1,0.3,1281,0
3.98,Cotton,Sandy,0,1,0.2,586,0
10.75,Millets,Clay,0,1,0.25,593,0
13.51,Millets,Black,0,1,0.27,1227,0
13.38,Sugarcane,Sandy,1,0,0.52,885,0
12.33,Wheat,Clay,0,0,0.68,1209,0
7.96,Maize,Black,0,1,0.54,1163,0
12.65,Cotton,Sandy,0,0,0.77,908,0
2.65,Maize,Black,1,0,0.47,1029,0
13.29,Millets,Sandy,1,1,0.5,1159,1
4.98,Cotton,Clay,0,1,0.23,1179,0
1.83,Millets,Sandy,1,0,0.62,1032,0
11.22,Maize,Loam,0,0,0.9,1293,0
13.21,Cotton,Clay,1,1,0.42,864,0
10.23,Wheat,Black,1,1,0.55,983,1
10.25,Rice,Clay,0,1,0.61,1154,0
9.63,Sugarcane,Sandy,0,1,0.62,1039,0
11.33,Rice,Loam,1,1,0.69,355,1
6.8,Cotton,Clay,0,1,0.84,871,0
11.31,Rice,Sandy,0,0,0.9,715,0
12.58,Maize,Clay,1,0,0.46,1422,0
0.54,Maize,Sandy,0,0,0.32,1154,0
9.43,Millets,Sandy,0,1,0.45,688,0
13.8,Millets,Clay,1,1,0.57,974,1
4.92,Maize,Clay,0,0,0.74,1040,0
14.05,Cotton,Loam,1,0,0.38,1188,0
8.88,Cotton,Black,0,1,0.54,653,0
4.32,Rice,Loam,0,1,0.89,1356,0
12.23,Maize,Black,0,0,0.46,883,0
2.28,Sugarcane,Sandy,1,1,0.49,1087,0
8.19,Maize,Black,0,1,0.63,1229,0
3.59,Rice,Loam,0,0,0.58,553,0
2.89,Maize,Loam,0,0,0.32,720,0
14.94,Sugarcane,Black,0,0,0.22,1167,0
2.97,Cotton,Sandy,1,1,0.67,333,1
13.97,Maize,Clay,0,1,0.6,953,0
2.85,Wheat,Clay,0,1,0.94,427,0
8.07,Rice,Clay,0,1,0.39,513,0
1.38,Wheat,Sandy,1,1,0.86,971,0
1.64,Sugarcane,Sandy,1,1,0.87,840,0
12.36,Millets,Black,1,1,0.35,759,0
4.89,Cotton,Clay,1,0,0.62,1173,0
12.23,Sugarcane,Sandy,0,0,0.33,437,0
11.42,Cotton,Black,1,0,0.46,817,0
10.61,Cotton,Sandy,0,0,0.27,466,0
0.79,Wheat,Loam,1,0,0.91,1385,0
1.05,Wheat,Black,0,1,0.53,1088,0
2.05,Cotton,Black,1,0,0.74,1266,0
9.37,Millets,Clay,1,1,0.6,1285,1
9.27,Wheat,Black,0,1,0.8,425,0
14.74,Millets,Sandy,1,1,0.62,736,1
13.57,Maize,Loam,1,0,0.47,1010,0
7.21,Maize,Black,0,1,0.47,1421,0
13.45,Wheat,Loam,0,0,0.94,775,0
11.8,Wheat,Loam,0,1,0.5,398,0
14.65,Maize,Loam,1,1,0.68,329,1
10.3,Millets,Clay,1,0,0.23,560,0
13.02,Sugarcane,Clay,1,1,0.77,350,1
6.94,Sugarcane,Black,1,0,0.85,1376,0
11.4,Maize,Black,1,0,0.94,1196,0
2.36,Rice,Sandy,0,0,0.6,1007,0
2.18,Wheat,Loam,1,1,0.88,443,1
5.62,Rice,Sandy,0,1,0.64,1312,0
4.06,Maize,Black,0,0,0.66,871,0
3.05,Rice,Loam,0,1,0.61,404,0
2.45,Maize,Loam,0,0,0.33,1489,0
14.28,Millets,Clay,0,0,0.25,1190,0
4.66,Maize,Clay,0,0,0.77,326,0
11.61,Sugarcane,Loam,0,0,0.65,1127,0
12.61,Millets,Sandy,0,1,0.72,919,0
14.36,Maize,Loam,0,0,0.72,840,0
8.51,Sugarcane,Loam,1,1,0.72,359,1
6.15,Millets,Loam,1,0,0.74,1309,0
11.4,Maize,Sandy,0,1,0.55,1480,0
11.32,Cotton,Sandy,1,0,0.9,676,0
8.12,Rice,Sandy,0,0,0.26,1202,0
6.78,Cotton,Loam,0,1,0.84,1474,0
7.96,Rice,Sandy,0,0,0.91,737,0
11.88,Wheat,Loam,1,0,0.47,326,0
4.25,Wheat,Clay,0,0,0.68,1314,0
3.73,Rice,Clay,1,1,0.68,734,1
10.39,Maize,Sandy,1,1,0.89,1499,1
12.66,Maize,Black,1,1,0.75,960,1
13.72,Millets,Loam,0,1,0.25,1420,0
1.28,Millets,Black,0,0,0.95,897,0
3.74,Rice,Loam,0,1,0.84,701,0
6.67,Rice,Clay,0,0,0.91,340,0
8.37,Wheat,Sandy,0,0,0.38,452,0
11.85,Millets,Black,1,1,0.36,1353,0
8.48,Millets,Clay,1,0,0.8,1128,0
14.52,Maize,Clay,1,0,0.68,836,0
13.93,Sugarcane,Black,0,1,0.24,911,0
2.39,Wheat,Sandy,0,0,0.37,783,0
12.3,Maize,Loam,0,1,0.41,1199,0
10.04,Millets,Clay,1,1,0.34,1294,0
8.45,Wheat,Black,0,0,0.62,533,0
14.77,Wheat,Loam,1,1,0.43,1395,0
14.06,Millets,Sandy,1,1,0.21,374,0
4.71,Sugarcane,Sandy,1,0,0.9,1365,0
10.57,Rice,Black,0,0,0.79,1221,0
9.59,Rice,Loam,1,1,0.3,1132,0
8.81,Maize,Clay,0,0,0.65,1065,0
11.46,Millets,Clay,0,1,0.25,1027,0
4.82,Millets,Loam,0,1,0.48,680,0
1.2,Maize,Clay,0,0,0.41,1094,0
3.06,Maize,Black,1,1,0.64,996,1
10.09,Sugarcane,Loam,1,0,0.68,404,0
11.18,Sugarcane,Loam,0,1,0.42,845,0
2.19,Rice,Clay,0,1,0.55,891,0
9.58,Maize,Black,1,0,0.72,1483,0
4.51,Cotton,Clay,0,0,0.65,1327,0
13.86,Cotton,Black,1,1,0.69,775,1
11.65,Sugarcane,Black,1,1,0.51,502,1
3.72,Cotton,Loam,1,1,0.46,643,0
13.86,Maize,Black,1,1,0.45,1318,0
9.35,Sugarcane,Black,0,0,0.86,1352,0
0.55,Cotton,Loam,1,0,0.51,897,0
8.37,Wheat,Sandy,1,1,0.56,1095,1
8.91,Wheat,Clay,1,1,0.48,1213,0
2.46,Maize,Black,0,1,0.56,586,0
12.35,Rice,Black,1,0,0.34,645,0
11.31,Maize,Sandy,0,1,0.23,1472,0
11.94,Rice,Loam,0,0,0.39,789,0
14.39,Rice,Black,1,0,0.66,1142,0
8.1,Wheat,Sandy,0,0,0.31,413,0
6.85,Millets,Sandy,0,1,0.59,350,0
11.56,Maize,Clay,1,1,0.28,796,0
12.17,Cotton,Sandy,1,0,0.88,743,0
4.53,Millets,Loam,0,0,0.39,1060,0
6.06,Maize,Clay,1,1,0.4,359,0
5.69,Sugarcane,Clay,0,0,0.45,1018,0
3.87,Rice,Loam,1,0,0.37,1454,0
8.42,Cotton,Sandy,0,1,0.2,325,0
10.06,Sugarcane,Sandy,0,0,0.85,472,0
5.3,Rice,Loam,0,1,0.29,815,0
14.22,Rice,Black,1,0,0.73,760,0
0.6,Millets,Loam,1,0,0.62,747,0
9.02,Sugarcane,Loam,0,0,0.5,1230,0
7.97,Sugarcane,Loam,1,0,0.42,1159,0
7.76,Cotton,Sandy,1,0,0.48,1081,0
4.26,Cotton,Loam,0,1,0.64,1269,0
8.6,Millets,Black,0,1,0.88,958,0
7.18,Sugarcane,Sandy,0,0,0.71,1331,0
14.54,Sugarcane,Loam,0,0,0.23,695,0
7.27,Rice,Loam,0,1,0.79,547,0
8.92,Maize,Sandy,1,1,0.94,985,1
13.16,Cotton,Clay,0,0,0.63,1379,0
7.88,Sugarcane,Loam,0,0,0.93,1086,0
6.19,Millets,Clay,0,0,0.83,851,0
1.09,Wheat,Loam,1,1,0.62,348,0
3.89,Cotton,Loam,1,1,0.36,547,0
12.05,Cotton,Clay,0,1,0.74,405,0
5.18,Sugarcane,Black,0,0,0.24,1382,0
1.22,Wheat,Clay,0,1,0.29,572,0
7.43,Millets,Clay,1,1,0.46,626,0
3.85,Cotton,Sandy,0,1,0.72,450,0
13.24,Wheat,Loam,0,0,0.85,495,0
5.88,Cotton,Clay,1,0,0.79,1283,0
2.54,Cotton,Loam,0,0,0.55,1462,0
5.93,Maize,Sandy,0,0,0.92,992,0
4.23,Rice,Clay,0,0,0.66,1365,0
0.6,Maize,Clay,1,0,0.53,837,0
12.12,Maize,Sandy,0,0,0.67,1160,0
14.46,Maize,Black,0,1,0.76,542,0
6.47,Maize,Sandy,0,1,0.43,1135,0
0.79,Millets,Clay,1,1,0.79,336,0
10.88,Sugarcane,Black,0,0,0.63,1382,0
5.71,Wheat,Black,0,0,0.5,516,0
6.96,Sugarcane,Sandy,1,1,0.6,1301,1
0.89,Rice,Clay,1,0,0.93,1456,0
10.46,Wheat,Clay,1,0,0.87,1469,0
14.7,Wheat,Sandy,0,0,0.24,821,0
11.9,Maize,Loam,0,0,0.78,1359,0
13.71,Maize,Sandy,0,1,0.49,695,0
5.84,Sugarcane,Sandy,1,1,0.7,812,1
6.22,Sugarcane,Black,0,1,0.91,1364,0
10.11,Cotton,Black,0,1,0.71,614,0
13.18,Wheat,Loam,1,1,0.4,811,0
3.75,Rice,Clay,0,0,0.56,1364,0
7.52,Maize,Sandy,1,0,0.89,709,0
7.74,Maize,Clay,1,0,0.26,1396,0
6.79,Cotton,Black,1,0,0.67,1413,0
9.13,Cotton,Loam,0,1,0.56,1100,0
13.61,Wheat,Clay,1,1,0.32,1274,0
6.35,Wheat,Clay,0,1,0.82,919,0
4.01,Millets,Sandy,1,1,0.9,893,1
14.63,Wheat,Clay,0,0,0.78,991,0
11.76,Sugarcane,Black,0,0,0.7,570,0
5.77,Sugarcane,Loam,1,0,0.82,1216,0
14.79,Sugarcane,Black,0,0,0.56,1397,0
10.5,Maize,Black,1,1,0.26,1293,0
4.85,Cotton,Black,1,0,0.73,1140,0
10.72,Cotton,Black,1,1,0.45,885,0
9.22,Sugarcane,Black,0,0,0.92,1222,0
10.22,Sugarcane,Loam,1,1,0.84,415,1
4.71,Cotton,Black,1,0,0.88,1427,0
10.54,Maize,Clay,0,1,0.95,1459,0
14.0,Wheat,Black,1,0,0.31,832,0
14.48,Millets,Black,1,0,0.44,1079,0
8.96,Sugarcane,Loam,0,1,0.25,1252,0
7.08,Millets,Clay,0,0,0.67,1097,0
8.19,Sugarcane,Clay,1,0,0.23,1048,0
2.93,Cotton,Black,0,1,0.78,1068,0
6.05,Rice,Clay,1,0,0.21,465,0
10.67,Maize,Clay,0,0,0.9,1187,0
4.51,Wheat,Clay,1,1,0.51,1088,1
7.44,Sugarcane,Black,1,0,0.52,702,0
13.38,Maize,Sandy,1,0,0.66,856,0
7.29,Cotton,Clay,0,1,0.45,539,0
13.85,Cotton,Black,0,0,0.95,1384,0
11.55,Wheat,Loam,1,0,0.34,1266,0
12.35,Millets,Clay,0,0,0.26,475,0
10.72,Sugarcane,Clay,1,1,0.23,490,0
5.18,Maize,Clay,0,1,0.68,1389,0
5.95,Maize,Black,0,0,0.66,793,0
3.61,Maize,Loam,0,0,0.79,361,0
3.6,Cotton,Black,0,0,0.26,399,0
3.73,Maize,Sandy,1,1,0.28,740,0
1.21,Millets,Clay,1,1,0.2,365,0
8.06,Maize,Loam,1,1,0.8,656,1
9.04,Millets,Loam,1,0,0.78,935,0
10.75,Cotton,Clay,1,1,0.39,835,0
4.68,Maize,Black,0,1,0.44,919,0
6.66,Cotton,Black,0,1,0.94,835,0
8.02,Millets,Clay,0,1,0.33,1189,0
14.23,Rice,Loam,1,1,0.29,1141,0
1.25,Sugarcane,Black,0,0,0.34,420,0
2.89,Rice,Black,0,0,0.71,1196,0
10.46,Sugarcane,Clay,0,1,0.48,1149,0
2.36,Rice,Clay,0,1,0.89,890,0
10.41,Cotton,Black,1,1,0.81,387,1
6.14,Millets,Loam,0,0,0.54,1166,0
11.28,Sugarcane,Sandy,0,1,0.28,447,0
0.75,Maize,Clay,1,0,0.47,508,0
13.38,Millets,Sandy,0,0,0.35,623,0
2.15,Millets,Clay,1,0,0.74,645,0
5.47,Maize,Clay,0,1,0.41,925,0
2.85,Maize,Sandy,0,0,0.79,1318,0
7.84,Cotton,Black,0,0,0.71,414,0
12.76,Cotton,Black,0,0,0.62,1386,0
4.34,Maize,Sandy,0,0,0.75,1051,0
1.49,Cotton,Loam,1,0,0.37,522,0
6.02,Maize,Clay,1,0,0.86,600,0
11.35,Wheat,Clay,0,0,0.22,860,0
8.14,Sugarcane,Loam,0,0,0.84,498,0
6.71,Millets,Clay,0,0,0.2,345,0
4.0,Maize,Black,0,1,0.54,1092,0
3.74,Wheat,Black,1,1,0.37,972,0
9.08,Millets,Sandy,1,0,0.38,1425,0
14.29,Cotton,Sandy,0,1,0.25,1446,0
5.4,Millets,Loam,1,1,0.67,980,1
10.76,Maize,Sandy,1,0,0.8,643,0
7.07,Wheat,Clay,1,1,0.75,586,1
0.63,Wheat,Clay,1,1,0.34,548,0
11.61,Maize,Sandy,0,0,0.85,1023,0
3.95,Wheat,Black,0,1,0.45,486,0
5.87,Sugarcane,Clay,0,1,0.75,1466,0
1.25,Sugarcane,Loam,1,1,0.87,934,0
4.96,Rice,Loam,0,1,0.4,896,0
12.97,Rice,Loam,0,1,0.73,958,0
5.75,Cotton,Black,0,1,0.29,1109,0
13.73,Millets,Loam,0,0,0.79,1158,0
5.35,Sugarcane,Black,1,0,0.89,811,0
2.69,Wheat,Clay,0,1,0.88,1195,0
8.44,Rice,Black,1,1,0.62,619,1
3.33,Rice,Clay,1,0,0.27,979,0
13.77,Rice,Loam,0,0,0.88,474,0
1.64,Rice,Loam,0,0,0.58,454,0
8.76,Rice,Loam,0,1,0.35,648,0
1.68,Sugarcane,Black,1,1,0.21,466,0
2.48,Maize,Sandy,1,1,0.6,1196,1
6.22,Maize,Loam,1,0,0.71,873,0
7.26,Cotton,Black,0,1,0.6,495,0
14.31,Wheat,Clay,1,0,0.25,454,0
4.88,Sugarcane,Sandy,1,0,0.34,1362,0
14.04,Sugarcane,Clay,0,1,0.56,1103,0
3.57,Sugarcane,Sandy,0,1,0.63,900,0
7.05,Rice,Black,1,1,0.49,935,0
1.17,Maize,Clay,1,1,0.32,1144,0
14.82,Wheat,Black,1,0,0.22,937,0
10.03,Rice,Black,1,0,0.44,917,0
5.18,Maize,Loam,1,1,0.23,590,0
10.8,Rice,Black,0,0,0.75,1194,0
11.32,Cotton,Sandy,0,0,0.86,1225,0
6.2,Wheat,Sandy,0,1,0.83,417,0
0.78,Cotton,Black,1,0,0.44,1246,0
9.85,Maize,Loam,1,0,0.47,486,0
3.07,Millets,Black,1,1,0.23,1063,0
14.35,Maize,Sandy,0,1,0.28,1402,0
2.48,Sugarcane,Clay,0,1,0.94,1042,0
8.56,Wheat,Black,0,1,0.51,1293,0
14.87,Millets,Clay,0,0,0.26,1370,0
10.01,Wheat,Black,0,0,0.7,1271,0
11.92,Maize,Black,1,1,0.72,1478,1
11.24,Rice,Loam,1,0,0.37,1128,0
8.86,Wheat,Black,0,1,0.71,861,0
2.03,Sugarcane,Black,0,1,0.24,1230,0
10.0,Rice,Clay,1,0,0.52,713,0
3.79,Sugarcane,Loam,1,1,0.47,1146,0
7.64,Cotton,Clay,0,0,0.63,1042,0
13.76,Cotton,Sandy,0,1,0.25,700,0
4.54,Millets,Loam,0,0,0.5,1466,0
12.45,Millets,Loam,0,1,0.76,1425,0
5.25,Sugarcane,Black,0,1,0.24,1435,0
8.89,Cotton,Clay,0,0,0.76,602,0
13.85,Rice,Black,0,1,0.87,1423,0
12.05,Rice,Sandy,1,1,0.43,1272,0
2.91,Millets,Clay,0,1,0.53,1450,0
0.71,Sugarcane,Loam,0,1,0.36,1073,0
10.03,Cotton,Sandy,1,0,0.43,1080,0
11.42,Rice,Black,1,1,0.43,595,0
3.56,Wheat,Black,1,0,0.7,1010,0
10.19,Sugarcane,Loam,0,1,0.38,1315,0
5.17,Maize,Sandy,1,0,0.74,649,0
6.01,Maize,Loam,1,0,0.81,1487,0
10.86,Cotton,Sandy,0,0,0.64,359,0
6.62,Wheat,Clay,0,1,0.26,853,0
9.72,Maize,Sandy,1,0,0.55,937,0
10.14,Maize,Sandy,1,1,0.71,1136,1
2.27,Maize,Loam,1,1,0.84,854,1
1.78,Rice,Black,1,0,0.77,683,0
13.78,Millets,Sandy,1,1,0.28,1031,0
11.77,Wheat,Loam,1,1,0.83,720,1
8.66,Cotton,Sandy,0,0,0.41,360,0
3.69,Rice,Sandy,1,1,0.32,1089,0
4.19,Millets,Black,0,0,0.28,585,0
7.31,Sugarcane,Sandy,1,0,0.58,471,0
4.81,Wheat,Sandy,0,0,0.2,1088,0
5.7,Cotton,Loam,1,1,0.27,1498,0
6.44,Cotton,Sandy,0,0,0.92,803,0
9.28,Maize,Clay,1,0,0.64,522,0
7.23,Wheat,Loam,0,0,0.45,1112,0
8.92,Millets,Clay,0,0,0.83,370,0
13.01,Maize,Clay,0,1,0.76,934,0
12.7,Wheat,Sandy,0,1,0.28,969,0
10.85,Rice,Black,1,1,0.58,1049,1
0.84,Rice,Sandy,1,0,0.57,748,0
1.72,Millets,Sandy,1,1,0.73,1254,0
1.8,Rice,Black,0,0,0.81,1188,0
9.71,Cotton,Loam,1,1,0.91,414,1
10.51,Millets,Black,1,0,0.23,393,0
3.7,Rice,Loam,0,1,0.78,669,0
11.28,Millets,Sandy,1,1,0.24,691,0
10.49,Cotton,Black,1,0,0.54,841,0
0.67,Rice,Sandy,1,1,0.63,1148,0
5.84,Wheat,Clay,0,0,0.22,530,0
4.81,Wheat,Black,1,1,0.74,350,1
6.61,Maize,Black,0,1,0.71,503,0
1.77,Sugarcane,Clay,0,0,0.65,588,0
7.13,Sugarcane,Clay,1,0,0.72,990,0
10.72,Wheat,Sandy,0,0,0.55,1043,0
11.85,Millets,Clay,0,0,0.59,763,0
7.49,Maize,Loam,0,1,0.45,890,0
5.2,Millets,Clay,0,0,0.81,608,0
3.67,Cotton,Clay,1,0,0.3,1005,0
13.24,Rice,Sandy,1,1,0.43,391,0
5.31,Rice,Black,1,0,0.87,819,0
4.85,Cotton,Sandy,1,1,0.68,739,1
9.49,Sugarcane,Black,1,0,0.82,1259,0
5.83,Maize,Clay,0,0,0.45,791,0
12.33,Sugarcane,Loam,1,1,0.41,1453,0
0.87,Rice,Sandy,0,0,0.79,989,0
5.23,Millets,Black,1,1,0.35,654,0
9.48,Sugarcane,Black,1,0,0.74,440,0
0.77,Maize,Sandy,1,1,0.75,1171,0
8.74,Cotton,Clay,1,0,0.93,559,0
14.16,Maize,Black,1,0,0.47,1253,0
6.29,Sugarcane,Clay,0,0,0.35,324,0
7.54,Maize,Sandy,0,0,0.8,450,0
3.08,Rice,Sandy,0,0,0.36,775,0
10.84,Wheat,Black,0,0,0.25,992,0
1.89,Rice,Clay,1,0,0.86,422,0
11.59,Maize,Sandy,1,1,0.4,765,0
14.15,Millets,Loam,1,1,0.69,1375,1
6.09,Sugarcane,Clay,0,0,0.59,542,0
12.3,Rice,Loam,1,1,0.45,532,0
3.68,Wheat,Sandy,1,1,0.26,1282,0
8.03,Wheat,Clay,0,1,0.59,1408,0
3.86,Millets,Clay,1,1,0.31,1092,0
4.39,Rice,Sandy,1,1,0.85,964,1
13.91,Rice,Black,1,1,0.68,735,1
6.05,Sugarcane,Sandy,0,1,0.87,1297,0
7.55,Wheat,Sandy,0,0,0.91,742,0
12.09,Millets,Sandy,0,0,0.54,1432,0
12.26,Sugarcane,Clay,1,1,0.63,1171,1
8.38,Cotton,Black,0,1,0.91,1123,0
3.87,Maize,Sandy,0,1,0.38,396,0
12.58,Cotton,Loam,0,0,0.49,1270,0
6.02,Maize,Loam,1,0,0.78,1186,0
5.84,Millets,Loam,0,0,0.71,946,0
14.6,Millets,Loam,1,0,0.27,760,0
2.61,Maize,Sandy,1,0,0.72,1422,0
11.44,Maize,Loam,0,0,0.46,1462,0
2.09,Wheat,Clay,1,1,0.35,1015,0
11.01,Maize,Clay,0,1,0.75,1206,0
1.03,Sugarcane,Clay,0,0,0.69,750,0
12.61,Millets,Clay,1,1,0.93,659,1
2.15,Millets,Loam,1,1,0.21,877,0
9.34,Rice,Loam,0,0,0.89,1000,0
2.09,Maize,Sandy,0,0,0.33,479,0
6.49,Wheat,Clay,1,0,0.82,1256,0
6.63,Wheat,Sandy,0,0,0.69,1388,0
9.1,Millets,Sandy,1,1,0.28,1039,0
12.32,Cotton,Black,0,1,0.29,1202,0
7.62,Cotton,Sandy,0,0,0.27,1346,0
9.36,Wheat,Sandy,0,0,0.8,760,0
6.19,Millets,Loam,1,1,0.26,1452,0
10.84,Rice,Clay,0,1,0.58,1043,0
2.94,Cotton,Black,1,1,0.7,910,1
14.07,Maize,Sandy,0,0,0.86,931,0
0.73,Sugarcane,Clay,0,0,0.92,1009,0
0.86,Sugarcane,Sandy,1,0,0.9,1414,0
10.55,Maize,Sandy,1,0,0.59,1358,0
14.04,Rice,Clay,1,1,0.69,961,1
13.13,Millets,Clay,1,0,0.4,1029,0
6.58,Wheat,Clay,1,0,0.54,1224,0
1.7,Cotton,Clay,1,0,0.55,1373,0
5.13,Cotton,Loam,0,0,0.71,1047,0
9.26,Maize,Sandy,1,1,0.64,706,1
14.52,Cotton,Black,1,1,0.9,1275,1
0.55,Millets,Clay,0,1,0.22,527,0
14.16,Maize,Loam,0,1,0.77,643,0
12.68,Millets,Black,1,0,0.61,984,0
11.24,Cotton,Clay,1,1,0.5,1394,1
12.54,Cotton,Sandy,1,1,0.66,1174,1
12.37,Maize,Sandy,0,1,0.83,1480,0
1.51,Millets,Loam,0,1,0.65,644,0
3.63,Sugarcane,Loam,1,0,0.85,1438,0
2.19,Wheat,Loam,0,1,0.24,1101,0
11.82,Rice,Loam,0,0,0.82,668,0
3.68,Millets,Loam,0,0,0.22,1284,0
1.73,Cotton,Black,1,1,0.4,907,0
5.26,Maize,Black,0,1,0.48,1410,0
7.3,Wheat,Clay,0,0,0.59,471,0
13.92,Cotton,Sandy,1,1,0.68,377,1
1.92,Sugarcane,Sandy,0,1,0.78,879,0
3.8,Rice,Loam,0,1,0.71,681,0
11.22,Cotton,Loam,1,1,0.77,720,1
5.26,Rice,Loam,1,0,0.49,470,0
2.43,Cotton,Clay,1,1,0.28,963,0
4.07,Sugarcane,Black,1,1,0.77,574,1
10.76,Maize,Black,1,0,0.72,1431,0
2.19,Maize,Sandy,1,0,0.43,1414,0
9.04,Millets,Black,0,1,0.93,486,0
2.21,Rice,Sandy,1,1,0.84,550,1
13.34,Rice,Loam,0,1,0.87,1400,0
8.73,Wheat,Loam,0,1,0.94,1419,0
12.43,Sugarcane,Black,0,1,0.59,1136,0
3.84,Sugarcane,Clay,0,0,0.67,1027,0
14.41,Maize,Black,0,0,0.89,1225,0
9.49,Cotton,Loam,1,1,0.49,854,0
5.97,Maize,Clay,0,0,0.53,1479,0
2.98,Millets,Loam,1,0,0.88,487,0
13.78,Sugarcane,Sandy,0,0,0.62,1011,0
13.35,Millets,Sandy,0,0,0.89,807,0
12.09,Millets,Clay,1,0,0.86,1080,0
1.58,Wheat,Loam,1,1,0.71,997,0
1.25,Wheat,Sandy,1,0,0.23,655,0
1.78,Millets,Sandy,0,0,0.54,663,0
3.96,Sugarcane,Clay,1,1,0.41,579,0
3.01,Rice,Clay,0,1,0.51,997,0
5.41,Wheat,Black,1,0,0.37,437,0
0.8,Rice,Clay,1,1,0.57,366,0
4.29,Maize,Sandy,1,1,0.77,662,1
10.31,Rice,Clay,1,1,0.62,923,1
2.65,Maize,Black,1,0,0.66,946,0
12.94,Maize,Sandy,1,0,0.33,1254,0
2.01,Millets,Sandy,1,0,0.6,1083,0
9.76,Maize,Clay,1,0,0.57,1462,0
13.35,Millets,Clay,0,1,0.34,562,0
0.65,Sugarcane,Sandy,0,0,0.83,642,0
1.02,Maize,Clay,0,1,0.76,1354,0
10.59,Cotton,Black,1,0,0.65,800,0
14.32,Sugarcane,Black,1,0,0.88,424,0
12.83,Cotton,Sandy,0,0,0.6,1046,0
0.57,Cotton,Sandy,1,0,0.36,425,0
14.1,Millets,Black,0,1,0.34,701,0
4.47,Wheat,Loam,0,1,0.71,1420,0
1.54,Rice,Clay,0,1,0.94,591,0
14.75,Millets,Black,1,1,0.43,1373,0
12.33,Millets,Black,1,1,0.78,374,1
6.06,Rice,Loam,0,1,0.43,379,0
11.45,Sugarcane,Sandy,0,1,0.28,1193,0
1.12,Maize,Loam,0,1,0.39,584,0
9.79,Rice,Sandy,1,0,0.74,964,0
14.17,Sugarcane,Loam,1,0,0.22,506,0
14.9,Sugarcane,Black,0,0,0.28,1166,0
14.29,Maize,Loam,0,0,0.61,1486,0
8.99,Millets,Clay,0,1,0.62,914,0
4.19,Cotton,Loam,0,1,0.71,425,0
10.21,Wheat,Loam,0,0,0.65,603,0
2.22,Wheat,Black,0,0,0.35,788,0
2.0,Sugarcane,Black,1,0,0.78,844,0
12.02,Sugarcane,Sandy,1,0,0.61,669,0
7.41,Millets,Clay,0,0,0.76,1104,0
7.84,Cotton,Loam,1,0,0.21,966,0
12.29,Maize,Clay,0,1,0.61,747,0
10.89,Sugarcane,Clay,0,0,0.91,1374,0
3.4,Wheat,Black,0,0,0.52,502,0
3.22,Wheat,Clay,1,0,0.46,643,0
13.6,Sugarcane,Sandy,1,1,0.53,1032,1
0.76,Cotton,Black,0,0,0.49,341,0
10.06,Maize,Black,0,1,0.34,753,0
12.65,Rice,Clay,0,1,0.49,1224,0
13.28,Maize,Sandy,0,1,0.4,1339,0
14.54,Wheat,Clay,0,1,0.42,388,0
10.02,Sugarcane,Clay,1,0,0.82,540,0
7.39,Millets,Black,1,0,0.76,1053,0
12.12,Rice,Sandy,1,1,0.3,830,0
7.58,Millets,Clay,0,0,0.9,1198,0
14.51,Cotton,Loam,0,0,0.7,1498,0
11.01,Maize,Black,1,0,0.54,707,0
1.83,Cotton,Loam,1,1,0.47,1274,0
14.29,Millets,Loam,1,0,0.86,1073,0
7.11,Cotton,Sandy,0,1,0.88,1058,0
14.93,Wheat,Loam,1,0,0.3,538,0
8.14,Cotton,Loam,0,1,0.7,658,0
10.59,Cotton,Sandy,0,1,0.65,818,0
6.7,Wheat,Clay,0,0,0.71,352,0
2.4,Wheat,Clay,0,0,0.7,305,0
13.48,Maize,Clay,1,1,0.74,933,1
4.62,Cotton,Loam,1,1,0.84,1313,1
2.19,Millets,Clay,0,0,0.24,1500,0
12.21,Cotton,Clay,0,0,0.32,915,0
10.82,Wheat,Sandy,1,1,0.81,1453,1
10.63,Millets,Loam,0,1,0.26,346,0
4.5,Cotton,Clay,0,0,0.77,631,0
3.57,Maize,Sandy,0,1,0.2,1230,0
4.61,Cotton,Black,1,1,0.72,1315,1
6.74,Sugarcane,Loam,0,1,0.5,456,0
2.13,Maize,Clay,1,1,0.6,894,1
6.12,Maize,Sandy,1,0,0.54,864,0
11.86,Cotton,Sandy,0,1,0.27,991,0
9.04,Maize,Loam,0,1,0.54,1191,0
2.98,Sugarcane,Sandy,0,1,0.26,1343,0
4.47,Wheat,Black,0,1,0.35,1124,0
4.1,Maize,Black,1,0,0.87,442,0
13.89,Cotton,Black,1,1,0.9,608,1
7.01,Cotton,Loam,0,1,0.43,655,0
8.72,Maize,Loam,1,0,0.85,475,0
0.69,Maize,Clay,1,0,0.72,515,0
13.63,Cotton,Black,0,1,0.63,691,0
9.2,Rice,Sandy,0,0,0.45,823,0
5.79,Millets,Loam,0,0,0.58,305,0
9.4,Sugarcane,Black,1,1,0.81,1440,1
12.39,Rice,Sandy,1,1,0.75,1098,1
12.82,Rice,Black,0,1,0.95,1020,0
11.26,Wheat,Black,1,1,0.82,412,1
13.08,Rice,Clay,0,1,0.77,1023,0
3.94,Millets,Sandy,1,0,0.57,919,0
1.9,Millets,Black,1,1,0.53,1202,0
14.68,Rice,Black,0,0,0.21,717,0
9.92,Rice,Loam,1,0,0.5,432,0
0.66,Cotton,Clay,0,1,0.42,1220,0
11.41,Rice,Black,0,0,0.75,1275,0
14.58,Cotton,Sandy,0,1,0.61,721,0
11.42,Maize,Clay,1,0,0.82,738,0
13.43,Rice,Black,1,1,0.42,844,0
11.98,Millets,Clay,0,1,0.59,651,0
9.77,Rice,Sandy,1,0,0.28,1163,0
4.43,Rice,Clay,0,1,0.5,919,0
7.09,Sugarcane,Loam,0,1,0.69,1300,0
7.01,Cotton,Loam,1,1,0.48,1291,0
1.1,Sugarcane,Sandy,1,1,0.8,464,0
10.7,Millets,Black,1,1,0.88,756,1
11.87,Sugarcane,Sandy,0,0,0.27,657,0
9.61,Sugarcane,Loam,1,0,0.24,482,0
3.6,Wheat,Loam,1,1,0.4,1485,0
8.51,Maize,Black,1,1,0.25,586,0
11.45,Cotton,Black,1,0,0.43,716,0
12.28,Millets,Sandy,0,0,0.84,1125,0
0.65,Rice,Sandy,1,0,0.4,1196,0
6.8,Wheat,Clay,0,0,0.84,510,0
0.55,Cotton,Sandy,0,1,0.76,879,0
5.88,Millets,Black,1,0,0.84,1288,0
14.19,Millets,Sandy,1,1,0.78,1010,1
2.38,Millets,Clay,1,0,0.66,907,0
3.0,Wheat,Black,0,0,0.93,381,0
14.23,Wheat,Clay,1,1,0.33,1428,0
4.0,Maize,Sandy,1,1,0.2,780,0
3.32,Rice,Black,1,0,0.8,481,0
10.07,Cotton,Sandy,1,1,0.34,333,0
3.36,Maize,Black,1,1,0.55,772,1
7.85,Cotton,Clay,1,0,0.27,326,0
5.64,Millets,Clay,0,0,0.31,893,0
6.9,Millets,Clay,0,0,0.27,888,0
14.04,Sugarcane,Clay,1,1,0.27,1400,0
2.21,Sugarcane,Black,1,0,0.22,746,0
4.77,Millets,Sandy,0,0,0.35,938,0
3.11,Maize,Sandy,1,1,0.75,1446,1
9.38,Wheat,Clay,1,1,0.27,1160,0
2.69,Wheat,Black,0,1,0.64,863,0
4.31,Rice,Black,1,0,0.65,1485,0
1.91,Maize,Loam,0,1,0.53,1338,0
12.28,Wheat,Clay,0,1,0.71,1095,0
2.63,Rice,Clay,0,1,0.35,1486,0
5.77,Cotton,Loam,1,0,0.29,606,0
13.27,Cotton,Sandy,0,0,0.94,786,0
11.89,Maize,Black,0,1,0.58,711,0
13.11,Sugarcane,Loam,0,1,0.81,1139,0
11.56,Millets,Black,0,0,0.36,1075,0
8.76,Maize,Clay,1,0,0.82,691,0
3.25,Millets,Clay,1,1,0.38,404,0
8.7,Rice,Clay,0,1,0.43,763,0
3.49,Cotton,Loam,1,0,0.2,1239,0
11.81,Millets,Sandy,0,0,0.66,467,0
6.41,Millets,Sandy,1,1,0.8,1165,1
13.7,Wheat,Black,0,0,0.34,597,0
2.6,Maize,Clay,0,1,0.64,1071,0
9.68,Millets,Black,0,1,0.43,720,0
4.6,Maize,Clay,1,0,0.83,808,0
2.36,Maize,Clay,1,1,0.44,970,0
2.22,Millets,Black,0,1,0.76,369,0
4.44,Maize,Loam,0,1,0.83,899,0
4.85,Sugarcane,Sandy,1,1,0.67,672,1
5.37,Maize,Loam,0,1,0.32,1236,0
0.83,Sugarcane,Sandy,1,1,0.25,483,0
11.97,Cotton,Sandy,0,1,0.87,803,0
2.3,Cotton,Clay,0,0,0.84,1316,0
3.62,Rice,Sandy,1,1,0.93,1085,1
9.58,Rice,Sandy,0,0,0.63,1093,0
5.28,Maize,Sandy,1,1,0.25,510,0
11.64,Sugarcane,Clay,1,1,0.41,1001,0
9.22,Rice,Loam,0,0,0.46,481,0
9.16,Rice,Clay,1,1,0.79,714,1
14.87,Rice,Loam,0,0,0.69,995,0
1.18,Sugarcane,Sandy,1,1,0.59,1254,0
9.81,Millets,Clay,0,1,0.21,734,0
2.0,Sugarcane,Clay,1,0,0.68,1154,0
14.72,Rice,Sandy,0,1,0.95,1385,0
9.02,Millets,Black,0,1,0.34,1058,0
10.37,Cotton,Sandy,0,1,0.55,349,0
8.12,Rice,Sandy,1,1,0.83,1037,1
8.04,Maize,Sandy,0,0,0.75,668,0
2.32,Millets,Loam,0,0,0.42,1041,0
2.84,Cotton,Sandy,1,1,0.53,1461,1
11.12,Maize,Sandy,1,0,0.83,1397,0
13.19,Sugarcane,Sandy,0,0,0.57,719,0
11.58,Rice,Loam,0,0,0.63,1132,0
8.96,Cotton,Clay,0,0,0.83,535,0
3.52,Rice,Black,0,1,0.55,849,0
14.85,Maize,Clay,0,1,0.33,1060,0
12.63,Maize,Loam,1,1,0.8,443,1
10.49,Sugarcane,Loam,1,1,0.68,973,1
2.93,Sugarcane,Loam,0,0,0.43,952,0
7.87,Sugarcane,Clay,1,1,0.74,301,1
3.43,Sugarcane,Black,1,0,0.4,1285,0
3.86,Sugarcane,Clay,1,0,0.62,934,0
9.56,Sugarcane,Loam,1,1,0.73,1469,1
10.37,Wheat,Clay,1,1,0.21,338,0
6.01,Rice,Black,1,1,0.89,349,1
12.6,Wheat,Loam,1,0,0.3,545,0
9.9,Maize,Sandy,0,0,0.3,555,0
5.94,Maize,Sandy,1,1,0.7,465,1
3.34,Millets,Sandy,1,0,0.6,577,0
7.58,Wheat,Black,0,0,0.77,1410,0
5.73,Rice,Black,1,1,0.29,516,0
3.25,Millets,Black,1,0,0.27,1155,0
14.04,Maize,Loam,1,1,0.94,438,1
10.72,Cotton,Clay,0,1,0.87,545,0
1.8,Rice,Clay,0,1,0.53,1038,0
8.66,Cotton,Loam,0,0,0.63,494,0
8.71,Wheat,Sandy,0,1,0.54,307,0
4.9,Sugarcane,Clay,0,1,0.61,1268,0
5.65,Maize,Sandy,1,1,0.89,970,1
1.76,Cotton,Black,0,0,0.65,578,0
13.18,Cotton,Clay,1,0,0.88,860,0
6.05,Cotton,Black,1,1,0.75,728,1
13.09,Sugarcane,Sandy,1,0,0.54,823,0
9.95,Maize,Clay,1,0,0.49,893,0
9.27,Rice,Loam,1,1,0.48,553,0
3.52,Sugarcane,Sandy,0,1,0.36,1442,0
10.38,Rice,Loam,0,0,0.53,538,0
5.84,Cotton,Sandy,1,1,0.48,694,0
7.32,Wheat,Black,1,1,0.79,504,1
8.56,Cotton,Loam,0,1,0.66,1043,0
12.67,Rice,Sandy,1,0,0.36,333,0
6.88,Sugarcane,Sandy,1,1,0.6,834,1
1.15,Cotton,Sandy,0,0,0.77,331,0
2.74,Millets,Loam,0,0,0.6,1211,0
9.62,Rice,Black,0,1,0.88,929,0
7.5,Rice,Loam,1,1,0.23,1222,0
10.08,Millets,Loam,0,1,0.51,547,0
13.15,Rice,Sandy,0,1,0.67,443,0
7.52,Millets,Black,0,1,0.5,459,0
13.04,Wheat,Clay,1,1,0.53,686,1
2.08,Rice,Black,0,0,0.62,1125,0
10.1,Rice,Loam,0,0,0.83,1268,0
13.12,Cotton,Clay,1,0,0.4,983,0
11.91,Rice,Sandy,0,1,0.82,366,0
7.17,Maize,Clay,1,1,0.62,434,1
8.51,Millets,Sandy,0,1,0.81,498,0
7.03,Rice,Sandy,1,1,0.27,552,0
0.61,Wheat,Black,1,0,0.86,1151,0
7.44,Sugarcane,Sandy,0,1,0.35,872,0
1.48,Cotton,Clay,0,1,0.58,458,0
11.17,Rice,Clay,0,1,0.39,1192,0
8.54,Maize,Black,0,1,0.7,977,0
11.17,Rice,Clay,0,0,0.41,1060,0
14.18,Sugarcane,Loam,1,0,0.43,1291,0
1.49,Sugarcane,Loam,0,0,0.57,766,0
14.43,Rice,Sandy,0,0,0.91,682,0
11.95,Maize,Clay,0,1,0.55,726,0
1.09,Sugarcane,Loam,0,0,0.89,1110,0
7.15,Wheat,Clay,0,0,0.35,344,0
14.77,Millets,Black,0,0,0.33,1392,0
7.43,Sugarcane,Sandy,0,1,0.45,356,0
8.89,Cotton,Loam,0,0,0.84,326,0
3.26,Rice,Clay,0,0,0.95,895,0
4.27,Wheat,Sandy,0,0,0.48,1187,0
4.7,Millets,Black,0,1,0.33,1447,0
9.29,Cotton,Clay,0,1,0.42,734,0
7.17,Maize,Clay,1,0,0.7,869,0
3.15,Maize,Clay,1,0,0.93,621,0
2.78,Wheat,Loam,1,1,0.95,358,1
5.8,Cotton,Loam,0,0,0.41,1108,0
9.79,Cotton,Loam,0,1,0.46,1306,0
4.53,Rice,Clay,1,1,0.88,682,1
6.77,Wheat,Loam,0,0,0.24,324,0
14.77,Sugarcane,Black,0,1,0.86,1156,0
9.27,Sugarcane,Clay,0,1,0.51,934,0
7.41,Rice,Clay,1,1,0.79,1424,1
13.37,Cotton,Sandy,0,0,0.39,978,0
7.64,Cotton,Clay,1,1,0.77,1130,1
8.58,Maize,Loam,1,0,0.27,825,0
10.05,Millets,Clay,0,0,0.44,1309,0
12.18,Sugarcane,Loam,1,1,0.34,688,0
10.6,Rice,Clay,1,1,0.26,345,0
7.36,Millets,Loam,1,1,0.52,1436,1
10.61,Maize,Loam,1,1,0.86,466,1
6.28,Millets,Loam,0,1,0.93,738,0
3.25,Maize,Black,1,0,0.29,1005,0
8.23,Sugarcane,Sandy,1,1,0.58,943,1
6.27,Cotton,Loam,1,0,0.24,366,0
11.81,Rice,Clay,0,0,0.95,662,0
8.03,Cotton,Black,1,0,0.77,1380,0
11.28,Wheat,Loam,1,0,0.36,1478,0
11.17,Sugarcane,Clay,0,1,0.76,1152,0
4.3,Sugarcane,Clay,0,1,0.6,598,0
6.81,Rice,Black,0,1,0.24,1435,0
13.31,Maize,Black,1,1,0.66,1016,1
0.97,Sugarcane,Sandy,0,1,0.77,1263,0
14.17,Sugarcane,Black,0,0,0.52,1114,0
10.0,Rice,Sandy,1,1,0.71,537,1
5.05,Rice,Black,1,1,0.25,729,0
10.43,Wheat,Loam,1,1,0.4,514,0
9.33,Rice,Loam,1,1,0.68,576,1
6.64,Sugarcane,Sandy,1,0,0.63,416,0
7.38,Millets,Loam,0,0,0.55,909,0
7.25,Millets,Black,1,1,0.53,361,1
14.32,Rice,Clay,0,1,0.9,1348,0
13.6,Sugarcane,Clay,1,1,0.92,424,1
10.7,Rice,Clay,0,0,0.61,1066,0
5.37,Maize,Sandy,1,0,0.28,801,0
11.13,Cotton,Black,0,1,0.68,552,0
6.71,Sugarcane,Sandy,0,0,0.64,1252,0
8.86,Rice,Black,0,1,0.74,1226,0
0.85,Rice,Clay,1,0,0.23,757,0
13.66,Rice,Sandy,0,0,0.79,1123,0
4.43,Sugarcane,Black,1,1,0.68,562,1
13.0,Wheat,Clay,0,0,0.25,1354,0
9.4,Maize,Loam,1,1,0.75,1074,1
12.84,Wheat,Clay,0,0,0.85,584,0
3.11,Sugarcane,Clay,0,0,0.3,1191,0
7.56,Sugarcane,Loam,1,1,0.82,749,1
7.34,Cotton,Black,1,1,0.66,1302,1
11.24,Rice,Sandy,0,1,0.75,556,0
12.96,Cotton,Loam,1,0,0.72,345,0
10.25,Rice,Black,0,0,0.92,1200,0
6.11,Wheat,Loam,0,1,0.27,352,0
4.89,Sugarcane,Black,1,0,0.32,1164,0
1.66,Wheat,Sandy,0,0,0.36,925,0
2.77,Maize,Sandy,0,1,0.34,681,0
2.12,Sugarcane,Sandy,0,0,0.45,979,0
8.28,Cotton,Sandy,0,0,0.61,1024,0
12.56,Cotton,Clay,1,0,0.39,1357,0
7.84,Sugarcane,Clay,0,1,0.39,685,0
4.75,Cotton,Loam,1,1,0.78,863,1
4.56,Sugarcane,Loam,1,1,0.5,1220,1
1.68,Wheat,Black,0,1,0.66,1261,0
8.58,Cotton,Black,1,0,0.58,1352,0
10.28,Millets,Clay,1,0,0.82,380,0
13.62,Wheat,Clay,0,0,0.39,664,0
14.17,Rice,Clay,1,0,0.45,886,0
6.07,Wheat,Clay,1,1,0.58,1347,1
10.29,Maize,Black,1,1,0.63,1219,1
9.58,Cotton,Black,1,0,0.29,551,0
14.43,Rice,Sandy,0,1,0.61,1357,0
4.16,Cotton,Loam,0,1,0.86,546,0
3.96,Rice,Sandy,1,0,0.54,1458,0
10.98,Sugarcane,Clay,1,1,0.25,1261,0
10.5,Rice,Loam,1,0,0.24,842,0
12.29,Rice,Black,0,1,0.38,382,0
11.1,Maize,Clay,1,0,0.29,641,0
10.59,Maize,Sandy,0,0,0.88,618,0
14.44,Cotton,Loam,1,1,0.45,1013,0
7.45,Cotton,Clay,1,0,0.75,555,0
7.32,Millets,Loam,1,1,0.53,1392,1
0.96,Rice,Clay,1,1,0.8,1236,0
1.55,Sugarcane,Loam,1,0,0.76,1471,0
4.58,Wheat,Clay,0,0,0.28,715,0
9.83,Cotton,Sandy,1,1,0.31,403,0
6.63,Rice,Black,0,1,0.45,1201,0
11.99,Sugarcane,Black,0,0,0.94,1322,0
10.97,Sugarcane,Loam,0,0,0.27,612,0
6.61,Millets,Sandy,0,1,0.27,1338,0
7.89,Maize,Loam,1,0,0.92,309,0
10.16,Cotton,Loam,1,0,0.65,541,0
1.3,Sugarcane,Sandy,1,1,0.28,953,0
6.72,Sugarcane,Loam,1,0,0.92,509,0
4.46,Sugarcane,Black,1,0,0.86,458,0
13.76,Cotton,Loam,1,0,0.59,1275,0
10.45,Wheat,Sandy,1,0,0.53,358,0
11.96,Maize,Loam,0,0,0.21,909,0
13.25,Maize,Black,0,1,0.36,1339,0
1.92,Millets,Clay,0,0,0.61,1154,0
9.91,Sugarcane,Sandy,0,1,0.59,1234,0
9.72,Rice,Clay,0,0,0.89,1015,0
6.46,Maize,Black,1,1,0.22,1264,0
7.35,Sugarcane,Clay,0,0,0.27,1388,0
10.38,Wheat,Sandy,0,0,0.31,509,0
0.84,Wheat,Loam,1,1,0.83,506,0
10.03,Millets,Loam,0,1,0.67,1272,0
4.64,Rice,Sandy,1,0,0.57,639,0
6.87,Millets,Black,0,0,0.77,965,0
2.8,Rice,Loam,0,1,0.63,347,0
0.83,Sugarcane,Sandy,1,1,0.64,648,0
9.59,Millets,Clay,0,0,0.69,504,0
1.84,Cotton,Black,0,0,0.95,554,0
6.61,Wheat,Clay,1,0,0.46,1017,0
10.15,Rice,Loam,0,0,0.53,1095,0
9.57,Wheat,Loam,0,1,0.85,430,0
3.81,Millets,Sandy,0,1,0.39,924,0
10.7,Rice,Loam,0,1,0.87,343,0
11.96,Maize,Sandy,1,1,0.85,1485,1
14.46,Rice,Black,0,1,0.52,368,0
1.41,Maize,Clay,0,0,0.33,423,0
13.28,Cotton,Loam,1,0,0.28,760,0
6.59,Rice,Sandy,1,1,0.85,1476,1
4.22,Cotton,Loam,0,1,0.68,846,0
14.95,Maize,Clay,0,1,0.46,563,0
2.92,Millets,Loam,0,0,0.28,967,0
1.1,Wheat,Loam,0,1,0.22,679,0
11.54,Rice,Clay,1,1,0.56,374,1
6.11,Wheat,Loam,0,1,0.78,444,0
3.45,Wheat,Clay,1,1,0.76,1036,1
5.03,Millets,Loam,1,1,0.71,1049,1
4.97,Wheat,Loam,1,0,0.54,459,0
5.39,Rice,Sandy,0,0,0.62,636,0
9.82,Rice,Clay,1,0,0.46,1299,0
3.39,Rice,Loam,0,0,0.2,1444,0
0.55,Millets,Black,1,1,0.94,1349,0
0.85,Maize,Clay,1,1,0.52,1147,0
2.85,Wheat,Loam,1,1,0.36,1477,0
9.37,Wheat,Loam,1,0,0.74,892,0
11.7,Maize,Sandy,1,1,0.93,574,1
0.61,Wheat,Loam,1,0,0.23,523,0
9.36,Millets,Black,1,0,0.62,1177,0
14.26,Maize,Black,0,0,0.67,1192,0
5.84,Rice,Sandy,0,0,0.49,986,0
14.05,Millets,Loam,1,1,0.92,734,1
2.79,Maize,Black,1,0,0.23,1385,0
11.55,Rice,Loam,1,0,0.5,1230,0
2.95,Millets,Loam,1,0,0.63,643,0
7.32,Maize,Sandy,0,1,0.93,1343,0
6.06,Maize,Loam,0,0,0.66,1396,0
9.48,Rice,Clay,0,0,0.78,1267,0
10.86,Rice,Loam,1,1,0.57,569,1
12.59,Maize,Black,1,1,0.37,1429,0
9.97,Rice,Loam,1,1,0.83,834,1
2.81,Cotton,Black,1,0,0.43,570,0
8.21,Cotton,Sandy,1,0,0.4,446,0
13.94,Cotton,Loam,0,0,0.57,559,0
10.37,Maize,Clay,1,0,0.71,573,0
6.7,Maize,Clay,1,1,0.76,672,1
14.47,Maize,Sandy,1,1,0.59,1410,1
0.56,Maize,Black,1,1,0.92,621,0
14.61,Cotton,Sandy,0,0,0.33,1148,0
6.44,Rice,Sandy,0,0,0.54,667,0
11.98,Sugarcane,Loam,0,0,0.41,697,0
2.62,Sugarcane,Sandy,0,0,0.46,337,0
2.31,Rice,Sandy,1,0,0.27,1231,0
14.88,Cotton,Loam,0,1,0.38,315,0
13.67,Rice,Black,0,1,0.35,1218,0
9.71,Wheat,Sandy,1,0,0.48,1422,0
3.2,Millets,Sandy,0,1,0.83,1150,0
13.2,Rice,Sandy,1,1,0.52,458,1
9.66,Rice,Clay,1,1,0.47,1131,0
6.91,Maize,Loam,1,1,0.47,1188,0
10.55,Millets,Sandy,1,1,0.74,846,1
10.63,Maize,Black,0,1,0.93,471,0
14.39,Millets,Black,1,0,0.76,908,0
7.86,Maize,Clay,1,1,0.37,869,0
4.93,Maize,Black,0,0,0.45,1178,0
9.76,Cotton,Sandy,0,1,0.64,573,0
8.94,Sugarcane,Clay,0,1,0.42,569,0
9.81,Cotton,Black,0,0,0.24,378,0
7.98,Millets,Loam,1,1,0.22,990,0
6.97,Wheat,Clay,0,0,0.74,1190,0
13.06,Sugarcane,Black,1,0,0.57,350,0
10.83,Cotton,Loam,1,0,0.56,1209,0
7.04,Millets,Clay,0,0,0.79,1112,0
8.42,Maize,Loam,1,0,0.82,652,0
4.93,Rice,Sandy,1,1,0.67,992,1
10.45,Rice,Black,1,0,0.88,1026,0
12.95,Wheat,Loam,0,0,0.61,1421,0
10.24,Cotton,Loam,1,1,0.55,345,1
1.69,Millets,Clay,0,1,0.25,1061,0
9.17,Sugarcane,Sandy,1,1,0.24,891,0
12.35,Wheat,Clay,0,1,0.77,1403,0
6.69,Wheat,Clay,0,0,0.69,476,0
13.95,Millets,Clay,0,0,0.39,1412,0
3.1,Maize,Black,1,1,0.87,1226,1
1.72,Millets,Clay,1,0,0.68,924,0
5.09,Sugarcane,Clay,0,0,0.41,733,0
4.19,Maize,Loam,1,1,0.69,1007,1
13.06,Sugarcane,Black,0,0,0.24,469,0
7.66,Wheat,Loam,0,1,0.29,1074,0
12.48,Rice,Sandy,1,1,0.82,977,1
13.66,Wheat,Black,1,1,0.31,968,0
9.0,Cotton,Loam,0,0,0.86,979,0
0.84,Rice,Loam,1,0,0.56,1374,0
11.78,Cotton,Black,0,1,0.28,471,0
4.34,Maize,Clay,1,1,0.36,348,0
12.11,Rice,Clay,1,0,0.48,851,0
1.79,Sugarcane,Clay,1,1,0.81,1273,0
8.79,Sugarcane,Sandy,1,0,0.59,872,0
0.69,Sugarcane,Clay,1,1,0.73,1279,0
8.24,Maize,Clay,1,1,0.53,865,1
7.49,Cotton,Clay,0,0,0.67,1476,0
6.39,Wheat,Loam,0,1,0.42,562,0
3.64,Rice,Sandy,1,0,0.56,763,0
11.36,Cotton,Black,0,1,0.93,488,0
6.82,Maize,Black,1,0,0.76,1462,0
13.52,Cotton,Clay,1,0,0.89,514,0
14.7,Wheat,Loam,0,0,0.43,1341,0
2.67,Wheat,Black,1,1,0.33,706,0
5.75,Cotton,Clay,1,1,0.67,1231,1
11.58,Wheat,Black,0,0,0.8,835,0
14.17,Rice,Sandy,1,1,0.36,952,0
14.28,Millets,Black,0,1,0.42,926,0
13.77,Maize,Clay,1,0,0.85,1092,0
6.1,Wheat,Clay,0,1,0.36,1299,0
1.48,Rice,Black,0,1,0.4,1436,0
0.89,Rice,Clay,0,0,0.82,1372,0
3.62,Cotton,Loam,1,0,0.56,1129,0
12.77,Millets,Black,1,0,0.36,781,0
11.74,Wheat,Clay,0,0,0.31,951,0
8.3,Rice,Black,0,1,0.25,492,0
12.61,Sugarcane,Sandy,1,1,0.39,1481,0
7.26,Cotton,Clay,0,0,0.45,470,0
3.68,Wheat,Black,0,0,0.64,1216,0
8.81,Maize,Loam,0,0,0.44,541,0
7.11,Sugarcane,Black,0,0,0.37,1052,0
13.36,Cotton,Clay,1,0,0.37,1123,0
3.52,Cotton,Clay,1,1,0.78,907,1
5.12,Maize,Sandy,0,0,0.25,1096,0
8.74,Cotton,Clay,1,1,0.89,645,1
10.18,Sugarcane,Clay,0,1,0.93,1383,0
3.4,Sugarcane,Sandy,1,0,0.29,1189,0
13.77,Rice,Black,0,1,0.47,887,0
10.22,Cotton,Loam,0,1,0.4,920,0
13.84,Cotton,Clay,1,0,0.82,512,0
5.47,Cotton,Black,0,1,0.47,382,0
12.6,Millets,Black,0,0,0.43,577,0
9.59,Sugarcane,Black,1,1,0.35,528,0
8.07,Cotton,Black,1,0,0.84,1171,0
14.17,Maize,Black,1,1,0.28,1038,0
10.15,Wheat,Sandy,1,0,0.35,366,0
2.93,Millets,Loam,1,0,0.63,345,0
2.66,Maize,Black,0,0,0.63,747,0
6.89,Cotton,Loam,1,0,0.48,450,0
9.95,Millets,Clay,0,0,0.79,329,0
2.5,Cotton,Clay,0,1,0.47,793,0
3.17,Rice,Loam,0,0,0.89,1115,0
2.68,Cotton,Sandy,0,0,0.21,1370,0
1.18,Maize,Black,1,1,0.69,1049,0
3.96,Cotton,Sandy,1,1,0.26,745,0
7.66,Millets,Clay,0,0,0.84,1290,0
8.39,Sugarcane,Sandy,0,1,0.74,638,0
6.58,Wheat,Black,0,1,0.93,679,0
8.51,Sugarcane,Clay,1,1,0.32,1392,0
6.78,Wheat,Clay,0,1,0.52,1068,0
6.41,Sugarcane,Black,0,0,0.52,1324,0
9.48,Cotton,Sandy,0,0,0.7,1490,0
13.64,Cotton,Black,1,0,0.25,926,0
11.68,Millets,Sandy,1,1,0.37,1081,0
13.64,Rice,Black,0,1,0.68,416,0
13.51,Maize,Loam,0,0,0.47,1239,0
10.24,Millets,Black,0,1,0.8,1118,0
2.63,Rice,Sandy,1,1,0.4,1490,0
6.41,Rice,Clay,0,1,0.49,883,0
6.35,Sugarcane,Black,1,1,0.45,1140,0
7.08,Maize,Black,0,0,0.49,1141,0
7.69,Sugarcane,Black,1,0,0.91,464,0
7.62,Wheat,Black,0,0,0.63,1169,0
11.48,Rice,Sandy,0,1,0.38,1476,0
9.03,Maize,Sandy,1,0,0.36,1172,0
9.95,Sugarcane,Clay,0,1,0.23,732,0
4.17,Maize,Clay,1,1,0.61,1395,1
1.93,Rice,Clay,0,0,0.68,408,0
13.58,Millets,Clay,1,0,0.54,355,0
5.8,Cotton,Black,0,1,0.95,1331,0
4.65,Maize,Clay,0,0,0.69,308,0
3.86,Cotton,Sandy,0,0,0.6,883,0
12.84,Cotton,Sandy,0,1,0.57,823,0
0.66,Cotton,Black,0,0,0.39,1168,0
6.1,Sugarcane,Loam,1,0,0.51,1263,0
13.23,Sugarcane,Sandy,0,1,0.66,807,0
14.83,Cotton,Clay,0,0,0.84,1095,0
11.41,Rice,Loam,0,0,0.8,701,0
7.17,Cotton,Sandy,0,1,0.65,683,0
0.63,Rice,Sandy,0,0,0.54,1362,0
11.5,Maize,Sandy,0,1,0.21,1197,0
8.88,Millets,Sandy,1,0,0.44,639,0
13.86,Wheat,Loam,0,1,0.64,585,0
9.83,Sugarcane,Sandy,0,1,0.94,909,0
12.17,Rice,Black,0,1,0.4,669,0
12.39,Cotton,Sandy,0,1,0.38,1205,0
2.91,Sugarcane,Loam,0,0,0.71,524,0
5.77,Maize,Black,0,1,0.52,1141,0
14.71,Sugarcane,Loam,0,1,0.89,684,0
10.09,Sugarcane,Clay,1,1,0.31,1450,0
12.4,Wheat,Black,1,1,0.27,576,0
14.58,Cotton,Sandy,0,1,0.4,622,0
10.28,Maize,Clay,0,1,0.21,1214,0
1.92,Cotton,Loam,0,1,0.91,912,0
2.99,Millets,Sandy,0,0,0.61,650,0
6.45,Wheat,Clay,1,0,0.58,1308,0
14.46,Maize,Sandy,0,1,0.34,537,0
6.29,Millets,Clay,0,0,0.9,1364,0
9.72,Wheat,Clay,0,1,0.61,319,0
2.93,Cotton,Black,0,0,0.94,563,0
7.0,Wheat,Loam,0,1,0.31,682,0
12.66,Rice,Sandy,1,1,0.91,594,1
4.19,Maize,Sandy,0,1,0.57,1197,0
12.24,Sugarcane,Black,1,0,0.27,986,0
14.35,Rice,Loam,1,1,0.79,543,1
8.64,Rice,Loam,0,1,0.37,475,0
12.29,Rice,Black,1,0,0.22,835,0
12.12,Millets,Sandy,1,1,0.66,1347,1
4.68,Sugarcane,Black,0,1,0.79,1051,0
2.75,Wheat,Loam,0,0,0.66,758,0
5.44,Sugarcane,Black,0,1,0.23,1333,0
13.81,Maize,Loam,0,1,0.37,1416,0
0.72,Wheat,Clay,0,1,0.64,961,0
6.21,Sugarcane,Loam,1,0,0.67,892,0
11.18,Cotton,Clay,0,1,0.74,1491,0
7.88,Cotton,Loam,0,0,0.91,988,0
14.65,Wheat,Black,0,1,0.45,342,0
3.98,Wheat,Clay,1,0,0.38,995,0
1.52,Rice,Sandy,0,0,0.43,1325,0
3.19,Wheat,Sandy,0,0,0.81,626,0
2.19,Millets,Black,0,0,0.65,738,0
11.81,Cotton,Black,0,0,0.81,688,0
5.17,Maize,Black,0,0,0.22,314,0
7.75,Wheat,Black,1,1,0.55,916,1
8.36,Wheat,Black,1,0,0.5,1060,0
14.07,Millets,Sandy,1,1,0.84,1013,1
2.9,Millets,Loam,0,0,0.83,427,0
8.7,Maize,Sandy,0,1,0.86,754,0
1.73,Maize,Sandy,1,1,0.72,561,0
0.85,Maize,Sandy,1,1,0.62,438,0
6.17,Millets,Loam,1,1,0.6,766,1
10.72,Millets,Clay,1,0,0.78,503,0
1.47,Cotton,Black,1,0,0.43,589,0
7.93,Maize,Loam,1,0,0.9,862,0
13.57,Maize,Black,1,0,0.42,1493,0
4.31,Cotton,Loam,1,1,0.5,620,1
13.53,Cotton,Loam,1,0,0.61,876,0
5.32,Millets,Loam,0,0,0.87,1338,0
13.26,Cotton,Loam,1,1,0.28,755,0
9.8,Maize,Black,0,0,0.61,1210,0
11.42,Rice,Sandy,1,0,0.89,523,0
14.79,Maize,Loam,1,0,0.48,1067,0
8.06,Rice,Black,0,0,0.72,592,0
6.55,Wheat,Loam,1,0,0.89,1121,0
5.21,Cotton,Loam,0,0,0.24,1093,0
12.6,Maize,Black,1,1,0.31,409,0
14.8,Rice,Loam,1,0,0.55,415,0
10.82,Wheat,Clay,1,0,0.46,739,0
3.43,Wheat,Clay,1,0,0.44,450,0
14.33,Rice,Black,0,0,0.92,1064,0
0.97,Maize,Black,0,1,0.5,1422,0
7.94,Sugarcane,Black,1,1,0.75,1245,1
1.39,Cotton,Black,0,0,0.75,505,0
8.21,Maize,Clay,1,0,0.66,1291,0
8.63,Rice,Clay,1,0,0.74,637,0
3.28,Rice,Black,1,1,0.83,1373,1
14.72,Cotton,Loam,1,0,0.32,1197,0
1.35,Sugarcane,Black,0,0,0.38,563,0
3.35,Cotton,Loam,0,1,0.22,493,0
12.51,Cotton,Loam,1,1,0.57,1177,1
4.79,Rice,Clay,0,0,0.48,732,0
1.53,Rice,Black,1,1,0.87,949,0
8.35,Sugarcane,Black,0,1,0.91,1125,0
4.98,Millets,Sandy,0,1,0.47,686,0
3.85,Maize,Black,1,1,0.24,1124,0
6.34,Cotton,Black,1,1,0.83,1395,1
3.7,Sugarcane,Black,0,1,0.35,1350,0
8.69,Sugarcane,Sandy,1,1,0.29,1477,0
11.87,Rice,Black,1,1,0.89,627,1
2.86,Rice,Clay,0,0,0.77,1467,0
2.81,Sugarcane,Clay,0,0,0.85,1438,0
11.92,Maize,Black,1,0,0.83,1025,0
3.33,Millets,Loam,0,0,0.35,953,0
3.95,Wheat,Clay,1,1,0.6,1319,1
10.54,Millets,Clay,1,0,0.5,322,0
13.75,Millets,Sandy,0,1,0.67,723,0
1.52,Millets,Sandy,1,0,0.26,335,0
3.69,Rice,Black,1,0,0.72,1484,0
2.22,Sugarcane,Loam,1,1,0.23,392,0
10.17,Cotton,Black,0,1,0.68,579,0
7.47,Rice,Loam,1,1,0.35,1011,0
14.15,Wheat,Clay,1,0,0.46,1275,0
10.79,Millets,Loam,0,1,0.24,485,0
2.09,Sugarcane,Black,1,1,0.89,339,1
1.56,Rice,Clay,0,1,0.82,510,0
6.26,Maize,Clay,0,1,0.38,799,0
7.1,Sugarcane,Clay,1,0,0.95,1330,0
2.14,Sugarcane,Black,1,0,0.51,1041,0
10.65,Sugarcane,Loam,1,0,0.46,1379,0
11.21,Maize,Sandy,0,1,0.28,508,0
8.61,Millets,Loam,1,1,0.65,1314,1
12.45,Wheat,Clay,1,0,0.29,1078,0
3.94,Maize,Sandy,1,0,0.58,977,0
10.41,Rice,Clay,0,0,0.75,1008,0
3.75,Maize,Clay,1,1,0.81,1416,1
9.5,Rice,Clay,0,1,0.86,346,0
8.87,Millets,Sandy,0,0,0.34,1255,0
6.33,Cotton,Black,0,0,0.43,589,0
10.51,Cotton,Loam,0,1,0.23,1329,0
3.21,Millets,Clay,0,0,0.37,594,0
13.61,Sugarcane,Sandy,1,1,0.79,1147,1
8.36,Maize,Loam,0,0,0.79,1425,0
14.11,Millets,Clay,1,1,0.3,467,0
3.92,Cotton,Loam,0,1,0.77,1478,0
12.39,Rice,Clay,1,1,0.33,695,0
5.15,Cotton,Loam,0,1,0.41,1412,0
1.39,Millets,Loam,1,1,0.61,357,0
8.11,Millets,Loam,0,1,0.62,951,0
9.85,Millets,Sandy,1,1,0.9,1269,1
11.85,Rice,Clay,1,0,0.33,811,0
14.06,Sugarcane,Sandy,1,0,0.22,838,0
9.66,Wheat,Clay,1,0,0.73,400,0
3.68,Sugarcane,Loam,0,0,0.26,1396,0
12.72,Rice,Sandy,0,1,0.37,368,0
2.7,Sugarcane,Loam,0,0,0.47,1422,0
4.75,Cotton,Black,0,1,0.79,1332,0
12.52,Maize,Loam,0,1,0.74,1282,0
5.06,Millets,Clay,0,0,0.71,812,0
6.56,Rice,Sandy,0,0,0.76,340,0
9.43,Cotton,Sandy,0,0,0.26,474,0
5.82,Rice,Sandy,0,0,0.39,928,0
11.25,Cotton,Loam,1,0,0.81,455,0
6.34,Millets,Black,0,1,0.53,697,0
2.62,Maize,Black,0,1,0.91,461,0
6.95,Cotton,Sandy,0,0,0.52,685,0
8.03,Rice,Black,1,0,0.42,798,0
10.19,Sugarcane,Sandy,0,0,0.83,670,0
8.06,Wheat,Sandy,1,0,0.2,1355,0
9.85,Cotton,Black,1,0,0.78,1295,0
6.31,Maize,Sandy,1,1,0.59,357,1
2.48,Wheat,Sandy,1,0,0.27,1179,0
5.51,Millets,Clay,0,1,0.55,984,0
2.56,Cotton,Loam,0,0,0.75,1275,0
4.98,Maize,Clay,1,1,0.83,835,1
6.75,Rice,Black,0,1,0.7,1404,0
4.16,Wheat,Loam,0,1,0.74,624,0
2.94,Maize,Clay,1,0,0.82,431,0
5.16,Sugarcane,Loam,0,1,0.4,1166,0
10.78,Wheat,Loam,0,0,0.51,1198,0
13.86,Cotton,Sandy,1,1,0.46,1442,0
5.08,Cotton,Clay,0,0,0.9,544,0
11.34,Sugarcane,Black,1,0,0.52,522,0
12.01,Wheat,Clay,0,1,0.92,882,0
3.02,Rice,Loam,1,1,0.51,668,1
8.66,Rice,Loam,1,0,0.62,637,0
13.21,Wheat,Black,0,0,0.68,758,0
14.14,Millets,Loam,1,0,0.88,949,0
12.09,Wheat,Clay,0,1,0.8,526,0
13.03,Millets,Loam,0,0,0.75,1280,0
7.81,Wheat,Sandy,1,1,0.54,609,1
6.57,Cotton,Black,0,0,0.22,332,0
5.71,Maize,Clay,0,1,0.69,965,0
6.6,Millets,Clay,0,0,0.48,1169,0
7.66,Sugarcane,Black,0,1,0.91,590,0
1.61,Wheat,Black,0,1,0.77,776,0
13.26,Maize,Black,0,1,0.73,1403,0
1.6,Wheat,Sandy,0,0,0.49,858,0
14.31,Wheat,Sandy,0,1,0.4,665,0
5.11,Wheat,Loam,0,0,0.43,373,0
9.87,Wheat,Clay,1,1,0.77,810,1
11.86,Cotton,Sandy,1,1,0.84,1006,1
4.62,Rice,Black,0,1,0.93,344,0
5.06,Maize,Sandy,0,1,0.27,887,0
9.13,Millets,Loam,1,1,0.55,1114,1
14.34,Millets,Clay,1,0,0.65,1330,0
11.97,Wheat,Loam,0,1,0.21,345,0
4.5,Sugarcane,Loam,1,0,0.66,333,0
11.68,Millets,Sandy,1,0,0.71,310,0
12.3,Maize,Sandy,1,0,0.94,1390,0
10.73,Rice,Sandy,0,1,0.36,1118,0
3.37,Cotton,Black,1,0,0.85,651,0
0.94,Millets,Black,1,0,0.7,1135,0
3.77,Wheat,Loam,1,1,0.81,657,1
5.75,Wheat,Sandy,0,0,0.46,766,0
9.23,Wheat,Clay,1,1,0.48,1239,0
13.41,Sugarcane,Loam,0,1,0.57,914,0
10.42,Cotton,Black,0,1,0.49,1463,0
6.73,Rice,Sandy,1,0,0.59,712,0
1.7,Wheat,Clay,1,0,0.4,1120,0
5.31,Cotton,Sandy,1,1,0.75,1324,1
0.71,Rice,Sandy,1,1,0.27,755,0
14.64,Maize,Black,0,1,0.73,465,0
4.5,Wheat,Sandy,0,0,0.81,1004,0
2.5,Maize,Loam,0,1,0.79,855,0
10.99,Maize,Sandy,1,0,0.6,1182,0
3.69,Wheat,Black,1,0,0.7,1457,0
11.88,Maize,Clay,1,0,0.67,405,0
1.39,Wheat,Sandy,0,1,0.87,1430,0
0.66,Cotton,Sandy,1,0,0.66,990,0
7.8,Wheat,Loam,0,1,0.66,546,0
4.02,Millets,Loam,1,1,0.28,1203,0
7.16,Cotton,Loam,0,1,0.35,527,0
3.51,Wheat,Sandy,1,1,0.31,837,0
10.81,Maize,Clay,1,1,0.69,880,1
3.69,Rice,Black,0,1,0.21,481,0
1.97,Rice,Black,0,0,0.52,1289,0
13.71,Millets,Sandy,0,0,0.76,1001,0
9.03,Millets,Loam,1,1,0.75,628,1
2.01,Maize,Black,1,1,0.74,677,1
5.86,Sugarcane,Sandy,0,1,0.77,1422,0
13.46,Cotton,Loam,0,1,0.69,846,0
10.86,Sugarcane,Clay,0,0,0.55,353,0
3.16,Wheat,Clay,1,1,0.37,982,0
3.91,Millets,Loam,1,0,0.33,1010,0
6.48,Millets,Loam,1,0,0.52,579,0
10.41,Cotton,Clay,1,1,0.38,1091,0
3.82,Cotton,Loam,1,0,0.86,1116,0
6.63,Cotton,Clay,0,0,0.79,1328,0
1.4,Maize,Black,1,1,0.89,1035,0
8.68,Maize,Black,0,0,0.93,1046,0
13.35,Millets,Clay,0,1,0.39,1018,0
12.87,Maize,Sandy,1,1,0.36,383,0
12.83,Maize,Black,1,1,0.37,1425,0
13.0,Wheat,Clay,0,1,0.93,475,0
12.95,Rice,Sandy,1,1,0.41,1134,0
13.71,Millets,Black,1,1,0.28,1228,0
7.97,Maize,Clay,0,0,0.77,1214,0
0.55,Millets,Loam,0,0,0.46,1386,0
4.29,Millets,Sandy,1,1,0.42,733,0
14.73,Sugarcane,Loam,1,0,0.32,478,0
7.95,Millets,Sandy,1,1,0.83,635,1
12.46,Rice,Black,0,1,0.41,1138,0
5.59,Rice,Sandy,0,1,0.68,767,0
4.7,Wheat,Loam,1,1,0.47,463,0
10.15,Wheat,Loam,0,0,0.6,1138,0
12.57,Wheat,Loam,1,1,0.2,671,0
14.43,Cotton,Black,0,0,0.24,1057,0
13.08,Maize,Loam,0,0,0.51,1056,0
8.16,Millets,Black,0,1,0.85,1297,0
12.5,Rice,Sandy,1,0,0.6,477,0
8.14,Wheat,Loam,1,0,0.46,1345,0
9.73,Maize,Sandy,1,1,0.76,860,1
14.07,Wheat,Loam,0,0,0.44,956,0
2.39,Wheat,Clay,1,0,0.64,1053,0
14.0,Maize,Sandy,0,0,0.66,880,0
1.18,Wheat,Black,1,0,0.23,1066,0
0.94,Sugarcane,Clay,0,1,0.56,1279,0
2.4,Sugarcane,Sandy,1,0,0.48,463,0
1.27,Maize,Black,1,0,0.75,748,0
3.03,Millets,Clay,0,0,0.89,1224,0
9.84,Sugarcane,Black,1,1,0.54,520,1
1.62,Cotton,Sandy,1,1,0.75,599,0
0.95,Cotton,Black,0,0,0.52,1320,0
14.81,Millets,Clay,0,0,0.38,725,0
8.98,Sugarcane,Black,1,1,0.61,372,1
14.27,Millets,Sandy,0,0,0.65,562,0
8.97,Wheat,Clay,0,0,0.45,887,0
7.54,Cotton,Clay,1,0,0.61,899,0
7.56,Maize,Sandy,0,1,0.71,1408,0
3.29,Sugarcane,Loam,1,0,0.92,962,0
2.61,Cotton,Clay,0,1,0.27,427,0
13.01,Maize,Loam,1,1,0.89,955,1
14.27,Rice,Sandy,0,0,0.28,1262,0
14.17,Cotton,Clay,0,0,0.87,1157,0
9.1,Rice,Clay,0,0,0.54,1034,0
0.9,Wheat,Black,0,1,0.51,890,0
2.67,Sugarcane,Sandy,0,0,0.73,1009,0
3.42,Cotton,Clay,0,0,0.54,1243,0
10.03,Cotton,Clay,0,1,0.94,452,0
10.58,Rice,Loam,1,1,0.28,875,0
3.47,Sugarcane,Black,1,0,0.78,364,0
3.66,Maize,Loam,1,1,0.86,1241,1
8.23,Maize,Sandy,1,0,0.44,1247,0
11.95,Rice,Black,0,1,0.91,846,0
14.66,Sugarcane,Sandy,1,0,0.82,1038,0
13.75,Rice,Sandy,1,1,0.23,665,0
11.3,Cotton,Sandy,1,1,0.77,1155,1
11.3,Rice,Loam,1,1,0.92,1375,1
10.38,Rice,Black,0,0,0.33,418,0
6.65,Wheat,Black,0,0,0.57,1449,0
4.68,Cotton,Sandy,0,1,0.6,475,0
1.67,Cotton,Clay,0,0,0.85,713,0
3.89,Cotton,Clay,0,0,0.51,1099,0
11.72,Sugarcane,Black,1,1,0.37,1465,0
2.31,Wheat,Sandy,0,0,0.61,1132,0
11.22,Rice,Sandy,1,0,0.35,1202,0
3.04,Wheat,Sandy,0,1,0.52,1110,0
4.29,Wheat,Sandy,1,1,0.77,418,1
2.81,Maize,Sandy,1,1,0.65,1456,1
2.56,Cotton,Clay,0,1,0.29,1482,0
8.36,Maize,Sandy,1,1,0.26,951,0
8.65,Rice,Loam,0,1,0.93,591,0
4.98,Rice,Clay,1,1,0.54,1144,1
3.69,Sugarcane,Sandy,0,0,0.84,1148,0
3.91,Sugarcane,Clay,0,0,0.88,872,0
9.27,Wheat,Sandy,1,1,0.87,327,1
8.6,Sugarcane,Clay,1,1,0.73,1328,1
6.97,Cotton,Sandy,1,1,0.88,974,1
12.63,Millets,Black,0,1,0.78,1433,0
0.77,Wheat,Clay,0,1,0.77,986,0
6.26,Maize,Black,0,1,0.61,1330,0
4.02,Cotton,Clay,0,1,0.52,1153,0
4.54,Wheat,Loam,0,1,0.38,838,0
11.11,Sugarcane,Clay,1,0,0.92,752,0
13.68,Sugarcane,Sandy,0,1,0.56,452,0
10.03,Rice,Black,0,0,0.64,736,0
0.54,Millets,Loam,0,1,0.84,823,0
9.14,Rice,Sandy,0,1,0.6,1151,0
9.32,Millets,Clay,0,0,0.73,632,0
5.25,Sugarcane,Black,0,0,0.86,799,0
4.78,Sugarcane,Sandy,1,1,0.83,1472,1
10.5,Rice,Clay,0,1,0.8,814,0
6.21,Sugarcane,Loam,1,1,0.61,1360,1
3.71,Wheat,Loam,0,1,0.53,673,0
14.51,Maize,Clay,0,0,0.79,1338,0
11.36,Rice,Clay,1,1,0.62,823,1
2.17,Maize,Loam,0,1,0.36,1039,0
12.49,Wheat,Loam,1,0,0.72,1002,0
12.25,Millets,Clay,0,0,0.55,631,0
8.79,Millets,Clay,1,1,0.63,357,1
6.79,Rice,Loam,0,0,0.42,1396,0
5.24,Cotton,Black,1,1,0.61,320,1
14.93,Wheat,Loam,1,1,0.6,566,1
13.8,Sugarcane,Loam,1,1,0.44,388,0
6.07,Cotton,Clay,1,1,0.45,869,0
1.64,Millets,Clay,1,1,0.4,498,0
6.83,Cotton,Sandy,1,0,0.9,1031,0
4.65,Sugarcane,Loam,0,0,0.37,956,0
9.28,Millets,Sandy,1,1,0.28,641,0
2.31,Millets,Loam,1,0,0.43,1112,0
10.74,Maize,Clay,0,1,0.95,952,0
11.19,Millets,Sandy,0,0,0.39,1273,0
13.85,Millets,Sandy,1,0,0.33,1262,0
11.49,Millets,Loam,0,1,0.59,346,0
0.64,Rice,Sandy,0,1,0.39,1056,0
6.27,Sugarcane,Clay,0,0,0.36,468,0
4.91,Sugarcane,Sandy,1,1,0.87,1238,1
5.68,Wheat,Loam,1,1,0.55,366,1
13.74,Sugarcane,Loam,1,1,0.85,676,1
9.77,Sugarcane,Clay,1,0,0.29,1464,0
3.22,Millets,Sandy,0,1,0.4,1486,0
9.58,Rice,Clay,1,1,0.43,548,0
1.34,Rice,Sandy,1,0,0.59,1462,0
3.03,Rice,Black,1,1,0.41,1445,0
6.43,Sugarcane,Loam,1,0,0.49,731,0
6.23,Millets,Black,1,1,0.69,339,1
13.12,Maize,Clay,1,0,0.82,651,0
8.64,Wheat,Black,1,1,0.95,747,1
2.1,Maize,Black,0,0,0.87,827,0
13.06,Sugarcane,Loam,0,1,0.56,1484,0
2.42,Cotton,Loam,0,1,0.26,1182,0
3.08,Wheat,Sandy,0,0,0.73,408,0
4.11,Millets,Clay,0,0,0.69,920,0
8.14,Millets,Sandy,1,1,0.4,375,0
8.3,Rice,Black,1,0,0.48,1495,0
13.94,Rice,Loam,1,0,0.34,883,0
9.62,Millets,Sandy,0,1,0.69,1295,0
1.77,Sugarcane,Black,0,0,0.3,726,0
5.25,Sugarcane,Black,0,1,0.75,1319,0
1.57,Rice,Black,0,0,0.54,1250,0
13.11,Cotton,Loam,1,1,0.38,661,0
4.9,Rice,Clay,0,1,0.94,1053,0
1.85,Cotton,Sandy,1,1,0.39,655,0
4.43,Cotton,Black,0,1,0.68,1212,0
14.15,Sugarcane,Clay,0,1,0.84,1182,0
2.26,Cotton,Sandy,1,1,0.41,916,0
8.6,Cotton,Sandy,1,1,0.59,340,1
11.44,Wheat,Clay,0,1,0.9,1045,0
11.68,Millets,Black,0,0,0.88,647,0
9.99,Wheat,Loam,0,0,0.36,897,0
5.44,Cotton,Clay,0,0,0.9,1295,0
9.39,Maize,Sandy,1,0,0.51,356,0
13.32,Wheat,Loam,1,0,0.55,1136,0
8.88,Cotton,Sandy,0,0,0.6,1178,0
8.39,Wheat,Clay,0,0,0.4,1104,0
1.21,Cotton,Black,0,1,0.68,752,0
6.53,Millets,Sandy,0,1,0.46,592,0
3.42,Cotton,Clay,0,1,0.77,750,0
1.46,Sugarcane,Sandy,1,1,0.8,605,0
1.8,Wheat,Loam,0,1,0.34,1447,0
1.87,Wheat,Clay,1,1,0.87,1159,0
5.67,Cotton,Black,0,0,0.89,1190,0
1.6,Cotton,Clay,1,1,0.88,1056,0
3.73,Millets,Black,0,1,0.39,598,0
2.48,Millets,Sandy,0,1,0.52,612,0
4.47,Millets,Black,0,0,0.59,1313,0
5.42,Sugarcane,Black,1,0,0.71,1438,0
14.9,Maize,Loam,0,1,0.67,911,0
2.61,Rice,Black,1,1,0.34,1270,0
4.72,Cotton,Sandy,1,0,0.43,1463,0
3.36,Wheat,Loam,0,1,0.27,389,0
13.93,Millets,Loam,1,1,0.24,1425,0
5.79,Maize,Sandy,1,1,0.85,899,1
8.71,Wheat,Loam,0,1,0.63,680,0
2.62,Millets,Black,0,0,0.7,1250,0
9.99,Maize,Clay,0,0,0.43,1078,0
1.07,Cotton,Black,1,0,0.45,1223,0
14.98,Sugarcane,Loam,1,1,0.86,754,1
7.23,Rice,Loam,0,1,0.44,603,0
13.76,Wheat,Sandy,0,1,0.52,820,0
9.24,Sugarcane,Black,1,1,0.71,543,1
5.2,Rice,Black,1,0,0.86,606,0
14.6,Maize,Clay,1,0,0.89,833,0
4.58,Wheat,Loam,0,0,0.42,1206,0
1.21,Maize,Loam,0,1,0.42,1306,0
5.43,Rice,Loam,0,1,0.88,874,0
13.3,Wheat,Sandy,1,0,0.87,1326,0
8.15,Cotton,Clay,0,1,0.89,432,0
14.61,Cotton,Sandy,1,1,0.23,1350,0
9.46,Millets,Sandy,1,0,0.43,1017,0
14.56,Rice,Clay,0,1,0.66,360,0
3.91,Wheat,Sandy,0,1,0.85,1417,0
10.83,Wheat,Clay,1,1,0.28,1411,0
9.81,Wheat,Loam,0,0,0.29,359,0
8.22,Cotton,Loam,0,0,0.51,1373,0
7.26,Cotton,Loam,0,0,0.47,1364,0
14.35,Cotton,Sandy,1,0,0.47,1036,0
2.42,Maize,Clay,1,0,0.86,890,0
11.22,Sugarcane,Clay,0,0,0.73,1175,0
5.7,Sugarcane,Sandy,0,0,0.29,614,0
2.87,Millets,Sandy,0,0,0.7,592,0
3.02,Maize,Clay,0,1,0.72,1125,0
5.65,Cotton,Clay,1,0,0.54,1369,0
13.06,Wheat,Loam,1,1,0.56,1398,1
12.62,Sugarcane,Loam,1,0,0.67,715,0
7.03,Maize,Clay,0,0,0.22,492,0
5.98,Maize,Loam,0,0,0.31,1251,0
5.96,Cotton,Loam,0,0,0.43,1157,0
13.88,Maize,Sandy,0,0,0.83,338,0
5.36,Rice,Clay,0,1,0.87,390,0
10.74,Rice,Black,0,1,0.28,1475,0
1.21,Wheat,Loam,1,1,0.3,392,0
1.77,Cotton,Loam,0,0,0.69,766,0
13.75,Wheat,Loam,1,1,0.58,844,1
11.93,Wheat,Sandy,0,0,0.2,426,0
14.41,Rice,Loam,1,0,0.41,564,0
5.7,Maize,Clay,1,1,0.39,1466,0
7.02,Millets,Black,0,1,0.46,1226,0
7.75,Wheat,Clay,1,1,0.51,934,1
0.63,Maize,Sandy,1,1,0.59,1157,0
9.43,Sugarcane,Sandy,1,0,0.33,1401,0
14.75,Maize,Loam,1,0,0.54,1323,0
10.58,Maize,Clay,1,1,0.69,806,1
13.46,Millets,Black,0,0,0.25,1089,0
4.27,Sugarcane,Sandy,0,0,0.52,608,0
2.29,Millets,Clay,0,1,0.51,1249,0
2.64,Maize,Loam,1,1,0.71,654,1
14.4,Millets,Loam,1,1,0.24,652,0
5.34,Rice,Loam,0,0,0.91,382,0
3.45,Millets,Loam,1,0,0.95,1080,0
2.13,Rice,Clay,0,1,0.36,872,0
0.9,Wheat,Loam,1,0,0.76,521,0
11.89,Wheat,Clay,0,0,0.24,376,0
1.7,Cotton,Sandy,1,1,0.93,366,0
13.9,Rice,Black,0,1,0.28,638,0
1.58,Sugarcane,Black,1,0,0.55,1310,0
8.32,Rice,Loam,1,0,0.24,1277,0
12.24,Sugarcane,Black,0,0,0.4,437,0
5.41,Rice,Clay,1,1,0.75,514,1
4.85,Cotton,Black,1,1,0.44,837,0
4.34,Wheat,Black,1,1,0.54,1487,1
1.21,Sugarcane,Loam,0,1,0.87,614,0
10.34,Sugarcane,Sandy,1,0,0.68,910,0
7.66,Millets,Black,0,1,0.27,482,0
2.48,Maize,Loam,1,1,0.94,1442,1
2.0,Maize,Black,0,0,0.38,848,0
9.21,Millets,Loam,1,0,0.5,554,0
9.8,Maize,Clay,1,0,0.65,1326,0
11.87,Maize,Loam,0,1,0.66,910,0
6.22,Maize,Loam,1,0,0.51,1343,0
3.65,Cotton,Loam,0,0,0.4,1210,0
12.76,Maize,Loam,0,0,0.63,691,0
1.45,Cotton,Loam,1,1,0.34,1230,0
14.58,Sugarcane,Loam,0,0,0.76,729,0
12.45,Maize,Black,0,1,0.94,1151,0
9.88,Maize,Sandy,1,0,0.88,658,0
10.81,Sugarcane,Black,1,0,0.93,449,0
7.74,Sugarcane,Loam,0,1,0.59,1188,0
8.93,Millets,Loam,0,1,0.65,826,0
4.2,Sugarcane,Clay,0,0,0.31,755,0
10.33,Millets,Sandy,0,1,0.31,329,0
0.82,Wheat,Loam,1,1,0.84,772,0
11.16,Maize,Loam,1,0,0.75,1329,0
11.71,Cotton,Clay,0,1,0.34,1204,0
11.35,Cotton,Loam,0,0,0.32,1414,0
5.23,Sugarcane,Sandy,0,1,0.7,1448,0
6.48,Rice,Black,0,0,0.7,893,0
11.0,Millets,Loam,1,1,0.24,814,0
11.37,Maize,Loam,1,0,0.73,378,0
4.68,Sugarcane,Loam,1,1,0.25,1168,0
11.83,Cotton,Loam,0,1,0.23,1419,0
10.41,Sugarcane,Sandy,0,1,0.62,729,0
4.74,Maize,Loam,1,0,0.29,1203,0
6.13,Rice,Clay,1,0,0.22,401,0
11.86,Sugarcane,Black,0,1,0.4,1197,0
10.04,Rice,Black,0,1,0.29,469,0
2.26,Wheat,Clay,0,1,0.86,1127,0
1.42,Sugarcane,Sandy,0,0,0.51,1365,0
11.25,Millets,Black,1,0,0.45,952,0
12.05,Millets,Sandy,0,1,0.48,642,0
14.76,Rice,Black,1,1,0.46,771,0
10.03,Maize,Black,0,0,0.21,1251,0
9.9,Maize,Black,0,0,0.83,1131,0
11.85,Millets,Loam,1,0,0.56,975,0
7.33,Maize,Black,1,0,0.71,1154,0
2.66,Millets,Loam,1,0,0.48,1437,0
12.25,Millets,Clay,1,0,0.61,416,0
4.65,Rice,Clay,0,0,0.35,919,0
5.29,Millets,Black,0,0,0.63,932,0
13.21,Maize,Sandy,0,1,0.35,416,0
1.58,Wheat,Loam,0,0,0.94,775,0
5.39,Cotton,Black,1,0,0.21,1303,0
8.8,Maize,Black,1,1,0.23,1027,0
3.18,Maize,Black,0,1,0.63,354,0
11.17,Cotton,Black,1,0,0.3,1059,0
6.56,Rice,Loam,0,0,0.32,477,0
14.54,Wheat,Loam,0,0,0.75,1093,0
3.78,Sugarcane,Clay,0,1,0.83,967,0
6.37,Millets,Loam,1,0,0.41,657,0
2.94,Millets,Clay,0,0,0.84,1127,0
6.31,Wheat,Loam,0,1,0.53,986,0
4.77,Sugarcane,Loam,0,1,0.51,1221,0
4.11,Rice,Black,0,1,0.47,1422,0
14.59,Millets,Clay,0,0,0.25,1364,0
10.05,Cotton,Loam,1,1,0.33,356,0
5.19,Cotton,Sandy,1,1,0.91,490,1
1.99,Maize,Loam,0,0,0.72,827,0
2.11,Maize,Black,0,1,0.88,305,0
6.47,Maize,Sandy,1,1,0.69,433,1
8.1,Cotton,Loam,0,0,0.22,852,0
1.28,Maize,Black,0,0,0.9,664,0
5.15,Millets,Sandy,0,0,0.58,1074,0
12.73,Rice,Sandy,1,1,0.25,1071,0
0.8,Sugarcane,Black,1,0,0.66,645,0
13.32,Sugarcane,Sandy,0,1,0.83,477,0
1.42,Maize,Loam,0,0,0.2,1440,0
1.5,Rice,Clay,0,0,0.93,748,0
13.09,Sugarcane,Sandy,1,0,0.83,630,0
11.86,Cotton,Clay,1,1,0.73,803,1
6.91,Sugarcane,Black,1,0,0.75,846,0
0.92,Sugarcane,Clay,0,1,0.38,662,0
5.17,Maize,Black,0,1,0.75,1217,0
1.44,Wheat,Sandy,1,1,0.73,364,0
11.56,Sugarcane,Clay,0,0,0.27,928,0
1.36,Rice,Loam,1,0,0.42,787,0
2.94,Millets,Clay,0,1,0.32,1308,0
13.49,Cotton,Sandy,0,0,0.71,542,0
11.36,Millets,Sandy,0,1,0.31,975,0
6.44,Rice,Loam,0,0,0.9,826,0
10.71,Millets,Sandy,1,0,0.93,1486,0
12.45,Wheat,Clay,0,0,0.31,909,0
11.58,Cotton,Black,0,0,0.7,1420,0
9.94,Millets,Clay,1,0,0.92,1230,0
1.52,Cotton,Black,1,0,0.59,329,0
11.58,Wheat,Black,0,0,0.69,1312,0
5.91,Sugarcane,Sandy,0,1,0.54,1274,0
4.99,Maize,Loam,1,1,0.67,706,1
8.4,Rice,Loam,1,1,0.9,1325,1
2.43,Wheat,Black,1,0,0.48,586,0
6.4,Cotton,Loam,1,1,0.94,503,1
5.49,Millets,Loam,1,1,0.89,1190,1
4.54,Cotton,Black,1,1,0.78,1441,1
1.92,Sugarcane,Clay,0,1,0.6,1117,0
4.21,Rice,Black,1,1,0.95,323,1
14.46,Cotton,Loam,0,0,0.26,519,0
3.69,Millets,Loam,0,0,0.23,1271,0
11.09,Rice,Sandy,1,0,0.84,603,0
6.01,Maize,Clay,1,0,0.93,830,0
2.89,Maize,Loam,0,0,0.37,1438,0
13.5,Maize,Black,0,0,0.8,1288,0
8.78,Cotton,Black,1,0,0.45,1376,0
4.74,Millets,Loam,0,1,0.29,682,0
6.06,Rice,Sandy,1,0,0.57,1493,0
10.26,Millets,Clay,1,1,0.95,893,1
2.74,Wheat,Sandy,0,1,0.5,1102,0
8.36,Millets,Loam,0,1,0.36,1236,0
14.08,Wheat,Clay,1,0,0.92,478,0
5.96,Cotton,Sandy,1,1,0.22,1469,0
11.13,Maize,Black,0,0,0.79,1477,0
11.48,Millets,Sandy,1,0,0.48,320,0
1.36,Maize,Loam,1,0,0.86,1174,0
13.76,Maize,Loam,1,1,0.81,1459,1
8.13,Rice,Clay,0,0,0.66,576,0
6.33,Cotton,Loam,0,0,0.52,1036,0
10.77,Cotton,Clay,1,0,0.92,1396,0
12.28,Wheat,Sandy,1,1,0.86,826,1
1.14,Wheat,Black,1,1,0.85,701,0
0.54,Wheat,Loam,0,0,0.41,609,0
5.13,Millets,Sandy,1,0,0.6,821,0
5.97,Cotton,Clay,1,0,0.49,407,0
11.79,Millets,Black,0,1,0.87,1282,0
1.55,Maize,Loam,1,1,0.48,897,0
12.78,Cotton,Clay,1,0,0.66,729,0
13.46,Millets,Black,0,0,0.4,656,0
9.34,Rice,Loam,0,1,0.83,649,0
5.39,Sugarcane,Black,0,0,0.67,1341,0
9.53,Cotton,Sandy,1,0,0.75,635,0
7.73,Wheat,Loam,1,1,0.64,997,1
13.99,Maize,Black,0,0,0.9,1198,0
4.61,Wheat,Loam,1,1,0.58,908,1
11.55,Wheat,Clay,0,1,0.31,689,0
8.78,Maize,Sandy,1,0,0.84,1433,0
12.53,Rice,Black,1,0,0.68,466,0
12.01,Rice,Clay,0,0,0.89,880,0
1.22,Wheat,Clay,1,1,0.78,1059,0
14.95,Cotton,Black,0,0,0.78,1128,0
5.29,Millets,Clay,0,0,0.87,723,0
0.88,Maize,Loam,1,1,0.24,359,0
5.45,Maize,Clay,1,0,0.68,732,0
0.68,Rice,Sandy,0,0,0.92,1165,0
6.23,Sugarcane,Sandy,1,1,0.43,995,0
11.04,Sugarcane,Loam,1,0,0.65,501,0
9.29,Sugarcane,Sandy,1,0,0.92,523,0
11.36,Cotton,Clay,1,1,0.37,1330,0
2.89,Wheat,Loam,1,1,0.55,1311,1
7.78,Rice,Black,1,0,0.24,1168,0
1.42,Wheat,Sandy,1,0,0.48,500,0
3.7,Wheat,Black,0,1,0.93,1219,0
13.01,Rice,Clay,1,0,0.82,763,0
11.73,Maize,Loam,1,1,0.67,450,1
14.4,Maize,Sandy,1,1,0.41,630,0
9.25,Cotton,Loam,1,0,0.52,1347,0
3.23,Millets,Black,0,1,0.66,632,0
3.67,Millets,Clay,0,0,0.74,1210,0
3.86,Wheat,Clay,0,0,0.65,1470,0
2.75,Maize,Black,0,1,0.95,303,0
2.2,Wheat,Clay,1,0,0.76,615,0
13.63,Cotton,Sandy,0,1,0.48,551,0
13.47,Cotton,Clay,1,1,0.44,1035,0
7.76,Rice,Black,0,0,0.41,1423,0
12.36,Sugarcane,Sandy,0,1,0.69,579,0
14.46,Rice,Black,1,0,0.44,1035,0
4.87,Wheat,Clay,0,0,0.89,499,0
14.11,Wheat,Sandy,0,1,0.46,994,0
12.81,Maize,Clay,1,0,0.28,1215,0
14.9,Sugarcane,Sandy,1,0,0.77,324,0
3.09,Sugarcane,Black,1,1,0.71,1274,1
2.73,Wheat,Black,1,1,0.7,1249,1
14.81,Rice,Loam,1,0,0.36,1228,0
13.9,Sugarcane,Loam,0,0,0.34,820,0
7.35,Wheat,Loam,0,1,0.37,1115,0
13.65,Millets,Clay,0,0,0.48,303,0
12.16,Cotton,Loam,1,0,0.3,907,0
3.32,Rice,Black,1,0,0.33,1296,0
13.42,Rice,Loam,1,0,0.83,362,0
11.86,Maize,Black,0,0,0.35,912,0
10.83,Rice,Loam,0,1,0.86,464,0
7.77,Maize,Sandy,1,0,0.63,329,0
2.3,Rice,Sandy,0,1,0.76,796,0
5.37,Sugarcane,Sandy,0,0,0.33,462,0
9.31,Wheat,Clay,0,0,0.71,710,0
13.12,Sugarcane,Black,0,1,0.89,1035,0
10.27,Maize,Loam,0,1,0.84,1076,0
1.3,Millets,Loam,0,1,0.87,1500,0
3.69,Cotton,Loam,1,1,0.93,555,1
3.1,Rice,Clay,1,0,0.82,1155,0
2.59,Rice,Loam,1,0,0.67,878,0
5.64,Millets,Loam,1,0,0.67,882,0
9.97,Cotton,Sandy,0,1,0.88,1060,0
9.72,Millets,Clay,0,1,0.37,1130,0
6.74,Rice,Black,1,0,0.67,1314,0
0.89,Millets,Clay,0,1,0.2,1363,0
0.69,Cotton,Black,1,0,0.67,1181,0
9.91,Maize,Black,1,1,0.46,787,0
11.5,Rice,Clay,0,0,0.21,471,0
8.84,Millets,Clay,1,1,0.92,1386,1
10.18,Rice,Black,1,0,0.77,1000,0
14.16,Cotton,Clay,1,1,0.8,1210,1
10.83,Sugarcane,Clay,0,0,0.3,1451,0
12.69,Maize,Clay,1,1,0.27,435,0
13.4,Rice,Clay,1,0,0.35,1064,0
0.58,Sugarcane,Clay,1,1,0.43,615,0
11.35,Wheat,Black,1,0,0.75,1378,0
9.14,Maize,Loam,0,0,0.77,505,0
2.66,Wheat,Loam,1,0,0.91,670,0
9.68,Rice,Sandy,1,0,0.89,453,0
12.5,Millets,Black,0,1,0.63,455,0
11.97,Maize,Loam,0,1,0.29,1358,0
8.54,Maize,Black,1,1,0.72,515,1
7.14,Wheat,Clay,0,0,0.35,1491,0
8.75,Maize,Loam,1,0,0.38,1269,0
9.81,Sugarcane,Black,0,0,0.58,714,0
3.1,Maize,Sandy,1,1,0.84,461,1
4.41,Rice,Black,0,1,0.89,926,0
0.69,Wheat,Black,0,1,0.66,330,0
1.53,Sugarcane,Clay,0,1,0.61,481,0
9.74,Millets,Clay,1,1,0.76,920,1
6.6,Millets,Sandy,1,1,0.42,995,0
1.68,Cotton,Sandy,0,1,0.89,1451,0
3.16,Millets,Sandy,0,0,0.58,1433,0
3.3,Cotton,Sandy,1,1,0.36,1305,0
8.93,Wheat,Sandy,0,0,0.94,1416,0
6.98,Maize,Black,0,0,0.34,380,0
8.51,Maize,Black,0,0,0.33,1091,0
4.44,Cotton,Black,0,1,0.36,1096,0
6.59,Sugarcane,Loam,0,1,0.27,1366,0
2.66,Rice,Sandy,0,1,0.81,984,0
13.2,Cotton,Loam,1,0,0.32,316,0
12.36,Maize,Clay,0,0,0.69,449,0
3.43,Millets,Clay,0,0,0.69,817,0
6.59,Wheat,Black,0,0,0.2,1243,0
3.65,Wheat,Clay,1,0,0.87,1108,0
7.2,Sugarcane,Loam,0,0,0.34,540,0
14.17,Maize,Loam,0,1,0.93,362,0
7.79,Rice,Clay,0,1,0.92,747,0
10.15,Sugarcane,Black,1,1,0.41,1475,0
5.29,Maize,Black,1,1,0.4,1091,0
5.48,Sugarcane,Loam,0,1,0.91,1240,0
11.41,Wheat,Clay,0,0,0.66,1120,0
6.27,Cotton,Loam,1,0,0.69,908,0
1.5,Rice,Sandy,0,0,0.21,1480,0
5.95,Maize,Clay,0,0,0.4,1065,0
7.62,Millets,Clay,1,0,0.85,1159,0
5.15,Millets,Sandy,1,0,0.7,809,0
3.43,Millets,Black,0,1,0.58,607,0
14.46,Wheat,Sandy,0,0,0.89,415,0
8.62,Maize,Black,1,0,0.32,915,0
10.93,Sugarcane,Clay,0,1,0.25,777,0
14.9,Wheat,Sandy,0,0,0.3,375,0
3.9,Rice,Loam,1,0,0.54,1018,0
5.81,Rice,Black,0,1,0.5,537,0
3.93,Sugarcane,Clay,1,0,0.35,1326,0
13.13,Maize,Black,0,0,0.64,667,0
10.08,Wheat,Clay,0,0,0.75,1397,0
8.77,Rice,Sandy,1,0,0.22,693,0
14.51,Wheat,Black,1,0,0.22,455,0
2.86,Maize,Sandy,1,0,0.75,1436,0
8.11,Maize,Clay,0,0,0.9,1318,0
12.85,Maize,Loam,1,1,0.92,1006,1
12.89,Sugarcane,Loam,0,1,0.78,1002,0
10.65,Millets,Loam,0,0,0.92,891,0
10.1,Sugarcane,Clay,0,1,0.3,1423,0
8.24,Cotton,Black,0,0,0.64,374,0
10.95,Millets,Clay,0,1,0.89,443,0
12.55,Sugarcane,Loam,1,1,0.26,1183,0
0.56,Maize,Clay,1,0,0.87,801,0
1.55,Cotton,Black,1,0,0.68,783,0
13.9,Cotton,Black,1,1,0.73,607,1
6.9,Maize,Clay,1,0,0.35,453,0
1.54,Wheat,Sandy,0,0,0.52,1240,0
7.21,Sugarcane,Black,0,1,0.54,1255,0
4.24,Sugarcane,Loam,1,0,0.44,419,0
7.57,Wheat,Loam,1,1,0.87,922,1
9.0,Maize,Sandy,1,0,0.59,424,0
5.0,Maize,Clay,0,1,0.54,1488,0
13.0,Cotton,Loam,0,1,0.86,597,0
14.89,Wheat,Sandy,0,1,0.44,1340,0
9.15,Maize,Black,1,0,0.61,829,0
4.08,Rice,Sandy,0,0,0.22,1390,0
1.32,Rice,Black,0,1,0.72,944,0
14.27,Sugarcane,Clay,0,0,0.72,782,0
0.76,Wheat,Black,0,0,0.65,1136,0
10.72,Maize,Sandy,0,1,0.9,796,0
8.21,Cotton,Clay,0,0,0.55,1323,0
13.03,Cotton,Loam,0,0,0.38,310,0
14.69,Maize,Loam,0,0,0.53,617,0
14.3,Millets,Loam,0,0,0.62,636,0
8.15,Rice,Black,1,1,0.79,501,1
6.49,Rice,Clay,0,1,0.72,585,0
14.49,Wheat,Black,1,1,0.37,693,0
9.52,Millets,Loam,1,1,0.49,372,0
5.07,Millets,Sandy,0,1,0.2,855,0
1.22,Rice,Loam,1,1,0.28,1038,0
11.43,Wheat,Clay,0,0,0.62,615,0
8.19,Cotton,Clay,1,1,0.44,727,0
13.94,Millets,Black,1,1,0.95,1226,1
6.45,Rice,Loam,0,0,0.82,500,0
4.92,Wheat,Sandy,1,0,0.5,572,0
11.36,Sugarcane,Black,0,0,0.26,343,0
1.97,Rice,Loam,0,1,0.52,1404,0
10.14,Millets,Clay,0,0,0.5,587,0
7.16,Millets,Loam,1,1,0.76,1479,1
8.08,Sugarcane,Loam,0,0,0.29,1206,0
1.95,Cotton,Black,0,1,0.25,668,0
13.01,Sugarcane,Black,0,1,0.88,1159,0
13.93,Wheat,Loam,1,0,0.84,648,0
5.45,Millets,Black,1,1,0.93,1408,1
14.22,Wheat,Black,0,0,0.73,832,0
4.76,Maize,Clay,0,0,0.83,491,0
9.53,Wheat,Sandy,0,0,0.76,1476,0
8.1,Cotton,Black,0,1,0.53,792,0
1.73,Wheat,Black,0,0,0.41,709,0
14.02,Maize,Sandy,1,0,0.8,1009,0
1.77,Maize,Clay,0,0,0.66,719,0
4.8,Millets,Black,1,0,0.39,530,0
3.72,Sugarcane,Sandy,0,1,0.34,1016,0
2.83,Rice,Clay,0,0,0.36,1208,0
11.86,Cotton,Loam,1,0,0.3,508,0
1.95,Wheat,Clay,0,1,0.29,1169,0
1.55,Maize,Clay,0,0,0.89,837,0
8.52,Maize,Black,1,1,0.55,730,1
5.3,Wheat,Clay,0,0,0.6,882,0
5.81,Millets,Black,1,1,0.33,1381,0
14.16,Millets,Black,1,0,0.79,574,0
1.14,Millets,Black,1,0,0.27,761,0
11.56,Sugarcane,Black,0,0,0.85,447,0
6.06,Sugarcane,Black,0,1,0.39,328,0
1.86,Cotton,Black,1,0,0.58,1078,0
12.84,Sugarcane,Loam,1,1,0.58,1024,1
10.03,Maize,Loam,0,0,0.47,540,0
8.82,Cotton,Clay,0,1,0.56,1344,0
1.76,Wheat,Loam,0,1,0.48,555,0
5.67,Maize,Loam,1,0,0.79,763,0
6.11,Millets,Clay,1,0,0.28,698,0
13.17,Rice,Black,0,0,0.23,670,0
5.75,Millets,Clay,1,0,0.8,537,0
1.93,Wheat,Loam,1,0,0.33,632,0
2.34,Millets,Loam,0,1,0.29,1225,0
11.4,Millets,Loam,0,0,0.61,1077,0
8.71,Cotton,Clay,1,0,0.76,881,0
11.36,Rice,Sandy,0,0,0.85,849,0
0.75,Sugarcane,Sandy,0,0,0.5,1119,0
6.47,Millets,Loam,1,0,0.79,838,0
9.03,Maize,Loam,0,0,0.59,463,0
3.63,Wheat,Loam,1,0,0.24,941,0
10.84,Rice,Clay,0,0,0.78,1091,0
13.17,Cotton,Black,0,1,0.21,402,0
1.22,Millets,Clay,0,0,0.3,369,0
14.23,Cotton,Clay,1,1,0.4,327,0
7.83,Maize,Loam,0,0,0.26,913,0
7.12,Maize,Clay,0,1,0.86,1272,0
5.14,Sugarcane,Clay,0,1,0.77,1024,0
12.7,Maize,Sandy,0,0,0.21,817,0
11.05,Cotton,Loam,0,0,0.74,1145,0
11.25,Wheat,Clay,0,1,0.79,937,0
12.24,Wheat,Loam,1,0,0.78,453,0
6.27,Cotton,Sandy,0,1,0.61,916,0
2.08,Maize,Clay,0,0,0.35,1036,0
5.76,Wheat,Black,1,0,0.76,1082,0
14.51,Wheat,Sandy,1,0,0.65,502,0
4.68,Rice,Sandy,1,1,0.64,1424,1
7.6,Cotton,Loam,0,1,0.78,1055,0
3.64,Millets,Clay,0,1,0.24,822,0
2.4,Sugarcane,Sandy,0,1,0.83,1361,0
8.93,Rice,Sandy,1,1,0.81,422,1
1.39,Maize,Clay,1,0,0.55,938,0
6.71,Rice,Loam,0,1,0.71,515,0
1.39,Millets,Sandy,1,1,0.21,1198,0
5.5,Rice,Sandy,0,0,0.83,1469,0
5.43,Millets,Black,0,0,0.63,428,0
10.68,Wheat,Clay,1,1,0.72,761,1
14.99,Cotton,Loam,0,0,0.23,1300,0
12.3,Sugarcane,Loam,0,1,0.7,371,0
11.59,Wheat,Loam,1,1,0.5,547,1
10.87,Millets,Loam,0,1,0.42,327,0
5.12,Millets,Black,1,0,0.8,1376,0
4.86,Maize,Black,1,0,0.35,717,0
11.64,Millets,Black,0,0,0.5,1345,0
7.62,Cotton,Clay,1,1,0.43,1167,0
10.55,Rice,Loam,1,0,0.91,833,0
4.75,Wheat,Loam,0,0,0.48,1217,0
14.37,Rice,Black,0,1,0.61,1079,0
3.62,Cotton,Black,0,0,0.36,1484,0
11.05,Rice,Clay,1,0,0.21,568,0
5.75,Cotton,Loam,0,0,0.43,1261,0
1.2,Maize,Clay,1,0,0.44,1422,0
4.7,Cotton,Clay,0,0,0.41,1037,0
10.52,Maize,Black,0,0,0.91,1088,0
0.68,Rice,Black,1,1,0.27,1190,0
2.48,Wheat,Clay,1,0,0.6,467,0
7.33,Wheat,Clay,0,0,0.75,468,0
4.28,Sugarcane,Clay,1,1,0.28,1003,0
9.02,Maize,Sandy,1,1,0.7,869,1
3.14,Sugarcane,Loam,0,0,0.6,1170,0
14.3,Maize,Sandy,0,1,0.63,460,0
8.7,Sugarcane,Black,1,1,0.91,366,1
3.47,Rice,Sandy,1,1,0.6,1068,1
12.16,Rice,Black,0,1,0.28,735,0
5.32,Maize,Clay,0,1,0.84,558,0
14.63,Millets,Black,1,1,0.71,1288,1
11.58,Cotton,Loam,0,0,0.35,635,0
12.99,Rice,Loam,1,0,0.25,543,0
12.55,Sugarcane,Black,1,0,0.57,513,0
12.48,Rice,Clay,0,1,0.49,760,0
10.01,Wheat,Loam,0,0,0.23,401,0
1.54,Wheat,Clay,0,1,0.3,619,0
9.28,Cotton,Sandy,1,1,0.71,810,1
4.78,Rice,Sandy,0,0,0.77,1411,0
5.76,Maize,Black,0,1,0.86,676,0
2.87,Rice,Sandy,0,0,0.42,432,0
6.67,Wheat,Clay,1,1,0.38,408,0
9.1,Sugarcane,Sandy,1,1,0.45,929,0
10.73,Maize,Loam,0,0,0.39,456,0
6.16,Rice,Sandy,0,1,0.48,1078,0
14.82,Sugarcane,Clay,0,0,0.8,1175,0
8.07,Rice,Clay,1,1,0.95,1236,1
12.9,Maize,Clay,0,0,0.4,1386,0
2.08,Millets,Loam,1,1,0.72,1053,1
6.86,Wheat,Black,1,1,0.27,956,0
12.11,Rice,Sandy,1,0,0.59,1202,0
9.33,Sugarcane,Loam,1,1,0.75,1297,1
5.2,Wheat,Sandy,1,1,0.6,1423,1
9.73,Cotton,Loam,1,0,0.4,1219,0
3.18,Millets,Sandy,1,0,0.53,493,0
1.86,Wheat,Loam,0,0,0.29,1066,0
1.3,Millets,Loam,1,0,0.51,1283,0
11.63,Maize,Clay,1,1,0.31,575,0
12.02,Maize,Clay,0,1,0.54,820,0
11.41,Maize,Sandy,1,0,0.45,498,0
4.3,Sugarcane,Sandy,1,1,0.71,763,1
7.3,Wheat,Sandy,0,1,0.77,1237,0
8.41,Sugarcane,Clay,0,1,0.74,377,0
4.72,Rice,Sandy,1,0,0.34,751,0
5.48,Millets,Loam,0,0,0.66,1011,0
2.74,Sugarcane,Black,1,1,0.79,1396,1
8.64,Rice,Black,0,0,0.68,1019,0
11.1,Cotton,Black,0,1,0.6,1051,0
11.41,Millets,Black,1,1,0.89,1176,1
3.85,Millets,Loam,1,1,0.59,1066,1
5.76,Millets,Black,0,1,0.35,778,0
8.13,Millets,Black,1,0,0.76,985,0
10.25,Cotton,Sandy,0,0,0.61,545,0
14.0,Rice,Clay,1,0,0.58,945,0
2.99,Millets,Clay,1,0,0.25,1022,0
1.37,Cotton,Loam,1,1,0.83,337,0
6.73,Rice,Sandy,1,0,0.46,1254,0
11.08,Maize,Clay,0,0,0.27,934,0
6.07,Cotton,Loam,0,0,0.54,1249,0
10.83,Maize,Sandy,0,1,0.37,578,0
14.06,Rice,Clay,1,0,0.81,1057,0
12.87,Millets,Loam,0,1,0.95,1407,0
12.62,Sugarcane,Clay,0,0,0.89,1005,0
3.49,Rice,Clay,0,1,0.21,534,0
9.1,Maize,Loam,0,0,0.8,1192,0
9.58,Wheat,Black,1,0,0.57,1060,0
14.0,Wheat,Black,1,0,0.6,424,0
10.5,Maize,Loam,1,0,0.65,920,0
0.98,Cotton,Loam,1,1,0.85,1397,0
14.81,Cotton,Sandy,0,1,0.37,854,0
11.41,Rice,Sandy,1,0,0.38,1406,0
6.46,Millets,Clay,0,1,0.92,1098,0
12.72,Millets,Black,0,1,0.56,400,0
9.94,Cotton,Sandy,0,1,0.91,487,0
8.48,Maize,Sandy,0,0,0.9,873,0
10.32,Wheat,Black,1,0,0.38,508,0
12.57,Millets,Black,0,0,0.94,882,0
4.12,Rice,Loam,1,1,0.48,533,0
10.63,Sugarcane,Clay,1,1,0.65,748,1
5.83,Cotton,Sandy,1,0,0.84,1222,0
13.89,Cotton,Black,1,1,0.31,1299,0
6.45,Rice,Clay,0,1,0.37,479,0
10.84,Maize,Loam,1,1,0.79,1230,1
6.0,Rice,Sandy,0,0,0.63,523,0
14.55,Cotton,Black,1,0,0.66,480,0
12.38,Rice,Sandy,1,1,0.71,899,1
13.21,Maize,Loam,1,1,0.56,885,1
0.63,Maize,Sandy,1,0,0.59,1479,0
5.72,Sugarcane,Sandy,1,1,0.4,857,0
2.82,Rice,Loam,0,0,0.55,1403,0
10.64,Millets,Loam,1,1,0.41,520,0
7.44,Wheat,Loam,1,1,0.44,611,0
2.57,Rice,Sandy,0,1,0.22,1468,0
4.49,Rice,Black,1,0,0.36,874,0
10.57,Cotton,Black,0,0,0.21,361,0
4.35,Wheat,Black,0,0,0.4,408,0
12.52,Maize,Black,0,1,0.92,326,0
4.76,Cotton,Black,0,0,0.32,535,0
4.17,Maize,Clay,0,1,0.37,434,0
10.0,Maize,Loam,0,1,0.87,545,0
3.51,Sugarcane,Sandy,1,0,0.3,418,0
11.51,Rice,Sandy,0,1,0.43,1332,0
4.68,Maize,Black,0,0,0.76,958,0
12.81,Maize,Black,1,0,0.3,540,0
12.84,Millets,Loam,1,1,0.83,765,1
12.4,Maize,Black,0,1,0.39,1129,0
8.63,Sugarcane,Clay,1,0,0.87,934,0
6.33,Wheat,Black,1,0,0.61,505,0
4.79,Millets,Loam,0,0,0.59,1416,0
6.19,Cotton,Black,1,0,0.26,631,0
10.73,Wheat,Loam,0,1,0.23,794,0
14.76,Sugarcane,Loam,0,1,0.69,1373,0
4.46,Sugarcane,Clay,1,1,0.3,1331,0
11.08,Sugarcane,Clay,1,0,0.8,905,0
8.01,Sugarcane,Loam,0,0,0.79,904,0
10.63,Millets,Clay,0,1,0.42,1202,0
11.15,Cotton,Loam,1,0,0.32,650,0
2.8,Wheat,Black,1,1,0.39,787,0
5.9,Wheat,Loam,0,1,0.83,1099,0
13.31,Sugarcane,Clay,1,1,0.46,1316,0
6.16,Millets,Loam,0,0,0.93,655,0
4.11,Cotton,Clay,0,0,0.34,959,0
5.26,Cotton,Loam,1,1,0.73,1324,1
12.95,Maize,Black,1,0,0.41,812,0
8.42,Cotton,Black,1,0,0.67,602,0
5.2,Sugarcane,Clay,1,1,0.89,769,1
9.41,Maize,Black,1,1,0.9,566,1
1.99,Millets,Clay,0,1,0.45,360,0
1.88,Millets,Black,0,1,0.81,1360,0
14.41,Wheat,Black,1,1,0.73,1456,1
1.63,Cotton,Black,1,0,0.54,352,0
13.11,Rice,Black,1,0,0.54,394,0
4.65,Rice,Black,0,0,0.33,487,0
6.02,Sugarcane,Sandy,1,0,0.63,1068,0
9.71,Wheat,Clay,0,1,0.89,676,0
3.33,Cotton,Loam,1,1,0.58,1139,1
14.81,Cotton,Loam,1,0,0.8,1012,0
13.97,Maize,Clay,0,0,0.26,1188,0
5.67,Cotton,Clay,1,1,0.32,426,0
1.23,Wheat,Loam,0,1,0.49,789,0
6.79,Rice,Black,1,0,0.88,353,0
13.49,Wheat,Loam,0,0,0.23,562,0
2.96,Millets,Clay,1,1,0.33,404,0
9.17,Maize,Loam,0,0,0.91,462,0
5.95,Sugarcane,Loam,0,1,0.43,1227,0
0.98,Millets,Loam,1,1,0.61,397,0
13.67,Wheat,Loam,1,0,0.71,821,0
8.71,Sugarcane,Loam,1,1,0.82,631,1
1.07,Sugarcane,Sandy,1,0,0.58,1083,0
13.95,Sugarcane,Black,1,1,0.7,804,1
6.99,Sugarcane,Loam,0,0,0.5,529,0
3.87,Millets,Black,0,0,0.32,1114,0
4.4,Maize,Black,0,0,0.92,938,0
4.33,Rice,Clay,0,1,0.2,716,0
8.15,Millets,Loam,1,0,0.56,1450,0
9.98,Maize,Loam,0,0,0.42,1061,0
8.3,Wheat,Black,1,0,0.24,1160,0
4.43,Sugarcane,Clay,0,0,0.22,605,0
8.7,Cotton,Clay,1,0,0.93,1348,0
8.48,Wheat,Black,1,1,0.45,824,0
8.58,Millets,Loam,0,0,0.73,1140,0
4.67,Rice,Clay,0,1,0.45,467,0
7.63,Sugarcane,Clay,0,0,0.64,1271,0
2.49,Rice,Clay,1,0,0.86,996,0
11.31,Wheat,Sandy,0,1,0.66,456,0
10.19,Millets,Clay,1,0,0.3,538,0
4.76,Cotton,Black,1,1,0.6,941,1
2.97,Rice,Clay,0,0,0.73,1457,0
9.39,Rice,Black,0,1,0.53,424,0
1.69,Cotton,Loam,1,1,0.81,717,0
3.17,Maize,Black,0,0,0.3,902,0
6.35,Millets,Clay,0,0,0.55,406,0
5.85,Rice,Sandy,1,1,0.64,395,1
6.53,Millets,Clay,0,1,0.21,815,0
11.2,Maize,Sandy,1,0,0.3,407,0
9.18,Wheat,Sandy,1,0,0.68,997,0
2.93,Maize,Black,1,0,0.5,838,0
12.09,Millets,Black,1,0,0.77,790,0
13.67,Sugarcane,Clay,1,1,0.66,842,1
12.96,Rice,Sandy,1,0,0.88,1449,0
12.58,Rice,Clay,1,1,0.85,606,1
11.46,Maize,Sandy,1,1,0.44,334,0
4.08,Sugarcane,Clay,1,1,0.46,848,0
3.97,Maize,Sandy,1,1,0.44,1181,0
7.88,Cotton,Black,1,1,0.59,776,1
9.81,Cotton,Black,0,0,0.55,609,0
2.33,Cotton,Clay,0,0,0.68,1344,0
14.05,Rice,Loam,1,1,0.59,330,1
6.15,Rice,Black,0,0,0.75,502,0
9.72,Wheat,Loam,1,1,0.47,870,0
2.1,Rice,Black,1,1,0.31,1336,0
7.84,Cotton,Loam,0,0,0.7,515,0
9.58,Sugarcane,Black,1,0,0.9,701,0
6.94,Cotton,Black,0,0,0.76,1160,0
8.7,Millets,Loam,0,1,0.23,838,0
9.27,Millets,Sandy,1,0,0.76,1065,0
8.89,Cotton,Clay,0,0,0.82,1084,0
9.07,Sugarcane,Black,1,0,0.64,419,0
9.75,Wheat,Black,0,1,0.43,315,0
2.27,Sugarcane,Clay,0,0,0.79,424,0
4.63,Sugarcane,Clay,0,0,0.77,1427,0
3.98,Rice,Sandy,1,0,0.33,546,0
3.34,Cotton,Sandy,1,0,0.52,1199,0
1.17,Millets,Sandy,0,0,0.89,821,0
1.87,Cotton,Clay,0,1,0.89,1170,0
9.6,Cotton,Sandy,0,1,0.47,381,0
2.03,Rice,Black,1,0,0.92,780,0
7.38,Maize,Sandy,0,0,0.87,307,0
6.52,Maize,Black,1,1,0.65,881,1
7.65,Rice,Sandy,1,1,0.41,531,0
8.43,Sugarcane,Sandy,0,0,0.81,931,0
2.28,Cotton,Loam,0,0,0.43,1340,0
8.56,Rice,Sandy,0,1,0.35,783,0
5.23,Rice,Loam,0,0,0.28,699,0
2.52,Maize,Black,0,0,0.68,860,0
8.66,Millets,Black,1,0,0.43,1173,0
13.45,Maize,Loam,1,1,0.94,682,1
2.33,Millets,Loam,1,1,0.7,1381,1
4.3,Cotton,Loam,0,1,0.69,396,0
5.81,Millets,Clay,1,0,0.32,712,0
1.7,Sugarcane,Loam,1,1,0.64,753,0
5.47,Cotton,Sandy,0,1,0.68,878,0
2.89,Sugarcane,Loam,1,0,0.81,1001,0
13.68,Maize,Sandy,1,1,0.3,593,0
12.8,Millets,Clay,0,1,0.57,1439,0
11.12,Millets,Loam,0,0,0.43,1473,0
4.23,Maize,Black,0,0,0.82,859,0
8.81,Rice,Clay,0,0,0.52,995,0
15.0,Rice,Clay,1,0,0.47,897,0
6.56,Wheat,Clay,1,0,0.75,1006,0
14.79,Maize,Black,0,1,0.65,1308,0
8.78,Wheat,Sandy,1,1,0.93,468,1
8.32,Wheat,Loam,1,0,0.64,376,0
3.0,Sugarcane,Black,1,1,0.66,948,1
6.31,Wheat,Clay,0,0,0.32,1010,0
11.67,Maize,Black,1,1,0.56,1250,1
13.28,Rice,Clay,0,0,0.47,1079,0
8.0,Rice,Sandy,0,1,0.49,387,0
14.38,Wheat,Clay,0,0,0.68,954,0
12.91,Rice,Black,1,1,0.5,493,1
12.66,Cotton,Black,0,1,0.45,494,0
6.73,Rice,Clay,1,1,0.25,430,0
0.73,Rice,Sandy,1,0,0.39,1338,0
7.6,Wheat,Loam,1,1,0.89,1313,1
8.45,Cotton,Black,1,1,0.27,963,0
11.73,Sugarcane,Black,0,1,0.63,1441,0
0.93,Cotton,Black,0,1,0.84,1039,0
2.98,Sugarcane,Sandy,1,1,0.43,629,0
14.28,Cotton,Black,1,0,0.24,806,0
11.26,Sugarcane,Clay,1,0,0.51,1014,0
11.29,Rice,Black,1,0,0.23,519,0
0.97,Rice,Sandy,1,1,0.5,448,0
1.94,Rice,Black,1,1,0.25,394,0
8.62,Rice,Loam,1,1,0.71,1401,1
1.56,Millets,Black,0,1,0.39,1075,0
5.37,Cotton,Loam,0,0,0.29,1369,0
8.03,Sugarcane,Loam,1,1,0.88,1009,1
4.87,Cotton,Clay,1,0,0.7,521,0
14.1,Rice,Sandy,1,1,0.28,302,0
9.85,Millets,Clay,0,0,0.91,1261,0
8.8,Rice,Black,1,0,0.5,1170,0
1.59,Millets,Black,1,0,0.71,1078,0
8.44,Sugarcane,Clay,1,0,0.58,824,0
13.96,Millets,Black,0,0,0.6,733,0
6.02,Millets,Clay,1,1,0.88,446,1
13.62,Cotton,Loam,0,0,0.63,354,0
11.53,Wheat,Black,1,1,0.34,791,0
10.2,Cotton,Sandy,0,0,0.3,602,0
12.25,Millets,Loam,0,1,0.51,892,0
12.02,Maize,Clay,1,0,0.89,913,0
1.67,Rice,Loam,1,0,0.51,654,0
5.29,Rice,Black,1,0,0.6,740,0
5.83,Rice,Sandy,1,1,0.38,1138,0
3.67,Sugarcane,Sandy,1,0,0.61,1282,0
5.13,Wheat,Clay,1,1,0.27,667,0
3.79,Sugarcane,Clay,1,0,0.26,1158,0
12.52,Millets,Loam,1,0,0.27,762,0
9.43,Millets,Clay,1,0,0.33,958,0
6.59,Wheat,Clay,0,0,0.42,595,0
14.96,Sugarcane,Clay,0,1,0.25,329,0
1.98,Wheat,Black,0,0,0.88,898,0
12.15,Maize,Black,0,1,0.46,492,0
2.16,Millets,Clay,0,0,0.43,882,0
7.66,Cotton,Sandy,0,0,0.75,526,0
1.54,Cotton,Loam,0,0,0.29,1288,0
3.69,Wheat,Sandy,0,0,0.62,515,0
1.41,Cotton,Loam,0,0,0.69,800,0
10.04,Rice,Sandy,0,1,0.56,1118,0
0.75,Wheat,Loam,1,1,0.23,1416,0
8.83,Millets,Sandy,0,1,0.62,465,0
3.2,Rice,Loam,0,1,0.94,1170,0
11.63,Millets,Loam,0,0,0.88,975,0
8.75,Wheat,Black,0,0,0.7,936,0
7.88,Millets,Black,0,0,0.56,1006,0
12.67,Maize,Clay,1,0,0.28,1254,0
10.51,Sugarcane,Clay,1,1,0.26,1216,0
14.54,Rice,Sandy,1,0,0.66,396,0
4.11,Millets,Clay,0,1,0.25,504,0
5.45,Maize,Sandy,0,1,0.81,1491,0
7.1,Cotton,Black,0,1,0.55,1318,0
6.89,Sugarcane,Loam,0,0,0.32,890,0
1.22,Cotton,Black,1,1,0.93,1416,0
2.86,Rice,Loam,1,1,0.43,1423,0
5.76,Wheat,Loam,0,0,0.41,1342,0
0.94,Millets,Sandy,0,0,0.71,317,0
6.82,Cotton,Clay,1,0,0.85,486,0
7.12,Millets,Loam,0,1,0.5,755,0
11.04,Wheat,Clay,1,1,0.22,367,0
8.84,Maize,Loam,0,1,0.84,490,0
3.1,Wheat,Sandy,0,0,0.66,1151,0
0.98,Sugarcane,Loam,1,1,0.39,717,0
0.77,Cotton,Sandy,1,0,0.38,1180,0
6.75,Cotton,Sandy,0,1,0.67,1256,0
6.69,Cotton,Black,0,0,0.83,943,0
8.83,Wheat,Black,0,0,0.48,1441,0
7.65,Cotton,Black,0,0,0.41,544,0
5.76,Wheat,Loam,1,1,0.85,365,1
7.06,Rice,Clay,0,1,0.46,1252,0
14.98,Maize,Clay,0,1,0.42,650,0
5.75,Wheat,Black,1,1,0.51,1127,1
9.27,Wheat,Sandy,1,1,0.74,1357,1
6.79,Maize,Loam,1,0,0.42,1127,0
2.62,Cotton,Sandy,0,0,0.43,1193,0
10.62,Sugarcane,Black,1,0,0.78,328,0
2.72,Cotton,Clay,1,0,0.44,1135,0
5.95,Cotton,Loam,1,0,0.53,1270,0
10.42,Sugarcane,Black,1,1,0.3,680,0
4.91,Cotton,Loam,1,0,0.87,1377,0
4.47,Rice,Sandy,1,1,0.4,531,0
1.69,Millets,Black,1,1,0.79,984,0
1.17,Maize,Sandy,0,0,0.6,938,0
5.52,Sugarcane,Clay,1,1,0.34,541,0
8.88,Maize,Loam,0,1,0.71,768,0
0.87,Rice,Sandy,0,1,0.65,1017,0
3.03,Wheat,Clay,1,1,0.77,1261,1
8.7,Cotton,Loam,0,0,0.4,806,0
14.16,Maize,Sandy,1,1,0.56,1176,1
14.61,Rice,Loam,0,1,0.44,820,0
11.48,Sugarcane,Black,1,1,0.95,753,1
8.16,Maize,Black,0,1,0.54,1173,0
4.3,Maize,Clay,0,1,0.65,1013,0
13.83,Rice,Clay,0,0,0.24,1110,0
13.45,Wheat,Black,0,0,0.27,1301,0
4.19,Wheat,Loam,1,1,0.77,842,1
1.73,Maize,Loam,0,1,0.21,890,0
12.56,Cotton,Clay,1,1,0.25,444,0
9.9,Sugarcane,Black,1,0,0.42,608,0
11.79,Cotton,Loam,1,0,0.76,615,0
9.26,Rice,Clay,0,0,0.94,716,0
11.18,Rice,Loam,0,1,0.71,411,0
1.24,Rice,Clay,0,0,0.87,469,0
9.33,Cotton,Clay,1,1,0.84,1164,1
11.62,Maize,Sandy,0,0,0.37,1117,0
14.1,Cotton,Sandy,1,0,0.34,412,0
14.65,Wheat,Loam,0,1,0.38,907,0
7.41,Maize,Black,0,0,0.23,431,0
7.98,Maize,Sandy,0,1,0.42,602,0
6.99,Sugarcane,Clay,0,0,0.29,1410,0
7.96,Maize,Sandy,0,0,0.72,330,0
0.69,Cotton,Loam,0,0,0.85,1150,0
2.38,Sugarcane,Black,0,1,0.36,555,0
1.79,Millets,Loam,0,1,0.33,781,0
11.71,Wheat,Clay,0,0,0.91,743,0
5.27,Cotton,Sandy,1,1,0.47,677,0
8.35,Rice,Loam,1,0,0.72,349,0
13.58,Wheat,Black,0,0,0.67,1412,0
4.46,Sugarcane,Clay,0,1,0.92,1378,0
1.02,Cotton,Loam,0,0,0.84,1380,0
2.07,Millets,Sandy,1,0,0.8,358,0
3.32,Sugarcane,Black,0,0,0.22,518,0
10.56,Cotton,Sandy,1,1,0.37,821,0
11.95,Rice,Sandy,0,0,0.91,443,0
2.39,Cotton,Sandy,0,0,0.78,805,0
5.63,Rice,Black,1,0,0.84,435,0
5.35,Maize,Clay,0,0,0.76,1426,0
6.43,Sugarcane,Loam,0,0,0.88,999,0
6.35,Rice,Loam,0,1,0.92,669,0
12.17,Cotton,Black,0,0,0.9,307,0
3.88,Wheat,Loam,0,0,0.74,810,0
11.29,Maize,Sandy,1,1,0.75,982,1
2.66,Maize,Clay,0,1,0.39,1165,0
2.23,Sugarcane,Clay,0,1,0.83,484,0
7.67,Sugarcane,Loam,1,1,0.87,1403,1
4.77,Rice,Loam,1,0,0.25,883,0
4.74,Sugarcane,Clay,0,0,0.79,778,0
5.62,Wheat,Clay,0,0,0.74,897,0
7.5,Cotton,Clay,0,1,0.54,1015,0
5.94,Sugarcane,Clay,1,1,0.37,1120,0
4.81,Wheat,Sandy,1,0,0.66,963,0
14.5,Rice,Black,0,0,0.35,804,0
6.63,Millets,Loam,0,1,0.39,1287,0
1.7,Wheat,Sandy,1,1,0.82,590,0
12.33,Cotton,Sandy,1,1,0.9,861,1
5.72,Maize,Sandy,1,1,0.55,853,1
4.59,Sugarcane,Loam,0,1,0.93,365,0
7.51,Wheat,Loam,0,1,0.49,689,0
9.6,Maize,Clay,1,0,0.42,1078,0
6.74,Maize,Loam,0,1,0.83,1469,0
5.73,Cotton,Sandy,1,1,0.52,1318,1
5.43,Sugarcane,Black,0,0,0.81,307,0
14.59,Cotton,Clay,1,0,0.52,1213,0
7.53,Millets,Clay,1,1,0.79,520,1
1.48,Maize,Black,0,0,0.55,414,0
0.76,Wheat,Sandy,1,1,0.95,1234,0
2.3,Wheat,Sandy,0,0,0.23,346,0
1.14,Millets,Sandy,1,1,0.37,308,0
5.82,Sugarcane,Sandy,1,1,0.54,1243,1
8.19,Wheat,Sandy,0,1,0.88,1280,0
4.55,Sugarcane,Sandy,1,1,0.9,1448,1
14.74,Rice,Clay,0,0,0.58,1268,0
1.66,Cotton,Black,0,1,0.88,571,0
9.35,Maize,Clay,0,1,0.92,1166,0
5.33,Maize,Clay,0,1,0.37,999,0
14.72,Cotton,Loam,1,0,0.83,517,0
4.29,Rice,Black,1,1,0.35,1073,0
5.66,Cotton,Black,1,0,0.35,738,0
13.9,Wheat,Sandy,0,0,0.88,783,0
13.36,Sugarcane,Sandy,0,0,0.24,999,0
1.72,Rice,Clay,0,0,0.94,477,0
3.88,Maize,Clay,0,0,0.61,828,0
5.33,Millets,Loam,0,1,0.25,1088,0
5.12,Maize,Sandy,1,0,0.49,1447,0
6.67,Rice,Black,1,0,0.31,1430,0
10.27,Sugarcane,Loam,1,1,0.31,1158,0
3.26,Cotton,Loam,0,0,0.7,1221,0
2.57,Rice,Clay,1,1,0.36,1022,0
10.96,Sugarcane,Sandy,1,1,0.41,1108,0
14.48,Cotton,Loam,0,0,0.43,1027,0
12.0,Cotton,Clay,1,1,0.3,1453,0
13.66,Rice,Black,0,0,0.23,1408,0
9.51,Maize,Clay,1,0,0.35,1441,0
14.62,Rice,Loam,1,1,0.64,481,1
2.98,Rice,Black,1,0,0.49,1488,0
13.45,Sugarcane,Loam,1,1,0.95,1207,1
3.33,Rice,Clay,0,1,0.29,664,0
13.02,Cotton,Clay,1,0,0.85,522,0
13.12,Wheat,Clay,1,1,0.88,1388,1
11.58,Sugarcane,Black,1,1,0.82,1378,1
11.89,Wheat,Clay,1,1,0.35,988,0
4.69,Maize,Black,1,1,0.28,580,0
3.87,Maize,Loam,0,0,0.72,1195,0
14.53,Sugarcane,Black,1,1,0.28,1475,0
12.33,Maize,Loam,0,1,0.6,611,0
6.42,Cotton,Clay,1,1,0.42,526,0
10.61,Millets,Sandy,1,1,0.59,1364,1
6.75,Maize,Loam,1,0,0.42,1390,0
11.83,Sugarcane,Clay,1,0,0.81,503,0
12.64,Cotton,Sandy,1,0,0.59,1390,0
10.01,Sugarcane,Clay,1,0,0.91,1136,0
10.71,Maize,Clay,0,0,0.91,447,0
1.91,Rice,Sandy,0,1,0.51,1358,0
14.02,Maize,Loam,1,1,0.36,1234,0
9.72,Sugarcane,Loam,0,0,0.35,817,0
0.56,Cotton,Black,1,1,0.68,1241,0
10.5,Wheat,Sandy,0,0,0.22,792,0
7.47,Cotton,Loam,0,0,0.38,1427,0
12.77,Wheat,Clay,0,1,0.9,1491,0
13.79,Wheat,Clay,1,1,0.7,831,1
3.37,Cotton,Loam,0,0,0.28,1252,0
10.01,Rice,Sandy,0,1,0.9,391,0
4.32,Sugarcane,Black,1,1,0.51,683,1
10.07,Millets,Black,1,0,0.58,1136,0
12.95,Maize,Sandy,0,0,0.46,966,0
3.29,Sugarcane,Black,0,1,0.48,978,0
14.08,Rice,Clay,0,0,0.41,997,0
7.92,Maize,Loam,1,1,0.9,1007,1
5.91,Wheat,Loam,0,0,0.81,584,0
13.42,Cotton,Clay,1,1,0.81,1123,1
2.37,Maize,Black,1,1,0.51,836,1
3.32,Millets,Black,1,1,0.54,1303,1
3.09,Rice,Loam,1,0,0.93,945,0
10.24,Cotton,Loam,0,0,0.2,637,0
5.74,Maize,Clay,1,1,0.76,1488,1
9.44,Cotton,Sandy,0,1,0.58,782,0
12.78,Millets,Loam,1,1,0.93,1201,1
12.54,Cotton,Sandy,1,0,0.43,598,0
7.38,Rice,Clay,0,0,0.71,1042,0
14.31,Wheat,Black,1,0,0.74,552,0
11.92,Sugarcane,Sandy,0,0,0.44,547,0
4.49,Cotton,Sandy,0,1,0.74,1216,0
3.46,Sugarcane,Clay,0,0,0.73,526,0
8.24,Cotton,Black,1,0,0.64,434,0
7.95,Maize,Loam,1,1,0.2,418,0
5.44,Rice,Loam,1,1,0.77,1322,1
13.62,Wheat,Black,0,0,0.58,957,0
2.75,Millets,Black,0,0,0.72,420,0
6.53,Sugarcane,Loam,0,0,0.75,1398,0
7.9,Sugarcane,Clay,1,1,0.52,699,1
13.86,Millets,Clay,1,1,0.63,881,1
4.1,Cotton,Sandy,0,1,0.52,1495,0
12.03,Millets,Sandy,1,0,0.95,944,0
1.96,Wheat,Loam,0,1,0.29,703,0
13.23,Millets,Clay,1,1,0.71,892,1
14.9,Sugarcane,Clay,1,1,0.62,1005,1
8.31,Millets,Clay,0,1,0.81,1256,0
1.73,Maize,Loam,1,1,0.34,919,0
14.45,Cotton,Black,1,1,0.92,1343,1
4.25,Millets,Black,0,0,0.44,866,0
3.25,Wheat,Loam,0,1,0.36,806,0
1.85,Sugarcane,Loam,0,0,0.74,501,0
3.85,Cotton,Clay,0,0,0.37,776,0
3.92,Wheat,Black,0,0,0.75,1416,0
14.55,Millets,Sandy,0,1,0.78,1002,0
6.72,Cotton,Sandy,0,0,0.41,670,0
4.89,Cotton,Black,0,1,0.38,462,0
9.69,Sugarcane,Sandy,0,0,0.62,730,0
7.16,Rice,Black,1,1,0.21,382,0
9.92,Maize,Black,0,1,0.88,913,0
0.69,Cotton,Loam,1,0,0.28,1425,0
2.88,Rice,Black,1,0,0.53,1352,0
10.15,Cotton,Sandy,0,0,0.63,1234,0
10.76,Wheat,Black,0,0,0.43,583,0
13.61,Rice,Loam,0,0,0.37,1042,0
10.69,Rice,Black,1,1,0.44,999,0
4.39,Maize,Black,1,0,0.75,1045,0
5.97,Millets,Loam,1,1,0.92,1364,1
10.52,Rice,Sandy,1,1,0.26,728,0
11.07,Sugarcane,Clay,1,0,0.39,1314,0
14.12,Cotton,Black,0,1,0.92,1032,0
8.86,Sugarcane,Loam,1,0,0.47,1259,0
13.09,Millets,Clay,1,1,0.44,708,0
6.56,Maize,Black,1,0,0.83,1199,0
8.06,Millets,Loam,1,1,0.58,893,1
3.49,Rice,Loam,0,0,0.49,588,0
7.98,Millets,Loam,0,1,0.79,756,0
8.77,Millets,Black,1,0,0.33,849,0
8.18,Rice,Clay,0,1,0.67,588,0
2.27,Millets,Black,0,1,0.53,1172,0
7.1,Sugarcane,Clay,1,0,0.73,350,0
3.74,Sugarcane,Clay,1,0,0.45,496,0
3.42,Rice,Black,1,0,0.83,1344,0
6.04,Cotton,Black,1,0,0.63,585,0
14.43,Sugarcane,Clay,0,0,0.61,780,0
6.82,Cotton,Loam,0,0,0.42,427,0
9.5,Wheat,Clay,0,0,0.67,968,0
12.72,Millets,Clay,0,1,0.59,1204,0
13.55,Maize,Loam,1,1,0.2,463,0
14.0,Rice,Black,1,0,0.7,1189,0
4.22,Cotton,Sandy,1,0,0.33,1243,0
10.73,Cotton,Black,0,0,0.54,541,0
9.25,Millets,Black,1,0,0.46,682,0
6.22,Rice,Loam,1,1,0.86,1420,1
6.37,Rice,Black,0,0,0.46,775,0
4.47,Cotton,Loam,0,1,0.87,1142,0
7.37,Sugarcane,Loam,0,0,0.24,1321,0
5.08,Rice,Clay,1,0,0.22,506,0
15.0,Sugarcane,Loam,0,1,0.4,1243,0
14.99,Rice,Sandy,0,0,0.36,578,0
13.13,Wheat,Sandy,1,0,0.79,800,0
2.65,Wheat,Black,0,0,0.61,603,0
2.21,Wheat,Clay,0,0,0.84,796,0
3.66,Millets,Sandy,0,0,0.47,1337,0
8.13,Rice,Loam,0,0,0.85,490,0
11.96,Sugarcane,Sandy,0,0,0.28,588,0
9.74,Millets,Sandy,1,0,0.84,1244,0
1.75,Millets,Loam,1,1,0.74,990,0
9.69,Cotton,Sandy,0,1,0.73,692,0
5.31,Sugarcane,Loam,0,0,0.43,1332,0
9.47,Sugarcane,Loam,0,0,0.8,1283,0
1.08,Cotton,Sandy,0,0,0.28,557,0
14.39,Rice,Clay,0,0,0.83,1268,0
9.46,Millets,Loam,0,0,0.32,1180,0
3.7,Wheat,Loam,0,0,0.72,1339,0
9.7,Millets,Clay,0,1,0.31,1231,0
5.59,Maize,Black,1,1,0.91,1278,1
12.41,Maize,Clay,0,1,0.5,1039,0
0.71,Rice,Loam,1,1,0.92,1452,0
3.78,Millets,Loam,0,0,0.79,649,0
10.19,Wheat,Black,1,0,0.34,1116,0
3.29,Wheat,Loam,0,0,0.49,562,0
8.48,Rice,Loam,1,1,0.53,355,1
14.59,Millets,Sandy,0,0,0.42,998,0
7.31,Maize,Loam,0,0,0.26,811,0
11.18,Millets,Clay,0,0,0.87,638,0
14.38,Cotton,Clay,1,1,0.36,1028,0
14.41,Sugarcane,Sandy,0,0,0.34,794,0
6.59,Sugarcane,Loam,1,1,0.42,573,0
2.97,Millets,Loam,0,0,0.31,451,0
4.43,Cotton,Loam,0,0,0.2,574,0
1.84,Cotton,Sandy,0,0,0.34,1399,0
13.97,Wheat,Loam,0,1,0.8,348,0
10.87,Wheat,Sandy,0,1,0.77,362,0
9.38,Rice,Clay,0,0,0.27,310,0
1.62,Maize,Clay,0,0,0.47,659,0
12.0,Rice,Loam,1,1,0.28,500,0
3.51,Wheat,Clay,1,1,0.54,674,1
13.4,Maize,Sandy,1,0,0.51,865,0
5.24,Cotton,Loam,1,0,0.28,1409,0
1.62,Wheat,Clay,1,0,0.53,525,0
6.55,Cotton,Black,0,1,0.66,1424,0
7.81,Millets,Clay,1,0,0.47,1129,0
9.18,Millets,Loam,0,0,0.68,1040,0
1.72,Cotton,Sandy,0,0,0.33,1394,0
8.25,Rice,Loam,1,0,0.49,885,0
5.51,Millets,Loam,0,1,0.76,1367,0
0.59,Maize,Black,0,1,0.28,449,0
13.25,Sugarcane,Loam,1,1,0.27,644,0
4.33,Rice,Black,0,0,0.31,540,0
14.84,Maize,Clay,1,1,0.41,1382,0
7.98,Sugarcane,Clay,1,1,0.41,1039,0
9.99,Sugarcane,Loam,0,1,0.91,1325,0
9.49,Sugarcane,Loam,1,1,0.51,484,1
14.37,Wheat,Black,1,1,0.58,646,1
2.63,Cotton,Clay,0,1,0.41,615,0
3.43,Millets,Sandy,1,1,0.31,1333,0
1.59,Wheat,Loam,0,1,0.47,333,0
9.29,Cotton,Loam,1,1,0.21,1197,0
10.83,Cotton,Loam,1,0,0.24,935,0
12.04,Cotton,Black,0,1,0.81,690,0
12.57,Sugarcane,Sandy,1,0,0.37,505,0
2.41,Wheat,Sandy,1,1,0.55,926,1
1.48,Rice,Black,0,0,0.92,650,0
11.65,Millets,Sandy,1,1,0.66,1059,1
1.64,Millets,Sandy,0,1,0.65,515,0
3.54,Maize,Loam,1,0,0.28,1091,0
10.62,Rice,Sandy,0,0,0.56,478,0
9.92,Wheat,Black,0,0,0.26,693,0
7.36,Millets,Loam,1,1,0.66,1074,1
11.45,Rice,Sandy,1,0,0.85,990,0
12.75,Maize,Loam,0,0,0.27,532,0
2.99,Cotton,Clay,0,1,0.32,1400,0
7.47,Millets,Clay,0,0,0.2,413,0
1.81,Rice,Clay,1,0,0.52,945,0
12.08,Cotton,Sandy,0,0,0.47,1398,0
10.31,Millets,Clay,0,1,0.55,493,0
1.52,Maize,Sandy,1,0,0.54,405,0
11.01,Cotton,Sandy,1,1,0.5,1190,1
11.65,Wheat,Clay,0,0,0.69,1039,0
14.34,Wheat,Black,0,0,0.42,512,0
0.54,Rice,Sandy,1,0,0.79,926,0
1.72,Cotton,Black,0,1,0.75,384,0
8.43,Sugarcane,Black,0,1,0.74,452,0
5.03,Sugarcane,Loam,1,0,0.49,604,0
11.82,Sugarcane,Clay,1,1,0.22,1185,0
5.81,Maize,Sandy,1,0,0.3,1101,0
14.55,Cotton,Black,0,1,0.32,754,0
1.55,Sugarcane,Loam,0,1,0.78,837,0
12.68,Rice,Black,1,0,0.43,340,0
5.73,Rice,Clay,1,1,0.68,1265,1
0.81,Cotton,Loam,0,0,0.73,459,0
1.03,Rice,Clay,0,1,0.74,1135,0
5.47,Wheat,Black,0,1,0.63,860,0
14.56,Millets,Sandy,0,1,0.91,1250,0
7.75,Maize,Black,0,1,0.29,1184,0
3.83,Maize,Loam,0,0,0.53,1197,0
2.22,Rice,Black,1,1,0.58,1064,1
10.32,Millets,Sandy,1,1,0.43,533,0
12.81,Maize,Clay,1,0,0.78,527,0
6.97,Cotton,Clay,0,0,0.66,342,0
14.18,Sugarcane,Clay,0,1,0.89,544,0
4.34,Rice,Black,1,0,0.77,1307,0
2.46,Millets,Clay,0,1,0.52,788,0
14.02,Cotton,Clay,1,0,0.79,406,0
13.16,Rice,Loam,1,0,0.9,755,0
4.37,Maize,Loam,1,0,0.56,1242,0
14.47,Sugarcane,Black,0,1,0.35,609,0
5.12,Millets,Black,1,1,0.28,1101,0
8.73,Millets,Black,0,0,0.89,322,0
5.83,Cotton,Clay,1,1,0.65,548,1
9.98,Rice,Black,1,0,0.66,435,0
10.04,Sugarcane,Black,0,0,0.82,423,0
11.67,Maize,Loam,1,1,0.8,909,1
10.6,Millets,Black,0,0,0.58,331,0
9.72,Sugarcane,Black,1,1,0.61,712,1
10.38,Sugarcane,Clay,1,0,0.5,305,0
5.62,Wheat,Black,0,0,0.5,714,0
8.4,Rice,Black,0,0,0.54,1310,0
11.46,Maize,Clay,1,0,0.2,579,0
8.94,Maize,Clay,1,0,0.88,592,0
13.84,Millets,Clay,0,1,0.93,647,0
4.46,Wheat,Sandy,0,0,0.59,767,0
7.6,Maize,Clay,0,1,0.62,1373,0
2.5,Wheat,Black,0,1,0.41,345,0
5.46,Millets,Sandy,0,1,0.43,1009,0
13.48,Wheat,Black,1,0,0.42,602,0
0.76,Rice,Sandy,1,1,0.73,597,0
1.06,Millets,Clay,0,0,0.2,429,0
11.52,Millets,Loam,0,1,0.31,1193,0
13.37,Rice,Black,0,0,0.87,1330,0
8.93,Millets,Black,1,1,0.58,473,1
12.91,Sugarcane,Loam,0,0,0.87,1452,0
11.66,Cotton,Black,1,0,0.53,1054,0
1.98,Millets,Sandy,1,0,0.7,739,0
14.89,Sugarcane,Sandy,1,1,0.44,542,0
5.99,Cotton,Clay,1,0,0.62,556,0
4.82,Cotton,Loam,1,0,0.27,363,0
2.75,Millets,Clay,1,0,0.28,1307,0
1.95,Millets,Sandy,0,0,0.45,874,0
10.47,Wheat,Sandy,0,1,0.64,1267,0
9.46,Millets,Black,1,0,0.6,607,0
13.81,Cotton,Loam,1,0,0.69,768,0
11.76,Sugarcane,Sandy,0,1,0.34,1205,0
5.28,Maize,Clay,0,1,0.76,933,0
6.92,Maize,Sandy,1,1,0.59,1041,1
11.5,Sugarcane,Black,1,1,0.6,746,1
3.64,Sugarcane,Black,0,1,0.88,543,0
6.93,Cotton,Black,0,0,0.54,480,0
9.64,Maize,Clay,1,1,0.43,600,0
0.61,Rice,Sandy,0,0,0.41,420,0
2.68,Millets,Black,1,1,0.52,1095,1
14.24,Maize,Sandy,0,0,0.94,1252,0
11.72,Millets,Black,0,0,0.3,406,0
4.64,Millets,Clay,1,0,0.43,599,0
8.29,Sugarcane,Sandy,1,1,0.87,1194,1
4.68,Rice,Black,1,1,0.78,870,1
9.21,Millets,Loam,0,0,0.73,495,0
12.6,Millets,Black,0,0,0.52,495,0
10.65,Maize,Sandy,0,0,0.25,1320,0
13.99,Wheat,Sandy,0,0,0.27,506,0
5.01,Rice,Black,0,0,0.32,1401,0
7.75,Wheat,Clay,1,1,0.58,574,1
9.82,Sugarcane,Sandy,1,0,0.45,1236,0
6.08,Wheat,Black,1,1,0.39,1286,0
6.04,Maize,Sandy,0,0,0.39,1110,0
9.7,Wheat,Sandy,1,0,0.77,967,0
3.85,Sugarcane,Loam,0,1,0.88,869,0
1.98,Cotton,Loam,0,1,0.94,433,0
12.18,Millets,Black,1,0,0.33,1462,0
4.18,Sugarcane,Black,1,0,0.66,784,0
11.33,Millets,Black,1,1,0.23,1476,0
11.34,Cotton,Loam,1,0,0.22,840,0
8.71,Cotton,Sandy,0,0,0.8,817,0
3.34,Rice,Loam,1,1,0.82,1493,1
9.11,Sugarcane,Black,0,0,0.28,954,0
3.01,Rice,Loam,0,0,0.69,677,0
6.37,Millets,Sandy,1,1,0.93,931,1
1.79,Millets,Clay,0,1,0.27,650,0
5.2,Rice,Black,1,1,0.53,1346,1
4.04,Sugarcane,Black,1,0,0.74,965,0
14.97,Wheat,Clay,1,0,0.53,353,0
10.27,Cotton,Loam,0,0,0.41,980,0
8.67,Millets,Loam,1,0,0.76,870,0
12.77,Wheat,Clay,1,1,0.86,669,1
0.69,Cotton,Black,0,1,0.24,932,0
9.33,Wheat,Black,0,0,0.43,693,0
14.44,Millets,Loam,0,1,0.34,709,0
2.72,Sugarcane,Black,1,1,0.54,1228,1
3.07,Maize,Loam,0,1,0.21,1479,0
7.57,Millets,Loam,0,0,0.93,886,0
7.78,Maize,Clay,1,0,0.55,833,0
2.78,Sugarcane,Loam,1,1,0.51,353,1
9.97,Sugarcane,Loam,1,0,0.63,1166,0
0.78,Wheat,Loam,1,1,0.93,505,0
2.47,Sugarcane,Loam,0,0,0.62,921,0
11.03,Wheat,Clay,1,1,0.26,1487,0
13.46,Rice,Loam,0,0,0.35,341,0
0.64,Cotton,Clay,0,1,0.76,959,0
0.53,Sugarcane,Black,1,0,0.36,1217,0
9.17,Sugarcane,Clay,1,1,0.25,1431,0
3.57,Cotton,Sandy,0,1,0.43,1229,0
2.51,Millets,Loam,0,1,0.79,1410,0
3.98,Wheat,Sandy,0,1,0.32,807,0
2.37,Rice,Clay,1,0,0.82,1046,0
7.72,Millets,Sandy,1,0,0.36,1147,0
5.6,Sugarcane,Loam,1,0,0.26,1357,0
7.2,Maize,Loam,0,1,0.74,401,0
13.47,Millets,Black,1,1,0.52,916,1
11.17,Rice,Black,1,0,0.86,1408,0
12.42,Rice,Clay,1,1,0.71,1027,1
2.14,Rice,Clay,0,0,0.78,1403,0
11.63,Wheat,Sandy,0,1,0.78,762,0
10.4,Rice,Sandy,0,0,0.51,367,0
14.53,Maize,Loam,0,0,0.88,1372,0
5.93,Rice,Sandy,1,1,0.57,375,1
4.21,Millets,Clay,1,1,0.89,1225,1
7.04,Wheat,Loam,1,0,0.24,966,0
8.99,Maize,Loam,1,1,0.36,355,0
8.56,Millets,Sandy,0,1,0.92,1129,0
4.48,Cotton,Black,0,1,0.57,985,0
12.83,Millets,Loam,0,0,0.59,509,0
7.69,Millets,Clay,1,0,0.27,660,0
11.16,Maize,Loam,1,0,0.86,1491,0
3.16,Millets,Loam,0,1,0.45,993,0
3.97,Wheat,Sandy,1,1,0.34,783,0
11.03,Wheat,Black,0,1,0.48,992,0
2.72,Wheat,Black,0,0,0.38,1124,0
3.31,Maize,Loam,1,1,0.32,542,0
13.84,Cotton,Sandy,0,0,0.5,1063,0
3.85,Maize,Loam,0,1,0.93,1194,0
13.94,Sugarcane,Clay,1,0,0.82,830,0
13.06,Rice,Sandy,0,1,0.59,431,0
3.65,Millets,Clay,0,1,0.44,350,0
12.44,Millets,Sandy,0,0,0.6,732,0
6.05,Cotton,Clay,1,1,0.75,629,1
3.93,Millets,Sandy,1,0,0.56,806,0
4.08,Rice,Black,1,0,0.72,640,0
10.54,Sugarcane,Loam,0,0,0.28,1401,0
2.61,Maize,Clay,1,0,0.5,528,0
4.39,Wheat,Black,1,0,0.32,1453,0
10.07,Cotton,Sandy,1,0,0.54,763,0
4.95,Maize,Loam,1,1,0.8,819,1
9.19,Maize,Loam,0,0,0.58,1309,0
14.05,Sugarcane,Sandy,0,0,0.52,1383,0
7.31,Rice,Clay,0,0,0.36,978,0
3.17,Wheat,Black,0,1,0.58,911,0
8.12,Sugarcane,Loam,1,1,0.35,995,0
8.87,Millets,Loam,0,0,0.75,1408,0
10.22,Maize,Black,1,1,0.73,1330,1
13.65,Millets,Clay,0,0,0.41,724,0
1.08,Sugarcane,Sandy,0,0,0.69,1070,0
1.15,Maize,Clay,1,0,0.4,489,0
1.29,Cotton,Clay,0,0,0.61,1248,0
11.94,Sugarcane,Clay,0,0,0.25,736,0
9.22,Millets,Black,1,0,0.39,517,0
2.18,Millets,Black,1,1,0.43,1039,0
3.48,Sugarcane,Loam,1,1,0.4,320,0
8.93,Wheat,Loam,0,1,0.49,1038,0
3.5,Maize,Black,0,1,0.48,1045,0
1.14,Maize,Clay,0,0,0.6,393,0
11.92,Sugarcane,Clay,0,0,0.66,1275,0
11.66,Wheat,Black,0,0,0.72,803,0
13.93,Sugarcane,Loam,1,0,0.67,867,0
1.85,Cotton,Black,0,1,0.87,1150,0
6.76,Cotton,Loam,0,1,0.4,1358,0
0.84,Sugarcane,Black,1,0,0.8,1360,0
7.49,Maize,Clay,0,0,0.91,369,0
13.54,Cotton,Clay,0,1,0.75,1251,0
6.01,Maize,Loam,0,0,0.45,1000,0
10.53,Millets,Black,0,0,0.44,567,0
2.1,Cotton,Clay,0,0,0.52,796,0
2.52,Wheat,Loam,0,1,0.5,850,0
5.45,Sugarcane,Clay,1,0,0.4,1190,0
4.19,Sugarcane,Black,0,0,0.32,1457,0
9.22,Millets,Clay,1,0,0.27,1395,0
6.57,Millets,Sandy,0,1,0.57,480,0
11.02,Rice,Black,0,0,0.67,1220,0
5.36,Cotton,Sandy,0,1,0.41,343,0
7.4,Wheat,Clay,1,0,0.68,545,0
5.77,Wheat,Loam,0,0,0.47,1029,0
1.19,Cotton,Black,0,1,0.75,1190,0
4.9,Rice,Clay,1,0,0.31,1109,0
6.31,Rice,Sandy,0,0,0.48,1379,0
10.26,Wheat,Clay,0,0,0.82,1024,0
14.02,Cotton,Black,0,1,0.88,459,0
5.04,Cotton,Black,1,1,0.53,1198,1
2.85,Rice,Clay,0,1,0.79,774,0
3.22,Rice,Black,1,0,0.92,820,0
11.35,Cotton,Black,0,1,0.5,914,0
8.44,Cotton,Loam,0,1,0.23,1085,0
6.43,Millets,Clay,1,0,0.56,1421,0
9.89,Sugarcane,Clay,0,0,0.34,1326,0
9.47,Sugarcane,Loam,1,0,0.75,810,0
4.08,Maize,Clay,1,0,0.84,1210,0
10.35,Cotton,Clay,1,0,0.43,983,0
14.49,Rice,Clay,0,0,0.33,433,0
13.23,Millets,Black,1,0,0.31,829,0
8.35,Cotton,Loam,1,0,0.23,1397,0
8.73,Rice,Sandy,1,0,0.24,1279,0
1.42,Cotton,Sandy,1,1,0.7,853,0
12.79,Cotton,Black,1,1,0.55,1126,1
11.08,Wheat,Clay,1,1,0.61,434,1
4.57,Maize,Sandy,0,1,0.36,1355,0
3.6,Rice,Black,1,0,0.83,1460,0
10.06,Wheat,Black,0,0,0.78,1374,0
4.05,Millets,Black,1,0,0.56,484,0
13.95,Sugarcane,Loam,0,1,0.43,976,0
0.51,Maize,Clay,1,0,0.34,396,0
11.68,Wheat,Sandy,0,1,0.73,1339,0
6.88,Cotton,Loam,1,1,0.86,1220,1
13.49,Wheat,Clay,1,0,0.64,932,0
2.44,Wheat,Black,1,1,0.6,858,1
12.5,Millets,Loam,0,0,0.55,917,0
9.01,Millets,Sandy,1,0,0.43,517,0
13.62,Maize,Black,1,1,0.4,1248,0
2.39,Wheat,Clay,1,0,0.62,1492,0
11.16,Millets,Loam,0,0,0.48,783,0
3.61,Cotton,Sandy,0,0,0.8,1190,0
2.63,Cotton,Sandy,0,0,0.62,562,0
10.75,Rice,Black,1,0,0.86,809,0
13.43,Rice,Black,1,1,0.27,1357,0
10.1,Maize,Sandy,1,1,0.43,810,0
11.97,Cotton,Black,0,1,0.55,874,0
4.45,Rice,Clay,1,1,0.61,1440,1
14.86,Wheat,Clay,0,0,0.93,699,0
11.89,Rice,Clay,1,0,0.71,1279,0
6.99,Sugarcane,Sandy,0,0,0.29,307,0
7.32,Rice,Clay,0,1,0.44,982,0
1.39,Millets,Clay,0,0,0.65,769,0
8.44,Rice,Loam,1,0,0.68,1481,0
13.37,Maize,Sandy,0,1,0.23,872,0
1.57,Millets,Loam,0,0,0.79,409,0
7.18,Sugarcane,Clay,0,0,0.81,557,0
4.32,Cotton,Black,1,1,0.56,957,1
10.8,Wheat,Loam,1,1,0.26,717,0
14.25,Wheat,Sandy,0,1,0.61,553,0
11.13,Cotton,Loam,1,0,0.47,686,0
14.19,Millets,Loam,1,0,0.57,796,0
5.89,Millets,Clay,1,0,0.56,469,0
6.31,Sugarcane,Black,0,0,0.84,725,0
12.21,Wheat,Sandy,1,1,0.59,1355,1
8.56,Sugarcane,Loam,0,0,0.26,1325,0
3.9,Rice,Clay,0,0,0.74,1357,0
8.28,Sugarcane,Loam,1,0,0.8,1248,0
4.32,Sugarcane,Clay,0,1,0.64,1257,0
12.71,Sugarcane,Loam,1,1,0.4,834,0
0.97,Sugarcane,Sandy,1,1,0.28,1459,0
6.69,Maize,Loam,1,1,0.28,1418,0
2.03,Wheat,Clay,1,1,0.36,1091,0
4.55,Sugarcane,Sandy,1,0,0.56,987,0
2.61,Sugarcane,Loam,0,1,0.83,1110,0
2.38,Millets,Loam,1,0,0.42,617,0
12.37,Sugarcane,Black,0,0,0.87,620,0
6.65,Rice,Sandy,1,0,0.61,966,0
8.25,Wheat,Sandy,0,1,0.38,1382,0
0.93,Millets,Loam,0,0,0.83,641,0
9.86,Cotton,Sandy,1,1,0.68,500,1
3.8,Wheat,Clay,0,1,0.72,1402,0
5.28,Wheat,Loam,1,0,0.88,909,0
2.88,Sugarcane,Sandy,1,1,0.64,932,1
2.62,Millets,Clay,1,1,0.71,1150,1
4.98,Rice,Black,0,0,0.57,781,0
2.81,Wheat,Sandy,0,1,0.83,527,0
14.45,Millets,Black,1,0,0.85,1322,0
11.01,Wheat,Loam,0,0,0.54,549,0
7.81,Millets,Clay,1,1,0.73,1030,1
10.23,Millets,Loam,0,1,0.43,1195,0
7.44,Maize,Clay,1,0,0.61,1454,0
0.53,Sugarcane,Sandy,0,0,0.26,1142,0
13.52,Wheat,Black,1,1,0.71,1371,1
13.89,Wheat,Black,0,0,0.9,836,0
10.91,Rice,Loam,0,0,0.33,1438,0
4.51,Rice,Black,1,1,0.51,466,1
2.67,Cotton,Black,0,1,0.42,1500,0
12.81,Sugarcane,Loam,0,1,0.63,337,0
9.1,Millets,Black,0,0,0.87,641,0
8.77,Rice,Loam,0,0,0.78,1273,0
7.52,Rice,Sandy,0,1,0.59,1385,0
14.82,Rice,Black,0,0,0.28,390,0
4.0,Wheat,Clay,0,1,0.51,1355,0
11.77,Maize,Loam,1,1,0.7,384,1
9.38,Sugarcane,Loam,1,0,0.91,338,0
10.9,Sugarcane,Black,1,1,0.8,971,1
8.72,Cotton,Black,1,0,0.33,1136,0
5.92,Maize,Loam,1,1,0.32,1302,0
2.19,Wheat,Loam,0,1,0.74,1125,0
11.34,Millets,Black,1,0,0.23,1047,0
6.4,Sugarcane,Sandy,0,1,0.44,352,0
5.11,Rice,Black,1,0,0.51,1045,0
10.01,Sugarcane,Sandy,1,0,0.57,918,0
8.44,Rice,Sandy,0,0,0.68,346,0
3.13,Cotton,Black,0,1,0.78,1223,0
7.24,Rice,Loam,1,1,0.91,427,1
6.39,Millets,Black,1,0,0.65,777,0
10.09,Sugarcane,Clay,1,1,0.76,1072,1
7.03,Rice,Black,0,1,0.57,1089,0
11.48,Wheat,Clay,0,0,0.89,1027,0
14.49,Maize,Clay,1,0,0.87,1178,0
3.77,Wheat,Black,1,1,0.34,950,0
5.41,Maize,Clay,1,0,0.53,1220,0
7.97,Sugarcane,Loam,0,0,0.44,1466,0
12.73,Millets,Clay,0,1,0.94,787,0
3.27,Wheat,Loam,0,1,0.85,1450,0
1.54,Millets,Loam,0,0,0.8,1331,0
12.83,Cotton,Sandy,1,1,0.85,549,1
12.47,Cotton,Loam,1,1,0.86,1026,1
1.74,Sugarcane,Clay,1,1,0.22,327,0
13.77,Millets,Loam,0,0,0.82,383,0
3.03,Wheat,Loam,0,1,0.58,1040,0
11.25,Cotton,Loam,1,1,0.41,465,0
2.07,Cotton,Black,1,1,0.75,391,1
2.55,Sugarcane,Loam,0,1,0.76,799,0
13.57,Maize,Clay,0,0,0.69,1398,0
5.3,Wheat,Black,1,1,0.93,1026,1
1.95,Rice,Sandy,0,1,0.61,1282,0
3.68,Millets,Clay,1,0,0.53,364,0
11.05,Wheat,Clay,1,0,0.55,841,0
1.71,Sugarcane,Black,1,0,0.77,1227,0
7.64,Sugarcane,Clay,0,0,0.33,1337,0
0.75,Wheat,Clay,1,0,0.56,845,0
7.49,Sugarcane,Sandy,0,1,0.46,614,0
12.19,Millets,Black,1,1,0.5,605,1
12.12,Cotton,Loam,1,1,0.46,1195,0
7.21,Maize,Black,0,1,0.85,760,0
9.09,Cotton,Clay,0,0,0.34,1196,0
8.02,Rice,Clay,1,0,0.83,1176,0
12.94,Wheat,Loam,0,1,0.27,759,0
8.68,Millets,Black,0,1,0.36,363,0
6.05,Millets,Sandy,0,0,0.34,1257,0
11.45,Rice,Clay,0,1,0.49,404,0
8.87,Millets,Sandy,1,1,0.5,1230,1
1.06,Millets,Loam,1,1,0.94,654,0
5.92,Millets,Sandy,1,0,0.68,1056,0
5.4,Wheat,Sandy,1,0,0.85,1206,0
7.78,Rice,Loam,0,0,0.76,749,0
4.97,Maize,Loam,1,0,0.66,1453,0
6.28,Rice,Black,0,1,0.41,1127,0
14.17,Maize,Sandy,1,0,0.71,552,0
6.13,Cotton,Clay,1,1,0.36,499,0
5.52,Maize,Sandy,0,1,0.84,751,0
13.55,Cotton,Sandy,1,1,0.77,782,1
2.51,Sugarcane,Sandy,0,1,0.82,575,0
12.8,Maize,Black,1,0,0.38,452,0
4.3,Maize,Clay,0,0,0.58,1407,0
6.12,Cotton,Loam,0,0,0.2,327,0
7.95,Cotton,Clay,1,1,0.85,878,1
11.93,Sugarcane,Black,0,0,0.5,1471,0
10.68,Sugarcane,Black,1,0,0.6,776,0
4.15,Millets,Sandy,0,0,0.67,669,0
7.25,Cotton,Loam,0,0,0.93,556,0
12.97,Millets,Black,0,0,0.88,602,0
11.59,Millets,Sandy,1,0,0.75,929,0
0.77,Sugarcane,Loam,0,1,0.35,375,0
7.59,Sugarcane,Sandy,1,1,0.57,461,1
0.6,Millets,Black,1,1,0.35,1069,0
2.47,Rice,Black,1,1,0.49,606,0
6.69,Sugarcane,Clay,0,1,0.23,1327,0
13.7,Cotton,Clay,0,1,0.56,1024,0
6.61,Maize,Sandy,1,0,0.83,1259,0
3.41,Millets,Black,1,1,0.38,541,0
14.39,Sugarcane,Black,1,1,0.3,1266,0
10.78,Millets,Black,1,1,0.79,508,1
8.55,Maize,Loam,1,1,0.49,636,0
3.29,Rice,Sandy,0,0,0.79,1018,0
4.41,Wheat,Loam,1,0,0.75,408,0
11.37,Wheat,Clay,1,1,0.37,966,0
4.88,Wheat,Clay,0,0,0.31,565,0
9.64,Cotton,Clay,1,1,0.88,658,1
6.67,Cotton,Sandy,1,0,0.87,606,0
8.31,Maize,Black,1,0,0.83,1381,0
2.16,Millets,Black,0,0,0.39,1056,0
10.28,Cotton,Clay,0,1,0.3,1236,0
9.15,Wheat,Sandy,0,0,0.26,772,0
12.35,Rice,Black,1,1,0.68,966,1
13.63,Cotton,Black,1,0,0.67,519,0
12.36,Millets,Sandy,0,0,0.91,853,0
1.29,Maize,Clay,0,1,0.45,307,0
1.51,Rice,Clay,0,1,0.56,413,0
4.84,Maize,Clay,0,0,0.67,665,0
14.91,Cotton,Black,0,1,0.41,1122,0
11.1,Cotton,Black,0,1,0.8,412,0
13.95,Wheat,Loam,1,1,0.47,521,0
3.84,Wheat,Clay,1,0,0.66,1170,0
4.38,Maize,Sandy,0,1,0.46,452,0
14.38,Maize,Loam,1,0,0.49,1278,0
6.83,Wheat,Sandy,1,0,0.83,598,0
14.36,Wheat,Loam,0,0,0.73,971,0
12.4,Cotton,Black,0,0,0.73,423,0
6.17,Cotton,Clay,1,1,0.26,1238,0
6.14,Millets,Sandy,1,1,0.71,1127,1
8.95,Wheat,Loam,0,0,0.6,831,0
5.74,Wheat,Sandy,1,1,0.69,870,1
11.58,Sugarcane,Loam,1,1,0.4,421,0
3.99,Maize,Clay,1,1,0.68,1475,1
13.48,Millets,Sandy,1,1,0.87,783,1
12.4,Rice,Loam,1,1,0.71,800,1
5.43,Sugarcane,Black,1,1,0.71,894,1
1.87,Wheat,Black,0,1,0.62,1170,0
5.06,Wheat,Clay,0,0,0.79,1489,0
1.15,Wheat,Clay,1,1,0.63,963,0
2.06,Rice,Loam,0,1,0.41,986,0
0.9,Rice,Clay,0,1,0.67,1375,0
6.94,Cotton,Black,1,1,0.83,955,1
5.83,Sugarcane,Black,0,0,0.71,873,0
6.39,Maize,Sandy,0,1,0.92,801,0
6.31,Millets,Loam,0,0,0.45,715,0
5.23,Sugarcane,Black,0,0,0.89,981,0
10.86,Cotton,Black,0,0,0.84,1393,0
11.36,Sugarcane,Black,1,1,0.36,608,0
3.25,Maize,Black,0,1,0.94,1308,0
12.36,Millets,Clay,0,1,0.78,415,0
1.79,Sugarcane,Loam,0,1,0.68,728,0
9.16,Wheat,Sandy,1,1,0.39,1019,0
2.84,Maize,Sandy,0,1,0.77,401,0
11.57,Maize,Black,0,1,0.53,1264,0
12.3,Cotton,Loam,1,1,0.38,1343,0
4.98,Sugarcane,Loam,0,0,0.75,1194,0
9.86,Millets,Clay,1,0,0.31,663,0
9.63,Maize,Black,0,0,0.64,977,0
8.48,Maize,Black,0,0,0.94,876,0
8.55,Rice,Sandy,0,1,0.36,1170,0
14.34,Sugarcane,Sandy,1,1,0.71,1085,1
13.05,Sugarcane,Loam,0,1,0.52,1049,0
8.11,Cotton,Black,0,1,0.63,1220,0
6.92,Rice,Clay,0,1,0.94,1268,0
11.73,Rice,Loam,1,0,0.83,1206,0
13.95,Rice,Clay,0,0,0.68,614,0
14.14,Cotton,Black,0,0,0.21,1446,0
5.1,Rice,Sandy,1,1,0.79,1113,1
3.98,Wheat,Sandy,0,1,0.44,751,0
11.4,Maize,Sandy,1,0,0.94,679,0
5.77,Wheat,Clay,0,0,0.68,333,0
3.79,Sugarcane,Sandy,0,0,0.93,1325,0
0.94,Millets,Black,1,1,0.21,466,0
9.12,Sugarcane,Black,1,1,0.45,432,0
6.97,Wheat,Black,1,1,0.59,674,1
10.31,Cotton,Clay,1,0,0.65,423,0
10.87,Maize,Loam,0,1,0.31,1376,0
2.98,Wheat,Loam,1,1,0.6,933,1
12.96,Sugarcane,Black,1,0,0.63,759,0
11.45,Wheat,Sandy,0,1,0.78,875,0
11.91,Sugarcane,Loam,1,1,0.54,987,1
2.37,Millets,Loam,0,1,0.81,607,0
14.06,Cotton,Sandy,1,0,0.77,514,0
5.3,Sugarcane,Clay,0,1,0.73,1260,0
1.29,Rice,Clay,1,1,0.75,402,0
3.45,Sugarcane,Black,0,1,0.68,1059,0
2.49,Maize,Clay,1,0,0.51,1480,0
1.04,Rice,Black,1,0,0.39,350,0
8.79,Sugarcane,Loam,0,0,0.29,317,0
10.27,Sugarcane,Sandy,0,1,0.87,1067,0
12.82,Cotton,Sandy,0,1,0.29,951,0
8.27,Maize,Clay,1,1,0.87,529,1
0.99,Maize,Black,0,1,0.6,1315,0
3.96,Cotton,Clay,0,0,0.66,966,0
6.14,Sugarcane,Sandy,1,1,0.82,331,1
6.12,Rice,Loam,1,0,0.27,1292,0
6.11,Millets,Loam,0,1,0.4,922,0
3.69,Rice,Loam,1,1,0.88,475,1
12.7,Cotton,Black,0,0,0.37,703,0
7.0,Cotton,Sandy,0,1,0.55,630,0
5.88,Sugarcane,Black,1,1,0.74,662,1
6.18,Sugarcane,Loam,1,0,0.45,1468,0
14.63,Rice,Clay,0,0,0.52,1182,0
11.6,Cotton,Clay,1,1,0.7,446,1
7.27,Millets,Sandy,1,0,0.6,310,0
10.46,Rice,Loam,0,0,0.71,896,0
10.13,Rice,Sandy,1,0,0.37,458,0
9.42,Maize,Black,1,0,0.38,530,0
9.02,Rice,Loam,0,1,0.73,549,0
4.77,Rice,Black,1,0,0.8,597,0
1.33,Millets,Sandy,0,1,0.36,1060,0
8.29,Wheat,Clay,0,0,0.92,926,0
9.79,Millets,Clay,1,1,0.65,1279,1
10.38,Sugarcane,Black,0,1,0.39,1447,0
2.36,Rice,Loam,0,0,0.92,1455,0
11.16,Cotton,Sandy,0,1,0.68,835,0
0.93,Sugarcane,Loam,0,1,0.62,860,0
13.24,Maize,Black,0,1,0.34,1434,0
8.47,Sugarcane,Sandy,1,0,0.56,1226,0
3.71,Maize,Clay,0,1,0.69,1239,0
6.98,Cotton,Sandy,0,0,0.69,1331,0
13.47,Maize,Sandy,0,0,0.93,1256,0
8.95,Millets,Loam,0,1,0.77,1474,0
8.42,Wheat,Black,1,0,0.34,784,0
1.33,Maize,Black,1,1,0.67,655,0
7.35,Millets,Clay,1,1,0.51,1198,1
9.49,Sugarcane,Sandy,1,1,0.29,800,0
10.3,Cotton,Loam,0,1,0.47,1223,0
11.54,Maize,Sandy,0,1,0.84,598,0
8.52,Rice,Clay,1,0,0.26,1234,0
11.15,Cotton,Sandy,1,0,0.56,1168,0
11.44,Maize,Loam,0,0,0.28,487,0
14.63,Maize,Sandy,0,1,0.6,1302,0
12.79,Sugarcane,Loam,0,0,0.57,992,0
6.38,Millets,Black,0,0,0.42,878,0
6.17,Cotton,Clay,0,0,0.81,426,0
1.35,Cotton,Loam,0,1,0.55,351,0
11.89,Wheat,Clay,1,1,0.48,1408,0
14.62,Rice,Sandy,1,0,0.93,327,0
6.33,Maize,Sandy,1,0,0.68,607,0
8.61,Maize,Black,0,0,0.37,399,0
6.76,Maize,Sandy,1,0,0.24,1056,0
11.41,Rice,Loam,0,1,0.86,1275,0
8.33,Millets,Clay,0,0,0.63,878,0
14.61,Millets,Clay,1,0,0.71,1074,0
9.36,Maize,Sandy,0,1,0.67,902,0
6.07,Maize,Clay,0,1,0.66,1177,0
9.14,Rice,Sandy,1,1,0.73,761,1
14.32,Millets,Sandy,0,1,0.63,521,0
12.54,Wheat,Clay,1,1,0.54,416,1
10.13,Rice,Sandy,1,0,0.95,369,0
13.27,Maize,Black,0,1,0.32,1052,0
11.5,Rice,Loam,1,0,0.52,951,0
3.71,Maize,Black,1,0,0.44,1454,0
12.85,Wheat,Clay,0,0,0.29,380,0
14.68,Millets,Loam,1,1,0.55,1276,1
9.41,Wheat,Black,0,0,0.57,568,0
10.84,Sugarcane,Sandy,0,0,0.9,440,0
9.88,Sugarcane,Clay,0,0,0.68,317,0
8.78,Sugarcane,Loam,0,0,0.91,1238,0
1.79,Wheat,Black,1,0,0.36,1364,0
13.06,Wheat,Loam,1,1,0.87,920,1
4.07,Maize,Clay,1,1,0.8,1023,1
2.45,Cotton,Sandy,1,1,0.43,515,0
7.06,Cotton,Loam,0,0,0.33,947,0
0.96,Millets,Black,0,0,0.29,681,0
6.07,Millets,Clay,0,1,0.52,535,0
4.83,Wheat,Clay,0,0,0.52,916,0
2.83,Maize,Loam,0,0,0.35,345,0
10.32,Wheat,Sandy,1,1,0.61,893,1
4.31,Sugarcane,Clay,1,0,0.39,799,0
8.25,Sugarcane,Clay,0,0,0.29,1112,0
5.31,Rice,Sandy,1,0,0.31,1040,0
8.56,Rice,Sandy,1,0,0.68,339,0
5.12,Millets,Black,1,1,0.64,424,1
12.84,Rice,Clay,1,1,0.26,1065,0
13.31,Millets,Loam,1,0,0.93,1253,0
2.47,Cotton,Clay,0,1,0.4,427,0
9.74,Wheat,Black,0,0,0.44,475,0
13.93,Cotton,Clay,1,0,0.53,360,0
1.87,Maize,Black,0,1,0.66,1251,0
11.26,Sugarcane,Sandy,0,1,0.58,1123,0
13.53,Rice,Sandy,1,1,0.45,1431,0
8.82,Sugarcane,Sandy,1,0,0.52,953,0
13.37,Millets,Sandy,0,0,0.25,1165,0
11.7,Cotton,Loam,0,1,0.71,1486,0
11.51,Rice,Loam,0,0,0.62,803,0
5.53,Rice,Black,0,1,0.75,1419,0
2.22,Sugarcane,Black,1,1,0.29,378,0
13.67,Wheat,Loam,0,0,0.55,855,0
8.51,Rice,Loam,1,1,0.81,785,1
7.55,Sugarcane,Black,1,0,0.68,679,0
8.24,Cotton,Loam,1,1,0.87,573,1
6.78,Sugarcane,Clay,1,1,0.22,1153,0
14.87,Millets,Clay,1,0,0.25,752,0
9.69,Wheat,Loam,1,0,0.57,435,0
12.84,Rice,Black,0,0,0.82,950,0
14.88,Wheat,Loam,0,1,0.39,1283,0
2.69,Rice,Loam,0,0,0.31,1285,0
3.86,Cotton,Sandy,0,1,0.48,771,0
8.47,Rice,Sandy,1,0,0.66,1243,0
3.56,Millets,Sandy,1,0,0.42,1335,0
13.05,Rice,Sandy,0,1,0.76,716,0
11.11,Maize,Clay,0,1,0.92,419,0
10.03,Cotton,Clay,0,0,0.53,743,0
14.36,Sugarcane,Black,0,0,0.3,844,0
1.36,Rice,Loam,0,1,0.27,1357,0
7.95,Maize,Clay,1,1,0.79,544,1
14.43,Millets,Sandy,0,0,0.68,712,0
4.65,Millets,Loam,0,1,0.42,730,0
5.71,Sugarcane,Clay,1,1,0.63,870,1
12.87,Wheat,Sandy,1,1,0.91,833,1
5.6,Millets,Loam,0,0,0.29,803,0
12.91,Sugarcane,Loam,0,0,0.64,870,0
11.46,Rice,Black,1,0,0.24,861,0
1.01,Maize,Black,1,1,0.26,1267,0
1.02,Maize,Clay,1,1,0.62,1260,0
1.56,Wheat,Clay,1,0,0.91,884,0
13.12,Sugarcane,Loam,1,1,0.56,1168,1
1.27,Maize,Loam,0,0,0.72,1100,0
3.93,Millets,Sandy,0,0,0.73,1031,0
6.77,Maize,Clay,1,0,0.8,1326,0
11.67,Sugarcane,Black,0,0,0.48,1432,0
9.86,Cotton,Loam,1,1,0.43,921,0
4.6,Millets,Sandy,0,0,0.78,1418,0
6.26,Rice,Black,1,1,0.84,1229,1
5.49,Maize,Sandy,0,1,0.37,737,0
14.46,Wheat,Loam,1,1,0.38,1398,0
11.42,Wheat,Sandy,0,0,0.63,520,0
11.29,Rice,Black,0,0,0.84,547,0
0.63,Rice,Loam,1,0,0.88,936,0
1.68,Rice,Clay,1,1,0.64,577,0
4.06,Millets,Clay,1,1,0.23,664,0
8.56,Wheat,Clay,0,1,0.61,800,0
1.39,Millets,Clay,1,1,0.81,891,0
0.85,Sugarcane,Clay,1,1,0.89,1235,0
1.37,Sugarcane,Clay,0,1,0.62,976,0
5.67,Millets,Sandy,0,0,0.6,784,0
5.62,Maize,Clay,0,0,0.91,931,0
8.72,Wheat,Sandy,0,1,0.91,927,0
2.03,Cotton,Sandy,1,1,0.79,1168,1
6.53,Rice,Sandy,0,1,0.78,595,0
13.92,Wheat,Clay,1,0,0.21,796,0
7.52,Cotton,Loam,1,1,0.77,789,1
6.87,Sugarcane,Black,0,1,0.61,456,0
8.53,Sugarcane,Sandy,0,1,0.86,359,0
8.36,Cotton,Loam,0,0,0.38,685,0
14.09,Millets,Sandy,0,1,0.63,839,0
10.71,Cotton,Clay,1,0,0.56,332,0
1.93,Maize,Clay,1,1,0.72,1144,0
0.89,Rice,Clay,0,1,0.95,555,0
8.03,Millets,Sandy,0,0,0.26,815,0
14.25,Rice,Black,0,0,0.94,1415,0
1.66,Maize,Sandy,1,0,0.59,494,0
2.58,Rice,Clay,1,1,0.94,730,1
8.7,Maize,Black,1,1,0.65,348,1
5.23,Sugarcane,Sandy,1,0,0.21,950,0
7.14,Sugarcane,Loam,1,0,0.71,584,0
13.75,Sugarcane,Loam,0,0,0.34,871,0
13.98,Rice,Black,0,0,0.41,1495,0
7.39,Rice,Sandy,0,1,0.75,1194,0
4.92,Rice,Sandy,1,1,0.46,961,0
1.43,Rice,Sandy,0,0,0.46,903,0
10.92,Sugarcane,Loam,1,1,0.48,1291,0
14.94,Wheat,Black,0,1,0.36,1287,0
6.54,Wheat,Sandy,0,0,0.34,1035,0
6.02,Cotton,Sandy,1,1,0.28,1346,0
5.95,Millets,Black,0,0,0.5,568,0
3.72,Rice,Clay,0,0,0.65,547,0
7.4,Wheat,Sandy,0,0,0.54,654,0
1.46,Maize,Clay,1,1,0.7,782,0
14.31,Cotton,Loam,1,1,0.79,1016,1
1.84,Sugarcane,Black,0,0,0.26,972,0
3.32,Sugarcane,Black,1,1,0.32,1423,0
14.94,Wheat,Clay,0,1,0.82,1318,0
11.89,Cotton,Clay,1,1,0.51,383,1
6.02,Millets,Sandy,1,1,0.49,652,0
11.66,Cotton,Clay,1,1,0.44,932,0
12.27,Rice,Loam,1,0,0.31,1026,0
4.62,Cotton,Sandy,1,1,0.36,961,0
0.91,Rice,Black,0,1,0.57,480,0
1.69,Wheat,Loam,0,0,0.88,1119,0
1.43,Cotton,Clay,1,0,0.36,551,0
7.07,Cotton,Sandy,0,0,0.72,1208,0
5.35,Rice,Loam,0,1,0.84,1270,0
7.48,Rice,Loam,0,1,0.48,533,0
13.17,Sugarcane,Sandy,0,0,0.65,1213,0
14.15,Wheat,Black,1,0,0.53,1283,0
8.31,Wheat,Loam,1,0,0.76,327,0
12.93,Millets,Clay,1,0,0.41,1201,0
11.75,Sugarcane,Loam,1,0,0.5,839,0
6.42,Wheat,Black,0,1,0.8,1061,0
4.07,Sugarcane,Black,1,0,0.66,992,0
11.29,Rice,Clay,0,1,0.3,506,0
11.16,Rice,Loam,1,1,0.5,1154,1
7.84,Cotton,Clay,0,0,0.81,387,0
6.74,Wheat,Black,1,1,0.45,312,0
10.79,Sugarcane,Loam,0,0,0.31,1380,0
6.95,Sugarcane,Black,1,1,0.24,763,0
10.64,Wheat,Sandy,0,1,0.22,902,0
4.62,Maize,Clay,0,1,0.66,860,0
14.45,Maize,Clay,1,1,0.42,818,0
5.51,Millets,Loam,1,1,0.29,319,0
14.37,Millets,Sandy,1,1,0.73,329,1
8.79,Sugarcane,Clay,1,0,0.77,860,0
12.07,Sugarcane,Black,1,1,0.93,892,1
10.83,Cotton,Clay,0,1,0.59,1002,0
5.47,Rice,Clay,0,0,0.58,1136,0
12.51,Wheat,Sandy,1,1,0.52,1356,1
4.83,Sugarcane,Clay,1,1,0.25,501,0
14.07,Millets,Loam,1,1,0.84,1383,1
1.5,Cotton,Clay,1,0,0.68,432,0
1.04,Maize,Clay,0,0,0.9,581,0
7.02,Rice,Clay,1,0,0.34,1473,0
6.05,Millets,Black,1,0,0.39,453,0
1.39,Millets,Clay,1,1,0.28,469,0
11.27,Maize,Clay,0,0,0.54,625,0
8.8,Millets,Sandy,1,1,0.43,766,0
4.02,Wheat,Sandy,1,1,0.4,579,0
12.62,Wheat,Clay,1,0,0.64,381,0
10.57,Sugarcane,Clay,0,0,0.78,1012,0
3.33,Maize,Black,0,0,0.34,563,0
6.22,Wheat,Sandy,1,1,0.72,1440,1
1.86,Wheat,Clay,0,0,0.43,593,0
2.64,Millets,Sandy,1,0,0.79,1362,0
2.75,Millets,Clay,0,1,0.42,754,0
4.21,Rice,Black,0,0,0.23,566,0
0.86,Sugarcane,Black,1,1,0.71,617,0
9.66,Rice,Sandy,0,0,0.38,1041,0
6.08,Sugarcane,Sandy,1,1,0.92,502,1
2.64,Wheat,Sandy,1,1,0.21,1229,0
12.37,Maize,Black,0,0,0.2,544,0
13.6,Sugarcane,Loam,0,0,0.54,1010,0
10.38,Sugarcane,Black,1,0,0.83,808,0
1.86,Sugarcane,Loam,0,0,0.78,1211,0
13.39,Cotton,Clay,1,1,0.77,810,1
1.3,Maize,Black,0,1,0.68,1451,0
7.46,Maize,Black,0,0,0.86,748,0
0.95,Millets,Black,1,0,0.25,548,0
7.38,Cotton,Sandy,1,0,0.81,348,0
0.95,Sugarcane,Loam,1,1,0.7,314,0
8.98,Millets,Black,1,1,0.89,783,1
10.96,Wheat,Loam,0,0,0.33,1410,0
6.17,Sugarcane,Black,1,0,0.89,1012,0
4.55,Millets,Black,0,1,0.34,578,0
2.47,Cotton,Sandy,0,0,0.84,564,0
8.26,Millets,Sandy,1,1,0.22,1197,0
12.68,Millets,Black,1,0,0.85,326,0
2.1,Rice,Black,1,0,0.85,1364,0
7.28,Millets,Loam,1,0,0.58,950,0
6.37,Cotton,Sandy,0,0,0.66,721,0
5.77,Maize,Black,0,0,0.74,385,0
12.6,Cotton,Black,1,0,0.58,569,0
3.98,Maize,Loam,1,0,0.79,469,0
13.39,Wheat,Sandy,1,1,0.56,1331,1
11.78,Maize,Loam,1,0,0.78,1448,0
14.78,Sugarcane,Loam,1,0,0.33,639,0
10.24,Sugarcane,Sandy,0,0,0.38,830,0
9.53,Maize,Clay,0,0,0.88,1135,0
4.35,Maize,Black,1,1,0.38,849,0
2.46,Cotton,Loam,0,1,0.34,741,0
9.49,Wheat,Black,0,1,0.38,607,0
13.48,Wheat,Loam,1,0,0.86,861,0
8.2,Rice,Loam,1,1,0.2,723,0
9.03,Rice,Black,0,1,0.73,1109,0
14.58,Rice,Clay,1,1,0.91,661,1
8.52,Cotton,Sandy,0,1,0.73,923,0
13.77,Rice,Black,1,0,0.74,989,0
13.59,Maize,Sandy,0,0,0.92,1015,0
14.32,Rice,Black,1,1,0.33,1296,0
0.6,Rice,Clay,0,0,0.84,413,0
8.08,Sugarcane,Sandy,0,0,0.85,1206,0
13.46,Wheat,Black,0,0,0.81,452,0
11.18,Wheat,Black,0,0,0.37,308,0
11.53,Cotton,Black,1,0,0.23,1248,0
5.11,Millets,Black,0,1,0.47,1363,0
2.08,Cotton,Loam,1,1,0.67,462,1
14.39,Millets,Black,1,1,0.67,971,1
14.56,Maize,Sandy,1,0,0.94,1349,0
6.35,Cotton,Sandy,1,1,0.47,1257,0
2.25,Cotton,Black,0,1,0.53,516,0
1.21,Maize,Loam,0,1,0.31,1389,0
13.84,Millets,Sandy,0,1,0.35,694,0
12.86,Millets,Sandy,1,0,0.32,733,0
8.77,Sugarcane,Clay,1,1,0.42,300,0
8.24,Millets,Sandy,1,1,0.68,1452,1
3.28,Maize,Loam,1,1,0.58,1219,1
6.32,Rice,Loam,0,1,0.91,1297,0
9.63,Maize,Black,0,1,0.59,839,0
7.4,Rice,Clay,1,1,0.91,771,1
7.49,Rice,Clay,1,1,0.22,378,0
9.73,Cotton,Sandy,0,1,0.56,1388,0
7.32,Wheat,Sandy,1,0,0.52,1241,0
14.92,Rice,Sandy,0,0,0.94,471,0
13.7,Sugarcane,Sandy,0,1,0.46,997,0
7.34,Rice,Sandy,1,0,0.74,1026,0
2.83,Maize,Sandy,0,0,0.86,1071,0
3.59,Maize,Sandy,0,0,0.63,1463,0
9.92,Rice,Sandy,1,0,0.61,374,0
7.81,Cotton,Black,0,1,0.95,612,0
8.84,Sugarcane,Black,1,1,0.53,1192,1
13.63,Wheat,Loam,0,0,0.43,767,0
6.59,Rice,Sandy,0,0,0.43,1303,0
2.39,Rice,Black,1,1,0.22,624,0
8.21,Millets,Black,0,0,0.59,1212,0
3.41,Wheat,Sandy,1,0,0.6,1250,0
4.61,Rice,Loam,1,0,0.28,1187,0
4.91,Wheat,Clay,0,0,0.75,1361,0
10.27,Cotton,Black,0,1,0.53,1340,0
1.86,Wheat,Loam,1,0,0.29,1441,0
14.71,Rice,Clay,0,0,0.33,1100,0
14.25,Rice,Loam,0,1,0.44,1203,0
7.22,Rice,Clay,1,0,0.39,608,0
11.03,Rice,Loam,0,1,0.88,1429,0
6.52,Maize,Clay,1,1,0.41,1433,0
12.0,Sugarcane,Black,0,1,0.73,503,0
11.57,Wheat,Sandy,0,0,0.89,1127,0
10.81,Rice,Sandy,0,0,0.84,1018,0
7.78,Rice,Loam,0,0,0.28,833,0
8.11,Cotton,Loam,0,0,0.85,1214,0
8.0,Millets,Clay,0,1,0.91,601,0
6.38,Rice,Clay,1,0,0.75,421,0
10.74,Sugarcane,Clay,1,0,0.53,967,0
14.41,Rice,Loam,1,0,0.32,1196,0
13.85,Millets,Loam,0,1,0.93,789,0
11.19,Millets,Black,1,0,0.87,1121,0
13.13,Wheat,Sandy,0,0,0.6,1453,0
14.19,Cotton,Sandy,0,1,0.91,946,0
2.8,Sugarcane,Loam,0,0,0.89,618,0
2.84,Millets,Black,1,1,0.56,1090,1
5.14,Millets,Clay,1,1,0.42,727,0
1.59,Sugarcane,Black,0,1,0.2,953,0
11.38,Millets,Loam,0,1,0.32,354,0
5.08,Cotton,Black,0,0,0.2,1190,0
2.5,Sugarcane,Clay,0,1,0.49,1497,0
11.54,Wheat,Clay,0,1,0.27,1407,0
2.03,Maize,Sandy,1,1,0.65,1297,1
2.57,Cotton,Sandy,1,0,0.31,920,0
11.01,Millets,Loam,1,1,0.44,1091,0
1.57,Maize,Clay,1,0,0.4,301,0
4.45,Maize,Clay,0,0,0.3,494,0
3.0,Cotton,Black,0,1,0.93,909,0
3.31,Cotton,Clay,1,0,0.87,998,0
10.42,Rice,Loam,1,0,0.48,365,0
2.95,Millets,Sandy,0,1,0.43,1001,0
2.35,Rice,Loam,0,0,0.22,1384,0
1.44,Cotton,Loam,1,1,0.53,461,0
1.6,Wheat,Sandy,1,1,0.76,1158,0
12.95,Cotton,Clay,0,0,0.52,1334,0
1.76,Millets,Loam,0,1,0.37,655,0
7.89,Sugarcane,Clay,1,0,0.5,540,0
1.27,Sugarcane,Sandy,1,0,0.24,530,0
0.91,Rice,Loam,1,0,0.62,1161,0
8.43,Millets,Loam,1,0,0.69,837,0
6.77,Wheat,Loam,1,0,0.24,825,0
1.98,Sugarcane,Black,1,0,0.86,526,0
2.38,Cotton,Black,1,0,0.45,733,0
3.16,Rice,Sandy,0,0,0.77,911,0
7.92,Cotton,Loam,0,1,0.37,561,0
5.14,Cotton,Black,1,0,0.75,322,0
0.52,Rice,Loam,0,1,0.45,603,0
8.97,Sugarcane,Clay,1,0,0.34,1370,0
13.24,Maize,Loam,1,0,0.54,860,0
4.56,Wheat,Loam,1,0,0.72,332,0
13.13,Cotton,Sandy,0,1,0.8,1157,0
6.75,Wheat,Sandy,0,1,0.47,1391,0
1.38,Rice,Black,0,1,0.91,932,0
6.57,Cotton,Sandy,0,0,0.23,356,0
10.55,Millets,Clay,1,1,0.32,372,0
2.03,Maize,Clay,0,1,0.66,525,0
14.19,Wheat,Black,1,1,0.25,632,0
14.37,Sugarcane,Sandy,1,0,0.34,835,0
14.12,Cotton,Black,1,0,0.67,680,0
0.69,Millets,Sandy,0,0,0.25,493,0
12.15,Cotton,Sandy,0,0,0.53,363,0
4.32,Wheat,Loam,1,1,0.63,1109,1
12.29,Rice,Clay,1,1,0.62,605,1
7.47,Sugarcane,Black,0,1,0.32,853,0
8.8,Millets,Clay,1,1,0.29,995,0
6.34,Sugarcane,Sandy,1,1,0.21,401,0
9.81,Millets,Sandy,0,1,0.74,755,0
8.42,Wheat,Sandy,0,1,0.69,1390,0
1.38,Maize,Sandy,1,1,0.52,1055,0
12.48,Wheat,Loam,0,1,0.56,1401,0
8.36,Millets,Loam,0,0,0.93,1300,0
8.07,Millets,Clay,1,1,0.23,1130,0
8.27,Millets,Loam,1,1,0.68,775,1
1.6,Rice,Clay,0,0,0.35,624,0
14.32,Rice,Black,0,0,0.61,931,0
3.58,Sugarcane,Black,1,1,0.43,459,0
4.09,Millets,Sandy,0,0,0.48,687,0
0.64,Millets,Clay,1,0,0.67,827,0
10.35,Cotton,Clay,0,0,0.82,920,0
11.93,Sugarcane,Clay,1,0,0.75,1006,0
4.3,Sugarcane,Clay,1,0,0.73,1013,0
10.26,Maize,Clay,1,1,0.31,490,0
10.7,Maize,Black,1,1,0.93,455,1
6.94,Rice,Sandy,1,1,0.9,947,1
6.42,Maize,Sandy,1,0,0.22,1014,0
10.46,Millets,Clay,0,0,0.49,1417,0
12.44,Sugarcane,Loam,0,1,0.46,844,0
4.46,Millets,Clay,0,0,0.58,566,0
8.07,Sugarcane,Sandy,0,0,0.27,366,0
2.14,Rice,Loam,1,1,0.89,1345,1
8.91,Maize,Clay,1,0,0.86,1412,0
5.66,Sugarcane,Sandy,1,0,0.75,1286,0
3.14,Cotton,Loam,1,1,0.24,1347,0
9.93,Maize,Loam,1,1,0.3,495,0
1.4,Wheat,Black,1,1,0.41,737,0
4.66,Sugarcane,Loam,0,1,0.76,812,0
4.24,Maize,Clay,1,1,0.81,618,1
10.65,Sugarcane,Clay,0,0,0.26,1385,0
3.35,Cotton,Sandy,1,1,0.69,1160,1
13.94,Rice,Sandy,1,1,0.75,458,1
3.21,Millets,Sandy,1,0,0.79,547,0
5.55,Millets,Sandy,1,1,0.65,676,1
8.88,Millets,Loam,1,1,0.88,349,1
13.68,Wheat,Loam,0,1,0.63,683,0
10.56,Maize,Loam,0,1,0.75,1330,0
8.06,Sugarcane,Loam,0,0,0.9,1401,0
12.8,Millets,Loam,0,0,0.45,1019,0
12.49,Maize,Sandy,0,1,0.52,1302,0
10.97,Millets,Sandy,1,1,0.71,426,1
14.21,Wheat,Loam,1,1,0.74,740,1
3.14,Millets,Loam,1,0,0.94,1301,0
13.02,Maize,Sandy,0,1,0.75,1305,0
5.32,Maize,Clay,1,1,0.23,408,0
3.88,Cotton,Sandy,1,1,0.68,1297,1
10.31,Millets,Sandy,0,1,0.48,1461,0
14.53,Millets,Clay,1,1,0.63,712,1
10.71,Wheat,Loam,1,0,0.75,1381,0
5.21,Rice,Sandy,1,0,0.61,1411,0
11.44,Rice,Clay,0,0,0.86,703,0
6.05,Millets,Clay,1,0,0.85,1140,0
8.67,Rice,Loam,0,0,0.27,1278,0
5.54,Millets,Clay,0,0,0.48,1167,0
6.33,Millets,Clay,0,1,0.73,1367,0
4.46,Sugarcane,Loam,0,1,0.71,558,0
14.35,Rice,Black,1,1,0.74,528,1
1.78,Rice,Clay,1,1,0.82,616,0
11.33,Maize,Loam,1,1,0.34,1229,0
11.05,Sugarcane,Black,1,0,0.85,346,0
5.5,Wheat,Loam,0,0,0.28,1484,0
2.49,Millets,Loam,0,1,0.28,737,0
14.8,Maize,Loam,1,1,0.33,518,0
1.06,Millets,Clay,0,1,0.21,700,0
2.84,Sugarcane,Sandy,0,0,0.3,860,0
9.53,Wheat,Sandy,0,0,0.53,864,0
3.75,Millets,Sandy,0,0,0.81,606,0
14.81,Wheat,Sandy,0,1,0.36,604,0
0.76,Sugarcane,Black,1,0,0.4,343,0
9.16,Millets,Clay,1,1,0.73,864,1
13.46,Sugarcane,Black,1,1,0.8,1018,1
9.51,Wheat,Clay,1,0,0.45,1306,0
7.96,Cotton,Clay,0,0,0.64,483,0
3.59,Wheat,Sandy,1,1,0.55,913,1
13.72,Wheat,Sandy,0,1,0.77,520,0
13.01,Millets,Black,0,0,0.37,379,0
2.48,Sugarcane,Sandy,0,1,0.25,831,0
14.48,Wheat,Black,1,1,0.86,916,1
8.27,Rice,Loam,1,0,0.31,1103,0
13.34,Millets,Sandy,1,0,0.64,1413,0
8.12,Millets,Clay,0,1,0.29,717,0
14.6,Wheat,Black,1,1,0.44,1293,0
11.96,Cotton,Black,1,1,0.67,956,1
14.75,Cotton,Black,1,0,0.74,1337,0
2.96,Rice,Sandy,0,0,0.66,1044,0
14.01,Millets,Clay,1,1,0.9,615,1
5.8,Wheat,Black,1,1,0.66,693,1
1.65,Cotton,Clay,1,0,0.41,674,0
8.94,Maize,Loam,0,1,0.47,1384,0
2.23,Sugarcane,Loam,0,0,0.91,1234,0
9.26,Cotton,Clay,0,0,0.88,586,0
7.25,Rice,Black,0,0,0.57,696,0
14.83,Sugarcane,Clay,1,0,0.46,985,0
13.88,Cotton,Sandy,1,0,0.48,590,0
9.59,Sugarcane,Black,1,0,0.71,1340,0
12.16,Maize,Black,0,1,0.35,1311,0
12.89,Cotton,Sandy,0,0,0.44,781,0
3.66,Cotton,Sandy,0,1,0.76,1394,0
14.81,Rice,Sandy,0,0,0.44,814,0
12.1,Cotton,Clay,0,1,0.88,1065,0
11.87,Cotton,Clay,0,0,0.69,1315,0
14.35,Millets,Clay,0,0,0.38,1419,0
10.47,Sugarcane,Sandy,1,0,0.57,967,0
13.99,Millets,Black,0,1,0.4,487,0
3.25,Millets,Clay,1,0,0.37,1336,0
6.67,Sugarcane,Sandy,1,1,0.28,1259,0
7.45,Maize,Black,0,0,0.66,648,0
6.51,Maize,Sandy,1,0,0.9,849,0
4.86,Rice,Sandy,1,1,0.32,952,0
8.21,Wheat,Loam,0,0,0.46,643,0
4.41,Cotton,Sandy,1,0,0.44,590,0
14.17,Millets,Sandy,0,0,0.2,755,0
7.6,Cotton,Clay,0,0,0.28,1267,0
11.04,Millets,Clay,1,0,0.58,960,0
12.78,Cotton,Loam,0,0,0.9,938,0
13.95,Cotton,Sandy,0,0,0.63,620,0
3.69,Cotton,Sandy,1,1,0.5,1347,1
9.79,Sugarcane,Clay,1,1,0.43,636,0
11.66,Millets,Sandy,1,1,0.65,1036,1
12.49,Sugarcane,Black,1,0,0.49,410,0
1.78,Millets,Clay,1,1,0.34,514,0
12.84,Rice,Sandy,1,1,0.73,477,1
3.16,Cotton,Black,1,1,0.31,1342,0
2.4,Maize,Clay,0,0,0.87,1169,0
13.38,Rice,Black,0,0,0.2,445,0
11.19,Wheat,Sandy,1,1,0.88,935,1
11.59,Millets,Clay,0,0,0.54,897,0
6.49,Wheat,Black,0,1,0.43,577,0
3.27,Wheat,Sandy,0,0,0.84,1077,0
3.34,Cotton,Black,0,0,0.2,1161,0
4.6,Rice,Loam,1,1,0.5,1134,1
1.11,Sugarcane,Sandy,1,1,0.55,471,0
12.64,Rice,Clay,1,1,0.49,887,0
6.35,Wheat,Clay,1,0,0.78,1172,0
6.47,Sugarcane,Loam,0,0,0.68,1064,0
6.82,Cotton,Sandy,1,0,0.56,971,0
2.79,Cotton,Loam,0,0,0.35,1375,0
3.4,Cotton,Sandy,0,1,0.35,591,0
4.5,Sugarcane,Black,1,0,0.68,1192,0
2.23,Rice,Clay,0,0,0.75,669,0
14.34,Millets,Clay,0,0,0.93,500,0
2.04,Millets,Sandy,0,0,0.78,412,0
3.68,Sugarcane,Loam,0,1,0.65,1021,0
4.15,Millets,Black,0,1,0.38,687,0
2.77,Maize,Black,0,0,0.27,701,0
9.37,Cotton,Clay,1,1,0.76,1284,1
9.84,Cotton,Sandy,1,1,0.4,886,0
12.65,Wheat,Clay,0,1,0.46,1499,0
4.78,Sugarcane,Loam,0,0,0.48,1343,0
8.28,Maize,Loam,1,0,0.76,1042,0
5.92,Wheat,Loam,0,1,0.29,631,0
1.46,Rice,Sandy,0,1,0.35,1296,0
6.94,Maize,Clay,0,1,0.89,1241,0
10.31,Millets,Clay,0,0,0.69,1363,0
4.63,Cotton,Sandy,0,1,0.3,825,0
4.47,Sugarcane,Black,0,1,0.24,387,0
6.76,Rice,Black,1,1,0.3,438,0
8.16,Rice,Sandy,0,1,0.51,1362,0
5.4,Cotton,Black,0,0,0.61,812,0
11.81,Sugarcane,Sandy,1,0,0.38,509,0
10.77,Cotton,Clay,0,1,0.28,818,0
8.12,Maize,Sandy,0,1,0.34,609,0
6.75,Rice,Clay,1,0,0.62,1009,0
5.66,Cotton,Clay,0,1,0.79,1293,0
14.66,Millets,Clay,0,1,0.74,1359,0
6.55,Millets,Loam,1,1,0.77,695,1
4.31,Wheat,Sandy,1,1,0.94,939,1
7.97,Rice,Loam,1,1,0.39,1498,0
14.28,Sugarcane,Loam,1,0,0.3,1240,0
7.4,Millets,Loam,1,0,0.91,598,0
3.7,Rice,Loam,0,1,0.51,1040,0
7.48,Sugarcane,Black,1,1,0.71,386,1
12.19,Wheat,Sandy,0,1,0.95,1494,0
11.39,Wheat,Clay,0,1,0.43,537,0
14.72,Millets,Sandy,1,1,0.55,1190,1
11.97,Millets,Clay,0,1,0.39,1033,0
3.82,Millets,Sandy,1,1,0.33,427,0
0.71,Wheat,Black,0,1,0.93,663,0
3.48,Wheat,Loam,1,0,0.47,568,0
4.84,Millets,Loam,1,1,0.58,1380,1
3.47,Millets,Loam,1,0,0.3,1231,0
3.24,Maize,Clay,1,0,0.57,1262,0
7.19,Cotton,Sandy,0,1,0.66,745,0
7.48,Rice,Clay,0,1,0.93,560,0
3.74,Rice,Sandy,1,0,0.66,480,0
7.09,Maize,Clay,1,1,0.7,816,1
2.04,Wheat,Clay,1,1,0.95,1011,1
1.56,Sugarcane,Loam,1,0,0.63,1227,0
8.55,Wheat,Clay,1,0,0.4,1285,0
10.0,Cotton,Clay,1,1,0.57,932,1
9.76,Sugarcane,Clay,1,1,0.58,522,1
13.23,Cotton,Loam,1,0,0.57,1250,0
1.84,Rice,Loam,0,1,0.5,403,0
3.84,Rice,Sandy,1,0,0.68,1370,0
7.24,Millets,Loam,0,0,0.26,842,0
9.2,Millets,Loam,1,0,0.53,1091,0
7.14,Cotton,Loam,1,1,0.47,820,0
11.86,Rice,Sandy,0,0,0.24,1490,0
3.25,Cotton,Sandy,1,1,0.38,797,0
5.19,Sugarcane,Sandy,0,0,0.8,1376,0
0.84,Maize,Sandy,1,1,0.35,652,0
12.99,Rice,Clay,1,1,0.31,385,0
13.47,Cotton,Clay,1,0,0.29,1032,0
11.34,Wheat,Sandy,1,0,0.64,540,0
7.19,Wheat,Loam,0,1,0.27,818,0
6.07,Rice,Sandy,0,0,0.6,822,0
11.87,Wheat,Loam,0,1,0.35,1421,0
6.42,Cotton,Clay,0,0,0.79,338,0
13.88,Cotton,Sandy,0,0,0.6,348,0
14.15,Sugarcane,Loam,1,1,0.26,1231,0
14.58,Sugarcane,Black,1,1,0.44,828,0
3.73,Rice,Loam,0,1,0.63,481,0
9.47,Millets,Black,0,0,0.48,1116,0
11.22,Rice,Black,1,0,0.48,1444,0
9.74,Wheat,Black,0,1,0.43,1442,0
11.84,Millets,Clay,0,1,0.26,314,0
9.61,Rice,Sandy,0,0,0.82,1497,0
1.61,Cotton,Black,1,0,0.31,814,0
7.11,Cotton,Black,1,1,0.66,376,1
10.07,Maize,Clay,1,1,0.32,1408,0
8.11,Maize,Sandy,1,1,0.35,1465,0
5.35,Cotton,Black,1,1,0.9,1140,1
2.36,Millets,Loam,0,0,0.93,992,0
11.59,Sugarcane,Black,0,0,0.77,962,0
5.51,Maize,Black,0,0,0.59,1029,0
2.99,Millets,Sandy,0,1,0.52,1026,0
4.19,Millets,Loam,0,0,0.68,1409,0
6.2,Rice,Black,0,0,0.54,1119,0
12.41,Rice,Sandy,0,1,0.28,1367,0
2.31,Wheat,Clay,1,1,0.4,339,0
11.52,Maize,Black,1,1,0.58,1384,1
14.95,Rice,Sandy,1,1,0.22,1344,0
9.61,Sugarcane,Sandy,0,0,0.33,401,0
13.85,Cotton,Loam,0,1,0.48,748,0
8.49,Millets,Black,1,0,0.9,630,0
12.03,Rice,Clay,0,0,0.61,407,0
9.67,Sugarcane,Black,1,1,0.71,452,1
8.13,Cotton,Sandy,1,0,0.91,1165,0
12.56,Millets,Black,0,1,0.31,774,0
10.48,Maize,Black,0,0,0.47,931,0
9.2,Sugarcane,Loam,0,1,0.71,455,0
7.62,Wheat,Black,0,1,0.85,1454,0
12.93,Sugarcane,Black,1,0,0.78,1065,0
0.54,Cotton,Black,0,0,0.52,1385,0
4.27,Cotton,Black,0,1,0.66,1375,0
7.95,Maize,Clay,1,1,0.53,880,1
12.73,Maize,Clay,1,1,0.94,347,1
0.93,Sugarcane,Sandy,0,1,0.7,1291,0
4.84,Maize,Sandy,0,0,0.38,814,0
8.73,Rice,Clay,0,1,0.62,899,0
8.64,Cotton,Loam,0,0,0.61,936,0
5.96,Cotton,Clay,0,1,0.74,1324,0
11.03,Maize,Loam,1,1,0.74,1477,1
5.57,Sugarcane,Clay,1,1,0.63,823,1
2.69,Millets,Clay,0,1,0.24,987,0
9.38,Rice,Sandy,1,1,0.65,635,1
9.79,Rice,Clay,0,0,0.88,1334,0
7.07,Millets,Sandy,1,0,0.56,970,0
5.57,Cotton,Sandy,1,1,0.3,860,0
5.13,Maize,Sandy,1,1,0.63,1136,1
14.77,Rice,Loam,0,1,0.83,1195,0
5.5,Cotton,Sandy,1,1,0.28,869,0
3.02,Maize,Black,1,0,0.54,1478,0
11.93,Wheat,Clay,0,1,0.68,822,0
14.02,Sugarcane,Loam,0,0,0.28,1364,0
7.65,Wheat,Loam,0,0,0.21,436,0
11.33,Rice,Clay,1,0,0.8,488,0
4.96,Millets,Clay,1,0,0.63,500,0
9.81,Rice,Black,1,1,0.87,532,1
4.01,Wheat,Black,1,0,0.31,777,0
13.86,Millets,Clay,0,0,0.43,615,0
11.39,Millets,Sandy,0,0,0.8,800,0
14.09,Sugarcane,Clay,0,0,0.61,407,0
5.97,Cotton,Loam,1,0,0.37,368,0
12.41,Wheat,Sandy,0,1,0.69,1224,0
14.38,Wheat,Sandy,0,0,0.9,1244,0
8.98,Sugarcane,Clay,1,0,0.37,1294,0
10.18,Wheat,Sandy,0,0,0.43,790,0
11.07,Millets,Clay,1,0,0.2,963,0
2.16,Wheat,Loam,1,1,0.57,705,1
9.94,Wheat,Sandy,1,1,0.59,934,1
12.14,Cotton,Sandy,1,0,0.38,1366,0
1.99,Cotton,Loam,1,1,0.63,548,0
9.14,Rice,Sandy,1,0,0.56,1109,0
1.51,Cotton,Black,1,0,0.48,945,0
4.01,Cotton,Sandy,1,0,0.29,630,0
5.41,Maize,Sandy,1,1,0.76,510,1
11.33,Millets,Loam,0,0,0.23,574,0
2.06,Sugarcane,Sandy,1,1,0.37,339,0
8.75,Cotton,Black,0,1,0.27,881,0
9.22,Wheat,Clay,0,1,0.72,830,0
11.72,Wheat,Sandy,0,1,0.64,360,0
13.61,Cotton,Sandy,0,1,0.63,1186,0
5.75,Wheat,Clay,0,0,0.54,692,0
10.44,Sugarcane,Clay,0,0,0.44,1494,0
5.78,Rice,Clay,1,1,0.25,825,0
11.86,Rice,Clay,1,1,0.77,1304,1
11.21,Maize,Loam,1,1,0.63,827,1
13.95,Sugarcane,Black,1,0,0.82,349,0
3.61,Wheat,Sandy,1,0,0.54,465,0
1.58,Wheat,Clay,0,1,0.49,461,0
11.02,Wheat,Clay,1,0,0.54,556,0
1.66,Sugarcane,Black,0,0,0.88,1055,0
5.83,Maize,Black,0,0,0.68,396,0
8.57,Sugarcane,Loam,0,1,0.49,762,0
14.73,Cotton,Clay,0,0,0.88,587,0
7.13,Sugarcane,Sandy,1,0,0.38,349,0
3.74,Sugarcane,Loam,1,1,0.8,812,1
6.29,Wheat,Sandy,1,0,0.21,868,0
14.62,Maize,Clay,0,0,0.76,306,0
2.84,Cotton,Sandy,0,1,0.64,485,0
14.17,Rice,Sandy,1,0,0.95,709,0
14.67,Rice,Loam,0,1,0.5,774,0
1.6,Sugarcane,Clay,0,1,0.66,811,0
6.12,Maize,Clay,1,0,0.42,388,0
10.24,Rice,Sandy,1,0,0.51,369,0
12.27,Cotton,Sandy,0,0,0.85,1274,0
5.15,Rice,Black,1,1,0.74,628,1
0.82,Sugarcane,Black,0,0,0.76,977,0
11.71,Rice,Sandy,1,1,0.85,625,1
3.04,Maize,Sandy,0,0,0.85,1022,0
13.1,Maize,Black,0,0,0.72,841,0
12.59,Rice,Sandy,0,0,0.45,1021,0
3.55,Rice,Loam,0,0,0.64,834,0
7.48,Rice,Clay,1,1,0.52,349,1
5.17,Millets,Sandy,1,0,0.69,469,0
14.56,Sugarcane,Clay,1,1,0.66,1096,1
12.98,Rice,Clay,0,1,0.77,809,0
4.0,Cotton,Loam,0,1,0.79,1399,0
12.35,Rice,Loam,0,0,0.58,1398,0
7.12,Wheat,Sandy,1,0,0.22,793,0
7.79,Wheat,Loam,0,1,0.26,685,0
13.23,Millets,Black,0,1,0.84,543,0
4.64,Maize,Sandy,0,0,0.8,436,0
2.3,Rice,Sandy,0,0,0.3,767,0
10.29,Maize,Sandy,0,1,0.27,1045,0
4.9,Rice,Loam,0,0,0.28,994,0
12.76,Maize,Clay,0,1,0.75,765,0
12.16,Cotton,Clay,1,0,0.2,1091,0
11.71,Wheat,Black,1,0,0.36,515,0
2.08,Rice,Sandy,0,1,0.38,744,0
7.19,Sugarcane,Loam,0,0,0.87,1493,0
7.38,Wheat,Loam,0,1,0.24,1253,0
10.6,Wheat,Clay,0,1,0.74,1447,0
2.15,Wheat,Loam,1,0,0.48,1265,0
2.86,Wheat,Loam,0,1,0.21,864,0
14.92,Cotton,Clay,0,0,0.29,1354,0
0.78,Cotton,Black,1,1,0.22,429,0
8.43,Sugarcane,Sandy,1,1,0.52,793,1
14.79,Wheat,Black,0,0,0.65,372,0
9.13,Maize,Clay,0,1,0.9,1066,0
11.77,Rice,Loam,0,0,0.4,593,0
13.99,Maize,Sandy,1,0,0.37,600,0
8.59,Rice,Loam,1,0,0.75,1297,0
8.56,Sugarcane,Clay,0,0,0.89,1072,0
14.7,Rice,Sandy,0,0,0.43,645,0
0.69,Wheat,Black,1,0,0.34,580,0
0.7,Maize,Black,1,0,0.55,897,0
8.14,Millets,Sandy,0,1,0.59,1243,0
2.69,Rice,Black,1,0,0.92,589,0
13.61,Sugarcane,Clay,1,1,0.78,1269,1
1.64,Rice,Clay,0,0,0.24,362,0
13.76,Sugarcane,Sandy,1,0,0.26,506,0
14.53,Millets,Loam,1,1,0.52,1227,1
2.36,Millets,Sandy,0,0,0.81,1139,0
13.44,Millets,Sandy,0,0,0.65,352,0
3.59,Rice,Black,0,0,0.48,605,0
13.75,Sugarcane,Sandy,0,1,0.86,1355,0
14.73,Wheat,Sandy,0,1,0.45,1396,0
6.43,Rice,Sandy,0,1,0.52,871,0
13.97,Sugarcane,Loam,0,0,0.8,1369,0
12.55,Maize,Black,1,0,0.94,526,0
14.94,Rice,Black,0,1,0.28,845,0
4.12,Maize,Black,0,1,0.71,1226,0
13.77,Cotton,Sandy,1,0,0.35,1324,0
13.23,Millets,Black,0,1,0.82,1339,0
8.63,Maize,Sandy,0,0,0.41,776,0
8.56,Maize,Clay,0,0,0.41,1194,0
13.49,Maize,Black,0,1,0.61,796,0
10.83,Cotton,Clay,1,0,0.56,1459,0
1.05,Wheat,Loam,0,1,0.71,407,0
1.29,Rice,Loam,0,1,0.48,650,0
4.21,Maize,Clay,0,0,0.6,633,0
8.23,Sugarcane,Sandy,0,1,0.51,1078,0
6.7,Rice,Sandy,1,0,0.68,1153,0
7.91,Cotton,Black,1,0,0.68,335,0
14.57,Wheat,Black,1,0,0.69,1022,0
14.18,Wheat,Black,1,1,0.81,1135,1
13.83,Millets,Black,1,1,0.77,395,1
3.33,Wheat,Black,0,0,0.85,1188,0
10.44,Cotton,Loam,1,1,0.39,726,0
2.68,Maize,Sandy,1,1,0.33,1290,0
12.53,Cotton,Clay,1,1,0.38,1413,0
5.75,Millets,Black,0,0,0.47,432,0
12.45,Millets,Clay,1,1,0.54,966,1
1.86,Cotton,Loam,0,0,0.49,1495,0
4.38,Sugarcane,Black,0,1,0.61,974,0
0.9,Cotton,Loam,0,0,0.84,511,0
6.64,Rice,Sandy,1,1,0.7,674,1
8.9,Millets,Sandy,0,0,0.79,889,0
9.21,Maize,Clay,1,0,0.37,1216,0
2.71,Cotton,Black,1,1,0.28,436,0
12.88,Cotton,Black,1,1,0.33,984,0
3.26,Rice,Black,1,1,0.4,649,0
5.01,Rice,Sandy,0,1,0.74,742,0
3.62,Rice,Loam,0,1,0.35,685,0
7.31,Sugarcane,Black,0,0,0.53,552,0
2.74,Rice,Sandy,0,1,0.81,1030,0
13.86,Cotton,Black,1,0,0.47,1241,0
3.83,Millets,Sandy,0,1,0.29,1237,0
12.74,Millets,Sandy,1,0,0.44,975,0
11.58,Sugarcane,Clay,0,0,0.33,496,0
11.4,Millets,Loam,0,0,0.92,1287,0
5.2,Millets,Black,1,1,0.95,859,1
6.93,Rice,Sandy,1,0,0.72,889,0
6.25,Rice,Loam,1,1,0.48,985,0
12.95,Millets,Sandy,0,0,0.2,848,0
6.36,Millets,Black,0,0,0.54,1267,0
10.03,Sugarcane,Clay,1,1,0.33,521,0
10.0,Rice,Black,1,1,0.4,1312,0
11.99,Millets,Clay,1,0,0.88,1471,0
6.26,Millets,Loam,0,1,0.29,833,0
10.85,Maize,Loam,1,1,0.25,1300,0
6.15,Maize,Clay,0,0,0.35,1383,0
8.97,Cotton,Loam,1,0,0.25,1327,0
10.27,Wheat,Loam,0,1,0.59,1013,0
3.14,Maize,Clay,1,1,0.3,1221,0
5.38,Sugarcane,Clay,0,0,0.89,1419,0
10.2,Cotton,Black,0,0,0.67,892,0
3.92,Wheat,Loam,0,1,0.8,1120,0
4.09,Rice,Clay,0,0,0.66,910,0
5.89,Maize,Clay,1,1,0.84,1084,1
10.31,Rice,Black,0,0,0.74,655,0
6.48,Wheat,Black,0,0,0.66,583,0
3.44,Cotton,Sandy,0,1,0.24,1481,0
3.14,Sugarcane,Clay,0,1,0.52,1458,0
5.51,Millets,Clay,0,0,0.28,858,0
9.57,Millets,Black,0,0,0.74,1029,0
5.23,Millets,Loam,1,1,0.5,562,1
9.33,Wheat,Black,1,1,0.36,1283,0
3.51,Sugarcane,Loam,0,0,0.34,757,0
12.48,Rice,Sandy,1,0,0.77,639,0
9.42,Maize,Loam,1,0,0.92,1050,0
7.97,Sugarcane,Clay,1,1,0.24,1262,0
9.19,Rice,Clay,1,0,0.94,1310,0
12.86,Cotton,Black,1,1,0.54,984,1
6.66,Millets,Black,0,0,0.84,1012,0
1.87,Wheat,Loam,1,0,0.6,1007,0
7.01,Maize,Sandy,0,0,0.54,553,0
4.34,Maize,Sandy,0,0,0.89,1468,0
14.82,Sugarcane,Loam,1,0,0.94,1080,0
13.21,Wheat,Loam,0,1,0.27,1391,0
9.96,Rice,Black,1,1,0.73,786,1
2.92,Sugarcane,Clay,1,0,0.62,560,0
4.29,Wheat,Clay,1,1,0.24,1243,0
13.16,Wheat,Clay,0,0,0.21,714,0
4.77,Rice,Clay,0,0,0.78,1193,0
1.15,Rice,Loam,1,1,0.26,1451,0
4.01,Wheat,Clay,1,0,0.81,1120,0
14.65,Sugarcane,Loam,0,0,0.52,792,0
6.35,Rice,Sandy,0,0,0.32,676,0
14.22,Millets,Sandy,0,0,0.27,1349,0
4.79,Cotton,Black,0,0,0.62,895,0
14.05,Millets,Black,0,1,0.5,633,0
5.02,Wheat,Loam,0,0,0.58,1294,0
9.3,Cotton,Clay,1,1,0.88,1276,1
4.85,Wheat,Black,0,1,0.5,381,0
6.43,Rice,Sandy,0,1,0.54,1001,0
3.22,Maize,Clay,0,1,0.28,898,0
12.49,Maize,Loam,0,0,0.4,1333,0
12.63,Rice,Black,0,0,0.6,513,0
2.14,Millets,Loam,0,0,0.92,588,0
12.11,Wheat,Loam,1,1,0.52,838,1
8.93,Rice,Sandy,0,0,0.92,1308,0
4.54,Rice,Loam,0,0,0.78,880,0
3.4,Rice,Black,0,0,0.54,1160,0
3.74,Maize,Sandy,0,1,0.69,1317,0
4.94,Millets,Loam,0,0,0.66,453,0
6.47,Sugarcane,Clay,0,0,0.78,1147,0
11.14,Cotton,Black,1,1,0.24,1076,0
14.9,Sugarcane,Clay,1,0,0.91,1206,0
8.22,Millets,Loam,0,0,0.31,511,0
12.01,Rice,Loam,0,1,0.37,644,0
13.95,Sugarcane,Clay,0,0,0.85,837,0
7.49,Rice,Sandy,1,0,0.87,1298,0
12.69,Cotton,Black,1,1,0.93,846,1
6.03,Rice,Loam,0,0,0.7,330,0
7.3,Sugarcane,Sandy,1,1,0.36,832,0
7.12,Maize,Clay,1,0,0.69,943,0
4.8,Millets,Loam,0,0,0.37,328,0
9.56,Maize,Black,0,1,0.69,1199,0
8.68,Millets,Black,0,0,0.88,712,0
10.8,Cotton,Black,0,1,0.93,789,0
2.1,Millets,Sandy,1,1,0.89,643,1
0.88,Millets,Clay,1,0,0.44,306,0
12.38,Wheat,Loam,0,1,0.42,1432,0
13.25,Cotton,Clay,1,1,0.85,1495,1
10.59,Maize,Clay,1,0,0.25,1384,0
12.38,Maize,Black,0,0,0.27,527,0
13.28,Sugarcane,Clay,1,1,0.56,1341,1
9.51,Sugarcane,Loam,0,1,0.94,612,0
0.54,Millets,Loam,0,1,0.8,937,0
12.43,Wheat,Clay,1,1,0.95,657,1
6.74,Maize,Clay,1,0,0.73,556,0
3.34,Rice,Black,1,1,0.81,866,1
0.87,Cotton,Black,0,1,0.81,923,0
10.47,Maize,Sandy,1,1,0.31,612,0
3.45,Wheat,Black,1,1,0.92,1322,1
0.52,Rice,Clay,0,0,0.57,681,0
12.74,Rice,Black,0,1,0.81,890,0
4.15,Wheat,Black,1,0,0.28,1352,0
14.53,Rice,Sandy,0,0,0.27,698,0
9.34,Cotton,Clay,0,0,0.57,762,0
6.02,Sugarcane,Clay,0,1,0.46,907,0
14.24,Wheat,Loam,0,0,0.45,530,0
8.13,Maize,Clay,0,1,0.72,978,0
14.08,Rice,Black,1,1,0.87,459,1
5.68,Cotton,Black,1,0,0.37,1038,0
1.8,Maize,Black,0,0,0.72,1272,0
3.49,Maize,Sandy,0,1,0.29,965,0
4.26,Wheat,Black,1,0,0.59,1324,0
7.6,Rice,Loam,0,1,0.91,518,0
1.43,Wheat,Sandy,0,1,0.63,756,0
4.28,Cotton,Loam,0,0,0.87,1471,0
5.4,Maize,Loam,1,0,0.88,431,0
3.07,Wheat,Sandy,1,0,0.36,325,0
13.6,Wheat,Black,1,0,0.53,778,0
12.98,Maize,Sandy,0,1,0.43,1129,0
10.75,Maize,Loam,1,0,0.45,473,0
7.0,Wheat,Clay,0,1,0.34,741,0
9.98,Wheat,Black,0,0,0.66,545,0
8.19,Cotton,Clay,0,1,0.42,565,0
5.13,Maize,Loam,0,0,0.78,1263,0
4.25,Millets,Loam,1,0,0.69,1087,0
6.95,Maize,Loam,0,0,0.28,943,0
14.58,Wheat,Black,0,1,0.41,1009,0
2.2,Sugarcane,Sandy,1,0,0.78,612,0
13.26,Millets,Clay,0,0,0.33,456,0
2.99,Millets,Sandy,0,0,0.83,709,0
14.96,Wheat,Clay,0,1,0.94,551,0
3.6,Wheat,Black,0,0,0.82,669,0
12.35,Wheat,Black,1,1,0.37,683,0
9.45,Sugarcane,Black,1,1,0.51,343,1
3.24,Wheat,Loam,0,1,0.42,1381,0
9.17,Maize,Sandy,1,0,0.77,367,0
3.21,Millets,Loam,0,0,0.52,457,0
3.38,Sugarcane,Loam,1,0,0.66,701,0
6.79,Rice,Clay,0,0,0.65,1366,0
5.03,Maize,Loam,1,1,0.33,1193,0
13.04,Cotton,Clay,1,0,0.89,994,0
10.19,Wheat,Clay,0,1,0.33,1083,0
6.4,Sugarcane,Sandy,1,1,0.69,1243,1
9.18,Cotton,Sandy,0,0,0.41,615,0
7.66,Sugarcane,Loam,0,0,0.9,1083,0
0.92,Wheat,Loam,1,0,0.34,427,0
11.65,Cotton,Black,0,0,0.71,513,0
5.39,Wheat,Black,1,1,0.59,429,1
0.99,Cotton,Sandy,0,1,0.31,950,0
11.65,Cotton,Black,1,0,0.5,1037,0
14.84,Millets,Sandy,1,1,0.66,1377,1
3.34,Millets,Black,0,0,0.92,769,0
11.06,Maize,Loam,1,1,0.82,875,1
12.61,Wheat,Loam,0,1,0.3,491,0
9.57,Cotton,Sandy,0,0,0.63,1401,0
10.92,Millets,Loam,1,1,0.68,947,1
13.33,Wheat,Sandy,0,0,0.49,1464,0
5.68,Sugarcane,Loam,1,1,0.35,932,0
2.44,Wheat,Loam,0,1,0.83,571,0
6.87,Millets,Black,0,1,0.83,1482,0
0.5,Cotton,Loam,1,1,0.73,389,0
3.25,Maize,Black,0,1,0.57,941,0
0.73,Millets,Loam,1,1,0.58,798,0
12.5,Millets,Loam,0,0,0.39,467,0
2.25,Rice,Clay,0,0,0.22,404,0
1.4,Wheat,Loam,0,1,0.49,1370,0
5.13,Maize,Sandy,0,1,0.3,1293,0
5.98,Cotton,Black,0,1,0.37,1499,0
14.24,Rice,Loam,1,1,0.81,456,1
12.51,Rice,Clay,1,0,0.45,464,0
14.04,Maize,Sandy,1,1,0.58,1255,1
2.78,Maize,Black,0,0,0.41,1203,0
1.8,Wheat,Clay,0,1,0.67,330,0
10.55,Sugarcane,Clay,0,1,0.25,312,0
12.24,Millets,Loam,0,0,0.28,1291,0
2.09,Maize,Sandy,0,1,0.67,1341,0
9.45,Rice,Sandy,1,0,0.82,958,0
11.76,Cotton,Sandy,1,1,0.28,826,0
8.0,Maize,Loam,1,0,0.92,709,0
11.18,Cotton,Black,1,0,0.68,1272,0
10.81,Wheat,Loam,1,1,0.4,1173,0
11.87,Millets,Sandy,0,0,0.81,782,0
7.5,Sugarcane,Clay,1,0,0.77,858,0
11.8,Rice,Sandy,0,1,0.9,630,0
13.44,Maize,Loam,0,0,0.55,927,0
10.07,Rice,Sandy,0,1,0.46,1372,0
0.69,Sugarcane,Clay,1,1,0.45,356,0
13.92,Wheat,Black,1,1,0.29,1197,0
2.69,Sugarcane,Loam,0,1,0.59,719,0
12.43,Rice,Sandy,0,1,0.29,1405,0
13.93,Sugarcane,Black,0,0,0.35,868,0
9.93,Rice,Sandy,0,1,0.51,651,0
14.32,Cotton,Clay,1,0,0.42,319,0
14.93,Cotton,Black,0,1,0.41,518,0
6.36,Cotton,Clay,0,1,0.62,1402,0
12.59,Maize,Loam,0,0,0.61,684,0
12.46,Maize,Sandy,1,1,0.26,1212,0
13.25,Sugarcane,Sandy,1,0,0.79,421,0
5.85,Sugarcane,Black,0,1,0.32,504,0
4.79,Millets,Sandy,0,1,0.58,788,0
3.37,Rice,Clay,1,1,0.66,691,1
8.27,Wheat,Clay,1,1,0.79,1362,1
3.78,Rice,Sandy,1,1,0.91,1489,1
4.11,Millets,Sandy,0,1,0.54,376,0
13.85,Wheat,Black,0,0,0.63,1213,0
14.24,Cotton,Loam,1,1,0.33,1443,0
14.63,Maize,Loam,1,0,0.77,1448,0
4.57,Maize,Clay,0,0,0.41,1236,0
10.75,Rice,Loam,0,1,0.57,1431,0
7.49,Rice,Sandy,1,1,0.35,446,0
10.01,Millets,Clay,1,1,0.93,773,1
3.66,Wheat,Black,0,1,0.82,881,0
13.31,Maize,Loam,1,1,0.31,795,0
5.65,Millets,Sandy,0,1,0.68,745,0
6.35,Maize,Sandy,0,0,0.47,701,0
10.89,Wheat,Sandy,1,1,0.94,1194,1
8.92,Wheat,Loam,1,1,0.74,1037,1
9.31,Sugarcane,Black,0,0,0.29,787,0
3.68,Maize,Sandy,1,0,0.68,438,0
7.17,Cotton,Loam,0,0,0.53,928,0
2.79,Rice,Sandy,0,1,0.33,431,0
11.77,Wheat,Sandy,1,1,0.82,651,1
12.25,Millets,Clay,0,0,0.39,1178,0
9.52,Rice,Clay,0,1,0.91,547,0
2.85,Cotton,Clay,0,1,0.65,809,0
6.57,Millets,Sandy,0,0,0.63,608,0
11.07,Cotton,Black,1,1,0.64,1253,1
14.07,Rice,Clay,1,0,0.33,1344,0
12.4,Wheat,Loam,1,1,0.8,729,1
14.84,Rice,Clay,1,1,0.66,1284,1
13.65,Sugarcane,Sandy,0,1,0.22,1204,0
10.75,Sugarcane,Loam,1,0,0.71,948,0
5.52,Maize,Loam,0,1,0.6,1174,0
6.42,Millets,Black,1,0,0.39,782,0
9.94,Cotton,Black,1,1,0.47,730,0
5.22,Maize,Sandy,0,1,0.58,963,0
14.67,Sugarcane,Sandy,0,1,0.33,1294,0
11.81,Sugarcane,Sandy,0,0,0.73,988,0
11.89,Wheat,Sandy,0,1,0.76,654,0
13.13,Millets,Black,1,1,0.87,310,1
4.48,Maize,Black,1,0,0.3,545,0
7.1,Sugarcane,Black,0,0,0.88,696,0
11.74,Millets,Clay,1,0,0.62,912,0
4.44,Millets,Sandy,0,0,0.45,694,0
1.47,Wheat,Black,0,1,0.88,466,0
3.0,Cotton,Loam,1,1,0.75,389,1
0.65,Maize,Sandy,1,1,0.26,564,0
5.97,Maize,Loam,0,0,0.26,1360,0
2.32,Maize,Sandy,1,0,0.66,608,0
0.52,Sugarcane,Black,1,1,0.9,544,0
5.92,Maize,Black,1,1,0.92,1159,1
5.55,Rice,Loam,0,0,0.71,372,0
8.61,Cotton,Clay,1,1,0.34,1246,0
7.39,Rice,Loam,0,0,0.39,717,0
13.41,Sugarcane,Black,1,0,0.28,1142,0
5.19,Sugarcane,Black,0,0,0.71,1154,0
11.79,Rice,Sandy,1,0,0.37,852,0
14.56,Cotton,Black,0,0,0.87,417,0
9.8,Wheat,Clay,0,0,0.89,1131,0
0.53,Millets,Loam,0,1,0.27,495,0
10.29,Cotton,Clay,0,1,0.57,1046,0
5.06,Cotton,Loam,0,1,0.5,520,0
3.24,Wheat,Sandy,1,0,0.88,1028,0
14.78,Maize,Loam,0,0,0.65,1448,0
13.56,Millets,Clay,1,1,0.73,462,1
10.06,Sugarcane,Sandy,1,1,0.59,1052,1
10.18,Millets,Sandy,1,0,0.43,1103,0
13.68,Millets,Clay,1,1,0.53,497,1
11.62,Cotton,Loam,0,0,0.9,1232,0
9.89,Sugarcane,Black,1,0,0.91,1017,0
13.36,Millets,Sandy,1,0,0.75,588,0
8.51,Rice,Black,0,1,0.62,740,0
13.76,Rice,Black,0,1,0.6,947,0
11.4,Sugarcane,Loam,1,0,0.68,537,0
6.92,Cotton,Sandy,1,0,0.63,889,0
14.13,Maize,Sandy,0,1,0.82,475,0
12.35,Millets,Black,0,1,0.23,1075,0
11.0,Rice,Clay,1,1,0.28,705,0
10.48,Rice,Black,0,1,0.48,536,0
3.98,Cotton,Black,1,1,0.28,1434,0
8.9,Rice,Sandy,0,0,0.27,739,0
10.23,Sugarcane,Black,1,0,0.54,826,0
10.64,Cotton,Clay,1,0,0.29,1425,0
14.53,Maize,Sandy,0,1,0.75,793,0
7.52,Wheat,Black,1,0,0.21,1053,0
6.76,Maize,Clay,0,1,0.62,1251,0
9.4,Millets,Black,1,1,0.39,310,0
11.21,Millets,Black,0,0,0.75,488,0
5.44,Rice,Clay,1,0,0.64,475,0
5.64,Maize,Black,1,0,0.58,679,0
8.47,Wheat,Clay,0,0,0.66,1105,0
3.11,Millets,Clay,0,1,0.73,583,0
6.47,Cotton,Black,0,0,0.82,712,0
0.84,Cotton,Loam,0,1,0.27,1144,0
3.5,Sugarcane,Black,1,0,0.8,658,0
4.33,Cotton,Loam,1,0,0.63,1411,0
10.94,Sugarcane,Clay,1,0,0.74,1498,0
2.88,Millets,Loam,1,1,0.77,870,1
3.93,Rice,Sandy,0,1,0.56,1175,0
6.43,Sugarcane,Loam,1,0,0.57,941,0
2.99,Cotton,Loam,0,0,0.42,1118,0
9.49,Wheat,Sandy,0,0,0.36,1183,0
4.04,Millets,Loam,0,1,0.89,445,0
6.68,Cotton,Black,1,1,0.76,1430,1
3.22,Sugarcane,Sandy,1,1,0.48,431,0
13.59,Wheat,Loam,1,1,0.25,1334,0
2.33,Wheat,Sandy,1,0,0.29,461,0
10.65,Wheat,Clay,0,1,0.6,634,0
6.72,Millets,Clay,0,0,0.35,993,0
1.86,Sugarcane,Sandy,1,0,0.66,922,0
11.28,Sugarcane,Loam,1,1,0.26,1139,0
13.08,Rice,Black,1,1,0.87,1189,1
8.87,Wheat,Black,0,0,0.74,384,0
6.84,Rice,Loam,0,1,0.53,1427,0
5.93,Rice,Clay,0,1,0.37,449,0
5.95,Rice,Black,0,1,0.7,493,0
9.85,Cotton,Loam,1,0,0.37,1282,0
2.23,Sugarcane,Black,0,0,0.46,1215,0
2.6,Millets,Clay,1,0,0.59,736,0
10.19,Cotton,Loam,1,0,0.88,413,0
6.6,Rice,Black,1,0,0.54,1357,0
13.22,Wheat,Black,1,0,0.4,657,0
11.4,Sugarcane,Clay,1,1,0.36,1356,0
10.1,Millets,Sandy,1,0,0.46,885,0
12.93,Rice,Clay,1,0,0.51,1108,0
1.16,Sugarcane,Loam,1,0,0.29,523,0
13.47,Maize,Loam,1,0,0.81,1354,0
14.15,Cotton,Sandy,1,0,0.53,463,0
4.16,Maize,Clay,0,1,0.37,898,0
4.55,Maize,Sandy,0,0,0.81,676,0
11.68,Rice,Sandy,1,1,0.55,1010,1
8.27,Sugarcane,Clay,1,1,0.29,342,0
10.46,Maize,Sandy,1,0,0.44,1100,0
13.19,Millets,Clay,1,0,0.39,1297,0
11.14,Maize,Clay,0,0,0.72,780,0
5.94,Millets,Loam,0,0,0.65,401,0
9.37,Maize,Sandy,1,1,0.67,1165,1
5.92,Millets,Clay,0,0,0.46,795,0
6.4,Cotton,Clay,1,1,0.51,1443,1
6.97,Wheat,Clay,0,1,0.22,1477,0
12.29,Millets,Sandy,0,1,0.49,1236,0
6.01,Wheat,Sandy,1,0,0.25,1394,0
9.34,Millets,Loam,1,0,0.23,576,0
3.25,Millets,Clay,0,1,0.56,316,0
3.52,Sugarcane,Sandy,1,0,0.93,831,0
7.25,Wheat,Clay,0,0,0.39,723,0
13.48,Millets,Loam,0,0,0.77,650,0
13.55,Cotton,Clay,0,0,0.57,338,0
2.23,Sugarcane,Black,1,1,0.28,302,0
13.49,Rice,Black,0,1,0.41,680,0
5.92,Sugarcane,Black,0,0,0.53,605,0
1.5,Sugarcane,Sandy,1,1,0.61,513,0
10.7,Cotton,Clay,1,0,0.6,927,0
4.43,Cotton,Loam,1,0,0.82,621,0
1.9,Wheat,Loam,0,1,0.36,759,0
2.47,Millets,Loam,0,0,0.52,1327,0
4.35,Cotton,Clay,1,0,0.47,813,0
5.71,Wheat,Sandy,1,1,0.88,1353,1
4.66,Wheat,Loam,0,1,0.61,1280,0
8.07,Sugarcane,Black,0,0,0.8,907,0
10.41,Wheat,Sandy,1,1,0.62,806,1
9.42,Cotton,Clay,1,1,0.31,1259,0
14.8,Wheat,Loam,1,1,0.2,846,0
4.86,Maize,Sandy,1,1,0.33,1068,0
7.49,Sugarcane,Black,0,1,0.82,941,0
9.67,Sugarcane,Black,0,1,0.84,637,0
1.92,Sugarcane,Loam,1,0,0.55,575,0
7.65,Cotton,Clay,1,0,0.89,1000,0
14.14,Maize,Sandy,1,1,0.81,1397,1
2.34,Rice,Loam,1,0,0.73,434,0
10.52,Millets,Loam,0,1,0.51,525,0
5.43,Rice,Sandy,0,0,0.41,480,0
2.97,Sugarcane,Loam,1,1,0.35,1160,0
4.51,Millets,Black,1,1,0.72,788,1
6.97,Millets,Loam,0,1,0.65,938,0
8.83,Cotton,Loam,0,1,0.72,1137,0
12.25,Maize,Sandy,0,0,0.4,1484,0
14.27,Rice,Sandy,0,0,0.8,803,0
0.69,Sugarcane,Loam,1,0,0.9,1060,0
0.9,Cotton,Black,0,1,0.92,1433,0
13.98,Sugarcane,Sandy,1,0,0.33,412,0
14.87,Rice,Loam,1,0,0.35,562,0
8.24,Maize,Loam,0,0,0.3,1034,0
4.59,Cotton,Sandy,1,0,0.71,1262,0
12.53,Maize,Clay,1,1,0.38,537,0
3.24,Millets,Loam,1,1,0.73,845,1
5.12,Sugarcane,Clay,1,0,0.76,454,0
8.5,Cotton,Black,1,0,0.51,988,0
9.55,Millets,Clay,0,1,0.22,599,0
8.38,Rice,Black,0,1,0.31,1484,0
2.25,Millets,Sandy,1,1,0.38,792,0
6.1,Cotton,Black,1,1,0.31,1449,0
12.06,Sugarcane,Black,0,1,0.74,428,0
9.67,Wheat,Sandy,0,0,0.72,1253,0
2.95,Sugarcane,Clay,0,1,0.77,933,0
2.93,Maize,Black,0,1,0.6,336,0
11.38,Wheat,Sandy,1,0,0.28,1021,0
3.22,Cotton,Loam,1,0,0.75,1374,0
10.58,Maize,Clay,0,0,0.92,376,0
3.79,Sugarcane,Clay,1,1,0.22,1014,0
12.49,Rice,Sandy,1,1,0.9,367,1
1.89,Cotton,Clay,1,0,0.89,1356,0
5.58,Millets,Sandy,0,1,0.45,548,0
9.68,Millets,Sandy,1,1,0.37,562,0
7.19,Millets,Sandy,1,1,0.65,788,1
2.39,Sugarcane,Loam,1,0,0.39,769,0
7.69,Wheat,Black,0,0,0.42,867,0
2.75,Wheat,Black,1,1,0.32,741,0
6.79,Rice,Black,0,0,0.84,1289,0
7.23,Millets,Clay,0,1,0.88,428,0
8.42,Wheat,Loam,0,0,0.44,778,0
4.49,Wheat,Clay,1,0,0.79,704,0
3.77,Millets,Black,1,0,0.64,786,0
3.85,Wheat,Sandy,1,1,0.72,1149,1
6.52,Maize,Black,0,1,0.53,1016,0
1.68,Wheat,Clay,0,1,0.2,889,0
5.33,Maize,Clay,0,1,0.74,896,0
8.87,Sugarcane,Loam,0,0,0.24,375,0
13.08,Millets,Black,1,0,0.49,1373,0
6.28,Maize,Clay,0,0,0.47,681,0
6.23,Rice,Sandy,1,0,0.47,965,0
10.09,Millets,Black,1,1,0.67,859,1
9.74,Millets,Black,1,0,0.57,1462,0
3.58,Wheat,Sandy,1,0,0.88,368,0
13.28,Cotton,Loam,0,1,0.41,1306,0
5.06,Sugarcane,Black,1,1,0.66,1368,1
0.86,Millets,Black,1,1,0.39,1043,0
7.5,Cotton,Loam,1,0,0.4,516,0
1.28,Wheat,Clay,0,0,0.66,1143,0
13.42,Rice,Sandy,0,1,0.49,1008,0
11.3,Rice,Black,1,1,0.51,1068,1
10.35,Maize,Sandy,1,0,0.68,1397,0
9.77,Millets,Clay,1,1,0.25,1110,0
14.64,Maize,Clay,1,1,0.9,1294,1
7.54,Wheat,Black,1,0,0.63,777,0
11.27,Maize,Loam,0,1,0.91,337,0
11.63,Cotton,Black,1,1,0.34,317,0
12.01,Maize,Clay,1,1,0.66,702,1
13.97,Maize,Sandy,0,0,0.34,393,0
10.85,Cotton,Black,0,1,0.58,962,0
2.28,Cotton,Clay,0,0,0.5,1460,0
4.61,Maize,Loam,1,1,0.51,326,1
5.05,Millets,Black,0,0,0.56,1136,0
13.63,Maize,Loam,0,0,0.34,951,0
7.29,Wheat,Black,1,1,0.49,1478,0
5.74,Sugarcane,Clay,0,0,0.35,758,0
2.04,Sugarcane,Clay,0,1,0.42,1410,0
10.8,Cotton,Black,0,1,0.34,692,0
7.7,Rice,Clay,0,1,0.49,1452,0
6.44,Sugarcane,Clay,0,1,0.26,647,0
1.68,Millets,Black,0,0,0.24,424,0
9.52,Rice,Loam,0,0,0.74,1052,0
7.02,Sugarcane,Loam,0,1,0.78,684,0
11.22,Wheat,Black,0,1,0.79,1396,0
1.71,Millets,Black,0,1,0.83,1421,0
10.0,Rice,Black,1,1,0.64,792,1
13.15,Maize,Clay,1,1,0.23,1172,0
1.58,Cotton,Clay,0,1,0.42,808,0
4.32,Rice,Black,1,0,0.8,1499,0
4.68,Maize,Loam,1,0,0.91,806,0
13.66,Rice,Sandy,0,0,0.92,642,0
0.83,Wheat,Sandy,0,1,0.76,929,0
1.38,Sugarcane,Loam,1,0,0.91,952,0
6.71,Maize,Loam,1,1,0.29,1158,0
6.06,Millets,Black,1,1,0.92,465,1
14.44,Millets,Black,0,0,0.56,613,0
6.34,Millets,Sandy,1,1,0.59,1265,1
11.12,Wheat,Loam,1,1,0.53,1110,1
8.5,Millets,Black,0,0,0.32,907,0
10.51,Wheat,Black,0,1,0.88,740,0
13.76,Cotton,Clay,0,0,0.3,470,0
9.54,Sugarcane,Clay,1,0,0.74,1447,0
9.16,Maize,Clay,1,1,0.87,1258,1
6.69,Millets,Sandy,1,1,0.52,1495,1
9.13,Rice,Sandy,1,1,0.71,1235,1
7.1,Sugarcane,Loam,0,0,0.86,1024,0
8.67,Wheat,Loam,0,0,0.95,1070,0
10.05,Wheat,Black,1,0,0.44,1056,0
14.69,Rice,Sandy,0,1,0.58,478,0
14.74,Cotton,Sandy,0,1,0.74,339,0
9.77,Wheat,Clay,0,1,0.62,783,0
5.01,Wheat,Black,0,0,0.38,549,0
10.03,Wheat,Loam,1,1,0.89,1382,1
8.14,Wheat,Sandy,0,1,0.53,622,0
1.9,Maize,Loam,1,0,0.25,410,0
7.45,Wheat,Loam,1,1,0.25,597,0
7.87,Maize,Loam,1,1,0.8,633,1
7.9,Wheat,Clay,1,1,0.52,413,1
3.53,Maize,Loam,0,0,0.32,1250,0
8.72,Maize,Black,0,1,0.9,492,0
7.63,Sugarcane,Clay,1,0,0.26,770,0
10.91,Wheat,Clay,0,0,0.9,1305,0
11.17,Wheat,Loam,1,0,0.74,887,0
12.46,Rice,Clay,1,0,0.88,543,0
2.15,Sugarcane,Loam,0,1,0.64,1212,0
4.82,Wheat,Clay,0,0,0.85,955,0
8.6,Millets,Loam,0,1,0.3,744,0
1.73,Cotton,Loam,1,1,0.72,1453,0
12.77,Millets,Black,0,0,0.47,1161,0
1.93,Wheat,Sandy,1,0,0.65,455,0
4.43,Sugarcane,Clay,1,1,0.41,945,0
13.47,Millets,Clay,0,1,0.72,619,0
1.79,Wheat,Sandy,0,1,0.28,1369,0
4.99,Rice,Loam,1,1,0.41,938,0
14.45,Sugarcane,Black,1,1,0.66,1063,1
9.21,Rice,Sandy,0,1,0.91,1048,0
13.0,Wheat,Sandy,1,1,0.46,1007,0
7.33,Millets,Clay,1,1,0.56,1116,1
12.91,Millets,Loam,1,1,0.54,1450,1
1.61,Sugarcane,Loam,1,1,0.58,394,0
9.44,Sugarcane,Clay,0,1,0.37,698,0
2.29,Sugarcane,Loam,1,1,0.58,492,1
13.22,Millets,Sandy,1,0,0.27,816,0
5.11,Rice,Sandy,1,0,0.66,920,0
